Rk,Player,Pos,Squad,Age,Born,Playing Time_MP,Playing Time_Starts,Playing Time_Min,Playing Time_90s,Performance_Gls,Performance_Ast,Performance_G+A,Performance_G-PK,Performance_PK,Performance_PKatt,Performance_CrdY,Performance_CrdR,Per 90 Minutes_Gls,Per 90 Minutes_Ast,Per 90 Minutes_G+A,Per 90 Minutes_G-PK,Per 90 Minutes_G+A-PK,Matches,confederation
2,Thelo Aasgaard,MF,Norway,23,2002,4,1,120,1.3,5,1,6,4,1,1,0,0,3.75,0.75,4.5,3.0,3.75,Matches,UEFA
9,Che Adams,"FW,MF",Scotland,29,1996,6,5,441,4.9,2,0,2,2,0,0,1,0,0.41,0.0,0.41,0.41,0.41,Matches,UEFA
10,Karim Adeyemi,MF,Germany,24,2002,3,2,148,1.6,0,0,0,0,0,0,2,0,0.0,0.0,0.0,0.0,0.0,Matches,UEFA
12,Michel Aebischer,MF,Switzerland,29,1997,4,2,240,2.7,0,0,0,0,0,0,0,0,0.0,0.0,0.0,0.0,0.0,Matches,UEFA
16,Kristoffer Ajer,DF,Norway,27,1998,8,8,702,7.8,1,0,1,1,0,0,1,0,0.13,0.0,0.13,0.13,0.13,Matches,UEFA
19,Manuel Akanji,DF,Switzerland,30,1995,6,6,540,6.0,1,0,1,1,0,0,1,0,0.17,0.0,0.17,0.17,0.17,Matches,UEFA
20,Samet Akaydın,DF,Türkiye,31,1994,4,2,232,2.6,0,0,0,0,0,0,0,0,0.0,0.0,0.0,0.0,0.0,Matches,UEFA
21,Yusuf Akçiçek,DF,Türkiye,20,2006,1,0,8,0.1,0,0,0,0,0,0,0,0,0.0,0.0,0.0,0.0,0.0,Matches,UEFA
22,Nathan Aké,DF,Netherlands,30,1995,4,3,232,2.6,0,0,0,0,0,0,0,0,0.0,0.0,0.0,0.0,0.0,Matches,UEFA
23,Yunus Akgün,MF,Türkiye,25,2000,3,3,177,2.0,1,1,2,1,0,0,0,0,0.51,0.51,1.02,0.51,1.02,Matches,UEFA
24,Maghnes Akliouche,MF,France,23,2002,5,1,133,1.5,1,1,2,1,0,0,0,0,0.68,0.68,1.35,0.68,1.35,Matches,UEFA
25,Kerem Aktürkoğlu,FW,Türkiye,27,1998,7,7,563,6.3,3,0,3,3,0,0,3,0,0.48,0.0,0.48,0.48,0.48,Matches,UEFA
26,David Alaba,DF,Austria,33,1992,4,4,297,3.3,0,1,1,0,0,0,2,0,0.0,0.3,0.3,0.0,0.3,Matches,UEFA
27,Kerim Alajbegović,"MF,FW",Bosnia-Herzegovina,18,2007,7,2,359,4.0,1,1,2,1,0,0,1,0,0.25,0.25,0.5,0.25,0.5,Matches,UEFA
28,Trent Alexander-Arnold,"DF,MF",England,27,1998,1,0,26,0.3,0,0,0,0,0,0,0,0,0.0,0.0,0.0,0.0,0.0,Matches,UEFA
38,Barış Alper Yılmaz,MF,Türkiye,25,2000,5,2,217,2.4,0,0,0,0,0,0,0,1,0.0,0.0,0.0,0.0,0.0,Matches,UEFA
41,Nadiem Amiri,MF,Germany,29,1996,2,0,61,0.7,1,0,1,1,0,0,0,0,1.48,0.0,1.48,1.48,1.48,Matches,UEFA
45,Elliot Anderson,MF,England,23,2002,5,4,370,4.1,0,0,0,0,0,0,0,0,0.0,0.0,0.0,0.0,0.0,Matches,UEFA
47,Fredrik André Bjørkan,DF,Norway,27,1998,2,0,20,0.2,0,0,0,0,0,0,0,0,0.0,0.0,0.0,0.0,0.0,Matches,UEFA
51,Robert Andrich,"DF,MF",Germany,31,1994,1,0,4,0.0,0,0,0,0,0,0,1,0,0.0,0.0,0.0,0.0,0.0,Matches,UEFA
57,Waldemar Anton,DF,Germany,29,1996,4,2,229,2.5,0,0,0,0,0,0,0,0,0.0,0.0,0.0,0.0,0.0,Matches,UEFA
59,Marko Arnautović,FW,Austria,36,1989,7,5,426,4.7,8,1,9,7,1,2,0,0,1.69,0.21,1.9,1.48,1.69,Matches,UEFA
74,Yasin Ayari,MF,Sweden,22,2003,7,7,542,6.0,1,2,3,1,0,0,1,0,0.17,0.33,0.5,0.17,0.5,Matches,UEFA
75,Oğuz Aydın,MF,Türkiye,25,2000,5,2,263,2.9,0,1,1,0,0,0,1,0,0.0,0.34,0.34,0.0,0.34,Matches,UEFA
76,Kaan Ayhan,"DF,MF",Türkiye,31,1994,1,0,20,0.2,0,0,0,0,0,0,0,0,0.0,0.0,0.0,0.0,0.0,Matches,UEFA
82,Alex Baena,"MF,FW",Spain,24,2001,4,2,208,2.3,0,0,0,0,0,0,1,0,0.0,0.0,0.0,0.0,0.0,Matches,UEFA
86,Esmir Bajraktarevic,MF,Bosnia-Herzegovina,20,2005,7,4,510,5.7,1,1,2,1,0,0,0,0,0.18,0.18,0.35,0.18,0.35,Matches,UEFA
87,Adrian Bajrami,DF,Switzerland,23,2002,1,0,14,0.2,0,0,0,0,0,0,0,0,0.0,0.0,0.0,0.0,0.0,Matches,UEFA
91,Ridle Baku,DF,Germany,27,1998,4,1,148,1.6,1,1,2,1,0,0,0,0,0.61,0.61,1.22,0.61,1.22,Matches,UEFA
95,Thierno Ballo,"FW,MF",Austria,24,2002,1,0,45,0.5,0,0,0,0,0,0,1,0,0.0,0.0,0.0,0.0,0.0,Matches,UEFA
101,Bradley Barcola,MF,France,23,2002,4,3,215,2.4,1,1,2,1,0,0,0,0,0.42,0.42,0.84,0.42,0.84,Matches,UEFA
102,Abdülkerim Bardakcı,DF,Türkiye,31,1994,7,7,630,7.0,0,1,1,0,0,0,1,0,0.0,0.14,0.14,0.0,0.14,Matches,UEFA
103,Roony Bardghji,FW,Sweden,20,2005,3,1,116,1.3,0,0,0,0,0,0,0,0,0.0,0.0,0.0,0.0,0.0,Matches,UEFA
109,Pablo Barrios,MF,Spain,22,2003,3,0,69,0.8,0,0,0,0,0,0,0,0,0.0,0.0,0.0,0.0,0.0,Matches,UEFA
112,Ivan Bašić,MF,Bosnia-Herzegovina,23,2002,7,2,288,3.2,0,0,0,0,0,0,0,0,0.0,0.0,0.0,0.0,0.0,Matches,UEFA
114,Martin Baturina,MF,Croatia,22,2003,4,2,173,1.9,0,0,0,0,0,0,0,0,0.0,0.0,0.0,0.0,0.0,Matches,UEFA
115,Oliver Baumann,GK,Germany,35,1990,6,6,540,6.0,0,0,0,0,0,0,0,0,0.0,0.0,0.0,0.0,0.0,Matches,UEFA
116,Christoph Baumgartner,MF,Austria,26,1999,7,7,558,6.2,1,0,1,1,0,0,1,0,0.16,0.0,0.16,0.16,0.16,Matches,UEFA
117,Altay Bayındır,GK,Türkiye,27,1998,1,1,90,1.0,0,0,0,0,0,0,1,0,0.0,0.0,0.0,0.0,0.0,Matches,UEFA
120,Samed Baždar,"MF,FW",Bosnia-Herzegovina,22,2004,7,2,224,2.5,1,0,1,1,0,0,0,0,0.4,0.0,0.4,0.4,0.4,Matches,UEFA
125,Maximilian Beier,"FW,MF",Germany,23,2002,3,0,79,0.9,0,0,0,0,0,0,0,0,0.0,0.0,0.0,0.0,0.0,Matches,UEFA
127,Jude Bellingham,MF,England,22,2003,5,4,354,3.9,0,1,1,0,0,0,2,0,0.0,0.25,0.25,0.0,0.25,Matches,UEFA
134,Michal Beran,MF,Czechia,25,2000,2,1,88,1.0,0,0,0,0,0,0,0,0,0.0,0.0,0.0,0.0,0.0,Matches,UEFA
138,Lasse Berg Johnsen,MF,Norway,26,1999,2,0,40,0.4,0,0,0,0,0,0,0,0,0.0,0.0,0.0,0.0,0.0,Matches,UEFA
139,Patrick Berg,MF,Norway,28,1997,7,4,358,4.0,0,0,0,0,0,0,1,0,0.0,0.0,0.0,0.0,0.0,Matches,UEFA
140,Sander Berge,MF,Norway,27,1998,8,8,720,8.0,0,2,2,0,0,0,0,0,0.0,0.25,0.25,0.0,0.25,Matches,UEFA
141,Lucas Bergvall,MF,Sweden,19,2006,4,2,165,1.8,0,0,0,0,0,0,1,0,0.0,0.0,0.0,0.0,0.0,Matches,UEFA
144,Alexander Bernhardsson,MF,Sweden,27,1998,6,5,342,3.8,0,0,0,0,0,0,1,0,0.0,0.0,0.0,0.0,0.0,Matches,UEFA
146,Dino Beširović,MF,Bosnia-Herzegovina,32,1994,1,0,1,0.0,0,0,0,0,0,0,0,0,0.0,0.0,0.0,0.0,0.0,Matches,UEFA
147,Ermin Bičakčić,DF,Bosnia-Herzegovina,36,1990,2,0,11,0.1,0,0,0,0,0,0,0,0,0.0,0.0,0.0,0.0,0.0,Matches,UEFA
159,Oscar Bobb,MF,Norway,22,2003,6,2,246,2.7,0,1,1,0,0,0,0,0,0.0,0.37,0.37,0.0,0.37,Matches,UEFA
175,Erik Botheim,FW,Norway,26,2000,1,0,13,0.1,0,0,0,0,0,0,0,0,0.0,0.0,0.0,0.0,0.0,Matches,UEFA
176,Jarrod Bowen,"MF,FW",England,29,1996,5,2,197,2.2,0,1,1,0,0,0,0,0,0.0,0.46,0.46,0.0,0.46,Matches,UEFA
177,Kieron Bowie,"FW,MF",Scotland,23,2002,1,0,1,0.0,0,0,0,0,0,0,0,0,0.0,0.0,0.0,0.0,0.0,Matches,UEFA
180,Domagoj Bradarić,DF,Croatia,26,1999,1,1,90,1.0,0,0,0,0,0,0,0,0,0.0,0.0,0.0,0.0,0.0,Matches,UEFA
190,Nathaniel Brown,"DF,MF",Germany,22,2003,2,0,28,0.3,0,0,0,0,0,0,0,0,0.0,0.0,0.0,0.0,0.0,Matches,UEFA
194,Ante Budimir,FW,Croatia,34,1991,5,4,260,2.9,2,1,3,1,1,1,0,0,0.69,0.35,1.04,0.35,0.69,Matches,UEFA
201,Jonathan Burkardt,"FW,MF",Germany,25,2000,2,0,32,0.4,0,0,0,0,0,0,0,0,0.0,0.0,0.0,0.0,0.0,Matches,UEFA
202,Dan Burn,DF,England,33,1992,5,4,380,4.2,0,0,0,0,0,0,1,0,0.0,0.0,0.0,0.0,0.0,Matches,UEFA
203,Dženis Burnić,"DF,MF",Bosnia-Herzegovina,27,1998,8,3,406,4.5,0,1,1,0,0,0,2,0,0.0,0.22,0.22,0.0,0.22,Matches,UEFA
209,Uğurcan Çakır,GK,Türkiye,29,1996,7,7,630,7.0,0,0,0,0,0,0,1,0,0.0,0.0,0.0,0.0,0.0,Matches,UEFA
211,Duje Ćaleta-Car,DF,Croatia,29,1996,6,6,491,5.5,0,0,0,0,0,0,1,0,0.0,0.0,0.0,0.0,0.0,Matches,UEFA
212,Hakan Çalhanoğlu,MF,Türkiye,31,1994,7,7,556,6.2,1,4,5,0,1,1,2,0,0.16,0.65,0.81,0.0,0.65,Matches,UEFA
214,Eduardo Camavinga,MF,France,23,2002,2,1,95,1.1,0,0,0,0,0,0,1,0,0.0,0.0,0.0,0.0,0.0,Matches,UEFA
219,João Cancelo,DF,Portugal,31,1994,4,4,285,3.2,2,2,4,2,0,0,1,0,0.63,0.63,1.26,0.63,1.26,Matches,UEFA
226,Dani Carvajal,DF,Spain,34,1992,1,0,29,0.3,0,0,0,0,0,0,0,0,0.0,0.0,0.0,0.0,0.0,Matches,UEFA
228,Timothy Castagne,DF,Belgium,30,1995,6,4,413,4.6,0,2,2,0,0,0,0,0,0.0,0.44,0.44,0.0,0.44,Matches,UEFA
230,Zeki Çelik,"DF,MF",Türkiye,28,1997,5,4,356,4.0,1,0,1,1,0,0,1,0,0.25,0.0,0.25,0.25,0.25,Matches,UEFA
232,Václav Černý,"MF,FW",Czechia,28,1997,7,5,443,4.9,2,2,4,2,0,0,0,0,0.41,0.41,0.81,0.41,0.81,Matches,UEFA
234,Lukáš Červ,MF,Czechia,24,2001,8,6,493,5.5,1,2,3,1,0,0,0,0,0.18,0.37,0.55,0.18,0.55,Matches,UEFA
237,Štěpán Chaloupek,DF,Czechia,22,2003,3,1,218,2.4,0,0,0,0,0,0,0,0,0.0,0.0,0.0,0.0,0.0,Matches,UEFA
242,Rayan Cherki,MF,France,22,2003,2,1,96,1.1,0,0,0,0,0,0,0,0,0.0,0.0,0.0,0.0,0.0,Matches,UEFA
245,Lucas Chevalier,GK,France,24,2001,1,1,90,1.0,0,0,0,0,0,0,0,0,0.0,0.0,0.0,0.0,0.0,Matches,UEFA
249,Tomáš Chorý,FW,Czechia,31,1995,9,4,432,4.8,1,3,4,1,0,0,1,0,0.21,0.62,0.83,0.21,0.83,Matches,UEFA
251,Jan Chramosta,FW,Czechia,35,1990,1,0,4,0.0,0,0,0,0,0,0,0,0,0.0,0.0,0.0,0.0,0.0,Matches,UEFA
253,Ryan Christie,"MF,FW",Scotland,30,1995,5,4,325,3.6,2,0,2,2,0,0,2,0,0.55,0.0,0.55,0.55,0.55,Matches,UEFA
256,Mojmír Chytil,FW,Czechia,26,1999,3,0,104,1.2,0,0,0,0,0,0,0,0,0.0,0.0,0.0,0.0,0.0,Matches,UEFA
264,Nnamdi Collins,DF,Germany,22,2004,1,1,45,0.5,0,0,0,0,0,0,0,0,0.0,0.0,0.0,0.0,0.0,Matches,UEFA
267,Kingsley Coman,MF,France,29,1996,3,1,123,1.4,0,0,0,0,0,0,0,0,0.0,0.0,0.0,0.0,0.0,Matches,UEFA
268,Francisco Conceição,MF,Portugal,23,2002,2,0,64,0.7,1,0,1,1,0,0,0,0,1.41,0.0,1.41,1.41,1.41,Matches,UEFA
273,Diogo Costa,GK,Portugal,26,1999,6,6,540,6.0,0,0,0,0,0,0,0,0,0.0,0.0,0.0,0.0,0.0,Matches,UEFA
274,Vladimír Coufal,"DF,MF",Czechia,33,1992,9,9,820,9.1,1,1,2,1,0,0,2,0,0.11,0.11,0.22,0.11,0.22,Matches,UEFA
275,Thibaut Courtois,GK,Belgium,33,1992,4,4,360,4.0,0,0,0,0,0,0,0,0,0.0,0.0,0.0,0.0,0.0,Matches,UEFA
279,Pau Cubarsí,DF,Spain,19,2007,4,3,315,3.5,0,0,0,0,0,0,0,0,0.0,0.0,0.0,0.0,0.0,Matches,UEFA
281,Marc Cucurella,DF,Spain,27,1998,5,5,450,5.0,1,1,2,1,0,0,0,0,0.2,0.2,0.4,0.2,0.4,Matches,UEFA
290,Diogo Dalot,DF,Portugal,26,1999,2,2,151,1.7,0,0,0,0,0,0,0,0,0.0,0.0,0.0,0.0,0.0,Matches,UEFA
293,Kryštof Daněk,MF,Czechia,23,2003,1,0,34,0.4,0,0,0,0,0,0,0,0,0.0,0.0,0.0,0.0,0.0,Matches,UEFA
295,Kevin Danso,DF,Austria,27,1998,6,3,327,3.6,0,2,2,0,0,0,0,0,0.0,0.55,0.55,0.0,0.55,Matches,UEFA
298,Vladimír Darida,MF,Czechia,35,1990,2,2,104,1.2,0,0,0,0,0,0,0,0,0.0,0.0,0.0,0.0,0.0,Matches,UEFA
312,Kevin De Bruyne,MF,Belgium,34,1991,6,6,463,5.1,6,1,7,4,2,2,1,0,1.17,0.19,1.36,0.78,0.97,Matches,UEFA
313,Maxim De Cuyper,DF,Belgium,25,2000,7,6,414,4.6,2,2,4,2,0,0,1,0,0.43,0.43,0.87,0.43,0.87,Matches,UEFA
314,Charles De Ketelaere,FW,Belgium,24,2001,5,4,329,3.7,2,3,5,2,0,0,0,0,0.55,0.82,1.37,0.55,1.37,Matches,UEFA
315,Koni De Winter,DF,Belgium,23,2002,3,1,200,2.2,0,1,1,0,0,0,0,0,0.0,0.45,0.45,0.0,0.45,Matches,UEFA
316,Zeno Debast,DF,Belgium,22,2003,6,6,540,6.0,0,0,0,0,0,0,0,0,0.0,0.0,0.0,0.0,0.0,Matches,UEFA
317,Amar Dedić,"DF,FW",Bosnia-Herzegovina,23,2002,8,7,679,7.5,0,2,2,0,0,0,2,0,0.0,0.27,0.27,0.0,0.27,Matches,UEFA
320,Ousmane Dembélé,"FW,MF",France,28,1997,1,0,36,0.4,0,0,0,0,0,0,0,0,0.0,0.0,0.0,0.0,0.0,Matches,UEFA
321,Merih Demiral,DF,Türkiye,27,1998,6,6,480,5.3,2,0,2,2,0,0,1,0,0.37,0.0,0.37,0.37,0.37,Matches,UEFA
322,Ermedin Demirović,FW,Bosnia-Herzegovina,27,1998,7,7,655,7.3,1,0,1,1,0,0,1,0,0.14,0.0,0.14,0.14,0.14,Matches,UEFA
328,Rúben Dias,DF,Portugal,28,1997,6,6,522,5.8,0,0,0,0,0,0,1,0,0.0,0.0,0.0,0.0,0.0,Matches,UEFA
330,Lucas Digne,DF,France,32,1993,3,3,270,3.0,0,1,1,0,0,0,0,0,0.0,0.33,0.33,0.0,0.33,Matches,UEFA
339,Jeremy Doku,"MF,FW",Belgium,23,2002,8,8,642,7.1,5,3,8,5,0,0,0,0,0.7,0.42,1.12,0.7,1.12,Matches,UEFA
346,David Doudera,"MF,DF",Czechia,27,1998,4,2,153,1.7,1,1,2,1,0,0,0,0,0.59,0.59,1.18,0.59,1.18,Matches,UEFA
347,Désiré Doué,MF,France,20,2005,1,1,45,0.5,0,0,0,0,0,0,0,0,0.0,0.0,0.0,0.0,0.0,Matches,UEFA
360,Denzel Dumfries,DF,Netherlands,29,1996,6,6,528,5.9,2,3,5,2,0,0,0,0,0.34,0.51,0.85,0.34,0.85,Matches,UEFA
364,Lyndon Dykes,FW,Scotland,30,1995,6,2,173,1.9,1,0,1,1,0,0,0,0,0.52,0.0,0.52,0.52,0.52,Matches,UEFA
365,Edin Džeko,FW,Bosnia-Herzegovina,39,1986,9,8,715,7.9,6,0,6,6,0,0,2,0,0.76,0.0,0.76,0.76,0.76,Matches,UEFA
368,Aron Dønnum,"FW,MF",Norway,27,1998,4,0,78,0.9,1,0,1,1,0,0,0,0,1.15,0.0,1.15,1.15,1.15,Matches,UEFA
374,Hjalmar Ekdal,DF,Sweden,27,1998,2,2,155,1.7,0,0,0,0,0,0,0,0,0.0,0.0,0.0,0.0,0.0,Matches,UEFA
375,Hugo Ekitike,"MF,FW",France,23,2002,6,2,204,2.3,1,2,3,1,0,0,0,0,0.44,0.88,1.32,0.44,1.32,Matches,UEFA
376,Anthony Elanga,"MF,FW",Sweden,23,2002,6,5,413,4.6,2,0,2,2,0,0,0,0,0.44,0.0,0.44,0.44,0.44,Matches,UEFA
379,Niclas Eliasson,MF,Sweden,30,1995,1,0,27,0.3,0,0,0,0,0,0,1,0,0.0,0.0,0.0,0.0,0.0,Matches,UEFA
381,Eren Elmalı,DF,Türkiye,25,2000,4,3,250,2.8,0,0,0,0,0,0,0,0,0.0,0.0,0.0,0.0,0.0,Matches,UEFA
385,Nico Elvedi,DF,Switzerland,29,1996,6,6,540,6.0,1,0,1,1,0,0,0,0,0.17,0.0,0.17,0.17,0.17,Matches,UEFA
387,Breel Embolo,FW,Switzerland,28,1997,6,6,483,5.4,4,0,4,4,0,0,0,0,0.75,0.0,0.75,0.75,0.75,Matches,UEFA
388,Emanuel Emegha,FW,Netherlands,22,2003,2,0,30,0.3,0,0,0,0,0,0,0,0,0.0,0.0,0.0,0.0,0.0,Matches,UEFA
393,Martin Erlic,DF,Croatia,28,1998,1,1,90,1.0,1,0,1,1,0,0,0,0,1.0,0.0,1.0,1.0,1.0,Matches,UEFA
394,Mustafa Eskihellaç,"DF,MF",Türkiye,28,1997,1,0,13,0.1,0,0,0,0,0,0,1,0,0.0,0.0,0.0,0.0,0.0,Matches,UEFA
397,Eberechi Eze,"MF,FW",England,27,1998,6,2,252,2.8,3,0,3,3,0,0,0,0,1.07,0.0,1.07,1.07,1.07,Matches,UEFA
400,Wout Faes,DF,Belgium,27,1998,2,2,180,2.0,0,0,0,0,0,0,0,0,0.0,0.0,0.0,0.0,0.0,Matches,UEFA
401,Christian Fassnacht,"FW,MF",Switzerland,32,1993,2,0,8,0.1,0,0,0,0,0,0,0,0,0.0,0.0,0.0,0.0,0.0,Matches,UEFA
402,João Félix,FW,Portugal,26,1999,5,2,192,2.1,2,1,3,2,0,0,1,0,0.94,0.47,1.41,0.94,1.41,Matches,UEFA
404,Lewis Ferguson,MF,Scotland,26,1999,5,5,450,5.0,1,1,2,1,0,0,3,0,0.2,0.2,0.4,0.2,0.4,Matches,UEFA
405,Bruno Fernandes,MF,Portugal,31,1994,5,5,391,4.3,3,0,3,1,2,2,2,0,0.69,0.0,0.69,0.23,0.23,Matches,UEFA
407,Mark Flekken,GK,Netherlands,32,1993,2,2,180,2.0,0,0,0,0,0,0,0,0,0.0,0.0,0.0,0.0,0.0,Matches,UEFA
408,Raul Florucz,FW,Austria,24,2001,2,0,33,0.4,0,0,0,0,0,0,0,0,0.0,0.0,0.0,0.0,0.0,Matches,UEFA
409,Phil Foden,MF,England,25,2000,4,1,152,1.7,0,1,1,0,0,0,0,0,0.0,0.59,0.59,0.0,0.59,Matches,UEFA
410,Malick Fofana,MF,Belgium,20,2005,4,1,145,1.6,1,0,1,1,0,0,0,0,0.62,0.0,0.62,0.62,0.62,Matches,UEFA
411,Carlos Forbs,"FW,MF",Portugal,21,2004,1,0,35,0.4,0,0,0,0,0,0,0,0,0.0,0.0,0.0,0.0,0.0,Matches,UEFA
412,Pablo Fornals,"FW,MF",Spain,29,1996,1,0,8,0.1,0,0,0,0,0,0,0,0,0.0,0.0,0.0,0.0,0.0,Matches,UEFA
414,Emil Forsberg,"FW,MF",Sweden,34,1991,2,0,66,0.7,0,0,0,0,0,0,1,0,0.0,0.0,0.0,0.0,0.0,Matches,UEFA
420,Remo Freuler,MF,Switzerland,33,1992,4,4,360,4.0,0,2,2,0,0,0,0,0,0.0,0.5,0.5,0.0,0.5,Matches,UEFA
421,Marco Friedl,DF,Austria,27,1998,3,1,124,1.4,0,0,0,0,0,0,0,0,0.0,0.0,0.0,0.0,0.0,Matches,UEFA
422,Jeremie Frimpong,FW,Netherlands,25,2000,2,2,156,1.7,0,0,0,0,0,0,0,0,0.0,0.0,0.0,0.0,0.0,Matches,UEFA
424,Toni Fruk,MF,Croatia,24,2001,5,2,252,2.8,1,0,1,1,0,0,0,0,0.36,0.0,0.36,0.36,0.36,Matches,UEFA
425,Jorge de Frutos,"FW,MF",Spain,28,1997,1,0,23,0.3,0,0,0,0,0,0,0,0,0.0,0.0,0.0,0.0,0.0,Matches,UEFA
429,Cody Gakpo,"FW,MF",Netherlands,26,1999,8,8,650,7.2,4,4,8,1,3,3,0,0,0.55,0.55,1.11,0.14,0.69,Matches,UEFA
432,Ben Gannon-Doak,"MF,FW",Scotland,20,2005,6,5,335,3.7,1,1,2,1,0,0,1,0,0.27,0.27,0.54,0.27,0.54,Matches,UEFA
433,Aleix García,MF,Spain,28,1997,3,1,128,1.4,0,0,0,0,0,0,0,0,0.0,0.0,0.0,0.0,0.0,Matches,UEFA
439,Jusuf Gazibegović,DF,Bosnia-Herzegovina,25,2000,2,1,123,1.4,0,0,0,0,0,0,0,0,0.0,0.0,0.0,0.0,0.0,Matches,UEFA
440,Lutsharel Geertruida,DF,Netherlands,25,2000,3,1,112,1.2,0,0,0,0,0,0,0,0,0.0,0.0,0.0,0.0,0.0,Matches,UEFA
446,Morgan Gibbs-White,"FW,MF",England,26,2000,2,0,14,0.2,0,0,0,0,0,0,0,0,0.0,0.0,0.0,0.0,0.0,Matches,UEFA
448,Armin Gigovic,"MF,FW",Bosnia-Herzegovina,23,2002,8,5,325,3.6,1,0,1,1,0,0,1,0,0.28,0.0,0.28,0.28,0.28,Matches,UEFA
449,Billy Gilmour,MF,Scotland,24,2001,3,2,201,2.2,0,0,0,0,0,0,0,0,0.0,0.0,0.0,0.0,0.0,Matches,UEFA
454,Serge Gnabry,MF,Germany,30,1995,6,6,433,4.8,3,1,4,3,0,0,0,0,0.62,0.21,0.83,0.62,0.83,Matches,UEFA
461,Pedro Gonçalves,"FW,MF",Portugal,27,1998,1,0,25,0.3,0,0,0,0,0,0,0,0,0.0,0.0,0.0,0.0,0.0,Matches,UEFA
463,Anthony Gordon,"MF,FW",England,24,2001,5,2,188,2.1,1,0,1,1,0,0,1,0,0.48,0.0,0.48,0.48,0.48,Matches,UEFA
464,Craig Gordon,GK,Scotland,43,1982,2,2,180,2.0,0,0,0,0,0,0,0,0,0.0,0.0,0.0,0.0,0.0,Matches,UEFA
466,Leon Goretzka,MF,Germany,30,1995,6,5,438,4.9,0,1,1,0,0,0,1,0,0.0,0.21,0.21,0.0,0.21,Matches,UEFA
471,Ryan Gravenberch,MF,Netherlands,23,2002,6,6,448,5.0,0,0,0,0,0,0,0,0,0.0,0.0,0.0,0.0,0.0,Matches,UEFA
473,Michael Gregoritsch,"FW,MF",Austria,31,1994,8,5,419,4.7,4,0,4,4,0,0,1,0,0.86,0.0,0.86,0.86,0.86,Matches,UEFA
476,Florian Grillitsch,"DF,MF",Austria,30,1995,5,0,85,0.9,0,1,1,0,0,0,1,0,0.0,1.06,1.06,0.0,1.06,Matches,UEFA
477,Álex Grimaldo,DF,Spain,30,1995,1,1,90,1.0,0,1,1,0,0,0,0,0,0.0,1.0,1.0,0.0,1.0,Matches,UEFA
479,Pascal Groß,MF,Germany,34,1991,1,1,65,0.7,0,0,0,0,0,0,0,0,0.0,0.0,0.0,0.0,0.0,Matches,UEFA
484,Marco Grüll,"FW,MF",Austria,27,1998,2,0,29,0.3,0,0,0,0,0,0,0,0,0.0,0.0,0.0,0.0,0.0,Matches,UEFA
488,Gabriel Gudmundsson,"MF,DF",Sweden,26,1999,8,6,584,6.5,0,0,0,0,0,0,0,0,0.0,0.0,0.0,0.0,0.0,Matches,UEFA
489,Marc Guéhi,DF,England,25,2000,3,3,255,2.8,1,1,2,1,0,0,0,0,0.35,0.35,0.71,0.35,0.71,Matches,UEFA
492,Deniz Gül,FW,Türkiye,21,2004,3,1,77,0.9,1,0,1,1,0,0,1,0,1.17,0.0,1.17,1.17,1.17,Matches,UEFA
493,Arda Güler,MF,Türkiye,20,2005,7,7,568,6.3,1,4,5,1,0,0,1,0,0.16,0.63,0.79,0.16,0.79,Matches,UEFA
495,Angus Gunn,GK,Scotland,30,1996,4,4,360,4.0,0,0,0,0,0,0,0,0,0.0,0.0,0.0,0.0,0.0,Matches,UEFA
496,Malo Gusto,DF,France,22,2003,5,2,211,2.3,0,2,2,0,0,0,0,0,0.0,0.85,0.85,0.0,0.85,Matches,UEFA
500,Joško Gvardiol,DF,Croatia,24,2002,5,4,346,3.8,1,1,2,1,0,0,0,0,0.26,0.26,0.52,0.26,0.52,Matches,UEFA
501,Viktor Gyökeres,FW,Sweden,27,1998,6,6,540,6.0,4,1,5,3,1,1,0,0,0.67,0.17,0.83,0.5,0.67,Matches,UEFA
503,Erling Haaland,FW,Norway,25,2000,8,8,704,7.8,16,3,19,16,0,1,1,0,2.05,0.38,2.43,2.05,2.43,Matches,UEFA
505,Amir Hadžiahmetović,MF,Bosnia-Herzegovina,28,1997,4,0,51,0.6,0,0,0,0,0,0,0,0,0.0,0.0,0.0,0.0,0.0,Matches,UEFA
506,Dennis Hadzikadunic,DF,Bosnia-Herzegovina,27,1998,1,1,90,1.0,0,0,0,0,0,0,1,0,0.0,0.0,0.0,0.0,0.0,Matches,UEFA
509,Haris Hajradinović,"MF,FW",Bosnia-Herzegovina,31,1994,3,3,222,2.5,1,1,2,1,0,0,0,0,0.41,0.41,0.81,0.41,0.81,Matches,UEFA
514,Grant Hanley,DF,Scotland,34,1991,4,4,344,3.8,0,0,0,0,0,0,0,0,0.0,0.0,0.0,0.0,0.0,Matches,UEFA
519,Quilindschy Hartman,DF,Netherlands,24,2001,1,0,7,0.1,0,0,0,0,0,0,0,0,0.0,0.0,0.0,0.0,0.0,Matches,UEFA
525,Jan Paul van Hecke,DF,Netherlands,25,2000,4,2,177,2.0,0,0,0,0,0,0,2,0,0.0,0.0,0.0,0.0,0.0,Matches,UEFA
526,Aune Heggebø,FW,Norway,24,2001,1,0,1,0.0,0,0,0,0,0,0,0,0,0.0,0.0,0.0,0.0,0.0,Matches,UEFA
527,Torbjørn Heggem,DF,Norway,27,1999,8,7,664,7.4,0,0,0,0,0,0,1,0,0.0,0.0,0.0,0.0,0.0,Matches,UEFA
528,Dean Henderson,GK,England,28,1997,1,1,90,1.0,0,0,0,0,0,0,0,0,0.0,0.0,0.0,0.0,0.0,Matches,UEFA
529,Jordan Henderson,MF,England,35,1990,6,1,152,1.7,0,0,0,0,0,0,0,0,0.0,0.0,0.0,0.0,0.0,Matches,UEFA
530,Jack Hendry,DF,Scotland,30,1995,1,1,71,0.8,0,1,1,0,0,0,0,0,0.0,1.27,1.27,0.0,1.27,Matches,UEFA
532,Lucas Hernández,DF,France,29,1996,1,1,90,1.0,0,0,0,0,0,0,0,0,0.0,0.0,0.0,0.0,0.0,Matches,UEFA
533,Theo Hernández,DF,France,28,1997,3,3,270,3.0,0,1,1,0,0,0,1,0,0.0,0.33,0.33,0.0,0.33,Matches,UEFA
535,Aaron Hickey,DF,Scotland,23,2002,5,4,289,3.2,0,0,0,0,0,0,1,0,0.0,0.0,0.0,0.0,0.0,Matches,UEFA
536,Isak Hien,DF,Sweden,27,1999,6,6,486,5.4,0,0,0,0,0,0,1,0,0.0,0.0,0.0,0.0,0.0,Matches,UEFA
537,George Hirst,FW,Scotland,26,1999,2,0,11,0.1,0,0,0,0,0,0,0,0,0.0,0.0,0.0,0.0,0.0,Matches,UEFA
539,Adam Hložek,MF,Czechia,23,2002,1,1,27,0.3,1,0,1,1,0,0,0,0,3.33,0.0,3.33,3.33,3.33,Matches,UEFA
543,Tomáš Holeš,DF,Czechia,32,1993,5,5,337,3.7,0,0,0,0,0,0,1,0,0.0,0.0,0.0,0.0,0.0,Matches,UEFA
544,Emil Holm,DF,Sweden,25,2000,2,1,68,0.8,0,0,0,0,0,0,0,0,0.0,0.0,0.0,0.0,0.0,Matches,UEFA
545,Mathias Honsak,DF,Austria,29,1996,1,1,90,1.0,0,0,0,0,0,0,0,0,0.0,0.0,0.0,0.0,0.0,Matches,UEFA
551,Robin Hranáč,DF,Czechia,26,2000,4,3,372,4.1,1,0,1,1,0,0,1,0,0.24,0.0,0.24,0.24,0.24,Matches,UEFA
554,Dean Huijsen,DF,Spain,20,2005,2,2,180,2.0,0,0,0,0,0,0,0,0,0.0,0.0,0.0,0.0,0.0,Matches,UEFA
566,Borja Iglesias,FW,Spain,33,1993,3,0,91,1.0,0,0,0,0,0,0,0,0,0.0,0.0,0.0,0.0,0.0,Matches,UEFA
572,Gonçalo Inácio,DF,Portugal,24,2001,3,3,180,2.0,0,0,0,0,0,0,0,0,0.0,0.0,0.0,0.0,0.0,Matches,UEFA
576,Alexander Isak,FW,Sweden,26,1999,4,2,228,2.5,0,0,0,0,0,0,1,0,0.0,0.0,0.0,0.0,0.0,Matches,UEFA
579,Cedric Itten,"FW,MF",Switzerland,29,1996,1,0,6,0.1,0,0,0,0,0,0,0,0,0.0,0.0,0.0,0.0,0.0,Matches,UEFA
581,Franjo Ivanović,"FW,MF",Croatia,22,2003,7,3,311,3.5,2,1,3,2,0,0,1,0,0.58,0.29,0.87,0.58,0.87,Matches,UEFA
585,Kristijan Jakić,"DF,MF",Croatia,28,1997,5,4,360,4.0,2,0,2,2,0,0,0,0,0.5,0.0,0.5,0.5,0.5,Matches,UEFA
590,Reece James,DF,England,26,1999,6,5,406,4.5,1,1,2,1,0,0,0,0,0.22,0.22,0.44,0.22,0.44,Matches,UEFA
596,Luca Jaquez,DF,Switzerland,22,2003,1,0,17,0.2,0,0,0,0,0,0,0,0,0.0,0.0,0.0,0.0,0.0,Matches,UEFA
599,Václav Jemelka,DF,Czechia,30,1995,1,1,90,1.0,0,0,0,0,0,0,0,0,0.0,0.0,0.0,0.0,0.0,Matches,UEFA
609,Herman Johansson,MF,Sweden,28,1997,2,1,115,1.3,0,0,0,0,0,0,1,0,0.0,0.0,0.0,0.0,0.0,Matches,UEFA
610,Viktor Johansson,GK,Sweden,27,1998,3,3,270,3.0,0,0,0,0,0,0,1,0,0.0,0.0,0.0,0.0,0.0,Matches,UEFA
612,Max Johnston,DF,Scotland,22,2003,2,1,94,1.0,0,0,0,0,0,0,1,0,0.0,0.0,0.0,0.0,0.0,Matches,UEFA
615,Curtis Jones,MF,England,25,2001,3,2,164,1.8,0,0,0,0,0,0,0,0,0.0,0.0,0.0,0.0,0.0,Matches,UEFA
617,Frenkie de Jong,MF,Netherlands,28,1997,7,7,569,6.3,0,3,3,0,0,0,0,0,0.0,0.47,0.47,0.0,0.47,Matches,UEFA
622,Josip Juranović,DF,Croatia,30,1995,1,1,90,1.0,0,0,0,0,0,0,0,0,0.0,0.0,0.0,0.0,0.0,Matches,UEFA
623,David Jurásek,"MF,DF",Czechia,25,2000,3,2,216,2.4,0,0,0,0,0,0,0,0,0.0,0.0,0.0,0.0,0.0,Matches,UEFA
625,Ozan Kabak,DF,Türkiye,25,2000,2,1,91,1.0,0,0,0,0,0,0,0,0,0.0,0.0,0.0,0.0,0.0,Matches,UEFA
626,Ferdi Kadioglu,"DF,MF",Türkiye,26,1999,8,5,455,5.1,1,0,1,1,0,0,0,0,0.2,0.0,0.2,0.2,0.2,Matches,UEFA
627,İrfan Kahveci,MF,Türkiye,30,1995,4,1,102,1.1,1,0,1,1,0,0,1,0,0.88,0.0,0.88,0.88,0.88,Matches,UEFA
640,Harry Kane,FW,England,32,1993,8,8,679,7.5,8,0,8,7,1,1,0,0,1.06,0.0,1.06,0.93,0.93,Matches,UEFA
642,N'Golo Kanté,MF,France,34,1991,1,1,90,1.0,0,1,1,0,0,0,0,0,0.0,1.0,1.0,0.0,1.0,Matches,UEFA
645,Adam Karabec,MF,Czechia,22,2003,3,1,173,1.9,2,0,2,2,0,0,0,0,1.04,0.0,1.04,1.04,1.04,Matches,UEFA
648,Atakan Karazor,MF,Türkiye,29,1996,2,0,23,0.3,0,0,0,0,0,0,0,0,0.0,0.0,0.0,0.0,0.0,Matches,UEFA
650,Emir Karic,DF,Bosnia-Herzegovina,28,1997,1,1,70,0.8,0,0,0,0,0,0,0,0,0.0,0.0,0.0,0.0,0.0,Matches,UEFA
651,Jesper Karlström,MF,Sweden,30,1995,4,4,312,3.5,0,0,0,0,0,0,2,0,0.0,0.0,0.0,0.0,0.0,Matches,UEFA
660,Nikola Katić,DF,Bosnia-Herzegovina,29,1996,7,6,612,6.8,1,0,1,1,0,0,3,0,0.15,0.0,0.15,0.15,0.15,Matches,UEFA
674,Joshua Kimmich,"DF,MF",Germany,30,1995,5,5,423,4.7,2,1,3,1,1,1,0,0,0.43,0.21,0.64,0.21,0.43,Matches,UEFA
680,Jan Kliment,"FW,MF",Czechia,32,1993,2,0,46,0.5,1,0,1,1,0,0,0,0,1.96,0.0,1.96,1.96,1.96,Matches,UEFA
681,Justin Kluivert,MF,Netherlands,26,1999,6,3,279,3.1,0,0,0,0,0,0,0,0,0.0,0.0,0.0,0.0,0.0,Matches,UEFA
684,Gregor Kobel,GK,Switzerland,28,1997,6,6,540,6.0,0,0,0,0,0,0,0,0,0.0,0.0,0.0,0.0,0.0,Matches,UEFA
685,Robin Koch,DF,Germany,29,1996,1,1,90,1.0,0,0,0,0,0,0,0,0,0.0,0.0,0.0,0.0,0.0,Matches,UEFA
687,Orkun Kökçü,MF,Türkiye,25,2000,7,3,374,4.2,0,2,2,0,0,0,0,0,0.0,0.48,0.48,0.0,0.48,Matches,UEFA
689,Sead Kolašinac,DF,Bosnia-Herzegovina,32,1993,4,4,286,3.2,0,1,1,0,0,0,2,0,0.0,0.31,0.31,0.0,0.31,Matches,UEFA
691,Ibrahima Konaté,DF,France,26,1999,3,3,270,3.0,0,0,0,0,0,0,0,0,0.0,0.0,0.0,0.0,0.0,Matches,UEFA
692,Manu Koné,MF,France,24,2001,4,4,349,3.9,0,0,0,0,0,0,2,0,0.0,0.0,0.0,0.0,0.0,Matches,UEFA
694,Ezri Konsa,DF,England,28,1997,7,6,555,6.2,1,0,1,1,0,0,1,0,0.16,0.0,0.16,0.16,0.16,Matches,UEFA
699,Eman Košpo,DF,Bosnia-Herzegovina,18,2007,1,0,15,0.2,0,1,1,0,0,0,0,0,0.0,6.0,6.0,0.0,6.0,Matches,UEFA
706,Dominik Kotarski,GK,Croatia,25,2000,1,1,90,1.0,0,0,0,0,0,0,0,0,0.0,0.0,0.0,0.0,0.0,Matches,UEFA
709,Jules Koundé,DF,France,27,1998,4,4,329,3.7,0,0,0,0,0,0,0,0,0.0,0.0,0.0,0.0,0.0,Matches,UEFA
713,Mateo Kovačić,MF,Croatia,31,1994,1,1,68,0.8,0,0,0,0,0,0,0,0,0.0,0.0,0.0,0.0,0.0,Matches,UEFA
714,Matej Kovar,GK,Czechia,25,2000,9,9,870,9.7,0,0,0,0,0,0,0,0,0.0,0.0,0.0,0.0,0.0,Matches,UEFA
717,Emil Krafth,DF,Sweden,31,1994,2,1,89,1.0,0,0,0,0,0,0,1,0,0.0,0.0,0.0,0.0,0.0,Matches,UEFA
718,Alex Král,MF,Czechia,27,1998,4,0,73,0.8,0,0,0,0,0,0,0,0,0.0,0.0,0.0,0.0,0.0,Matches,UEFA
719,Andrej Kramarić,MF,Croatia,34,1991,8,5,521,5.8,6,1,7,6,0,0,1,0,1.04,0.17,1.21,1.04,1.21,Matches,UEFA
723,Ladislav Krejčí,DF,Czechia,26,1999,9,9,870,9.7,2,1,3,2,0,0,2,0,0.21,0.1,0.31,0.21,0.31,Matches,UEFA
731,Jan Kuchta,FW,Czechia,29,1997,2,0,19,0.2,0,1,1,0,0,0,0,0,0.0,4.74,4.74,0.0,4.74,Matches,UEFA
735,Vasil Kušej,MF,Czechia,25,2000,5,3,190,2.1,0,0,0,0,0,0,0,0,0.0,0.0,0.0,0.0,0.0,Matches,UEFA
744,Gustaf Lagerbielke,DF,Sweden,25,2000,6,5,457,5.1,1,1,2,1,0,0,1,0,0.2,0.2,0.39,0.2,0.39,Matches,UEFA
747,Konrad Laimer,"MF,DF",Austria,28,1997,8,8,675,7.5,2,1,3,2,0,0,1,0,0.27,0.13,0.4,0.27,0.4,Matches,UEFA
749,Senne Lammens,GK,Belgium,23,2002,1,1,90,1.0,0,0,0,0,0,0,0,0,0.0,0.0,0.0,0.0,0.0,Matches,UEFA
750,Noa Lang,"FW,MF",Netherlands,26,1999,2,0,57,0.6,1,0,1,1,0,0,1,0,1.58,0.0,1.58,1.58,1.58,Matches,UEFA
751,Aymeric Laporte,DF,Spain,31,1994,3,3,270,3.0,0,0,0,0,0,0,0,0,0.0,0.0,0.0,0.0,0.0,Matches,UEFA
753,Hugo Larsson,MF,Sweden,21,2004,2,2,135,1.5,0,0,0,0,0,0,0,0,0.0,0.0,0.0,0.0,0.0,Matches,UEFA
756,Tobias Lawal,GK,Austria,25,2000,1,0,45,0.5,0,0,0,0,0,0,0,0,0.0,0.0,0.0,0.0,0.0,Matches,UEFA
759,Robin Le Normand,DF,Spain,29,1996,4,4,295,3.3,0,2,2,0,0,0,1,0,0.0,0.61,0.61,0.0,0.61,Matches,UEFA
760,Rafael Leão,MF,Portugal,26,1999,3,1,113,1.3,0,0,0,0,0,0,0,0,0.0,0.0,0.0,0.0,0.0,Matches,UEFA
764,Adrian Leon Barišić,DF,Bosnia-Herzegovina,24,2001,4,4,296,3.3,0,0,0,0,0,0,1,0,0.0,0.0,0.0,0.0,0.0,Matches,UEFA
767,Jamie Leweling,MF,Germany,24,2001,2,1,102,1.1,0,0,0,0,0,0,0,0,0.0,0.0,0.0,0.0,0.0,Matches,UEFA
769,Myles Lewis-Skelly,DF,England,19,2006,4,4,347,3.9,1,0,1,1,0,0,0,0,0.26,0.0,0.26,0.26,0.26,Matches,UEFA
770,Isac Lidberg,FW,Sweden,27,1998,2,1,103,1.1,0,0,0,0,0,0,0,0,0.0,0.0,0.0,0.0,0.0,Matches,UEFA
771,Philipp Lienhart,DF,Austria,29,1996,7,7,585,6.5,0,0,0,0,0,0,0,0,0.0,0.0,0.0,0.0,0.0,Matches,UEFA
772,Matthijs de Ligt,DF,Netherlands,26,1999,2,1,93,1.0,0,0,0,0,0,0,0,0,0.0,0.0,0.0,0.0,0.0,Matches,UEFA
773,Victor Lindelöf,DF,Sweden,31,1994,4,4,353,3.9,0,0,0,0,0,0,0,0,0.0,0.0,0.0,0.0,0.0,Matches,UEFA
774,Ondřej Lingr,"FW,MF",Czechia,27,1998,1,0,15,0.2,0,0,0,0,0,0,0,0,0.0,0.0,0.0,0.0,0.0,Matches,UEFA
777,Dominik Livaković,GK,Croatia,31,1995,7,7,630,7.0,0,0,0,0,0,0,0,0,0.0,0.0,0.0,0.0,0.0,Matches,UEFA
779,Valentino Livramento,DF,England,23,2002,2,1,112,1.2,0,0,0,0,0,0,0,0,0.0,0.0,0.0,0.0,0.0,Matches,UEFA
780,Marcos Llorente,DF,Spain,31,1995,3,1,151,1.7,0,0,0,0,0,0,0,0,0.0,0.0,0.0,0.0,0.0,Matches,UEFA
792,Fermin López,MF,Spain,22,2003,3,0,69,0.8,0,0,0,0,0,0,0,0,0.0,0.0,0.0,0.0,0.0,Matches,UEFA
798,Romelu Lukaku,FW,Belgium,32,1993,2,2,171,1.9,1,0,1,0,1,1,0,0,0.53,0.0,0.53,0.0,0.0,Matches,UEFA
799,Dodi Lukebakio,"FW,MF",Belgium,28,1997,2,0,49,0.5,0,0,0,0,0,0,0,0,0.0,0.0,0.0,0.0,0.0,Matches,UEFA
801,Gustav Lundgren,MF,Sweden,30,1995,2,1,100,1.1,1,0,1,1,0,0,0,0,0.9,0.0,0.9,0.9,0.9,Matches,UEFA
805,Noni Madueke,MF,England,23,2002,3,3,255,2.8,1,1,2,1,0,0,0,0,0.35,0.35,0.71,0.35,0.71,Matches,UEFA
815,Mike Maignan,GK,France,30,1995,5,5,450,5.0,0,0,0,0,0,0,0,0,0.0,0.0,0.0,0.0,0.0,Matches,UEFA
816,Lovro Majer,MF,Croatia,28,1998,3,2,201,2.2,0,3,3,0,0,1,0,0,0.0,1.34,1.34,0.0,1.34,Matches,UEFA
821,Donyell Malen,"MF,FW",Netherlands,27,1999,7,4,401,4.5,4,1,5,4,0,0,0,0,0.9,0.22,1.12,0.9,1.12,Matches,UEFA
822,Arjan Malic,"DF,FW",Bosnia-Herzegovina,20,2005,5,5,330,3.7,0,0,0,0,0,0,1,0,0.0,0.0,0.0,0.0,0.0,Matches,UEFA
836,Johan Manzambi,FW,Switzerland,20,2005,6,1,192,2.1,2,0,2,2,0,0,0,0,0.94,0.0,0.94,0.94,0.94,Matches,UEFA
848,Igor Matanovic,FW,Croatia,22,2003,2,1,75,0.8,0,0,0,0,0,0,0,0,0.0,0.0,0.0,0.0,0.0,Matches,UEFA
849,Jean-Philippe Mateta,FW,France,28,1997,3,2,178,2.0,2,0,2,2,0,0,0,0,1.01,0.0,1.01,1.01,1.01,Matches,UEFA
859,Kylian Mbappé,FW,France,27,1998,4,4,352,3.9,5,3,8,3,2,2,1,0,1.28,0.77,2.05,0.77,1.53,Matches,UEFA
867,John McGinn,MF,Scotland,31,1994,6,6,540,6.0,0,1,1,0,0,0,1,0,0.0,0.17,0.17,0.0,0.17,Matches,UEFA
868,Scott McKenna,DF,Scotland,29,1996,5,3,287,3.2,0,0,0,0,0,0,0,0,0.0,0.0,0.0,0.0,0.0,Matches,UEFA
869,Kenny McLean,MF,Scotland,34,1992,4,1,176,2.0,1,0,1,1,0,0,0,0,0.51,0.0,0.51,0.51,0.51,Matches,UEFA
871,Scott McTominay,MF,Scotland,29,1996,6,6,539,6.0,2,1,3,2,0,0,0,0,0.33,0.17,0.5,0.33,0.5,Matches,UEFA
872,Brandon Mechele,DF,Belgium,33,1993,2,1,100,1.1,1,0,1,1,0,0,0,0,0.9,0.0,0.9,0.9,0.9,Matches,UEFA
877,Amar Memić,"MF,DF",Bosnia-Herzegovina,25,2001,9,6,579,6.4,0,2,2,0,0,0,1,0,0.0,0.31,0.31,0.0,0.31,Matches,UEFA
878,Memphis,FW,Netherlands,31,1994,8,7,533,5.9,8,4,12,6,2,2,1,0,1.35,0.68,2.03,1.01,1.69,Matches,UEFA
879,Nuno Mendes,DF,Portugal,23,2002,4,4,322,3.6,0,1,1,0,0,0,0,0,0.0,0.28,0.28,0.0,0.28,Matches,UEFA
881,Mikel Merino,MF,Spain,29,1996,6,6,466,5.2,6,0,6,6,0,0,1,0,1.16,0.0,1.16,1.16,1.16,Matches,UEFA
883,Thomas Meunier,DF,Belgium,34,1991,7,5,351,3.9,2,2,4,2,0,0,2,0,0.51,0.51,1.03,0.51,1.03,Matches,UEFA
893,Lennon Miller,MF,Scotland,19,2006,2,0,4,0.0,0,0,0,0,0,0,0,0,0.0,0.0,0.0,0.0,0.0,Matches,UEFA
908,Maximilian Mittelstädt,DF,Germany,28,1997,1,1,90,1.0,0,0,0,0,0,0,0,0,0.0,0.0,0.0,0.0,0.0,Matches,UEFA
915,Luka Modrić,MF,Croatia,40,1985,8,4,399,4.4,1,2,3,0,1,1,0,0,0.23,0.45,0.68,0.0,0.45,Matches,UEFA
919,Álvaro Morata,FW,Spain,33,1992,1,0,18,0.2,0,0,0,0,0,0,0,0,0.0,0.0,0.0,0.0,0.0,Matches,UEFA
920,Diego Moreira,MF,Belgium,21,2004,2,0,28,0.3,0,0,0,0,0,0,0,0,0.0,0.0,0.0,0.0,0.0,Matches,UEFA
925,Nikola Moro,MF,Croatia,27,1998,4,2,155,1.7,0,0,0,0,0,0,0,0,0.0,0.0,0.0,0.0,0.0,Matches,UEFA
934,Tarik Muharemovic,DF,Bosnia-Herzegovina,22,2003,7,6,645,7.2,0,0,0,0,0,0,2,0,0.0,0.0,0.0,0.0,0.0,Matches,UEFA
935,Miro Muheim,"DF,MF",Switzerland,27,1998,3,0,94,1.0,0,1,1,0,0,0,1,0,0.0,0.96,0.96,0.0,0.96,Matches,UEFA
936,Nihad Mujakić,DF,Bosnia-Herzegovina,27,1998,4,2,169,1.9,1,0,1,1,0,0,2,0,0.53,0.0,0.53,0.53,0.53,Matches,UEFA
939,Mert Müldür,DF,Türkiye,26,1999,7,4,386,4.3,1,0,1,1,0,0,0,0,0.23,0.0,0.23,0.23,0.23,Matches,UEFA
946,Petar Musa,FW,Croatia,27,1998,2,1,105,1.2,1,0,1,1,0,0,0,0,0.86,0.0,0.86,0.86,0.86,Matches,UEFA
954,Phillipp Mwene,DF,Austria,32,1994,5,5,402,4.5,0,0,0,0,0,0,2,0,0.0,0.0,0.0,0.0,0.0,Matches,UEFA
956,Felix Myhre,MF,Norway,26,1999,1,1,63,0.7,1,1,2,1,0,0,0,0,1.43,1.43,2.86,1.43,2.86,Matches,UEFA
961,David Møller Wolfe,DF,Norway,23,2002,8,8,679,7.5,1,2,3,1,0,0,1,0,0.13,0.27,0.4,0.13,0.4,Matches,UEFA
966,Sebastian Nanasi,"FW,MF",Sweden,23,2002,1,0,45,0.5,0,0,0,0,0,0,0,0,0.0,0.0,0.0,0.0,0.0,Matches,UEFA
971,Dan Ndoye,"FW,MF",Switzerland,25,2000,5,5,442,4.9,2,3,5,2,0,0,1,0,0.41,0.61,1.02,0.41,1.02,Matches,UEFA
976,Pedro Neto,MF,Portugal,25,2000,4,4,244,2.7,0,1,1,0,0,0,0,0,0.0,0.37,0.37,0.0,0.37,Matches,UEFA
978,João Neves,"MF,DF",Portugal,21,2004,4,4,335,3.7,3,0,3,3,0,0,1,0,0.81,0.0,0.81,0.81,0.81,Matches,UEFA
979,Rúben Neves,MF,Portugal,28,1997,5,4,349,3.9,1,0,1,1,0,0,0,0,0.26,0.0,0.26,0.26,0.26,Matches,UEFA
986,Christopher Nkunku,MF,France,28,1997,4,2,148,1.6,1,0,1,1,0,0,0,0,0.61,0.0,0.61,0.61,0.61,Matches,UEFA
987,Felix Nmecha,MF,Germany,25,2000,2,0,82,0.9,0,0,0,0,0,0,0,0,0.0,0.0,0.0,0.0,0.0,Matches,UEFA
989,Kristoffer Nordfeldt,GK,Sweden,36,1989,2,2,180,2.0,0,1,1,0,0,0,1,0,0.0,0.5,0.5,0.0,0.5,Matches,UEFA
991,Matheus Nunes,"DF,MF",Portugal,27,1998,1,0,18,0.2,0,0,0,0,0,0,0,0,0.0,0.0,0.0,0.0,0.0,Matches,UEFA
995,Antonio Nusa,"MF,FW",Norway,20,2005,6,6,472,5.2,2,3,5,2,0,0,0,0,0.38,0.57,0.95,0.38,0.95,Matches,UEFA
997,Benjamin Nygren,"MF,FW",Sweden,24,2001,5,3,316,3.5,1,2,3,1,0,0,0,0,0.28,0.57,0.85,0.28,0.85,Matches,UEFA
998,Ørjan Nyland,GK,Norway,35,1990,8,8,720,8.0,0,0,0,0,0,0,0,0,0.0,0.0,0.0,0.0,0.0,Matches,UEFA
1010,Michael Olise,MF,France,24,2001,5,5,425,4.7,2,0,2,2,0,0,0,0,0.42,0.0,0.42,0.42,0.42,Matches,UEFA
1014,Dani Olmo,FW,Spain,27,1998,2,1,93,1.0,1,0,1,1,0,0,0,0,0.97,0.0,0.97,0.97,0.97,Matches,UEFA
1017,Robin Olsen,GK,Sweden,36,1990,2,2,180,2.0,0,0,0,0,0,0,0,0,0.0,0.0,0.0,0.0,0.0,Matches,UEFA
1018,Nail Omerovic,"DF,MF",Bosnia-Herzegovina,23,2002,1,0,8,0.1,0,0,0,0,0,0,0,0,0.0,0.0,0.0,0.0,0.0,Matches,UEFA
1020,Samu Omorodion,FW,Spain,21,2004,2,1,74,0.8,0,0,0,0,0,0,0,0,0.0,0.0,0.0,0.0,0.0,Matches,UEFA
1021,Amadou Onana,MF,Belgium,24,2001,5,3,281,3.1,0,0,0,0,0,0,1,0,0.0,0.0,0.0,0.0,0.0,Matches,UEFA
1022,Loïs Openda,FW,Belgium,25,2000,5,1,152,1.7,0,0,0,0,0,0,0,0,0.0,0.0,0.0,0.0,0.0,Matches,UEFA
1025,Mislav Oršić,"FW,MF",Croatia,33,1992,1,0,20,0.2,0,0,0,0,0,0,0,0,0.0,0.0,0.0,0.0,0.0,Matches,UEFA
1030,Assan Ouedraogo,MF,Germany,19,2006,1,0,14,0.2,1,0,1,1,0,0,0,0,6.43,0.0,6.43,6.43,6.43,Matches,UEFA
1031,Mikel Oyarzabal,"FW,MF",Spain,28,1997,6,6,442,4.9,6,3,9,4,2,2,0,0,1.22,0.61,1.83,0.81,1.43,Matches,UEFA
1032,Salih Özcan,MF,Türkiye,28,1998,5,1,136,1.5,1,0,1,1,0,0,1,0,0.66,0.0,0.66,0.66,0.66,Matches,UEFA
1033,Nico O’Reilly,DF,England,20,2005,2,2,180,2.0,0,0,0,0,0,0,0,0,0.0,0.0,0.0,0.0,0.0,Matches,UEFA
1038,João Palhinha,MF,Portugal,30,1995,3,0,53,0.6,0,0,0,0,0,0,1,0,0.0,0.0,0.0,0.0,0.0,Matches,UEFA
1039,Cole Palmer,MF,England,23,2002,1,1,64,0.7,0,0,0,0,0,0,0,0,0.0,0.0,0.0,0.0,0.0,Matches,UEFA
1048,Marco Pašalić,"MF,DF",Croatia,25,2000,6,2,222,2.5,0,2,2,0,0,0,0,0,0.0,0.81,0.81,0.0,0.81,Matches,UEFA
1049,Mario Pašalić,MF,Croatia,30,1995,7,7,495,5.5,1,1,2,1,0,0,1,0,0.18,0.18,0.36,0.18,0.36,Matches,UEFA
1056,Aleksandar Pavlovic,MF,Germany,21,2004,4,4,311,3.5,0,0,0,0,0,0,0,0,0.0,0.0,0.0,0.0,0.0,Matches,UEFA
1059,Marcus Pedersen,"DF,MF",Norway,25,2000,2,0,17,0.2,0,0,0,0,0,0,0,0,0.0,0.0,0.0,0.0,0.0,Matches,UEFA
1060,Pedri,MF,Spain,23,2002,4,4,297,3.3,2,1,3,2,0,0,0,0,0.61,0.3,0.91,0.61,0.91,Matches,UEFA
1066,Patrick Pentz,GK,Austria,29,1997,3,3,225,2.5,0,0,0,0,0,0,0,0,0.0,0.0,0.0,0.0,0.0,Matches,UEFA
1073,Ivan Perišić,MF,Croatia,36,1989,8,6,552,6.1,4,4,8,3,1,1,0,0,0.65,0.65,1.3,0.49,1.14,Matches,UEFA
1083,Jens Petter Hauge,"DF,FW",Norway,26,1999,2,0,46,0.5,0,0,0,0,0,0,0,0,0.0,0.0,0.0,0.0,0.0,Matches,UEFA
1088,Jordan Pickford,GK,England,31,1994,7,7,630,7.0,0,0,0,0,0,0,0,0,0.0,0.0,0.0,0.0,0.0,Matches,UEFA
1094,Yeremi Pino,FW,Spain,23,2002,4,2,163,1.8,1,0,1,1,0,0,0,0,0.55,0.0,0.55,0.55,0.55,Matches,UEFA
1104,Marin Pongračić,DF,Croatia,28,1997,4,3,284,3.2,0,0,0,0,0,0,1,0,0.0,0.0,0.0,0.0,0.0,Matches,UEFA
1110,Pedro Porro,DF,Spain,26,1999,5,5,360,4.0,0,0,0,0,0,0,1,0,0.0,0.0,0.0,0.0,0.0,Matches,UEFA
1111,Stefan Posch,DF,Austria,28,1997,7,4,416,4.6,2,2,4,2,0,0,2,0,0.43,0.43,0.87,0.43,0.87,Matches,UEFA
1115,Alexander Prass,DF,Austria,24,2001,3,1,117,1.3,0,1,1,0,0,0,0,0,0.0,0.77,0.77,0.0,0.77,Matches,UEFA
1117,Lukáš Provod,MF,Czechia,29,1996,9,6,644,7.2,0,1,1,0,0,0,0,0,0.0,0.14,0.14,0.0,0.14,Matches,UEFA
1124,Jarell Quansah,DF,England,23,2003,1,1,90,1.0,0,0,0,0,0,0,0,0,0.0,0.0,0.0,0.0,0.0,Matches,UEFA
1125,Leopold Querfeld,DF,Austria,22,2003,1,0,45,0.5,0,0,0,0,0,0,0,0,0.0,0.0,0.0,0.0,0.0,Matches,UEFA
1127,Adrien Rabiot,MF,France,30,1995,3,1,105,1.2,1,0,1,1,0,0,1,0,0.86,0.0,0.86,0.86,0.86,Matches,UEFA
1130,Stjepan Radeljić,DF,Bosnia-Herzegovina,28,1997,3,3,270,3.0,0,0,0,0,0,0,1,0,0.0,0.0,0.0,0.0,0.0,Matches,UEFA
1138,Anthony Ralston,DF,Scotland,27,1998,3,1,119,1.3,0,0,0,0,0,0,0,0,0.0,0.0,0.0,0.0,0.0,Matches,UEFA
1141,Gonçalo Ramos,FW,Portugal,24,2001,6,1,159,1.8,1,1,2,1,0,0,0,0,0.57,0.57,1.13,0.57,1.13,Matches,UEFA
1144,Marcus Rashford,MF,England,28,1997,7,4,340,3.8,1,1,2,0,1,1,0,0,0.26,0.26,0.53,0.0,0.26,Matches,UEFA
1146,Nicolas Raskin,MF,Belgium,24,2001,7,6,533,5.9,1,0,1,1,0,0,1,0,0.17,0.0,0.17,0.17,0.17,Matches,UEFA
1151,David Raum,DF,Germany,27,1998,6,5,467,5.2,1,2,3,1,0,0,0,0,0.19,0.39,0.58,0.19,0.58,Matches,UEFA
1158,Tijjani Reijnders,MF,Netherlands,27,1998,7,5,453,5.0,2,1,3,2,0,0,1,0,0.4,0.2,0.6,0.4,0.6,Matches,UEFA
1168,Declan Rice,MF,England,27,1999,8,7,502,5.6,1,4,5,1,0,0,0,0,0.18,0.72,0.9,0.18,0.9,Matches,UEFA
1170,Fabian Rieder,MF,Switzerland,23,2002,6,4,312,3.5,0,2,2,0,0,0,0,0,0.0,0.58,0.58,0.0,0.58,Matches,UEFA
1175,Andrew Robertson,DF,Scotland,31,1994,6,6,539,6.0,0,2,2,0,0,0,0,0,0.0,0.33,0.33,0.0,0.33,Matches,UEFA
1176,Stian Rode Gregersen,"DF,MF",Norway,30,1995,1,0,1,0.0,0,0,0,0,0,0,0,0,0.0,0.0,0.0,0.0,0.0,Matches,UEFA
1178,Rodri,"DF,MF",Spain,29,1996,2,0,47,0.5,0,0,0,0,0,0,0,0,0.0,0.0,0.0,0.0,0.0,Matches,UEFA
1180,Jesus Rodríguez,MF,Spain,20,2005,1,0,12,0.1,0,0,0,0,0,0,0,0,0.0,0.0,0.0,0.0,0.0,Matches,UEFA
1181,Ricardo Rodríguez,DF,Switzerland,33,1992,6,6,431,4.8,0,0,0,0,0,0,0,0,0.0,0.0,0.0,0.0,0.0,Matches,UEFA
1183,Morgan Rogers,"MF,DF",England,23,2002,8,5,428,4.8,0,1,1,0,0,0,0,0,0.0,0.21,0.21,0.0,0.21,Matches,UEFA
1184,Cristiano Ronaldo,FW,Portugal,40,1985,5,5,367,4.1,5,0,5,4,1,2,0,1,1.23,0.0,1.23,0.98,0.98,Matches,UEFA
1195,Antonio Rüdiger,DF,Germany,32,1993,2,2,171,1.9,0,0,0,0,0,0,2,0,0.0,0.0,0.0,0.0,0.0,Matches,UEFA
1197,Fabián Ruiz Peña,MF,Spain,29,1996,2,2,143,1.6,0,1,1,0,0,0,0,0,0.0,0.63,0.63,0.0,0.63,Matches,UEFA
1200,Julian Ryerson,"DF,MF",Norway,28,1997,8,8,720,8.0,1,4,5,1,0,0,0,0,0.12,0.5,0.62,0.12,0.62,Matches,UEFA
1202,Marcel Sabitzer,MF,Austria,31,1994,8,8,700,7.8,3,3,6,2,1,1,1,0,0.39,0.39,0.77,0.26,0.64,Matches,UEFA
1203,Michal Sadílek,MF,Czechia,26,1999,7,1,203,2.3,0,1,1,0,0,0,0,0,0.0,0.44,0.44,0.0,0.44,Matches,UEFA
1205,Alexis Saelemaekers,"FW,MF",Belgium,26,1999,7,3,287,3.2,1,4,5,1,0,0,1,0,0.31,1.25,1.57,0.31,1.57,Matches,UEFA
1208,Bukayo Saka,"MF,FW",England,24,2001,3,2,178,2.0,1,1,2,1,0,0,0,0,0.51,0.51,1.01,0.51,1.01,Matches,UEFA
1210,Anton Salétros,MF,Sweden,29,1996,4,2,251,2.8,0,0,0,0,0,0,1,0,0.0,0.0,0.0,0.0,0.0,Matches,UEFA
1211,William Saliba,DF,France,24,2001,3,3,270,3.0,0,0,0,0,0,0,0,0,0.0,0.0,0.0,0.0,0.0,Matches,UEFA
1218,Leroy Sané,"MF,FW",Germany,30,1996,2,2,168,1.9,2,2,4,2,0,0,0,0,1.07,1.07,2.14,1.07,2.14,Matches,UEFA
1221,Yusuf Sari,MF,Türkiye,27,1998,2,0,25,0.3,0,0,0,0,0,0,0,0,0.0,0.0,0.0,0.0,0.0,Matches,UEFA
1222,Dario Šarić,MF,Bosnia-Herzegovina,28,1997,2,0,58,0.6,0,0,0,0,0,0,0,0,0.0,0.0,0.0,0.0,0.0,Matches,UEFA
1235,Kevin Schade,"FW,MF",Germany,24,2001,1,0,25,0.3,0,0,0,0,0,0,0,0,0.0,0.0,0.0,0.0,0.0,Matches,UEFA
1237,Patrik Schick,"FW,MF",Czechia,30,1996,8,8,670,7.4,5,0,5,4,1,1,0,0,0.67,0.0,0.67,0.54,0.54,Matches,UEFA
1238,Andreas Schjelderup,MF,Norway,21,2004,5,2,167,1.9,0,1,1,0,0,0,0,0,0.0,0.54,0.54,0.0,0.54,Matches,UEFA
1240,Alexander Schlager,GK,Austria,29,1996,5,5,450,5.0,0,0,0,0,0,0,0,0,0.0,0.0,0.0,0.0,0.0,Matches,UEFA
1241,Xaver Schlager,MF,Austria,28,1997,5,4,266,3.0,0,0,0,0,0,0,0,0,0.0,0.0,0.0,0.0,0.0,Matches,UEFA
1243,Nico Schlotterbeck,DF,Germany,26,1999,3,3,198,2.2,0,0,0,0,0,0,0,0,0.0,0.0,0.0,0.0,0.0,Matches,UEFA
1245,Romano Schmid,MF,Austria,26,2000,8,5,518,5.8,1,2,3,1,0,0,1,0,0.17,0.35,0.52,0.17,0.52,Matches,UEFA
1246,Isaac Schmidt,"DF,MF",Switzerland,26,1999,2,0,45,0.5,0,0,0,0,0,0,0,0,0.0,0.0,0.0,0.0,0.0,Matches,UEFA
1247,Alessandro Schöpf,MF,Austria,31,1994,3,0,28,0.3,0,0,0,0,0,0,0,0,0.0,0.0,0.0,0.0,0.0,Matches,UEFA
1248,Jerdy Schouten,MF,Netherlands,29,1997,2,1,92,1.0,0,0,0,0,0,0,0,0,0.0,0.0,0.0,0.0,0.0,Matches,UEFA
1251,Nicolas Seiwald,MF,Austria,24,2001,8,8,706,7.8,0,1,1,0,0,0,0,0,0.0,0.13,0.13,0.0,0.13,Matches,UEFA
1254,Matz Sels,GK,Belgium,33,1992,3,3,270,3.0,0,0,0,0,0,0,0,0,0.0,0.0,0.0,0.0,0.0,Matches,UEFA
1255,Ken Sema,MF,Sweden,32,1993,4,2,163,1.8,0,0,0,0,0,0,0,0,0.0,0.0,0.0,0.0,0.0,Matches,UEFA
1256,Nélson Semedo,DF,Portugal,32,1993,4,2,255,2.8,0,2,2,0,0,0,0,0,0.0,0.71,0.71,0.0,0.71,Matches,UEFA
1264,Joaquin Seys,DF,Belgium,20,2005,2,1,82,0.9,0,0,0,0,0,0,0,0,0.0,0.0,0.0,0.0,0.0,Matches,UEFA
1267,Lawrence Shankland,"FW,MF",Scotland,30,1995,2,0,36,0.4,1,0,1,1,0,0,0,0,2.5,0.0,2.5,2.5,2.5,Matches,UEFA
1279,António Silva,DF,Portugal,22,2003,1,0,4,0.0,0,0,0,0,0,0,0,0,0.0,0.0,0.0,0.0,0.0,Matches,UEFA
1280,Bernardo Silva,"MF,FW",Portugal,31,1994,5,5,387,4.3,1,1,2,1,0,0,1,0,0.23,0.23,0.47,0.23,0.47,Matches,UEFA
1283,Unai Simón,GK,Spain,28,1997,6,6,540,6.0,0,0,0,0,0,0,0,0,0.0,0.0,0.0,0.0,0.0,Matches,UEFA
1284,Xavi Simons,"FW,MF",Netherlands,22,2003,6,3,269,3.0,2,1,3,2,0,0,0,0,0.67,0.33,1.0,0.67,1.0,Matches,UEFA
1287,Matej Sin,MF,Czechia,21,2004,1,0,12,0.1,0,0,0,0,0,0,0,0,0.0,0.0,0.0,0.0,0.0,Matches,UEFA
1296,Leo Skiri Østigård,DF,Norway,26,1999,5,1,78,0.9,0,0,0,0,0,0,0,0,0.0,0.0,0.0,0.0,0.0,Matches,UEFA
1307,Ivan Smolčić,DF,Croatia,25,2000,1,0,11,0.1,0,0,0,0,0,0,0,0,0.0,0.0,0.0,0.0,0.0,Matches,UEFA
1309,Simon Sohm,MF,Switzerland,24,2001,2,0,16,0.2,0,0,0,0,0,0,0,0,0.0,0.0,0.0,0.0,0.0,Matches,UEFA
1313,Borna Sosa,MF,Croatia,28,1998,1,1,50,0.6,0,0,0,0,0,0,0,0,0.0,0.0,0.0,0.0,0.0,Matches,UEFA
1315,Tomáš Souček,MF,Czechia,30,1995,10,9,892,9.9,2,1,3,2,0,0,0,0,0.2,0.1,0.3,0.2,0.3,Matches,UEFA
1316,John Souttar,DF,Scotland,29,1996,5,4,379,4.2,0,0,0,0,0,0,1,0,0.0,0.0,0.0,0.0,0.0,Matches,UEFA
1317,Djibril Sow,MF,Switzerland,28,1997,4,2,202,2.2,0,1,1,0,0,0,0,0,0.0,0.45,0.45,0.0,0.45,Matches,UEFA
1318,Çağlar Söyüncü,DF,Türkiye,29,1996,1,1,90,1.0,0,0,0,0,0,0,0,0,0.0,0.0,0.0,0.0,0.0,Matches,UEFA
1319,Djed Spence,DF,England,25,2000,2,1,113,1.3,0,0,0,0,0,0,0,0,0.0,0.0,0.0,0.0,0.0,Matches,UEFA
1326,Jindřich Staněk,GK,Czechia,29,1996,1,1,90,1.0,0,0,0,0,0,0,0,0,0.0,0.0,0.0,0.0,0.0,Matches,UEFA
1327,Josip Stanišić,DF,Croatia,25,2000,5,4,379,4.2,0,2,2,0,0,0,0,0,0.0,0.47,0.47,0.0,0.47,Matches,UEFA
1330,Carl Starfelt,DF,Sweden,30,1995,3,2,234,2.6,0,0,0,0,0,0,0,0,0.0,0.0,0.0,0.0,0.0,Matches,UEFA
1332,Sem Steijn,MF,Netherlands,24,2001,1,0,29,0.3,0,0,0,0,0,0,0,0,0.0,0.0,0.0,0.0,0.0,Matches,UEFA
1333,Angelo Stiller,MF,Germany,24,2001,1,1,59,0.7,0,0,0,0,0,0,0,0,0.0,0.0,0.0,0.0,0.0,Matches,UEFA
1338,John Stones,DF,England,31,1994,3,3,250,2.8,0,1,1,0,0,0,0,0,0.0,0.36,0.36,0.0,0.36,Matches,UEFA
1341,Jørgen Strand Larsen,FW,Norway,25,2000,4,0,34,0.4,1,0,1,1,0,0,1,0,2.65,0.0,2.65,2.65,2.65,Matches,UEFA
1346,Luka Sučić,MF,Croatia,23,2002,2,1,108,1.2,1,0,1,1,0,0,0,0,0.83,0.0,0.83,0.83,0.83,Matches,UEFA
1347,Petar Sucic,MF,Croatia,22,2003,6,6,474,5.3,0,0,0,0,0,0,1,0,0.0,0.0,0.0,0.0,0.0,Matches,UEFA
1349,Pavel Šulc,"MF,FW",Czechia,25,2000,9,9,764,8.5,2,1,3,2,0,0,0,0,0.24,0.12,0.35,0.24,0.35,Matches,UEFA
1350,Ivan Šunjić,MF,Bosnia-Herzegovina,29,1996,8,8,655,7.3,0,0,0,0,0,0,2,0,0.0,0.0,0.0,0.0,0.0,Matches,UEFA
1353,Josip Šutalo,DF,Croatia,25,2000,5,4,405,4.5,0,0,0,0,0,0,0,0,0.0,0.0,0.0,0.0,0.0,Matches,UEFA
1354,Mattias Svanberg,"MF,FW",Sweden,27,1999,4,2,128,1.4,0,0,0,0,0,0,0,0,0.0,0.0,0.0,0.0,0.0,Matches,UEFA
1357,Daniel Svensson,"MF,DF",Sweden,23,2002,8,6,527,5.9,0,0,0,0,0,0,0,0,0.0,0.0,0.0,0.0,0.0,Matches,UEFA
1366,Alexander Sørloth,"FW,MF",Norway,30,1995,8,8,583,6.5,5,2,7,5,0,0,1,0,0.77,0.31,1.08,0.77,1.08,Matches,UEFA
1367,Haris Tabakovic,FW,Bosnia-Herzegovina,31,1994,4,1,200,2.2,3,0,3,3,0,0,0,0,1.35,0.0,1.35,1.35,1.35,Matches,UEFA
1370,Jonathan Tah,DF,Germany,29,1996,6,5,447,5.0,0,0,0,0,0,0,1,0,0.0,0.0,0.0,0.0,0.0,Matches,UEFA
1371,Benjamin Tahirovic,MF,Bosnia-Herzegovina,22,2003,10,9,748,8.3,1,1,2,1,0,0,2,0,0.12,0.12,0.24,0.12,0.24,Matches,UEFA
1377,Nuno Tavares,"DF,MF",Portugal,26,2000,2,0,38,0.4,0,0,0,0,0,0,0,0,0.0,0.0,0.0,0.0,0.0,Matches,UEFA
1379,Aurélien Tchouaméni,MF,France,26,2000,2,2,157,1.7,0,1,1,0,0,0,0,1,0.0,0.57,0.57,0.0,0.57,Matches,UEFA
1386,Florian Thauvin,MF,France,33,1993,3,1,100,1.1,1,0,1,1,0,0,0,0,0.9,0.0,0.9,0.9,0.9,Matches,UEFA
1387,Arthur Theate,DF,Belgium,25,2000,8,6,588,6.5,1,0,1,1,0,0,1,0,0.15,0.0,0.15,0.15,0.15,Matches,UEFA
1388,Malick Thiaw,"DF,MF",Germany,24,2001,2,0,39,0.4,0,0,0,0,0,0,1,0,0.0,0.0,0.0,0.0,0.0,Matches,UEFA
1392,Morten Thorsby,MF,Norway,29,1996,4,2,134,1.5,0,2,2,0,0,0,1,0,0.0,1.34,1.34,0.0,1.34,Matches,UEFA
1393,Kristian Thorstvedt,MF,Norway,26,1999,2,1,91,1.0,0,0,0,0,0,0,0,0,0.0,0.0,0.0,0.0,0.0,Matches,UEFA
1394,Khéphren Thuram,MF,France,24,2001,3,2,196,2.2,0,0,0,0,0,0,0,0,0.0,0.0,0.0,0.0,0.0,Matches,UEFA
1395,Marcus Thuram,MF,France,28,1997,1,1,69,0.8,0,0,0,0,0,0,0,0,0.0,0.0,0.0,0.0,0.0,Matches,UEFA
1396,Youri Tielemans,MF,Belgium,28,1997,6,4,384,4.3,3,1,4,2,1,1,0,0,0.7,0.23,0.94,0.47,0.7,Matches,UEFA
1397,Kieran Tierney,"DF,MF",Scotland,28,1997,3,0,46,0.5,1,0,1,1,0,0,1,0,1.96,0.0,1.96,1.96,1.96,Matches,UEFA
1399,Jurriën Timber,DF,Netherlands,24,2001,5,4,333,3.7,0,0,0,0,0,0,0,0,0.0,0.0,0.0,0.0,0.0,Matches,UEFA
1400,Quinten Timber,MF,Netherlands,24,2001,3,1,126,1.4,1,0,1,1,0,0,0,0,0.71,0.0,0.71,0.71,0.71,Matches,UEFA
1408,Ferrán Torres,FW,Spain,25,2000,4,2,261,2.9,2,1,3,2,0,1,0,0,0.69,0.34,1.03,0.69,1.03,Matches,UEFA
1418,Francisco Trincão,"FW,MF",Portugal,26,1999,4,0,127,1.4,0,1,1,0,0,0,0,0,0.0,0.71,0.71,0.0,0.71,Matches,UEFA
1419,Leandro Trossard,"MF,FW",Belgium,31,1994,7,5,395,4.4,1,0,1,1,0,0,1,0,0.23,0.0,0.23,0.23,0.23,Matches,UEFA
1438,Dayot Upamecano,DF,France,27,1998,5,5,450,5.0,0,0,0,0,0,0,0,0,0.0,0.0,0.0,0.0,0.0,Matches,UEFA
1442,Can Uzun,MF,Türkiye,20,2005,1,0,22,0.2,0,0,0,0,0,0,0,0,0.0,0.0,0.0,0.0,0.0,Matches,UEFA
1450,Luciano Valente,MF,Netherlands,22,2003,1,0,13,0.1,0,0,0,0,0,0,0,0,0.0,0.0,0.0,0.0,0.0,Matches,UEFA
1456,Virgil van Dijk,DF,Netherlands,34,1991,8,8,720,8.0,2,0,2,2,0,0,1,0,0.25,0.0,0.25,0.25,0.25,Matches,UEFA
1457,Hans Vanaken,MF,Belgium,33,1992,7,5,424,4.7,2,1,3,2,0,0,0,0,0.42,0.21,0.64,0.42,0.64,Matches,UEFA
1459,Charles Vanhoutte,MF,Belgium,27,1998,1,0,6,0.1,0,0,0,0,0,0,0,0,0.0,0.0,0.0,0.0,0.0,Matches,UEFA
1463,Ruben Vargas,"FW,MF",Switzerland,27,1998,6,6,431,4.8,1,3,4,1,0,0,0,0,0.21,0.63,0.84,0.21,0.84,Matches,UEFA
1465,Nikola Vasilj,GK,Bosnia-Herzegovina,30,1995,10,10,960,10.7,0,0,0,0,0,0,1,0,0.0,0.0,0.0,0.0,0.0,Matches,UEFA
1469,Renato Veiga,DF,Portugal,22,2003,4,2,270,3.0,1,0,1,1,0,0,0,0,0.33,0.0,0.33,0.33,0.33,Matches,UEFA
1477,Micky van de Ven,DF,Netherlands,24,2001,7,5,481,5.3,1,1,2,1,0,0,0,0,0.19,0.19,0.37,0.19,0.37,Matches,UEFA
1479,Bart Verbruggen,GK,Netherlands,23,2002,6,6,540,6.0,0,0,0,0,0,0,0,0,0.0,0.0,0.0,0.0,0.0,Matches,UEFA
1480,Romeo Vermant,FW,Belgium,22,2004,1,0,2,0.0,0,0,0,0,0,0,0,0,0.0,0.0,0.0,0.0,0.0,Matches,UEFA
1489,Martin Vitík,DF,Czechia,23,2003,2,2,180,2.0,0,0,0,0,0,0,0,0,0.0,0.0,0.0,0.0,0.0,Matches,UEFA
1490,Vitinha,"MF,FW",Portugal,25,2000,6,6,482,5.4,0,0,0,0,0,0,0,0,0.0,0.0,0.0,0.0,0.0,Matches,UEFA
1491,Daniel Vivian,DF,Spain,26,1999,1,0,20,0.2,0,0,0,0,0,0,0,0,0.0,0.0,0.0,0.0,0.0,Matches,UEFA
1494,Nikola Vlašić,MF,Croatia,28,1997,2,1,119,1.3,2,0,2,2,0,0,0,0,1.51,0.0,1.51,1.51,1.51,Matches,UEFA
1499,Stefan de Vrij,DF,Netherlands,33,1992,4,2,200,2.2,0,0,0,0,0,0,0,0,0.0,0.0,0.0,0.0,0.0,Matches,UEFA
1504,Luka Vušković,DF,Croatia,18,2007,2,1,94,1.0,0,0,0,0,0,0,0,0,0.0,0.0,0.0,0.0,0.0,Matches,UEFA
1506,Matěj Vydra,FW,Czechia,33,1992,2,1,74,0.8,0,0,0,0,0,0,0,0,0.0,0.0,0.0,0.0,0.0,Matches,UEFA
1508,Kyle Walker,DF,England,35,1990,2,1,102,1.1,0,0,0,0,0,0,0,0,0.0,0.0,0.0,0.0,0.0,Matches,UEFA
1511,Ollie Watkins,"FW,MF",England,30,1995,1,0,15,0.2,0,0,0,0,0,0,0,0,0.0,0.0,0.0,0.0,0.0,Matches,UEFA
1512,Wout Weghorst,FW,Netherlands,33,1992,6,1,167,1.9,0,0,0,0,0,0,0,0,0.0,0.0,0.0,0.0,0.0,Matches,UEFA
1514,Adam Wharton,MF,England,21,2004,2,1,80,0.9,0,0,0,0,0,0,1,0,0.0,0.0,0.0,0.0,0.0,Matches,UEFA
1515,Jacob Widell Zetterström,GK,Sweden,27,1998,1,1,90,1.0,0,0,0,0,0,0,0,0,0.0,0.0,0.0,0.0,0.0,Matches,UEFA
1516,Silvan Widmer,DF,Switzerland,32,1993,6,6,450,5.0,1,0,1,1,0,0,1,0,0.2,0.0,0.2,0.2,0.2,Matches,UEFA
1517,Mats Wieffer,"DF,MF",Netherlands,26,1999,1,0,45,0.5,0,0,0,0,0,0,0,0,0.0,0.0,0.0,0.0,0.0,Matches,UEFA
1521,Nico Williams,FW,Spain,23,2002,2,2,113,1.3,0,1,1,0,0,0,0,0,0.0,0.8,0.8,0.0,0.8,Matches,UEFA
1523,Patrick Wimmer,"MF,DF",Austria,24,2001,5,3,220,2.4,0,0,0,0,0,0,2,1,0.0,0.0,0.0,0.0,0.0,Matches,UEFA
1525,Florian Wirtz,"MF,FW",Germany,22,2003,6,6,525,5.8,1,2,3,1,0,0,0,0,0.17,0.34,0.51,0.17,0.51,Matches,UEFA
1527,Axel Witsel,"DF,MF",Belgium,37,1989,2,0,41,0.5,0,0,0,0,0,0,0,0,0.0,0.0,0.0,0.0,0.0,Matches,UEFA
1528,Maximilian Wöber,DF,Austria,27,1998,1,1,68,0.8,0,1,1,0,0,0,0,0,0.0,1.32,1.32,0.0,1.32,Matches,UEFA
1531,Nick Woltemade,FW,Germany,23,2002,6,6,479,5.3,4,1,5,4,0,0,0,0,0.75,0.19,0.94,0.75,0.94,Matches,UEFA
1534,Nikolaus Wurmbrand,MF,Austria,20,2006,2,0,20,0.2,1,1,2,1,0,0,0,0,4.5,4.5,9.0,4.5,9.0,Matches,UEFA
1537,Granit Xhaka,MF,Switzerland,33,1992,6,6,525,5.8,2,0,2,0,2,2,0,0,0.34,0.0,0.34,0.0,0.0,Matches,UEFA
1539,Lamine Yamal,FW,Spain,18,2007,2,2,150,1.7,0,3,3,0,0,0,0,0,0.0,1.8,1.8,0.0,1.8,Matches,UEFA
1544,Kenan Yıldız,MF,Türkiye,20,2005,7,7,580,6.4,3,0,3,3,0,0,1,0,0.47,0.0,0.47,0.47,0.47,Matches,UEFA
1545,İsmail Yüksek,"MF,DF",Türkiye,27,1999,6,6,486,5.4,0,0,0,0,0,0,3,0,0.0,0.0,0.0,0.0,0.0,Matches,UEFA
1552,Warren Zaïre-Emery,MF,France,19,2006,2,1,101,1.1,0,0,0,0,0,0,0,0,0.0,0.0,0.0,0.0,0.0,Matches,UEFA
1554,Denis Zakaria,"DF,MF",Switzerland,29,1996,2,0,29,0.3,0,0,0,0,0,0,0,0,0.0,0.0,0.0,0.0,0.0,Matches,UEFA
1562,Jaroslav Zelený,"DF,MF",Czechia,33,1992,8,8,682,7.6,0,3,3,0,0,0,2,0,0.0,0.4,0.4,0.0,0.4,Matches,UEFA
1563,Besfort Zeneli,MF,Sweden,23,2002,3,1,140,1.6,0,0,0,0,0,0,1,0,0.0,0.0,0.0,0.0,0.0,Matches,UEFA
1564,Andi Zeqiri,FW,Switzerland,26,1999,2,0,23,0.3,0,0,0,0,0,0,0,0,0.0,0.0,0.0,0.0,0.0,Matches,UEFA
1573,David Zima,DF,Czechia,25,2000,2,1,158,1.8,0,0,0,0,0,0,0,0,0.0,0.0,0.0,0.0,0.0,Matches,UEFA
1578,Martín Zubimendi,MF,Spain,26,1999,5,5,365,4.1,1,1,2,1,0,0,0,0,0.25,0.25,0.49,0.25,0.49,Matches,UEFA
1584,Martin Ødegaard,MF,Norway,27,1998,5,5,449,5.0,1,7,8,1,0,0,0,0,0.2,1.4,1.6,0.2,1.6,Matches,UEFA
8,Hossam Abdelmegeed,DF,Egypt,24,2001,2,0,2,0.0,0,0,0,0,0,0,0,0,0.0,0.0,0.0,0.0,0.0,Matches,CAF
9,Mohamed Abdelmonem,DF,Egypt,26,1999,6,6,495,5.5,0,0,0,0,0,0,1,0,0.0,0.0,0.0,0.0,0.0,Matches,CAF
11,Ali Abdi,DF,Tunisia,32,1993,8,8,718,8.0,1,3,4,0,1,1,0,0,0.13,0.38,0.5,0.0,0.38,Matches,CAF
19,Salis Abdul Samed,MF,Ghana,25,2000,5,5,421,4.7,0,1,1,0,0,0,0,0,0.0,0.21,0.21,0.0,0.21,Matches,CAF
29,Ahmed Aboul-Fotouh,DF,Egypt,27,1998,1,1,90,1.0,0,2,2,0,0,0,0,0,0.0,2.0,2.0,0.0,2.0,Matches,CAF
30,Francis Abu,MF,Ghana,24,2001,2,1,99,1.1,0,0,0,0,0,0,1,0,0.0,0.0,0.0,0.0,0.0,Matches,CAF
35,Elias Achouri,"MF,FW",Tunisia,26,1999,6,5,451,5.0,1,0,1,0,1,1,0,0,0.2,0.0,0.2,0.0,0.0,Matches,CAF
43,Jayden Adams,MF,South Africa,24,2001,2,1,96,1.1,2,0,2,2,0,0,0,0,1.87,0.0,1.87,1.87,1.87,Matches,CAF
45,Ibrahim Adel,MF,Egypt,24,2001,5,2,222,2.5,1,0,1,1,0,0,0,0,0.41,0.0,0.41,0.41,0.41,Matches,CAF
53,Simon Adingra,"MF,FW",Côte d'Ivoire,24,2002,10,5,484,5.4,2,3,5,2,0,0,1,0,0.37,0.56,0.93,0.37,0.93,Matches,CAF
56,Jonas Adjetey,DF,Ghana,22,2003,4,3,278,3.1,0,0,0,0,0,0,1,0,0.0,0.0,0.0,0.0,0.0,Matches,CAF
57,Amine Adli,MF,Morocco,25,2000,5,1,117,1.3,0,0,0,0,0,0,0,0,0.0,0.0,0.0,0.0,0.0,Matches,CAF
60,Jerry Afriyie,FW,Ghana,19,2006,2,0,12,0.1,0,0,0,0,0,0,0,0,0.0,0.0,0.0,0.0,0.0,Matches,CAF
62,Emmanuel Agbadou,DF,Côte d'Ivoire,28,1997,5,4,300,3.3,1,1,2,1,0,0,1,0,0.3,0.3,0.6,0.3,0.6,Matches,CAF
67,Nayef Aguerd,DF,Morocco,29,1996,7,7,630,7.0,1,2,3,1,0,0,1,0,0.14,0.29,0.43,0.14,0.43,Matches,CAF
68,Lawrence Agyekum,MF,Ghana,22,2003,1,0,8,0.1,0,0,0,0,0,0,0,0,0.0,0.0,0.0,0.0,0.0,Matches,CAF
74,Jean-Eudes Aholou,MF,Côte d'Ivoire,31,1994,1,1,64,0.7,0,0,0,0,0,0,0,0,0.0,0.0,0.0,0.0,0.0,Matches,CAF
78,Rayan Aït-Nouri,DF,Algeria,24,2001,5,5,450,5.0,0,0,0,0,0,0,1,0,0.0,0.0,0.0,0.0,0.0,Matches,CAF
83,Ilias Akhomach,MF,Morocco,21,2004,2,0,57,0.6,0,0,0,0,0,0,0,0,0.0,0.0,0.0,0.0,0.0,Matches,CAF
87,Chadrac Akolo,"FW,MF",Congo DR,30,1995,2,0,28,0.3,0,1,1,0,0,0,0,0,0.0,3.21,3.21,0.0,3.21,Matches,CAF
88,Clément Akpa,DF,Côte d'Ivoire,24,2001,2,0,60,0.7,0,0,0,0,0,0,0,0,0.0,0.0,0.0,0.0,0.0,Matches,CAF
109,Daniel Amartey,DF,Ghana,31,1994,1,1,62,0.7,0,0,0,0,0,0,0,0,0.0,0.0,0.0,0.0,0.0,Matches,CAF
113,Ahmed Amin Ofaa,FW,Egypt,29,1996,2,0,73,0.8,0,0,0,0,0,0,1,0,0.0,0.0,0.0,0.0,0.0,Matches,CAF
114,Mohamed Amine Madani,DF,Algeria,32,1993,1,1,90,1.0,0,0,0,0,0,0,0,0,0.0,0.0,0.0,0.0,0.0,Matches,CAF
115,Mohamed Amine Tougai,DF,Algeria,26,2000,5,4,437,4.9,0,0,0,0,0,0,1,0,0.0,0.0,0.0,0.0,0.0,Matches,CAF
119,Mohamed Amoura,FW,Algeria,25,2000,10,7,742,8.2,10,4,14,8,2,2,1,0,1.21,0.49,1.7,0.97,1.46,Matches,CAF
122,Sofyan Amrabat,MF,Morocco,29,1996,6,6,527,5.9,0,0,0,0,0,0,2,0,0.0,0.0,0.0,0.0,0.0,Matches,CAF
126,Leandro Andrade,FW,Cape Verde,26,1999,2,1,59,0.7,0,0,0,0,0,0,0,0,0.0,0.0,0.0,0.0,0.0,Matches,CAF
127,Patrick Andrade,MF,Cape Verde,32,1993,4,2,216,2.4,0,0,0,0,0,0,0,0,0.0,0.0,0.0,0.0,0.0,Matches,CAF
134,Ebenezer Annan,MF,Ghana,23,2002,2,1,101,1.1,0,0,0,0,0,0,0,0,0.0,0.0,0.0,0.0,0.0,Matches,CAF
143,Houssem Aouar,MF,Algeria,27,1998,4,3,241,2.7,1,0,1,1,0,0,1,0,0.37,0.0,0.37,0.37,0.37,Matches,CAF
145,Oswin Appollis,MF,South Africa,24,2001,8,5,489,5.4,2,4,6,2,0,0,0,0,0.37,0.74,1.1,0.37,1.1,Matches,CAF
148,Telmo Arcanjo,"MF,FW",Cape Verde,24,2001,5,3,287,3.2,1,0,1,1,0,0,1,0,0.31,0.0,0.31,0.31,0.31,Matches,CAF
156,Benjamin Asare,GK,Ghana,33,1992,6,6,540,6.0,0,0,0,0,0,0,0,0,0.0,0.0,0.0,0.0,0.0,Matches,CAF
157,Majeed Ashimeru,MF,Ghana,28,1997,2,0,71,0.8,0,0,0,0,0,0,0,0,0.0,0.0,0.0,0.0,0.0,Matches,CAF
158,Emam Ashour,MF,Egypt,27,1998,2,1,102,1.1,0,0,0,0,0,0,0,0,0.0,0.0,0.0,0.0,0.0,Matches,CAF
160,Youcef Atal,DF,Algeria,29,1996,8,7,532,5.9,0,0,0,0,0,0,1,0,0.0,0.0,0.0,0.0,0.0,Matches,CAF
163,Lawrence Ati-Zigi,GK,Ghana,29,1996,2,2,180,2.0,0,0,0,0,0,0,0,0,0.0,0.0,0.0,0.0,0.0,Matches,CAF
167,Marwan Attia,MF,Egypt,27,1998,8,7,618,6.9,0,2,2,0,0,0,4,0,0.0,0.29,0.29,0.0,0.29,Matches,CAF
168,Yahya Attiat Allah,DF,Morocco,30,1995,2,2,180,2.0,0,0,0,0,0,0,0,0,0.0,0.0,0.0,0.0,0.0,Matches,CAF
170,Bathusi Aubaas,MF,South Africa,30,1995,7,2,256,2.8,0,0,0,0,0,0,1,0,0.0,0.0,0.0,0.0,0.0,Matches,CAF
176,Serge Aurier,DF,Côte d'Ivoire,33,1992,2,2,180,2.0,0,0,0,0,0,0,0,0,0.0,0.0,0.0,0.0,0.0,Matches,CAF
184,André Ayew,MF,Ghana,36,1989,1,1,45,0.5,0,0,0,0,0,0,0,0,0.0,0.0,0.0,0.0,0.0,Matches,CAF
185,Jordan Ayew,"FW,MF",Ghana,34,1991,10,9,760,8.4,7,7,14,5,2,2,1,0,0.83,0.83,1.66,0.59,1.42,Matches,CAF
188,Neil El Aynaoui,MF,Morocco,24,2001,3,3,270,3.0,0,0,0,0,0,0,0,0,0.0,0.0,0.0,0.0,0.0,Matches,CAF
194,Oussama El Azzouzi,MF,Morocco,24,2001,1,1,90,1.0,0,0,0,0,0,0,0,0,0.0,0.0,0.0,0.0,0.0,Matches,CAF
196,Iddrisu Baba,MF,Ghana,30,1996,2,2,132,1.5,0,0,0,0,0,0,0,0,0.0,0.0,0.0,0.0,0.0,Matches,CAF
213,Cédric Bakambu,FW,Congo DR,34,1991,9,7,533,5.9,4,2,6,4,0,0,2,0,0.68,0.34,1.01,0.68,1.01,Matches,CAF
216,Monsef Bakrar,FW,Algeria,25,2001,2,0,29,0.3,0,0,0,0,0,0,0,0,0.0,0.0,0.0,0.0,0.0,Matches,CAF
225,Michel-Ange Balikwisha,"FW,MF",Congo DR,24,2001,1,0,15,0.2,0,0,0,0,0,0,0,0,0.0,0.0,0.0,0.0,0.0,Matches,CAF
242,Simon Banza,FW,Congo DR,29,1996,2,2,147,1.6,0,0,0,0,0,0,0,0,0.0,0.0,0.0,0.0,0.0,Matches,CAF
249,Fawaaz Basadien,DF,South Africa,29,1996,2,2,180,2.0,0,1,1,0,0,0,0,0,0.0,0.5,0.5,0.0,0.5,Matches,CAF
257,Dylan Batubinsika,DF,Congo DR,29,1996,4,4,360,4.0,0,0,0,0,0,0,0,0,0.0,0.0,0.0,0.0,0.0,Matches,CAF
261,Vakoun Bayo,FW,Côte d'Ivoire,29,1997,3,1,93,1.0,1,0,1,1,0,0,0,0,0.97,0.0,0.97,0.97,0.97,Matches,CAF
264,Bebé,"FW,MF",Cape Verde,35,1990,4,4,294,3.3,0,1,1,0,0,0,0,0,0.0,0.31,0.31,0.0,0.31,Matches,CAF
268,Zineddine Belaid,DF,Algeria,26,1999,1,0,6,0.1,0,0,0,0,0,0,0,0,0.0,0.0,0.0,0.0,0.0,Matches,CAF
269,Youcef Belaïli,"FW,MF",Algeria,33,1992,4,0,94,1.0,0,1,1,0,0,0,0,0,0.0,0.96,0.96,0.0,0.96,Matches,CAF
270,Youssef Belammari,DF,Morocco,27,1998,3,3,246,2.7,0,1,1,0,0,0,0,0,0.0,0.37,0.37,0.0,0.37,Matches,CAF
271,Rafik Belghali,DF,Algeria,23,2002,2,2,156,1.7,0,0,0,0,0,0,0,0,0.0,0.0,0.0,0.0,0.0,Matches,CAF
273,Firas Ben Arbi,MF,Tunisia,29,1996,2,0,45,0.5,1,0,1,1,0,0,0,0,2.0,0.0,2.0,2.0,2.0,Matches,CAF
275,Mortadha Ben Ouanes,DF,Tunisia,31,1994,4,2,217,2.4,0,0,0,0,0,0,0,0,0.0,0.0,0.0,0.0,0.0,Matches,CAF
276,Bechir Ben Said,GK,Tunisia,33,1992,4,4,360,4.0,0,0,0,0,0,0,1,0,0.0,0.0,0.0,0.0,0.0,Matches,CAF
277,Eliesse Ben Seghir,"MF,FW",Morocco,20,2005,7,6,394,4.4,1,1,2,1,0,0,1,0,0.23,0.23,0.46,0.23,0.46,Matches,CAF
278,Anis Ben Slimane,MF,Tunisia,24,2001,2,2,133,1.5,0,0,0,0,0,0,1,0,0.0,0.0,0.0,0.0,0.0,Matches,CAF
281,Ismaël Bennacer,MF,Algeria,28,1997,1,1,84,0.9,0,0,0,0,0,0,0,0,0.0,0.0,0.0,0.0,0.0,Matches,CAF
282,Saïd Benrahma,"FW,MF",Algeria,30,1995,6,3,276,3.1,1,0,1,1,0,0,1,0,0.33,0.0,0.33,0.33,0.33,Matches,CAF
283,Ramy Bensebaini,DF,Algeria,30,1995,6,6,540,6.0,0,0,0,0,0,0,3,0,0.0,0.0,0.0,0.0,0.0,Matches,CAF
284,Nabil Bentaleb,MF,Algeria,31,1994,7,5,416,4.6,0,0,0,0,0,0,1,0,0.0,0.0,0.0,0.0,0.0,Matches,CAF
285,Yassine Benzia,MF,Algeria,31,1994,4,2,168,1.9,0,0,0,0,0,0,0,0,0.0,0.0,0.0,0.0,0.0,Matches,CAF
288,Dimitry Bertaud,GK,Congo DR,27,1998,6,6,540,6.0,0,0,0,0,0,0,0,0,0.0,0.0,0.0,0.0,0.0,Matches,CAF
315,Jeremie Boga,"MF,FW",Côte d'Ivoire,29,1997,3,2,175,1.9,0,0,0,0,0,0,1,0,0.0,0.0,0.0,0.0,0.0,Matches,CAF
319,Willy Boly,DF,Côte d'Ivoire,34,1991,4,4,360,4.0,0,2,2,0,0,0,0,0,0.0,0.5,0.5,0.0,0.5,Matches,CAF
325,Theo Bongonda,"MF,FW",Congo DR,30,1995,8,4,418,4.6,3,1,4,3,0,0,0,0,0.65,0.22,0.86,0.65,0.86,Matches,CAF
328,Christopher Bonsu-Baah,MF,Ghana,21,2004,2,0,19,0.2,0,0,0,0,0,0,0,0,0.0,0.0,0.0,0.0,0.0,Matches,CAF
335,Hicham Boudaoui,MF,Algeria,26,1999,8,6,581,6.5,0,1,1,0,0,0,0,0,0.0,0.15,0.15,0.0,0.15,Matches,CAF
338,Baghdad Bounedjah,FW,Algeria,34,1991,5,3,256,2.8,3,1,4,3,0,0,2,0,1.05,0.35,1.41,1.05,1.41,Matches,CAF
339,Yassine Bounou,GK,Morocco,34,1991,8,8,720,8.0,0,0,0,0,0,0,1,0,0.0,0.0,0.0,0.0,0.0,Matches,CAF
347,Yacine Brahimi,MF,Algeria,35,1990,1,1,58,0.6,0,0,0,0,0,0,0,0,0.0,0.0,0.0,0.0,0.0,Matches,CAF
349,Dylan Bronn,DF,Tunisia,30,1995,5,5,450,5.0,0,0,0,0,0,0,1,0,0.0,0.0,0.0,0.0,0.0,Matches,CAF
353,Osman Bukari,"FW,MF",Ghana,27,1998,1,0,9,0.1,0,0,0,0,0,0,0,0,0.0,0.0,0.0,0.0,0.0,Matches,CAF
357,Rocky Bushiri,DF,Congo DR,26,1999,2,2,180,2.0,0,0,0,0,0,0,0,0,0.0,0.0,0.0,0.0,0.0,Matches,CAF
371,Jovane Cabral,"MF,FW",Cape Verde,27,1998,6,5,330,3.7,1,1,2,1,0,0,0,0,0.27,0.27,0.55,0.27,0.55,Matches,CAF
372,Sidny Cabral,DF,Cape Verde,23,2002,2,1,117,1.3,1,1,2,1,0,0,0,0,0.77,0.77,1.54,0.77,1.54,Matches,CAF
382,Ilay Camara,DF,Senegal,23,2003,2,1,74,0.8,0,0,0,0,0,0,0,0,0.0,0.0,0.0,0.0,0.0,Matches,CAF
383,Lamine Camara,MF,Senegal,22,2004,8,5,444,4.9,1,0,1,1,0,0,0,0,0.2,0.0,0.2,0.2,0.2,Matches,CAF
410,Ghaylène Chaalali,MF,Tunisia,31,1994,1,0,48,0.5,0,0,0,0,0,0,0,0,0.0,0.0,0.0,0.0,0.0,Matches,CAF
411,Fares Chaïbi,MF,Algeria,23,2002,8,5,450,5.0,1,1,2,1,0,0,0,0,0.2,0.2,0.4,0.2,0.4,Matches,CAF
416,Firas Chaouat,FW,Tunisia,29,1996,4,1,120,1.3,1,1,2,1,0,0,1,0,0.75,0.75,1.5,0.75,1.5,Matches,CAF
421,Samir Chergui,DF,Algeria,26,1999,1,0,24,0.3,0,0,0,0,0,0,0,0,0.0,0.0,0.0,0.0,0.0,Matches,CAF
422,Amine Cherni,"DF,MF",Tunisia,24,2001,1,0,2,0.0,0,0,0,0,0,0,0,0,0.0,0.0,0.0,0.0,0.0,Matches,CAF
423,Amin Chiakha,FW,Algeria,19,2006,1,0,7,0.1,0,0,0,0,0,0,0,0,0.0,0.0,0.0,0.0,0.0,Matches,CAF
424,Mohamed Chibi,DF,Morocco,33,1993,1,1,89,1.0,0,0,0,0,0,0,1,0,0.0,0.0,0.0,0.0,0.0,Matches,CAF
440,Brian Cipenga,MF,Congo DR,27,1998,3,0,91,1.0,0,1,1,0,0,0,0,0,0.0,0.99,0.99,0.0,0.99,Matches,CAF
441,Pathé Ciss,"DF,MF",Senegal,31,1994,7,0,113,1.3,0,0,0,0,0,0,0,0,0.0,0.0,0.0,0.0,0.0,Matches,CAF
458,João Pedro Araújo Correia,"DF,FW",Cape Verde,29,1996,1,0,19,0.2,0,0,0,0,0,0,0,0,0.0,0.0,0.0,0.0,0.0,Matches,CAF
460,Logan Costa,DF,Cape Verde,24,2001,6,6,540,6.0,0,0,0,0,0,0,1,0,0.0,0.0,0.0,0.0,0.0,Matches,CAF
461,Nuno da Costa,"FW,MF",Cape Verde,34,1991,1,0,27,0.3,0,0,0,0,0,0,0,0,0.0,0.0,0.0,0.0,0.0,Matches,CAF
465,Alessio da Cruz,FW,Cape Verde,29,1997,3,2,115,1.3,0,0,0,0,0,0,0,0,0.0,0.0,0.0,0.0,0.0,Matches,CAF
468,Cuca,MF,Cape Verde,35,1991,2,1,90,1.0,0,0,0,0,0,0,0,0,0.0,0.0,0.0,0.0,0.0,Matches,CAF
470,Ashley Cupido,FW,South Africa,24,2001,1,0,6,0.1,0,0,0,0,0,0,0,0,0.0,0.0,0.0,0.0,0.0,Matches,CAF
477,Aymen Dahmen,GK,Tunisia,29,1997,6,6,540,6.0,0,0,0,0,0,0,1,0,0.0,0.0,0.0,0.0,0.0,Matches,CAF
509,Boulaye Dia,FW,Senegal,29,1996,3,2,168,1.9,0,0,0,0,0,0,1,0,0.0,0.0,0.0,0.0,0.0,Matches,CAF
517,Oumar Diakité,FW,Côte d'Ivoire,22,2003,7,3,303,3.4,1,0,1,1,0,0,0,0,0.3,0.0,0.3,0.3,0.3,Matches,CAF
519,Abdou Diallo,DF,Senegal,29,1996,2,1,108,1.2,0,0,0,0,0,0,0,0,0.0,0.0,0.0,0.0,0.0,Matches,CAF
520,Amad Diallo,MF,Côte d'Ivoire,23,2002,3,3,225,2.5,1,1,2,1,0,0,1,0,0.4,0.4,0.8,0.4,0.8,Matches,CAF
521,Habib Diallo,FW,Senegal,30,1995,5,4,327,3.6,2,3,5,2,0,0,0,0,0.55,0.83,1.38,0.55,1.38,Matches,CAF
523,Grady Diangana,MF,Congo DR,27,1998,3,1,90,1.0,0,0,0,0,0,0,0,0,0.0,0.0,0.0,0.0,0.0,Matches,CAF
524,Assane Diao,FW,Senegal,20,2005,2,1,102,1.1,0,0,0,0,0,0,0,0,0.0,0.0,0.0,0.0,0.0,Matches,CAF
527,Habib Diarra,MF,Senegal,22,2004,4,3,220,2.4,0,0,0,0,0,0,1,0,0.0,0.0,0.0,0.0,0.0,Matches,CAF
529,Krépin Diatta,DF,Senegal,26,1999,8,8,692,7.7,0,2,2,0,0,0,0,0,0.0,0.26,0.26,0.0,0.26,Matches,CAF
531,Mory Diaw,GK,Senegal,32,1993,1,1,90,1.0,0,0,0,0,0,0,0,0,0.0,0.0,0.0,0.0,0.0,Matches,CAF
534,Brahim Díaz,"MF,FW",Morocco,26,1999,6,6,499,5.5,1,2,3,0,1,1,1,0,0.18,0.36,0.54,0.0,0.36,Matches,CAF
535,Junior Diaz,DF,Côte d'Ivoire,22,2003,1,0,45,0.5,0,0,0,0,0,0,0,0,0.0,0.0,0.0,0.0,0.0,Matches,CAF
538,Diney,DF,Cape Verde,31,1995,5,5,450,5.0,2,1,3,2,0,0,1,0,0.4,0.2,0.6,0.4,0.6,Matches,CAF
540,Mohamed Diomandé,MF,Côte d'Ivoire,24,2001,4,1,91,1.0,0,0,0,0,0,0,0,0,0.0,0.0,0.0,0.0,0.0,Matches,CAF
541,Ousmane Diomande,DF,Côte d'Ivoire,22,2003,1,1,90,1.0,0,0,0,0,0,0,0,0,0.0,0.0,0.0,0.0,0.0,Matches,CAF
542,Yan Diomandé,MF,Côte d'Ivoire,19,2006,2,2,139,1.5,2,0,2,2,0,0,0,0,1.29,0.0,1.29,1.29,1.29,Matches,CAF
545,El Hadji Malick Diouf,DF,Senegal,21,2004,4,4,360,4.0,0,0,0,0,0,0,0,0,0.0,0.0,0.0,0.0,0.0,Matches,CAF
558,Alexander Djiku,DF,Ghana,31,1994,7,7,626,7.0,2,0,2,2,0,0,0,0,0.29,0.0,0.29,0.29,0.29,Matches,CAF
577,Mehdi Dorval,"DF,MF",Algeria,24,2001,1,0,24,0.3,0,0,0,0,0,0,0,0,0.0,0.0,0.0,0.0,0.0,Matches,CAF
581,Guela Doué,"MF,DF",Côte d'Ivoire,23,2002,3,2,221,2.5,0,1,1,0,0,0,0,0,0.0,0.41,0.41,0.0,0.41,Matches,CAF
586,Deroy Duarte,MF,Cape Verde,26,1999,6,3,262,2.9,0,1,1,0,0,0,0,0,0.0,0.34,0.34,0.0,0.34,Matches,CAF
587,Laros Duarte,MF,Cape Verde,28,1997,5,0,64,0.7,0,0,0,0,0,0,0,0,0.0,0.0,0.0,0.0,0.0,Matches,CAF
589,Duk,"FW,MF",Cape Verde,25,2000,1,0,11,0.1,0,0,0,0,0,0,0,0,0.0,0.0,0.0,0.0,0.0,Matches,CAF
591,Nabil Dunga,MF,Egypt,29,1996,1,0,3,0.0,0,0,0,0,0,0,0,0,0.0,0.0,0.0,0.0,0.0,Matches,CAF
602,Ahmed Eid,MF,Egypt,25,2001,2,1,101,1.1,0,0,0,0,0,0,0,0,0.0,0.0,0.0,0.0,0.0,Matches,CAF
613,Meschak Elia,"MF,FW",Congo DR,28,1997,11,7,636,7.1,2,0,2,2,0,0,2,0,0.28,0.0,0.28,0.28,0.28,Matches,CAF
616,Mohamed Elneny,MF,Egypt,33,1992,2,2,180,2.0,0,0,0,0,0,0,0,0,0.0,0.0,0.0,0.0,0.0,Matches,CAF
619,Youssef En-Nesyri,FW,Morocco,28,1997,7,5,439,4.9,2,1,3,2,0,0,0,0,0.41,0.21,0.62,0.41,0.62,Matches,CAF
627,Samuel Essende,FW,Congo DR,28,1998,3,3,225,2.5,0,0,0,0,0,0,0,0,0.0,0.0,0.0,0.0,0.0,Matches,CAF
632,Abde Ezzalzouli,MF,Morocco,24,2001,4,2,188,2.1,0,0,0,0,0,0,0,0,0.0,0.0,0.0,0.0,0.0,Matches,CAF
637,Osama Faisal,FW,Egypt,25,2001,4,2,234,2.6,0,0,0,0,0,0,0,0,0.0,0.0,0.0,0.0,0.0,Matches,CAF
641,Abdul Fatawu Issahaku,MF,Ghana,21,2004,4,2,163,1.8,1,1,2,1,0,0,0,0,0.55,0.55,1.1,0.55,1.1,Matches,CAF
642,Mostafa Fathi,MF,Egypt,30,1995,4,0,17,0.2,0,0,0,0,0,0,0,0,0.0,0.0,0.0,0.0,0.0,Matches,CAF
643,Hamdy Fathy,"MF,DF",Egypt,31,1994,8,6,546,6.1,0,1,1,0,0,0,2,0,0.0,0.16,0.16,0.0,0.16,Matches,CAF
646,Timothy Fayulu,GK,Congo DR,26,1999,1,0,1,0.0,0,0,0,0,0,0,0,0,0.0,0.0,0.0,0.0,0.0,Matches,CAF
647,Sofiane Feghouli,MF,Algeria,36,1989,1,1,73,0.8,0,0,0,0,0,0,0,0,0.0,0.0,0.0,0.0,0.0,Matches,CAF
660,Seko Fofana,MF,Côte d'Ivoire,30,1995,6,5,423,4.7,3,1,4,3,0,0,0,0,0.64,0.21,0.85,0.64,0.85,Matches,CAF
661,Yahia Fofana,GK,Côte d'Ivoire,25,2000,9,9,810,9.0,0,0,0,0,0,0,1,0,0.0,0.0,0.0,0.0,0.0,Matches,CAF
667,Lyle Foster,FW,South Africa,25,2000,6,5,442,4.9,2,1,3,2,0,0,1,0,0.41,0.2,0.61,0.41,0.61,Matches,CAF
682,Ali Gabr,DF,Egypt,37,1989,2,1,135,1.5,0,0,0,0,0,0,0,0,0.0,0.0,0.0,0.0,0.0,Matches,CAF
690,Idrissa Gana Gueye,MF,Senegal,36,1989,9,9,757,8.4,0,1,1,0,0,0,1,0,0.0,0.12,0.12,0.0,0.12,Matches,CAF
697,Fabrício Garcia,DF,Cape Verde,24,2001,2,1,92,1.0,0,0,0,0,0,0,1,0,0.0,0.0,0.0,0.0,0.0,Matches,CAF
703,Jean-Philippe Gbamin,"DF,MF",Côte d'Ivoire,30,1995,4,3,287,3.2,0,0,0,0,0,0,1,0,0.0,0.0,0.0,0.0,0.0,Matches,CAF
711,Nader Ghandri,MF,Tunisia,30,1995,4,1,100,1.1,0,0,0,0,0,0,0,0,0.0,0.0,0.0,0.0,0.0,Matches,CAF
714,Ismaël Gharbi,MF,Tunisia,21,2004,4,1,177,2.0,1,0,1,1,0,0,1,0,0.51,0.0,0.51,0.51,0.51,Matches,CAF
715,Mahmoud Ghorbel,DF,Tunisia,22,2003,2,2,180,2.0,0,0,0,0,0,0,0,0,0.0,0.0,0.0,0.0,0.0,Matches,CAF
729,Amine Gouiri,"FW,MF",Algeria,25,2000,9,7,525,5.8,1,1,2,1,0,0,1,0,0.17,0.17,0.34,0.17,0.34,Matches,CAF
734,Alexis Guendouz,GK,Algeria,30,1996,5,5,450,5.0,0,0,0,0,0,0,0,0,0.0,0.0,0.0,0.0,0.0,Matches,CAF
735,Evann Guessand,"FW,MF",Côte d'Ivoire,24,2001,6,3,313,3.5,2,0,2,2,0,0,1,0,0.58,0.0,0.58,0.58,0.58,Matches,CAF
738,Pape Gueye,MF,Senegal,27,1999,5,4,319,3.5,1,0,1,1,0,0,2,0,0.28,0.0,0.28,0.28,0.28,Matches,CAF
740,Parfait Guiagon,MF,Côte d'Ivoire,24,2001,1,0,24,0.3,0,0,0,0,0,0,0,0,0.0,0.0,0.0,0.0,0.0,Matches,CAF
756,Anis Hadj Moussa,"FW,MF",Algeria,23,2002,3,0,74,0.8,0,0,0,0,0,0,1,0,0.0,0.0,0.0,0.0,0.0,Matches,CAF
757,Jaouen Hadjam,DF,Algeria,22,2003,5,4,337,3.7,1,0,1,1,0,0,0,0,0.27,0.0,0.27,0.27,0.27,Matches,CAF
764,Mohamed Haj Mahmoud,MF,Tunisia,25,2000,2,1,62,0.7,0,0,0,0,0,0,0,0,0.0,0.0,0.0,0.0,0.0,Matches,CAF
765,Anas Haj Mohamed,FW,Tunisia,20,2005,1,0,9,0.1,0,0,0,0,0,0,0,0,0.0,0.0,0.0,0.0,0.0,Matches,CAF
767,Achraf Hakimi,DF,Morocco,27,1998,6,6,540,6.0,0,3,3,0,0,1,2,0,0.0,0.5,0.5,0.0,0.5,Matches,CAF
768,Sébastien Haller,FW,Côte d'Ivoire,31,1994,8,5,419,4.7,2,1,3,1,1,1,0,0,0.43,0.21,0.64,0.21,0.43,Matches,CAF
769,Mahmoud Hamada,MF,Egypt,31,1994,1,0,22,0.2,0,0,0,0,0,0,0,0,0.0,0.0,0.0,0.0,0.0,Matches,CAF
772,Mohamed Hamdy,"DF,MF",Egypt,30,1995,6,6,510,5.7,1,0,1,1,0,0,0,0,0.18,0.0,0.18,0.18,0.18,Matches,CAF
777,Mohamed Hany,"DF,MF",Egypt,30,1996,9,9,760,8.4,0,0,0,0,0,0,1,0,0.0,0.0,0.0,0.0,0.0,Matches,CAF
780,Amine Harit,MF,Morocco,28,1997,1,1,71,0.8,0,0,0,0,0,0,0,0,0.0,0.0,0.0,0.0,0.0,Matches,CAF
793,Omar El Hilali,DF,Morocco,22,2003,1,0,1,0.0,0,0,0,0,0,0,0,0,0.0,0.0,0.0,0.0,0.0,Matches,CAF
796,Bongokuhle Hlongwane,MF,South Africa,25,2000,2,2,130,1.4,0,0,0,0,0,0,0,0,0.0,0.0,0.0,0.0,0.0,Matches,CAF
815,Yasser Ibrahim,DF,Egypt,32,1993,1,1,90,1.0,0,0,0,0,0,0,0,0,0.0,0.0,0.0,0.0,0.0,Matches,CAF
821,Hamza Igamane,"MF,FW",Morocco,23,2002,4,2,183,2.0,2,1,3,2,0,0,0,0,0.98,0.49,1.48,0.98,1.48,Matches,CAF
831,Baka Inonga,DF,Congo DR,31,1994,4,4,360,4.0,0,0,0,0,0,0,1,0,0.0,0.0,0.0,0.0,0.0,Matches,CAF
848,Nicolas Jackson,FW,Senegal,24,2001,7,4,347,3.9,2,1,3,1,1,1,0,0,0.52,0.26,0.78,0.26,0.52,Matches,CAF
850,Ismail Jakobs,DF,Senegal,26,1999,2,2,180,2.0,0,0,0,0,0,0,1,0,0.0,0.0,0.0,0.0,0.0,Matches,CAF
865,Seifeddine Jaziri,FW,Tunisia,32,1993,2,0,27,0.3,1,0,1,1,0,0,0,0,3.33,0.0,3.33,3.33,3.33,Matches,CAF
869,Hamza Jelassi,DF,Tunisia,34,1991,1,0,1,0.0,0,0,0,0,0,0,0,0,0.0,0.0,0.0,0.0,0.0,Matches,CAF
880,Jójó,DF,Cape Verde,24,2001,1,1,90,1.0,0,0,0,0,0,0,0,0,0.0,0.0,0.0,0.0,0.0,Matches,CAF
887,Haythem Jouini,FW,Tunisia,32,1993,4,2,194,2.2,0,0,0,0,0,0,1,0,0.0,0.0,0.0,0.0,0.0,Matches,CAF
891,Hamed Junior Traorè,MF,Côte d'Ivoire,25,2000,2,1,116,1.3,2,0,2,2,0,0,0,0,1.55,0.0,1.55,1.55,1.55,Matches,CAF
894,Ayoub El Kaabi,FW,Morocco,32,1993,6,2,216,2.4,4,0,4,4,0,0,0,0,1.67,0.0,1.67,1.67,1.67,Matches,CAF
897,Samukele Kabini,DF,South Africa,21,2004,1,1,90,1.0,0,0,0,0,0,0,0,0,0.0,0.0,0.0,0.0,0.0,Matches,CAF
910,Gaël Kakuta,MF,Congo DR,34,1991,4,3,245,2.7,0,0,0,0,0,0,0,0,0.0,0.0,0.0,0.0,0.0,Matches,CAF
912,Gedeon Kalulu,DF,Congo DR,28,1997,5,3,342,3.8,0,0,0,0,0,0,0,0,0.0,0.0,0.0,0.0,0.0,Matches,CAF
913,Omar Kamal,DF,Egypt,32,1993,3,1,114,1.3,0,1,1,0,0,0,1,0,0.0,0.79,0.79,0.0,0.79,Matches,CAF
919,Hassane Kamara,"DF,MF",Côte d'Ivoire,31,1994,4,3,240,2.7,0,0,0,0,0,0,0,0,0.0,0.0,0.0,0.0,0.0,Matches,CAF
950,Souffian El Karouani,DF,Morocco,25,2000,2,1,114,1.3,0,0,0,0,0,0,0,0,0.0,0.0,0.0,0.0,0.0,Matches,CAF
959,Silas Katompa,MF,Congo DR,27,1998,3,1,80,0.9,0,0,0,0,0,0,0,0,0.0,0.0,0.0,0.0,0.0,Matches,CAF
963,Edo Kayembe,"MF,FW",Congo DR,27,1998,10,5,580,6.4,0,2,2,0,0,0,0,0,0.0,0.31,0.31,0.0,0.31,Matches,CAF
964,Joris Kayembe,DF,Congo DR,31,1994,9,6,571,6.3,0,1,1,0,0,0,1,0,0.0,0.16,0.16,0.0,0.16,Matches,CAF
967,Ilan Kebbal,"FW,MF",Algeria,27,1998,1,0,8,0.1,0,0,0,0,0,0,0,0,0.0,0.0,0.0,0.0,0.0,Matches,CAF
970,Wajdi Kechrida,DF,Tunisia,30,1995,2,2,180,2.0,0,0,0,0,0,0,0,0,0.0,0.0,0.0,0.0,0.0,Matches,CAF
974,Ahmed Kendouci,MF,Algeria,26,1999,3,1,104,1.2,0,0,0,0,0,0,0,0,0.0,0.0,0.0,0.0,0.0,Matches,CAF
978,Franck Kessié,MF,Côte d'Ivoire,29,1996,10,9,781,8.7,2,2,4,2,0,0,1,0,0.23,0.23,0.46,0.23,0.46,Matches,CAF
984,Bilal El Khannouss,MF,Morocco,21,2004,7,3,330,3.7,1,0,1,1,0,0,0,0,0.27,0.0,0.27,0.27,0.27,Matches,CAF
1005,Ghislain Konan,"DF,MF",Côte d'Ivoire,30,1995,5,5,445,4.9,0,1,1,0,0,0,0,0,0.0,0.2,0.2,0.0,0.2,Matches,CAF
1007,Karim Konaté,FW,Côte d'Ivoire,21,2004,2,1,116,1.3,2,2,4,1,1,1,1,0,1.55,1.55,3.1,0.78,2.33,Matches,CAF
1022,Odilon Kossounou,DF,Côte d'Ivoire,25,2001,3,3,270,3.0,0,0,0,0,0,0,0,0,0.0,0.0,0.0,0.0,0.0,Matches,CAF
1024,Christian Kouamé,MF,Côte d'Ivoire,28,1997,1,1,88,1.0,1,0,1,1,0,0,0,0,1.02,0.0,1.02,1.02,1.02,Matches,CAF
1026,Kalidou Koulibaly,DF,Senegal,34,1991,10,10,900,10.0,1,1,2,1,0,0,0,0,0.1,0.1,0.2,0.1,0.2,Matches,CAF
1031,Cheikhou Kouyaté,MF,Senegal,36,1989,1,1,64,0.7,0,0,0,0,0,0,0,0,0.0,0.0,0.0,0.0,0.0,Matches,CAF
1033,Jean-Philippe Krasso,MF,Côte d'Ivoire,28,1997,3,1,132,1.5,1,1,2,0,1,1,0,0,0.68,0.68,1.36,0.0,0.68,Matches,CAF
1035,Mohammed Kudus,"MF,FW",Ghana,25,2000,10,9,799,8.9,2,2,4,2,0,0,1,0,0.23,0.23,0.45,0.23,0.45,Matches,CAF
1048,Alban Lafont,GK,Côte d'Ivoire,27,1999,1,1,90,1.0,0,0,0,0,0,0,0,0,0.0,0.0,0.0,0.0,0.0,Matches,CAF
1049,Aïssa Laïdouni,MF,Tunisia,29,1996,8,7,494,5.5,0,0,0,0,0,0,1,0,0.0,0.0,0.0,0.0,0.0,Matches,CAF
1055,Tariq Lamptey,MF,Ghana,25,2000,2,1,106,1.2,0,0,0,0,0,0,0,0,0.0,0.0,0.0,0.0,0.0,Matches,CAF
1061,Yasser Larouci,DF,Algeria,25,2001,1,1,90,1.0,0,0,0,0,0,0,0,0,0.0,0.0,0.0,0.0,0.0,Matches,CAF
1062,Mohanad Lasheen,MF,Egypt,29,1996,4,1,152,1.7,0,0,0,0,0,0,0,0,0.0,0.0,0.0,0.0,0.0,Matches,CAF
1064,Emmanuel Latte Lath,FW,Côte d'Ivoire,27,1999,2,1,65,0.7,0,0,0,0,0,0,0,0,0.0,0.0,0.0,0.0,0.0,Matches,CAF
1066,Amor Layouni,MF,Tunisia,33,1992,1,1,52,0.6,0,0,0,0,0,0,0,0,0.0,0.0,0.0,0.0,0.0,Matches,CAF
1078,Zakhele Lepasa,FW,South Africa,28,1997,2,0,78,0.9,0,0,0,0,0,0,0,0,0.0,0.0,0.0,0.0,0.0,Matches,CAF
1086,Dailon Livramento,FW,Cape Verde,24,2001,8,4,465,5.2,4,0,4,4,0,0,1,0,0.77,0.0,0.77,0.77,0.77,Matches,CAF
1091,Dion Lopy,MF,Senegal,23,2002,1,0,27,0.3,0,0,0,0,0,0,0,0,0.0,0.0,0.0,0.0,0.0,Matches,CAF
1093,Sayfallah Ltaief,MF,Tunisia,25,2000,6,1,240,2.7,0,0,0,0,0,0,1,0,0.0,0.0,0.0,0.0,0.0,Matches,CAF
1133,Naser Maher,MF,Egypt,28,1997,1,0,1,0.0,0,0,0,0,0,0,0,0,0.0,0.0,0.0,0.0,0.0,Matches,CAF
1135,Riyad Mahrez,"FW,MF",Algeria,34,1991,8,8,520,5.8,1,4,5,1,0,0,0,0,0.17,0.69,0.87,0.17,0.87,Matches,CAF
1141,Evidence Makgopa,FW,South Africa,25,2000,3,2,142,1.6,1,1,2,1,0,0,0,0,0.63,0.63,1.27,0.63,1.27,Matches,CAF
1161,Aïssa Mandi,DF,Algeria,34,1991,10,10,823,9.1,1,0,1,1,0,0,1,0,0.11,0.0,0.11,0.11,0.11,Matches,CAF
1162,Anthony Mandrea,GK,Algeria,29,1996,4,4,360,4.0,0,0,0,0,0,0,0,0,0.0,0.0,0.0,0.0,0.0,Matches,CAF
1164,Sadio Mané,"FW,MF",Senegal,33,1992,8,8,638,7.1,5,1,6,4,1,1,2,0,0.71,0.14,0.85,0.56,0.71,Matches,CAF
1181,Ndamulelo Maphangule,MF,South Africa,26,1999,1,0,1,0.0,0,0,0,0,0,0,0,0,0.0,0.0,0.0,0.0,0.0,Matches,CAF
1190,Omar Marmoush,"MF,FW",Egypt,26,1999,6,5,339,3.8,1,0,1,0,1,1,0,0,0.27,0.0,0.27,0.0,0.0,Matches,CAF
1196,Adam Masina,DF,Morocco,32,1994,3,2,206,2.3,0,0,0,0,0,0,0,0,0.0,0.0,0.0,0.0,0.0,Matches,CAF
1201,Hazem Mastouri,FW,Tunisia,28,1997,6,5,393,4.4,2,1,3,2,0,0,0,0,0.46,0.23,0.69,0.46,0.69,Matches,CAF
1202,Arthur Masuaku,"DF,MF",Congo DR,32,1993,7,7,646,7.2,0,0,0,0,0,0,1,0,0.0,0.0,0.0,0.0,0.0,Matches,CAF
1206,Pape Matar Sarr,MF,Senegal,23,2002,10,7,649,7.2,4,1,5,4,0,0,0,0,0.55,0.14,0.69,0.55,0.69,Matches,CAF
1210,Hamza Mathlouthi,DF,Tunisia,33,1992,2,2,180,2.0,0,0,0,0,0,0,0,0,0.0,0.0,0.0,0.0,0.0,Matches,CAF
1228,Mihlali Mayambela,FW,South Africa,29,1996,2,1,101,1.1,0,0,0,0,0,0,0,0,0.0,0.0,0.0,0.0,0.0,Matches,CAF
1229,Fiston Mayele,FW,Congo DR,31,1994,11,1,239,2.7,2,1,3,2,0,0,1,0,0.75,0.38,1.13,0.75,1.13,Matches,CAF
1230,Ibrahim Maza,MF,Algeria,20,2005,3,1,120,1.3,0,0,0,0,0,0,0,0,0.0,0.0,0.0,0.0,0.0,Matches,CAF
1232,Noussair Mazraoui,DF,Morocco,28,1997,3,3,270,3.0,0,1,1,0,0,0,1,0,0.0,0.33,0.33,0.0,0.33,Matches,CAF
1238,Thalente Mbatha,MF,South Africa,25,2000,5,3,284,3.2,1,0,1,1,0,0,1,0,0.32,0.0,0.32,0.32,0.32,Matches,CAF
1243,Chancel Mbemba,DF,Congo DR,31,1994,12,12,1110,12.3,1,1,2,1,0,0,1,0,0.08,0.08,0.16,0.08,0.16,Matches,CAF
1246,Mbekezeli Mbokazi,DF,South Africa,20,2005,3,3,269,3.0,0,0,0,0,0,0,2,1,0.0,0.0,0.0,0.0,0.0,Matches,CAF
1249,Nathanael Mbuku,"MF,FW",Congo DR,23,2002,6,4,357,4.0,1,0,1,1,0,0,0,0,0.25,0.0,0.25,0.25,0.25,Matches,CAF
1250,Sipho Mbule,MF,South Africa,27,1998,4,4,334,3.7,0,0,0,0,0,0,1,0,0.0,0.0,0.0,0.0,0.0,Matches,CAF
1252,Zuko Mdunyelwa,DF,South Africa,26,1999,2,1,147,1.6,0,0,0,0,0,0,0,0,0.0,0.0,0.0,0.0,0.0,Matches,CAF
1254,Hannibal Mejbri,MF,Tunisia,23,2003,6,5,430,4.8,1,1,2,1,0,0,0,0,0.21,0.21,0.42,0.21,0.42,Matches,CAF
1257,Diogo Mendes,MF,Cape Verde,28,1998,1,0,9,0.1,0,0,0,0,0,0,0,0,0.0,0.0,0.0,0.0,0.0,Matches,CAF
1261,Ryan Mendes,MF,Cape Verde,36,1990,9,7,576,6.4,1,1,2,1,0,0,1,0,0.16,0.16,0.31,0.16,0.31,Matches,CAF
1262,Antoine Mendy,DF,Senegal,21,2004,2,1,126,1.4,0,0,0,0,0,0,0,0,0.0,0.0,0.0,0.0,0.0,Matches,CAF
1263,Edouard Mendy,GK,Senegal,33,1992,9,9,810,9.0,0,0,0,0,0,0,1,0,0.0,0.0,0.0,0.0,0.0,Matches,CAF
1264,Formose Mendy,DF,Senegal,25,2001,2,0,73,0.8,0,0,0,0,0,0,0,0,0.0,0.0,0.0,0.0,0.0,Matches,CAF
1266,Nampalys Mendy,MF,Senegal,33,1992,2,0,19,0.2,0,0,0,0,0,0,0,0,0.0,0.0,0.0,0.0,0.0,Matches,CAF
1268,Gideon Mensah,"DF,MF",Ghana,27,1998,9,9,799,8.9,0,2,2,0,0,0,0,0,0.0,0.23,0.23,0.0,0.23,Matches,CAF
1271,Yassine Meriah,DF,Tunisia,32,1993,5,5,450,5.0,1,0,1,1,0,0,1,0,0.2,0.0,0.2,0.2,0.2,Matches,CAF
1297,Sydney Mobbie,DF,South Africa,31,1994,1,1,5,0.1,0,0,0,0,0,0,0,0,0.0,0.0,0.0,0.0,0.0,Matches,CAF
1300,Aubrey Modiba,DF,South Africa,30,1995,7,7,623,6.9,0,1,1,0,0,0,1,0,0.0,0.14,0.14,0.0,0.14,Matches,CAF
1304,Relebohile Mofokeng,MF,South Africa,21,2004,3,2,158,1.8,1,0,1,1,0,0,0,0,0.57,0.0,0.57,0.57,0.57,Matches,CAF
1312,Mostafa Mohamed,FW,Egypt,28,1997,10,7,522,5.8,1,2,3,1,0,0,1,0,0.17,0.34,0.52,0.17,0.52,Matches,CAF
1319,Teboho Mokoena,MF,South Africa,29,1997,9,9,801,8.9,0,0,0,0,0,0,3,0,0.0,0.0,0.0,0.0,0.0,Matches,CAF
1323,Elias Mokwana,MF,South Africa,26,1999,3,3,180,2.0,0,1,1,0,0,0,0,0,0.0,0.5,0.5,0.0,0.5,Matches,CAF
1324,Thabo Moloisane,DF,South Africa,26,1999,1,1,52,0.6,0,0,0,0,0,0,0,0,0.0,0.0,0.0,0.0,0.0,Matches,CAF
1328,Jamiro Monteiro,"MF,FW",Cape Verde,32,1993,10,7,604,6.7,2,1,3,2,0,0,0,0,0.3,0.15,0.45,0.3,0.45,Matches,CAF
1330,Thabiso Monyane,DF,South Africa,25,2000,1,0,28,0.3,0,0,0,0,0,0,0,0,0.0,0.0,0.0,0.0,0.0,Matches,CAF
1332,Steven Moreira,DF,Cape Verde,31,1994,6,6,540,6.0,0,0,0,0,0,0,1,0,0.0,0.0,0.0,0.0,0.0,Matches,CAF
1333,Tshepang Moremi,MF,South Africa,25,2000,1,0,11,0.1,0,0,0,0,0,0,0,0,0.0,0.0,0.0,0.0,0.0,Matches,CAF
1334,Thapelo Morena,MF,South Africa,32,1993,6,2,251,2.8,2,0,2,2,0,0,0,0,0.72,0.0,0.72,0.72,0.72,Matches,CAF
1351,Samuel Moutoussamy,MF,Congo DR,29,1996,11,11,1019,11.3,0,0,0,0,0,0,1,0,0.0,0.0,0.0,0.0,0.0,Matches,CAF
1356,Lionel Mpasi,GK,Congo DR,31,1994,6,6,569,6.3,0,1,1,0,0,0,0,0,0.0,0.16,0.16,0.0,0.16,Matches,CAF
1362,Youssef Msakni,FW,Tunisia,35,1990,2,2,179,2.0,2,0,2,1,1,1,0,0,1.01,0.0,1.01,0.5,0.5,Matches,CAF
1368,Sibongiseni Mthethwa,MF,South Africa,31,1994,1,0,11,0.1,0,0,0,0,0,0,0,0,0.0,0.0,0.0,0.0,0.0,Matches,CAF
1371,Khuliso Mudau,DF,South Africa,30,1995,8,8,720,8.0,1,0,1,1,0,0,1,0,0.12,0.0,0.12,0.12,0.12,Matches,CAF
1380,Ngal'Ayel Mukau,MF,Congo DR,21,2004,4,2,174,1.9,0,1,1,0,0,0,0,0,0.0,0.52,0.52,0.0,0.52,Matches,CAF
1383,Jackson Muleka,"FW,MF",Congo DR,26,1999,1,0,27,0.3,0,0,0,0,0,0,0,0,0.0,0.0,0.0,0.0,0.0,Matches,CAF
1387,Abdul Mumin,DF,Ghana,27,1998,2,0,27,0.3,0,0,0,0,0,0,0,0,0.0,0.0,0.0,0.0,0.0,Matches,CAF
1404,Mothobi Mvala,DF,South Africa,31,1994,3,3,240,2.7,0,0,0,0,0,0,0,0,0.0,0.0,0.0,0.0,0.0,Matches,CAF
1418,Obite N'Dicka,DF,Côte d'Ivoire,26,1999,7,7,630,7.0,0,0,0,0,0,0,0,0,0.0,0.0,0.0,0.0,0.0,Matches,CAF
1424,Ahmed Nabil Koka,MF,Egypt,24,2001,5,3,274,3.0,0,1,1,0,0,0,0,0,0.0,0.33,0.33,0.0,0.33,Matches,CAF
1446,Khulumani Ndamane,DF,South Africa,21,2004,2,1,128,1.4,0,0,0,0,0,0,0,0,0.0,0.0,0.0,0.0,0.0,Matches,CAF
1450,Cherif Ndiaye,"FW,MF",Senegal,30,1996,5,0,81,0.9,1,0,1,1,0,0,0,0,1.11,0.0,1.11,1.11,1.11,Matches,CAF
1451,Iliman Ndiaye,"FW,MF",Senegal,25,2000,8,8,606,6.7,1,1,2,1,0,0,0,0,0.15,0.15,0.3,0.15,0.3,Matches,CAF
1463,Moutaz Neffati,DF,Tunisia,21,2004,1,0,10,0.1,0,0,0,0,0,0,0,0,0.0,0.0,0.0,0.0,0.0,Matches,CAF
1472,Siyabonga Ngezana,DF,South Africa,28,1997,5,5,450,5.0,0,0,0,0,0,0,2,0,0.0,0.0,0.0,0.0,0.0,Matches,CAF
1483,Moussa Niakhate,DF,Senegal,29,1996,8,8,688,7.6,0,0,0,0,0,0,1,0,0.0,0.0,0.0,0.0,0.0,Matches,CAF
1485,Cheikh Niasse,MF,Senegal,26,2000,1,0,19,0.2,0,0,0,0,0,0,0,0,0.0,0.0,0.0,0.0,0.0,Matches,CAF
1498,Mohau Nkota,MF,South Africa,21,2004,4,3,264,2.9,1,0,1,1,0,0,1,0,0.34,0.0,0.34,0.34,0.34,Matches,CAF
1520,Ernest Nuamah,"MF,FW",Ghana,22,2003,5,2,196,2.2,2,1,3,2,0,0,0,0,0.92,0.46,1.38,0.92,1.38,Matches,CAF
1521,Kasim Nuhu,DF,Ghana,30,1995,2,1,118,1.3,0,0,0,0,0,0,0,0,0.0,0.0,0.0,0.0,0.0,Matches,CAF
1535,Denis Odoi,DF,Ghana,37,1988,2,1,135,1.5,0,0,0,0,0,0,0,0,0.0,0.0,0.0,0.0,0.0,Matches,CAF
1536,Richard Ofori,GK,Ghana,32,1993,2,2,180,2.0,0,0,0,0,0,0,0,0,0.0,0.0,0.0,0.0,0.0,Matches,CAF
1568,Christopher Operi,DF,Côte d'Ivoire,28,1997,3,1,98,1.1,0,0,0,0,0,0,0,0,0.0,0.0,0.0,0.0,0.0,Matches,CAF
1569,Jerome Opoku,DF,Ghana,27,1998,5,2,194,2.2,0,0,0,0,0,0,0,0,0.0,0.0,0.0,0.0,0.0,Matches,CAF
1570,Nicholas Opoku,DF,Ghana,28,1997,2,2,180,2.0,0,0,0,0,0,0,0,0,0.0,0.0,0.0,0.0,0.0,Matches,CAF
1575,Ibrahim Osman,"FW,MF",Ghana,21,2004,1,0,5,0.1,0,0,0,0,0,0,0,0,0.0,0.0,0.0,0.0,0.0,Matches,CAF
1591,Azzedine Ounahi,MF,Morocco,25,2000,5,3,232,2.6,2,2,4,2,0,0,0,0,0.78,0.78,1.55,0.78,1.55,Matches,CAF
1592,Adam Ounas,"FW,MF",Algeria,29,1996,2,0,62,0.7,0,1,1,0,0,0,0,0,0.0,1.45,1.45,0.0,1.45,Matches,CAF
1600,Elisha Owusu,MF,Ghana,28,1997,4,1,139,1.5,0,0,0,0,0,0,2,0,0.0,0.0,0.0,0.0,0.0,Matches,CAF
1601,Prince Owusu,MF,Ghana,21,2004,1,0,9,0.1,0,0,0,0,0,0,0,0,0.0,0.0,0.0,0.0,0.0,Matches,CAF
1608,Joseph Paintsil,"FW,MF",Ghana,27,1998,3,0,41,0.5,0,1,1,0,0,0,0,0,0.0,2.2,2.2,0.0,2.2,Matches,CAF
1616,Thomas Partey,MF,Ghana,32,1993,7,7,607,6.7,3,2,5,3,0,0,1,0,0.44,0.3,0.74,0.44,0.74,Matches,CAF
1620,João Paulo Fernandes,DF,Cape Verde,27,1998,8,7,620,6.9,0,0,0,0,0,0,0,0,0.0,0.0,0.0,0.0,0.0,Matches,CAF
1627,Nicolas Pépé,"MF,FW",Côte d'Ivoire,30,1995,5,3,206,2.3,0,0,0,0,0,0,1,0,0.0,0.0,0.0,0.0,0.0,Matches,CAF
1630,Kojo Peprah Oppong,DF,Ghana,21,2004,1,0,15,0.2,0,0,0,0,0,0,0,0,0.0,0.0,0.0,0.0,0.0,Matches,CAF
1643,Charles Pickel,MF,Congo DR,28,1997,11,7,575,6.4,1,0,1,1,0,0,0,0,0.16,0.0,0.16,0.16,0.16,Matches,CAF
1644,Pico,DF,Cape Verde,33,1992,9,9,810,9.0,0,0,0,0,0,0,1,0,0.0,0.0,0.0,0.0,0.0,Matches,CAF
1645,Kevin Pina,MF,Cape Verde,29,1997,7,7,617,6.9,0,2,2,0,0,1,1,0,0.0,0.29,0.29,0.0,0.29,Matches,CAF
1646,Wagner Pina,DF,Cape Verde,23,2002,2,2,180,2.0,0,1,1,0,0,0,0,0,0.0,0.5,0.5,0.0,0.5,Matches,CAF
1657,Ramy Rabia,DF,Egypt,32,1993,8,8,720,8.0,0,0,0,0,0,0,0,0,0.0,0.0,0.0,0.0,0.0,Matches,CAF
1661,Hamza Rafia,"MF,FW",Tunisia,26,1999,3,3,237,2.6,1,0,1,1,0,0,1,0,0.38,0.0,0.38,0.38,0.38,Matches,CAF
1663,Soufiane Rahimi,MF,Morocco,29,1996,4,1,132,1.5,1,0,1,1,0,0,0,0,0.68,0.0,0.68,0.68,0.68,Matches,CAF
1682,Iqraam Rayners,FW,South Africa,30,1995,6,2,188,2.1,1,0,1,1,0,0,0,0,0.48,0.0,0.48,0.48,0.48,Matches,CAF
1686,Chadi Riad,DF,Morocco,22,2003,1,1,90,1.0,1,0,1,1,0,0,0,0,1.0,0.0,1.0,1.0,1.0,Matches,CAF
1688,Amir Richardson,MF,Morocco,24,2002,1,0,6,0.1,0,0,0,0,0,0,0,0,0.0,0.0,0.0,0.0,0.0,Matches,CAF
1691,Kenny Rocha Santos,MF,Cape Verde,26,2000,1,1,60,0.7,0,0,0,0,0,0,0,0,0.0,0.0,0.0,0.0,0.0,Matches,CAF
1693,Garry Rodrigues,FW,Cape Verde,35,1990,5,3,252,2.8,0,1,1,0,0,0,0,0,0.0,0.36,0.36,0.0,0.36,Matches,CAF
1697,Mohamed Ali Ben Romdhane,MF,Tunisia,26,1999,5,2,205,2.3,4,0,4,2,2,2,3,0,1.76,0.0,1.76,0.88,0.88,Matches,CAF
1702,Elias Saad,"MF,FW",Tunisia,26,1999,6,5,291,3.2,3,0,3,3,0,0,0,0,0.93,0.0,0.93,0.93,0.93,Matches,CAF
1705,Mahmoud Saber,MF,Egypt,24,2001,4,0,48,0.5,0,0,0,0,0,0,1,0,0.0,0.0,0.0,0.0,0.0,Matches,CAF
1710,Noah Sadiki,MF,Congo DR,21,2004,5,4,373,4.1,0,1,1,0,0,0,0,0,0.0,0.24,0.24,0.0,0.24,Matches,CAF
1714,Wajdi Sahli,MF,Tunisia,28,1997,1,0,2,0.0,0,0,0,0,0,0,0,0,0.0,0.0,0.0,0.0,0.0,Matches,CAF
1716,Ismael Saibari,MF,Morocco,25,2001,6,3,308,3.4,3,0,3,3,0,0,0,0,0.88,0.0,0.88,0.88,0.88,Matches,CAF
1721,Romain Saïss,DF,Morocco,35,1990,2,2,180,2.0,0,0,0,0,0,0,0,0,0.0,0.0,0.0,0.0,0.0,Matches,CAF
1727,Mohamed Salah,"MF,FW",Egypt,33,1992,9,9,806,9.0,9,3,12,7,2,2,0,0,1.0,0.33,1.34,0.78,1.12,Matches,CAF
1736,Mohammed Salisu,DF,Ghana,26,1999,8,7,596,6.6,2,0,2,2,0,0,1,0,0.3,0.0,0.3,0.3,0.3,Matches,CAF
1749,Ahmed Samy,DF,Egypt,33,1992,1,1,90,1.0,0,0,0,0,0,0,0,0,0.0,0.0,0.0,0.0,0.0,Matches,CAF
1752,Ibrahim Sangaré,MF,Côte d'Ivoire,28,1997,7,6,451,5.0,2,0,2,1,1,1,0,0,0.4,0.0,0.4,0.2,0.2,Matches,CAF
1757,Maroan Sannadi,FW,Morocco,24,2001,1,0,4,0.0,0,0,0,0,0,0,0,0,0.0,0.0,0.0,0.0,0.0,Matches,CAF
1767,Ismaila Sarr,"MF,FW",Senegal,27,1998,7,6,517,5.7,3,1,4,3,0,0,0,0,0.52,0.17,0.7,0.52,0.7,Matches,CAF
1768,Ferjani Sassi,MF,Tunisia,33,1992,6,4,347,3.9,2,0,2,2,0,0,2,0,0.52,0.0,0.52,0.52,0.52,Matches,CAF
1769,Ahmed Sayed,MF,Egypt,30,1996,10,9,669,7.4,2,1,3,2,0,0,0,0,0.27,0.13,0.4,0.27,0.4,Matches,CAF
1770,Kingsley Schindler,"MF,DF",Ghana,32,1993,2,2,180,2.0,0,1,1,0,0,0,0,0,0.0,0.5,0.5,0.0,0.5,Matches,CAF
1773,Kamogelo Sebelebele,"DF,MF",South Africa,23,2002,2,0,25,0.3,0,0,0,0,0,0,0,0,0.0,0.0,0.0,0.0,0.0,Matches,CAF
1775,Abdoulaye Seck,DF,Senegal,33,1992,4,3,302,3.4,0,0,0,0,0,0,0,0,0.0,0.0,0.0,0.0,0.0,Matches,CAF
1779,Alidu Seidu,"DF,MF",Ghana,25,2000,4,4,288,3.2,0,0,0,0,0,0,0,0,0.0,0.0,0.0,0.0,0.0,Matches,CAF
1786,Willy Semedo,"MF,DF",Cape Verde,31,1994,8,5,435,4.8,2,0,2,2,0,0,1,0,0.41,0.0,0.41,0.41,0.41,Matches,CAF
1787,Antoine Semenyo,"FW,MF",Ghana,26,2000,10,9,688,7.6,1,0,1,1,0,0,0,0,0.13,0.0,0.13,0.13,0.13,Matches,CAF
1792,Jean Seri,MF,Côte d'Ivoire,34,1991,4,1,120,1.3,0,1,1,0,0,0,0,0,0.0,0.75,0.75,0.0,0.75,Matches,CAF
1799,Mduduzi Shabalala,MF,South Africa,22,2004,1,0,2,0.0,0,0,0,0,0,0,0,0,0.0,0.0,0.0,0.0,0.0,Matches,CAF
1810,Mohamed Shehata,MF,Egypt,24,2001,2,0,26,0.3,0,0,0,0,0,0,0,0,0.0,0.0,0.0,0.0,0.0,Matches,CAF
1811,Mohamed El-Shenawy,GK,Egypt,37,1988,9,9,780,8.7,0,0,0,0,0,0,0,0,0.0,0.0,0.0,0.0,0.0,Matches,CAF
1813,Mohamed Sherif,FW,Egypt,29,1996,2,0,20,0.2,0,0,0,0,0,0,0,0,0.0,0.0,0.0,0.0,0.0,Matches,CAF
1822,Mostafa Shoubir,GK,Egypt,25,2000,1,0,30,0.3,0,0,0,0,0,0,0,0,0.0,0.0,0.0,0.0,0.0,Matches,CAF
1829,Nkosinathi Sibisi,DF,South Africa,30,1995,6,5,480,5.3,0,0,0,0,0,0,0,0,0.0,0.0,0.0,0.0,0.0,Matches,CAF
1830,Kwasi Sibo,MF,Ghana,27,1998,3,3,254,2.8,0,0,0,0,0,0,1,0,0.0,0.0,0.0,0.0,0.0,Matches,CAF
1845,Abdallah Sima,"FW,MF",Senegal,24,2001,3,0,26,0.3,0,0,0,0,0,0,0,0,0.0,0.0,0.0,0.0,0.0,Matches,CAF
1851,Razak Simpson,MF,Ghana,27,1998,1,0,11,0.1,0,0,0,0,0,0,0,0,0.0,0.0,0.0,0.0,0.0,Matches,CAF
1854,Wilfried Singo,"DF,MF",Côte d'Ivoire,25,2000,6,4,392,4.4,0,0,0,0,0,0,0,0,0.0,0.0,0.0,0.0,0.0,Matches,CAF
1860,Sphephelo Sithole,MF,South Africa,26,1999,5,5,389,4.3,0,2,2,0,0,0,0,0,0.0,0.46,0.46,0.0,0.46,Matches,CAF
1861,Ellyes Skhiri,MF,Tunisia,30,1995,6,5,495,5.5,0,0,0,0,0,0,0,0,0.0,0.0,0.0,0.0,0.0,Matches,CAF
1862,Islam Slimani,FW,Algeria,37,1988,2,1,39,0.4,1,0,1,1,0,0,0,0,2.31,0.0,2.31,2.31,2.31,Matches,CAF
1863,Naïm Sliti,"MF,FW",Tunisia,33,1992,8,5,465,5.2,0,3,3,0,0,0,1,0,0.0,0.58,0.58,0.0,0.58,Matches,CAF
1865,Khaled Sobhi,DF,Egypt,30,1995,3,2,187,2.1,0,0,0,0,0,0,1,0,0.0,0.0,0.0,0.0,0.0,Matches,CAF
1866,Mohamed Sobhy,GK,Egypt,26,1999,1,1,90,1.0,0,0,0,0,0,0,0,0,0.0,0.0,0.0,0.0,0.0,Matches,CAF
1882,Jonathan Sowah,FW,Ghana,27,1999,1,0,3,0.0,0,0,0,0,0,0,0,0,0.0,0.0,0.0,0.0,0.0,Matches,CAF
1889,Stopira,DF,Cape Verde,37,1988,1,0,5,0.1,1,0,1,1,0,0,1,0,18.0,0.0,18.0,18.0,18.0,Matches,CAF
1891,Ibrahim Sulemana,MF,Ghana,22,2003,1,0,3,0.0,0,0,0,0,0,0,0,0,0.0,0.0,0.0,0.0,0.0,Matches,CAF
1892,Kamaldeen Sulemana,MF,Ghana,23,2002,5,1,131,1.5,1,0,1,1,0,0,1,0,0.69,0.0,0.69,0.69,0.69,Matches,CAF
1911,Chemsdine Talbi,MF,Morocco,20,2005,1,0,14,0.2,0,0,0,0,0,0,0,0,0.0,0.0,0.0,0.0,0.0,Matches,CAF
1912,Montassar Talbi,DF,Tunisia,27,1998,10,10,900,10.0,0,0,0,0,0,0,1,0,0.0,0.0,0.0,0.0,0.0,Matches,CAF
1922,Oussama Targhalline,MF,Morocco,23,2002,3,0,24,0.3,0,0,0,0,0,0,0,0,0.0,0.0,0.0,0.0,0.0,Matches,CAF
1927,Percy Tau,MF,South Africa,31,1994,5,5,422,4.7,1,0,1,1,0,0,0,0,0.21,0.0,0.21,0.21,0.21,Matches,CAF
1928,Aílson Tavares,MF,Cape Verde,27,1998,2,0,27,0.3,0,0,0,0,0,0,0,0,0.0,0.0,0.0,0.0,0.0,Matches,CAF
1929,David Tavares,MF,Cape Verde,26,1999,1,0,14,0.2,0,0,0,0,0,0,0,0,0.0,0.0,0.0,0.0,0.0,Matches,CAF
1930,Heriberto Tavares,FW,Cape Verde,28,1997,2,1,59,0.7,0,0,0,0,0,0,0,0,0.0,0.0,0.0,0.0,0.0,Matches,CAF
1931,Akram Tawfik,MF,Egypt,28,1997,1,0,33,0.4,0,0,0,0,0,0,0,0,0.0,0.0,0.0,0.0,0.0,Matches,CAF
1954,Jean Thierry Lazare,MF,Côte d'Ivoire,27,1998,2,1,102,1.1,0,0,0,0,0,0,0,0,0.0,0.0,0.0,0.0,0.0,Matches,CAF
1957,Brandon Thomas-Asante,"FW,MF",Ghana,27,1998,2,0,7,0.1,0,0,0,0,0,0,0,0,0.0,0.0,0.0,0.0,0.0,Matches,CAF
1959,Cheikh Tidiane Sabaly,"FW,MF",Senegal,26,1999,4,0,54,0.6,0,2,2,0,0,0,0,0,0.0,3.33,3.33,0.0,3.33,Matches,CAF
1965,Tarik Tissoudali,"FW,MF",Morocco,32,1993,1,0,10,0.1,0,0,0,0,0,0,0,0,0.0,0.0,0.0,0.0,0.0,Matches,CAF
1968,Houssem Tka,MF,Tunisia,25,2000,1,0,19,0.2,0,0,0,0,0,0,0,0,0.0,0.0,0.0,0.0,0.0,Matches,CAF
1979,Ahmed Touba,DF,Algeria,27,1998,2,0,53,0.6,0,0,0,0,0,0,0,0,0.0,0.0,0.0,0.0,0.0,Matches,CAF
1980,Sebastian Tounekti,MF,Tunisia,23,2002,2,1,48,0.5,0,0,0,0,0,0,0,0,0.0,0.0,0.0,0.0,0.0,Matches,CAF
1982,Bazoumana Touré,FW,Côte d'Ivoire,19,2006,1,1,88,1.0,0,1,1,0,0,0,0,0,0.0,1.02,1.02,0.0,1.02,Matches,CAF
1991,Trézéguet,"MF,DF",Egypt,31,1994,10,9,799,8.9,5,2,7,5,0,0,1,0,0.56,0.23,0.79,0.56,0.79,Matches,CAF
1994,Aaron Tshibola,MF,Congo DR,31,1995,3,1,90,1.0,0,0,0,0,0,0,1,0,0.0,0.0,0.0,0.0,0.0,Matches,CAF
1996,Axel Tuanzebe,DF,Congo DR,28,1997,5,5,480,5.3,0,0,0,0,0,0,0,0,0.0,0.0,0.0,0.0,0.0,Matches,CAF
2007,Yan Valery,DF,Tunisia,26,1999,4,4,360,4.0,0,1,1,0,0,0,1,0,0.0,0.25,0.25,0.0,0.25,Matches,CAF
2008,Kévin Van Den Kerkhof,"DF,MF",Algeria,29,1996,2,0,56,0.6,0,0,0,0,0,0,0,0,0.0,0.0,0.0,0.0,0.0,Matches,CAF
2010,Hélio Varela,FW,Cape Verde,23,2002,8,0,200,2.2,0,0,0,0,0,0,1,0,0.0,0.0,0.0,0.0,0.0,Matches,CAF
2024,Vozinha,GK,Cape Verde,39,1986,10,10,900,10.0,0,0,0,0,0,0,0,0,0.0,0.0,0.0,0.0,0.0,Matches,CAF
2028,Aaron Wan-Bissaka,"DF,MF",Congo DR,28,1997,6,6,549,6.1,0,0,0,0,0,0,0,0,0.0,0.0,0.0,0.0,0.0,Matches,CAF
2033,Iñaki Williams,MF,Ghana,31,1994,6,4,377,4.2,2,0,2,2,0,0,0,0,0.48,0.0,0.48,0.48,0.48,Matches,CAF
2034,Ronwen Williams,GK,South Africa,34,1992,10,10,900,10.0,0,0,0,0,0,0,1,0,0.0,0.0,0.0,0.0,0.0,Matches,CAF
2037,Yoane Wissa,"MF,FW",Congo DR,29,1996,8,8,560,6.2,3,2,5,3,0,0,0,0,0.48,0.32,0.8,0.48,0.8,Matches,CAF
2047,Siyanda Xulu,DF,South Africa,34,1991,2,2,180,2.0,0,0,0,0,0,0,0,0,0.0,0.0,0.0,0.0,0.0,Matches,CAF
2056,Jawad El Yamiq,DF,Morocco,33,1992,4,4,333,3.7,0,0,0,0,0,0,0,0,0.0,0.0,0.0,0.0,0.0,Matches,CAF
2059,Yannick,MF,Cape Verde,30,1995,6,6,464,5.2,1,0,1,1,0,0,0,0,0.19,0.0,0.19,0.19,0.19,Matches,CAF
2061,Taha Yassine Khenissi,FW,Tunisia,34,1992,1,1,89,1.0,0,0,0,0,0,0,0,0,0.0,0.0,0.0,0.0,0.0,Matches,CAF
2065,Caleb Yirenkyi,"DF,MF",Ghana,20,2006,4,3,286,3.2,0,0,0,0,0,0,1,0,0.0,0.0,0.0,0.0,0.0,Matches,CAF
2090,Ramiz Zerrouki,MF,Algeria,27,1998,5,3,297,3.3,1,0,1,1,0,0,0,0,0.3,0.0,0.3,0.3,0.3,Matches,CAF
2091,Luca Zidane,GK,Algeria,27,1998,1,1,90,1.0,0,0,0,0,0,0,0,0,0.0,0.0,0.0,0.0,0.0,Matches,CAF
2093,Hakim Ziyech,MF,Morocco,32,1993,3,3,210,2.3,2,0,2,1,1,1,1,0,0.86,0.0,0.86,0.43,0.43,Matches,CAF
2094,Luck Zogbé,DF,Côte d'Ivoire,20,2005,2,2,150,1.7,0,0,0,0,0,0,0,0,0.0,0.0,0.0,0.0,0.0,Matches,CAF
2095,Armel Zohouri,DF,Côte d'Ivoire,24,2001,2,1,94,1.0,0,0,0,0,0,0,0,0,0.0,0.0,0.0,0.0,0.0,Matches,CAF
2096,Adem Zorgane,MF,Algeria,26,2000,2,2,158,1.8,0,0,0,0,0,0,1,0,0.0,0.0,0.0,0.0,0.0,Matches,CAF
2098,Pacôme Zouzoua,MF,Côte d'Ivoire,28,1997,2,1,120,1.3,0,0,0,0,0,0,0,0,0.0,0.0,0.0,0.0,0.0,Matches,CAF
2100,Themba Zwane,"MF,FW",South Africa,36,1989,4,4,346,3.8,1,0,1,1,0,0,0,0,0.26,0.0,0.26,0.26,0.26,Matches,CAF
9,Ricardo Adé,DF,Haiti,35,1990,10,10,899,10.0,0,0,0,0,0,0,0,0,0.0,0.0,0.0,0.0,0.0,Matches,CONCACAF
28,Michael Amir Murillo,"DF,MF",Panama,29,1996,8,7,675,7.5,0,3,3,0,0,0,0,0,0.0,0.4,0.4,0.0,0.4,Matches,CONCACAF
31,Eduardo Anderson,DF,Panama,25,2001,1,1,90,1.0,0,0,0,0,0,0,0,0,0.0,0.0,0.0,0.0,0.0,Matches,CONCACAF
34,Andrés Andrade Cedeño,DF,Panama,27,1998,7,7,630,7.0,0,1,1,0,0,0,0,0,0.0,0.14,0.14,0.0,0.14,Matches,CONCACAF
44,Jeremy Antonisse,FW,Curaçao,23,2002,7,3,286,3.2,1,1,2,1,0,0,1,0,0.31,0.31,0.63,0.31,0.63,Matches,CONCACAF
51,Carlens Arcus,DF,Haiti,29,1996,9,9,749,8.3,0,1,1,0,0,0,3,0,0.0,0.12,0.12,0.0,0.12,Matches,CONCACAF
58,Christopher Attys,MF,Haiti,24,2001,6,2,134,1.5,0,0,0,0,0,0,2,0,0.0,0.0,0.0,0.0,0.0,Matches,CONCACAF
63,Abdiel Ayarza,MF,Panama,33,1992,1,0,6,0.1,0,0,0,0,0,0,0,0,0.0,0.0,0.0,0.0,0.0,Matches,CONCACAF
65,Juninho Bacuna,"MF,FW",Curaçao,28,1997,10,10,827,9.2,3,2,5,3,0,0,1,0,0.33,0.22,0.54,0.33,0.54,Matches,CONCACAF
66,Leandro Bacuna,MF,Curaçao,34,1991,9,9,784,8.7,1,3,4,0,1,1,1,0,0.11,0.34,0.46,0.0,0.34,Matches,CONCACAF
79,Riechedly Bazoer,DF,Curaçao,29,1996,2,2,143,1.6,0,0,0,0,0,0,0,0,0.0,0.0,0.0,0.0,0.0,Matches,CONCACAF
90,Jean-Ricner Bellegarde,MF,Haiti,27,1998,6,6,524,5.8,0,1,1,0,0,0,1,0,0.0,0.17,0.17,0.0,0.17,Matches,CONCACAF
104,César Blackman,"MF,DF",Panama,27,1998,5,3,283,3.1,1,0,1,1,0,0,0,0,0.32,0.0,0.32,0.32,0.32,Matches,CONCACAF
128,Joshua Brenet,"DF,MF",Curaçao,31,1994,6,5,468,5.2,0,2,2,0,0,0,0,0,0.0,0.38,0.38,0.0,0.38,Matches,CONCACAF
135,Omar Browne,FW,Panama,31,1994,2,0,20,0.2,0,0,0,0,0,0,0,0,0.0,0.0,0.0,0.0,0.0,Matches,CONCACAF
161,Mikaël Cantave,MF,Haiti,29,1996,2,0,50,0.6,0,1,1,0,0,0,0,0,0.0,1.8,1.8,0.0,1.8,Matches,CONCACAF
170,Adalberto Carrasquilla,MF,Panama,27,1998,8,7,649,7.2,0,1,1,0,0,0,1,0,0.0,0.14,0.14,0.0,0.14,Matches,CONCACAF
177,Josué Casimir,MF,Haiti,24,2001,4,4,320,3.6,0,1,1,0,0,0,0,0,0.0,0.28,0.28,0.0,0.28,Matches,CONCACAF
184,Edward Cedeño,MF,Panama,22,2003,4,1,97,1.1,0,0,0,0,0,0,1,0,0.0,0.0,0.0,0.0,0.0,Matches,CONCACAF
204,Tahith Chong,MF,Curaçao,26,1999,2,1,116,1.3,2,1,3,2,0,0,0,0,1.55,0.78,2.33,1.55,2.33,Matches,CONCACAF
215,Livano Comenencia,MF,Curaçao,21,2004,8,7,527,5.9,1,1,2,1,0,0,1,0,0.17,0.17,0.34,0.17,0.34,Matches,CONCACAF
223,José Cordoba,DF,Panama,24,2001,4,4,281,3.1,0,0,0,0,0,0,2,0,0.0,0.0,0.0,0.0,0.0,Matches,CONCACAF
241,Erick Davis,"DF,MF",Panama,34,1991,9,7,622,6.9,2,2,4,1,1,1,1,0,0.29,0.29,0.58,0.14,0.43,Matches,CONCACAF
247,Louicius Deedson,"FW,MF",Haiti,24,2001,10,5,424,4.7,4,0,4,4,0,0,0,0,0.85,0.0,0.85,0.85,0.85,Matches,CONCACAF
248,Hannes Delcroix,DF,Haiti,26,1999,3,2,225,2.5,0,0,0,0,0,0,1,0,0.0,0.0,0.0,0.0,0.0,Matches,CONCACAF
256,Ismael Díaz,MF,Panama,28,1997,6,5,413,4.6,2,0,2,2,0,0,0,0,0.44,0.0,0.44,0.44,0.44,Matches,CONCACAF
276,François Dulysse,DF,Haiti,26,1999,1,0,1,0.0,0,0,0,0,0,0,0,0,0.0,0.0,0.0,0.0,0.0,Matches,CONCACAF
280,Josué Duverger,GK,Haiti,25,2000,1,1,90,1.0,0,0,0,0,0,0,0,0,0.0,0.0,0.0,0.0,0.0,Matches,CONCACAF
281,Jean-Kevin Duverne,DF,Haiti,28,1997,7,7,630,7.0,1,0,1,1,0,0,0,0,0.14,0.0,0.14,0.14,0.14,Matches,CONCACAF
291,Roshon van Eijma,DF,Curaçao,27,1998,7,6,541,6.0,1,0,1,1,0,0,0,0,0.17,0.0,0.17,0.17,0.17,Matches,CONCACAF
295,Fidel Escobar,DF,Panama,31,1995,8,8,703,7.8,1,0,1,1,0,0,0,0,0.13,0.0,0.13,0.13,0.13,Matches,CONCACAF
298,Derrick Etienne,MF,Haiti,29,1996,3,2,132,1.5,0,0,0,0,0,0,0,0,0.0,0.0,0.0,0.0,0.0,Matches,CONCACAF
302,Martin Expérience,DF,Haiti,26,1999,4,2,217,2.4,0,0,0,0,0,0,0,0,0.0,0.0,0.0,0.0,0.0,Matches,CONCACAF
304,José Fajardo,FW,Panama,32,1993,8,3,401,4.5,3,0,3,3,0,0,0,0,0.67,0.0,0.67,0.67,0.67,Matches,CONCACAF
305,Edgardo Fariña,DF,Panama,24,2001,2,1,107,1.2,0,0,0,0,0,0,0,0,0.0,0.0,0.0,0.0,0.0,Matches,CONCACAF
307,Kevin Felida,MF,Curaçao,26,1999,3,0,75,0.8,1,0,1,1,0,0,0,0,1.2,0.0,1.2,1.2,1.2,Matches,CONCACAF
317,Sherel Floranus,"DF,MF",Curaçao,27,1998,9,9,798,8.9,0,0,0,0,0,0,2,0,0.0,0.0,0.0,0.0,0.0,Matches,CONCACAF
325,Yassin Fortune,FW,Haiti,27,1999,2,1,78,0.9,0,0,0,0,0,0,0,0,0.0,0.0,0.0,0.0,0.0,Matches,CONCACAF
335,Carl Fred Sainté,MF,Haiti,23,2002,5,2,119,1.3,0,0,0,0,0,0,1,0,0.0,0.0,0.0,0.0,0.0,Matches,CONCACAF
338,Juriën Gaari,DF,Curaçao,32,1993,9,7,642,7.1,0,0,0,0,0,0,1,0,0.0,0.0,0.0,0.0,0.0,Matches,CONCACAF
362,Aníbal Godoy,MF,Panama,35,1990,8,7,540,6.0,0,0,0,0,0,0,4,0,0.0,0.0,0.0,0.0,0.0,Matches,CONCACAF
365,Freddy Góndola,MF,Panama,30,1995,1,0,11,0.1,0,0,0,0,0,0,0,0,0.0,0.0,0.0,0.0,0.0,Matches,CONCACAF
370,Kenji Gorré,"FW,MF",Curaçao,31,1994,8,7,630,7.0,3,3,6,3,0,0,0,0,0.43,0.43,0.86,0.43,0.86,Matches,CONCACAF
379,Victor Griffith,MF,Panama,25,2000,1,1,90,1.0,0,0,0,0,0,0,0,0,0.0,0.0,0.0,0.0,0.0,Matches,CONCACAF
383,Eduardo Guerrero,FW,Panama,25,2000,3,2,154,1.7,1,1,2,1,0,0,0,0,0.58,0.58,1.17,0.58,1.17,Matches,CONCACAF
387,Jorge Gutiérrez,DF,Panama,27,1998,5,2,221,2.5,0,0,0,0,0,0,0,0,0.0,0.0,0.0,0.0,0.0,Matches,CONCACAF
393,Sontje Hansen,FW,Curaçao,23,2002,3,3,215,2.4,1,0,1,1,0,0,1,0,0.42,0.0,0.42,0.42,0.42,Matches,CONCACAF
398,Carlos Harvey,"DF,MF",Panama,25,2000,6,4,414,4.6,1,1,2,1,0,0,0,0,0.22,0.22,0.43,0.22,0.43,Matches,CONCACAF
439,Rangelo Janga,FW,Curaçao,33,1992,2,2,155,1.7,3,0,3,2,1,1,0,0,1.74,0.0,1.74,1.16,1.16,Matches,CONCACAF
443,Dany Jean,MF,Haiti,23,2002,2,1,54,0.6,0,0,0,0,0,0,0,0,0.0,0.0,0.0,0.0,0.0,Matches,CONCACAF
444,Danley Jean-Jacques,MF,Haiti,25,2000,9,8,755,8.4,2,3,5,2,0,0,2,0,0.24,0.36,0.6,0.24,0.6,Matches,CONCACAF
463,Belmar Joseph,MF,Haiti,20,2005,2,0,51,0.6,0,0,0,0,0,0,1,0,0.0,0.0,0.0,0.0,0.0,Matches,CONCACAF
478,Gervane Kastaneer,FW,Curaçao,29,1996,6,4,224,2.5,5,0,5,5,0,0,2,0,2.01,0.0,2.01,2.01,2.01,Matches,CONCACAF
491,Brandley Kuwas,MF,Curaçao,33,1992,3,1,62,0.7,0,0,0,0,0,0,0,0,0.0,0.0,0.0,0.0,0.0,Matches,CONCACAF
493,Bryan Labissiere,MF,Haiti,28,1997,1,0,28,0.3,1,0,1,1,0,0,0,0,3.21,0.0,3.21,3.21,3.21,Matches,CONCACAF
495,Duke Lacroix,DF,Haiti,32,1993,8,8,720,8.0,1,2,3,1,0,0,0,0,0.12,0.25,0.37,0.12,0.37,Matches,CONCACAF
501,Stéphane Lambèse,DF,Haiti,30,1995,2,0,15,0.2,0,0,0,0,0,0,1,0,0.0,0.0,0.0,0.0,0.0,Matches,CONCACAF
528,Jürgen Locadia,FW,Curaçao,32,1993,7,3,398,4.4,0,2,2,0,0,0,0,0,0.0,0.45,0.45,0.0,0.45,Matches,CONCACAF
530,Azarias Londoño,MF,Panama,24,2001,4,2,189,2.1,0,2,2,0,0,0,0,0,0.0,0.95,0.95,0.0,0.95,Matches,CONCACAF
543,José Luis Rodríguez,MF,Panama,27,1998,9,5,502,5.6,3,1,4,3,0,0,2,0,0.54,0.18,0.72,0.54,0.72,Matches,CONCACAF
551,Jearl Margaritha,"FW,MF",Curaçao,25,2000,8,6,511,5.7,1,3,4,1,0,0,0,0,0.18,0.53,0.7,0.18,0.7,Matches,CONCACAF
555,Nathan Markelo,DF,Curaçao,27,1999,1,1,90,1.0,0,0,0,0,0,0,0,0,0.0,0.0,0.0,0.0,0.0,Matches,CONCACAF
563,Ar'jany Martha,"DF,FW",Curaçao,22,2003,2,0,51,0.6,1,0,1,1,0,0,0,0,1.76,0.0,1.76,1.76,1.76,Matches,CONCACAF
566,Cuco Martina,DF,Curaçao,36,1989,3,1,112,1.2,0,0,0,0,0,0,0,0,0.0,0.0,0.0,0.0,0.0,Matches,CONCACAF
569,Cristian Martínez,MF,Panama,28,1997,8,6,481,5.3,1,0,1,1,0,0,2,0,0.19,0.0,0.19,0.19,0.19,Matches,CONCACAF
587,Luis Mejía,GK,Panama,34,1991,4,4,360,4.0,0,0,0,0,0,0,0,0,0.0,0.0,0.0,0.0,0.0,Matches,CONCACAF
599,Garven Metusala,DF,Haiti,26,1999,2,2,135,1.5,0,0,0,0,0,0,0,0,0.0,0.0,0.0,0.0,0.0,Matches,CONCACAF
600,Téo Michel,MF,Haiti,21,2004,2,0,19,0.2,0,0,0,0,0,0,0,0,0.0,0.0,0.0,0.0,0.0,Matches,CONCACAF
604,Roderick Miller,DF,Panama,33,1992,1,1,45,0.5,0,0,0,0,0,0,0,0,0.0,0.0,0.0,0.0,0.0,Matches,CONCACAF
624,Janpol Morales,MF,Panama,27,1998,2,1,71,0.8,0,0,0,0,0,0,0,0,0.0,0.0,0.0,0.0,0.0,Matches,CONCACAF
634,Orlando Mosquera,GK,Panama,31,1994,6,6,540,6.0,0,0,0,0,0,0,0,0,0.0,0.0,0.0,0.0,0.0,Matches,CONCACAF
648,Duckens Nazon,FW,Haiti,31,1994,10,5,590,6.6,6,2,8,6,0,1,1,0,0.92,0.31,1.22,0.92,1.22,Matches,CONCACAF
657,Tyrese Noslin,MF,Curaçao,23,2002,3,0,65,0.7,1,0,1,1,0,0,0,0,1.38,0.0,1.38,1.38,1.38,Matches,CONCACAF
663,Armando Obispo,DF,Curaçao,26,1999,4,4,342,3.8,0,0,0,0,0,0,1,0,0.0,0.0,0.0,0.0,0.0,Matches,CONCACAF
674,Woobens Pacius,FW,Haiti,24,2001,1,0,4,0.0,0,0,0,0,0,0,0,0,0.0,0.0,0.0,0.0,0.0,Matches,CONCACAF
684,Wilguens Paugain,DF,Haiti,24,2001,1,0,45,0.5,0,0,0,0,0,0,0,0,0.0,0.0,0.0,0.0,0.0,Matches,CONCACAF
689,Jordi Paulina,FW,Curaçao,21,2004,2,0,46,0.5,2,0,2,1,1,1,0,0,3.91,0.0,3.91,1.96,1.96,Matches,CONCACAF
704,Fafà Picault,"MF,FW",Haiti,34,1991,4,4,304,3.4,0,1,1,0,0,0,0,0,0.0,0.3,0.3,0.0,0.3,Matches,CONCACAF
706,Alexandre Pierre,GK,Haiti,24,2001,1,1,90,1.0,0,0,0,0,0,0,0,0,0.0,0.0,0.0,0.0,0.0,Matches,CONCACAF
707,Leverton Pierre,MF,Haiti,27,1998,9,6,594,6.6,0,0,0,0,0,0,1,0,0.0,0.0,0.0,0.0,0.0,Matches,CONCACAF
709,Frantzdy Pierrot,FW,Haiti,30,1995,10,10,746,8.3,2,1,3,2,0,0,0,0,0.24,0.12,0.36,0.24,0.36,Matches,CONCACAF
715,Johny Placide,GK,Haiti,38,1988,8,8,720,8.0,0,0,0,0,0,0,0,0,0.0,0.0,0.0,0.0,0.0,Matches,CONCACAF
723,Ruben Providence,MF,Haiti,24,2001,7,4,415,4.6,2,1,3,2,0,0,0,0,0.43,0.22,0.65,0.43,0.65,Matches,CONCACAF
724,Mondy Prunier,FW,Haiti,26,1999,2,0,22,0.2,1,0,1,1,0,0,0,0,4.09,0.0,4.09,4.09,4.09,Matches,CONCACAF
729,Alberto Quintero,"FW,MF",Panama,38,1987,2,0,31,0.3,0,0,0,0,0,0,0,0,0.0,0.0,0.0,0.0,0.0,Matches,CONCACAF
736,Jiovany Ramos,DF,Panama,29,1997,2,1,150,1.7,0,0,0,0,0,0,0,0,0.0,0.0,0.0,0.0,0.0,Matches,CONCACAF
778,Tomas Rodriguez,FW,Panama,26,1999,3,1,113,1.3,0,0,0,0,0,0,0,0,0.0,0.0,0.0,0.0,0.0,Matches,CONCACAF
779,Godfried Roemeratoe,MF,Curaçao,26,1999,8,2,217,2.4,0,0,0,0,0,0,2,0,0.0,0.0,0.0,0.0,0.0,Matches,CONCACAF
786,Eloy Room,GK,Curaçao,36,1989,10,10,900,10.0,0,0,0,0,0,0,0,0,0.0,0.0,0.0,0.0,0.0,Matches,CONCACAF
789,Rayvien Rosario,MF,Curaçao,21,2004,2,0,57,0.6,0,2,2,0,0,0,0,0,0.0,3.16,3.16,0.0,3.16,Matches,CONCACAF
790,Everardo Rose,FW,Panama,26,1999,1,0,7,0.1,0,0,0,0,0,0,1,0,0.0,0.0,0.0,0.0,0.0,Matches,CONCACAF
801,Shurandy Sambo,"DF,MF",Curaçao,24,2001,6,6,540,6.0,0,0,0,0,0,0,0,0,0.0,0.0,0.0,0.0,0.0,Matches,CONCACAF
821,Xander Severina,FW,Curaçao,24,2001,2,1,51,0.6,1,0,1,1,0,0,0,0,1.76,0.0,1.76,1.76,1.76,Matches,CONCACAF
872,Keeto Thermoncy,DF,Haiti,19,2006,1,0,1,0.0,0,0,0,0,0,0,0,0,0.0,0.0,0.0,0.0,0.0,Matches,CONCACAF
923,Cecilio Waterman,FW,Panama,34,1991,8,5,324,3.6,2,0,2,2,0,0,0,0,0.56,0.0,0.56,0.56,0.56,Matches,CONCACAF
927,Jovani Welch,MF,Panama,26,1999,2,1,53,0.6,1,0,1,1,0,0,0,0,1.7,0.0,1.7,1.7,1.7,Matches,CONCACAF
946,César Yanis,MF,Panama,30,1996,3,2,225,2.5,1,0,1,1,0,0,0,0,0.4,0.0,0.4,0.4,0.4,Matches,CONCACAF
949,Édgar Yoel Bárcenas,MF,Panama,32,1993,6,5,402,4.5,0,1,1,0,0,0,0,0,0.0,0.22,0.22,0.0,0.22,Matches,CONCACAF
952,Joshua Zimmerman,MF,Curaçao,24,2001,2,0,27,0.3,0,0,0,0,0,0,0,0,0.0,0.0,0.0,0.0,0.0,Matches,CONCACAF
1,Abner,DF,Brazil,25,2000,4,4,320,3.6,0,0,0,0,0,0,0,0,0.0,0.0,0.0,0.0,0.0,Matches,CONMEBOL
4,Marcos Acuña,DF,Argentina,34,1991,5,1,128,1.4,0,0,0,0,0,0,0,0,0.0,0.0,0.0,0.0,0.0,Matches,CONMEBOL
6,Rodrigo Aguirre,"FW,MF",Uruguay,31,1994,7,5,430,4.8,3,1,4,3,0,0,1,0,0.63,0.21,0.84,0.63,0.84,Matches,CONMEBOL
8,Jordy Alcivar,MF,Ecuador,26,1999,2,1,122,1.4,0,0,0,0,0,0,0,0,0.0,0.0,0.0,0.0,0.0,Matches,CONMEBOL
9,Omar Alderete,DF,Paraguay,29,1996,14,14,1208,13.4,2,0,2,2,0,0,2,0,0.15,0.0,0.15,0.15,0.15,Matches,CONMEBOL
11,Alisson,GK,Brazil,33,1992,9,9,797,8.9,0,0,0,0,0,0,0,0,0.0,0.0,0.0,0.0,0.0,Matches,CONMEBOL
12,Thiago Almada,"MF,FW",Argentina,24,2001,7,6,476,5.3,3,2,5,3,0,0,1,0,0.57,0.38,0.95,0.57,0.95,Matches,CONMEBOL
13,Miguel Almirón,"MF,FW",Paraguay,31,1994,15,15,1280,14.2,1,1,2,1,0,0,2,0,0.07,0.07,0.14,0.07,0.14,Matches,CONMEBOL
14,Júnior Alonso,DF,Paraguay,32,1993,12,12,1060,11.8,1,1,2,1,0,0,4,0,0.08,0.08,0.17,0.08,0.17,Matches,CONMEBOL
15,Agustín Álvarez,FW,Uruguay,24,2001,1,0,6,0.1,0,0,0,0,0,0,0,0,0.0,0.0,0.0,0.0,0.0,Matches,CONMEBOL
16,Julián Álvarez,FW,Argentina,26,2000,18,16,1325,14.7,4,3,7,4,0,0,1,0,0.27,0.2,0.48,0.27,0.48,Matches,CONMEBOL
17,Kevin Amaro,DF,Uruguay,21,2004,1,0,20,0.2,0,0,0,0,0,0,0,0,0.0,0.0,0.0,0.0,0.0,Matches,CONMEBOL
19,André,MF,Brazil,24,2001,10,6,524,5.8,0,0,0,0,0,0,2,0,0.0,0.0,0.0,0.0,0.0,Matches,CONMEBOL
22,Álvaro Angulo,DF,Colombia,28,1997,1,1,90,1.0,0,0,0,0,0,0,0,0,0.0,0.0,0.0,0.0,0.0,Matches,CONMEBOL
23,Nilson Angulo,MF,Ecuador,22,2003,4,4,306,3.4,0,0,0,0,0,0,0,0,0.0,0.0,0.0,0.0,0.0,Matches,CONMEBOL
26,Guilherme Arana,DF,Brazil,28,1997,6,5,446,5.0,0,0,0,0,0,0,0,0,0.0,0.0,0.0,0.0,0.0,Matches,CONMEBOL
28,Maximiliano Araújo,"MF,FW",Uruguay,25,2000,15,14,1170,13.0,0,4,4,0,0,0,0,0,0.0,0.31,0.31,0.0,0.31,Matches,CONMEBOL
30,Ronald Araújo,DF,Uruguay,26,1999,8,8,720,8.0,1,0,1,1,0,0,2,0,0.12,0.0,0.12,0.12,0.12,Matches,CONMEBOL
32,Robert Arboleda,DF,Ecuador,34,1991,3,3,249,2.8,0,0,0,0,0,0,0,0,0.0,0.0,0.0,0.0,0.0,Matches,CONMEBOL
33,Alex Arce,FW,Paraguay,30,1995,5,2,190,2.1,0,0,0,0,0,0,0,0,0.0,0.0,0.0,0.0,0.0,Matches,CONMEBOL
36,Jhon Arias,MF,Colombia,28,1997,17,15,1139,12.7,0,2,2,0,0,0,3,0,0.0,0.16,0.16,0.0,0.16,Matches,CONMEBOL
37,Santiago Arias,DF,Colombia,34,1992,4,4,359,4.0,0,2,2,0,0,0,0,0,0.0,0.5,0.5,0.0,0.5,Matches,CONMEBOL
40,Keny Arroyo,MF,Ecuador,19,2006,2,0,33,0.4,0,0,0,0,0,0,0,0,0.0,0.0,0.0,0.0,0.0,Matches,CONMEBOL
41,Santiago Arzamendia,DF,Paraguay,27,1998,1,0,8,0.1,0,0,0,0,0,0,0,0,0.0,0.0,0.0,0.0,0.0,Matches,CONMEBOL
43,Yaser Asprilla,"FW,MF",Colombia,22,2003,2,0,47,0.5,0,0,0,0,0,0,0,0,0.0,0.0,0.0,0.0,0.0,Matches,CONMEBOL
45,Carlos Augusto,DF,Brazil,27,1999,2,2,162,1.8,0,0,0,0,0,0,1,0,0.0,0.0,0.0,0.0,0.0,Matches,CONMEBOL
46,Gabriel Ávalos,FW,Paraguay,35,1990,11,4,411,4.6,0,0,0,0,0,0,0,0,0.0,0.0,0.0,0.0,0.0,Matches,CONMEBOL
48,Fabián Balbuena,DF,Paraguay,34,1991,9,8,731,8.1,0,0,0,0,0,0,0,0,0.0,0.0,0.0,0.0,0.0,Matches,CONMEBOL
49,Leonardo Balerdi,DF,Argentina,27,1999,7,3,330,3.7,0,0,0,0,0,0,1,0,0.0,0.0,0.0,0.0,0.0,Matches,CONMEBOL
50,Adam Bareiro,FW,Paraguay,29,1996,3,3,208,2.3,0,0,0,0,0,0,2,0,0.0,0.0,0.0,0.0,0.0,Matches,CONMEBOL
51,Wílmar Barrios,MF,Colombia,32,1993,3,1,99,1.1,0,0,0,0,0,0,0,0,0.0,0.0,0.0,0.0,0.0,Matches,CONMEBOL
52,José Luis Rodríguez Bebanz,DF,Uruguay,28,1997,1,0,25,0.3,0,0,0,0,0,0,0,0,0.0,0.0,0.0,0.0,0.0,Matches,CONMEBOL
56,Rodrigo Bentancur,MF,Uruguay,28,1997,9,8,732,8.1,0,1,1,0,0,0,4,0,0.0,0.12,0.12,0.0,0.12,Matches,CONMEBOL
57,Bento,GK,Brazil,26,1999,2,1,103,1.1,0,0,0,0,0,0,0,0,0.0,0.0,0.0,0.0,0.0,Matches,CONMEBOL
58,Lucas Beraldo,DF,Brazil,22,2003,1,0,17,0.2,0,0,0,0,0,0,0,0,0.0,0.0,0.0,0.0,0.0,Matches,CONMEBOL
59,Damián Bobadilla,MF,Paraguay,24,2001,9,6,509,5.7,0,0,0,0,0,0,1,0,0.0,0.0,0.0,0.0,0.0,Matches,CONMEBOL
60,Cristian Borja,DF,Colombia,32,1993,4,3,313,3.5,0,1,1,0,0,0,0,0,0.0,0.29,0.29,0.0,0.29,Matches,CONMEBOL
61,Rafael Borré,"FW,MF",Colombia,30,1995,9,6,452,5.0,2,0,2,1,1,1,0,0,0.4,0.0,0.4,0.2,0.2,Matches,CONMEBOL
63,Fabrício Bruno,DF,Brazil,29,1996,1,1,90,1.0,0,0,0,0,0,0,1,0,0.0,0.0,0.0,0.0,0.0,Matches,CONMEBOL
64,Santiago Bueno,DF,Uruguay,27,1998,4,3,315,3.5,0,0,0,0,0,0,1,0,0.0,0.0,0.0,0.0,0.0,Matches,CONMEBOL
65,Hernesto Caballero,MF,Paraguay,34,1991,2,0,73,0.8,0,0,0,0,0,0,2,0,0.0,0.0,0.0,0.0,0.0,Matches,CONMEBOL
69,Juan Cáceres,"DF,MF",Paraguay,25,2000,12,10,924,10.3,0,1,1,0,0,0,3,0,0.0,0.1,0.1,0.0,0.1,Matches,CONMEBOL
70,Sebastián Cáceres,DF,Uruguay,26,1999,12,11,916,10.2,0,0,0,0,0,0,1,0,0.0,0.0,0.0,0.0,0.0,Matches,CONMEBOL
72,Beder Caicedo,"DF,MF",Ecuador,33,1992,1,0,13,0.1,0,0,0,0,0,0,0,0,0.0,0.0,0.0,0.0,0.0,Matches,CONMEBOL
73,Jordy Caicedo,FW,Ecuador,28,1997,2,1,57,0.6,0,0,0,0,0,0,0,0,0.0,0.0,0.0,0.0,0.0,Matches,CONMEBOL
74,Moisés Caicedo,MF,Ecuador,24,2001,16,16,1399,15.5,0,3,3,0,0,0,5,1,0.0,0.19,0.19,0.0,0.19,Matches,CONMEBOL
77,Juan Camilo Portilla,MF,Colombia,27,1998,5,2,194,2.2,0,0,0,0,0,0,1,0,0.0,0.0,0.0,0.0,0.0,Matches,CONMEBOL
78,Leonardo Campana,FW,Ecuador,25,2000,3,0,54,0.6,0,0,0,0,0,0,0,0,0.0,0.0,0.0,0.0,0.0,Matches,CONMEBOL
79,Jaminton Campaz,FW,Colombia,25,2000,5,1,154,1.7,0,0,0,0,0,0,1,0,0.0,0.0,0.0,0.0,0.0,Matches,CONMEBOL
80,Álvaro Campuzano,MF,Paraguay,30,1995,3,2,166,1.8,0,0,0,0,0,0,0,0,0.0,0.0,0.0,0.0,0.0,Matches,CONMEBOL
81,Agustín Canobbio,MF,Uruguay,27,1998,3,1,76,0.8,1,0,1,1,0,0,0,0,1.18,0.0,1.18,1.18,1.18,Matches,CONMEBOL
82,Felipe Carballo,MF,Uruguay,29,1996,3,0,54,0.6,0,0,0,0,0,0,0,0,0.0,0.0,0.0,0.0,0.0,Matches,CONMEBOL
83,Óscar Cardozo,FW,Paraguay,42,1983,1,0,6,0.1,0,0,0,0,0,0,0,0,0.0,0.0,0.0,0.0,0.0,Matches,CONMEBOL
87,Jorge Carrascal,MF,Colombia,27,1998,7,2,220,2.4,0,0,0,0,0,0,1,0,0.0,0.0,0.0,0.0,0.0,Matches,CONMEBOL
88,Rafael Carrascal,MF,Colombia,33,1992,1,0,18,0.2,0,0,0,0,0,0,0,0,0.0,0.0,0.0,0.0,0.0,Matches,CONMEBOL
91,Casemiro,MF,Brazil,33,1992,7,7,593,6.6,0,0,0,0,0,0,2,0,0.0,0.0,0.0,0.0,0.0,Matches,CONMEBOL
93,Kevin Castaño,MF,Colombia,25,2000,9,7,562,6.2,0,1,1,0,0,0,2,0,0.0,0.16,0.16,0.0,0.16,Matches,CONMEBOL
94,Valentín Castellanos,FW,Argentina,27,1998,2,0,7,0.1,0,0,0,0,0,0,0,0,0.0,0.0,0.0,0.0,0.0,Matches,CONMEBOL
95,Denil Castillo,MF,Ecuador,21,2004,1,0,1,0.0,0,0,0,0,0,0,0,0,0.0,0.0,0.0,0.0,0.0,Matches,CONMEBOL
102,Jhoanner Chávez,"MF,DF",Ecuador,23,2002,5,2,203,2.3,0,0,0,0,0,0,0,0,0.0,0.0,0.0,0.0,0.0,Matches,CONMEBOL
105,José Cifuentes,MF,Ecuador,26,1999,3,3,210,2.3,0,0,0,0,0,0,2,0,0.0,0.0,0.0,0.0,0.0,Matches,CONMEBOL
107,Jhon Córdoba,FW,Colombia,32,1993,10,5,510,5.7,2,0,2,2,0,0,3,0,0.35,0.0,0.35,0.35,0.35,Matches,CONMEBOL
109,Carlos Coronel,GK,Paraguay,29,1996,6,6,540,6.0,0,0,0,0,0,0,0,0,0.0,0.0,0.0,0.0,0.0,Matches,CONMEBOL
110,Janner Corozo,MF,Ecuador,30,1995,2,1,92,1.0,0,0,0,0,0,0,0,0,0.0,0.0,0.0,0.0,0.0,Matches,CONMEBOL
111,Ángel Correa,"FW,MF",Argentina,30,1995,4,0,28,0.3,0,0,0,0,0,0,0,0,0.0,0.0,0.0,0.0,0.0,Matches,CONMEBOL
114,Yan Couto,DF,Brazil,23,2002,2,1,121,1.3,0,0,0,0,0,0,0,0,0.0,0.0,0.0,0.0,0.0,Matches,CONMEBOL
115,Juan Cuadrado,FW,Colombia,37,1988,1,1,45,0.5,0,0,0,0,0,0,0,0,0.0,0.0,0.0,0.0,0.0,Matches,CONMEBOL
116,Andrés Cubas,MF,Paraguay,29,1996,13,13,1123,12.5,0,0,0,0,0,0,4,0,0.0,0.0,0.0,0.0,0.0,Matches,CONMEBOL
117,Cucho,MF,Colombia,26,1999,2,1,74,0.8,0,0,0,0,0,0,0,0,0.0,0.0,0.0,0.0,0.0,Matches,CONMEBOL
121,Hugo Cuenca,MF,Paraguay,21,2005,1,0,5,0.1,0,0,0,0,0,0,0,0,0.0,0.0,0.0,0.0,0.0,Matches,CONMEBOL
122,Carlos Cuesta,DF,Colombia,26,1999,5,4,331,3.7,0,0,0,0,0,0,1,0,0.0,0.0,0.0,0.0,0.0,Matches,CONMEBOL
123,Matheus Cunha,MF,Brazil,26,1999,7,2,243,2.7,1,1,2,1,0,0,1,0,0.37,0.37,0.74,0.37,0.74,Matches,CONMEBOL
125,Danilo,DF,Brazil,34,1991,8,7,577,6.4,0,0,0,0,0,0,1,0,0.0,0.0,0.0,0.0,0.0,Matches,CONMEBOL
126,Juan David Cabal,DF,Colombia,25,2001,2,0,8,0.1,0,0,0,0,0,0,0,0,0.0,0.0,0.0,0.0,0.0,Matches,CONMEBOL
127,Álvaro David Montero,GK,Colombia,30,1995,2,1,91,1.0,0,0,0,0,0,0,0,0,0.0,0.0,0.0,0.0,0.0,Matches,CONMEBOL
129,Giorgian De Arrascaeta,MF,Uruguay,31,1994,8,6,462,5.1,2,0,2,2,0,0,0,0,0.39,0.0,0.39,0.39,0.39,Matches,CONMEBOL
130,Nicolás De La Cruz,MF,Uruguay,28,1997,8,6,567,6.3,3,3,6,3,0,0,1,0,0.48,0.48,0.95,0.48,0.95,Matches,CONMEBOL
131,Rodrigo De Paul,MF,Argentina,31,1994,17,17,1353,15.0,0,1,1,0,0,0,2,0,0.0,0.07,0.07,0.0,0.07,Matches,CONMEBOL
133,Ángel Di María,FW,Argentina,37,1988,4,1,170,1.9,0,2,2,0,0,0,0,0,0.0,1.06,1.06,0.0,1.06,Matches,CONMEBOL
134,Luis Díaz,"FW,MF",Colombia,29,1997,17,17,1465,16.3,7,3,10,7,0,1,2,0,0.43,0.18,0.61,0.43,0.61,Matches,CONMEBOL
136,Willer Ditta,DF,Colombia,29,1997,2,1,95,1.1,0,0,0,0,0,0,0,0,0.0,0.0,0.0,0.0,0.0,Matches,CONMEBOL
137,Alexander Domínguez,GK,Ecuador,38,1987,2,2,180,2.0,0,0,0,0,0,0,0,0,0.0,0.0,0.0,0.0,0.0,Matches,CONMEBOL
138,Jáder Durán,FW,Colombia,22,2003,10,4,445,4.9,2,1,3,2,0,0,5,0,0.4,0.2,0.61,0.4,0.61,Matches,CONMEBOL
139,Paulo Dybala,"FW,MF",Argentina,32,1993,2,0,18,0.2,1,0,1,1,0,0,0,0,5.0,0.0,5.0,5.0,5.0,Matches,CONMEBOL
141,Ederson,GK,Brazil,32,1993,8,8,720,8.0,0,0,0,0,0,0,1,0,0.0,0.0,0.0,0.0,0.0,Matches,CONMEBOL
142,Éderson,MF,Brazil,26,1999,1,0,7,0.1,0,0,0,0,0,0,0,0,0.0,0.0,0.0,0.0,0.0,Matches,CONMEBOL
143,Emerson,DF,Brazil,27,1999,2,2,180,2.0,0,0,0,0,0,0,0,0,0.0,0.0,0.0,0.0,0.0,Matches,CONMEBOL
144,Julio Enciso,"MF,FW",Paraguay,22,2004,10,9,792,8.8,3,1,4,2,1,2,0,0,0.34,0.11,0.45,0.23,0.34,Matches,CONMEBOL
145,Endrick,FW,Brazil,19,2006,6,1,146,1.6,0,0,0,0,0,0,1,0,0.0,0.0,0.0,0.0,0.0,Matches,CONMEBOL
146,Alberto Espínola,DF,Paraguay,34,1991,1,1,66,0.7,0,0,0,0,0,0,0,0,0.0,0.0,0.0,0.0,0.0,Matches,CONMEBOL
147,Matías Espinoza,"DF,MF",Paraguay,28,1997,4,4,360,4.0,0,1,1,0,0,0,0,0,0.0,0.25,0.25,0.0,0.25,Matches,CONMEBOL
148,Pervis Estupiñán,"DF,MF",Ecuador,28,1998,13,13,1118,12.4,0,0,0,0,0,0,0,0,0.0,0.0,0.0,0.0,0.0,Matches,CONMEBOL
149,Frank Fabra,DF,Colombia,34,1991,1,1,90,1.0,0,0,0,0,0,0,0,0,0.0,0.0,0.0,0.0,0.0,Matches,CONMEBOL
150,Andrés Felipe Román,"DF,FW",Colombia,30,1995,1,0,34,0.4,0,0,0,0,0,0,1,0,0.0,0.0,0.0,0.0,0.0,Matches,CONMEBOL
152,Enzo Fernández,MF,Argentina,25,2001,15,15,1267,14.1,2,3,5,2,0,0,2,1,0.14,0.21,0.36,0.14,0.36,Matches,CONMEBOL
153,Gatito Fernández,GK,Paraguay,37,1988,11,11,990,11.0,0,0,0,0,0,0,1,0,0.0,0.0,0.0,0.0,0.0,Matches,CONMEBOL
157,Nicolas Fonseca,MF,Uruguay,27,1998,4,1,106,1.2,0,0,0,0,0,0,1,0,0.0,0.0,0.0,0.0,0.0,Matches,CONMEBOL
158,Juan Foyth,DF,Argentina,28,1998,3,0,73,0.8,0,0,0,0,0,0,0,0,0.0,0.0,0.0,0.0,0.0,Matches,CONMEBOL
159,Alan Franco,MF,Ecuador,27,1998,13,12,1057,11.7,0,2,2,0,0,0,3,1,0.0,0.17,0.17,0.0,0.17,Matches,CONMEBOL
160,Matías Galarza,MF,Paraguay,23,2002,7,3,357,4.0,2,1,3,2,0,0,2,0,0.5,0.25,0.76,0.5,0.76,Matches,CONMEBOL
162,Hernán Galíndez,GK,Ecuador,38,1987,12,12,1080,12.0,0,0,0,0,0,0,0,0,0.0,0.0,0.0,0.0,0.0,Matches,CONMEBOL
166,Alejandro Garnacho,MF,Argentina,21,2004,3,0,45,0.5,0,1,1,0,0,0,0,0,0.0,2.0,2.0,0.0,2.0,Matches,CONMEBOL
167,Gerson,MF,Brazil,28,1997,10,5,479,5.3,1,0,1,1,0,0,0,0,0.19,0.0,0.19,0.19,0.19,Matches,CONMEBOL
168,Orlando Gill,GK,Paraguay,25,2000,1,1,90,1.0,0,0,0,0,0,0,0,0,0.0,0.0,0.0,0.0,0.0,Matches,CONMEBOL
169,João Gomes,MF,Brazil,24,2001,2,0,51,0.6,0,0,0,0,0,0,0,0,0.0,0.0,0.0,0.0,0.0,Matches,CONMEBOL
170,Andrés Gómez,MF,Colombia,23,2002,2,0,10,0.1,1,0,1,1,0,0,0,0,9.0,0.0,9.0,9.0,9.0,Matches,CONMEBOL
171,Diego Gómez,MF,Paraguay,22,2003,13,12,877,9.7,1,2,3,1,0,0,2,1,0.1,0.21,0.31,0.1,0.31,Matches,CONMEBOL
172,Gustavo Gómez,DF,Paraguay,32,1993,15,15,1350,15.0,0,0,0,0,0,0,2,0,0.0,0.0,0.0,0.0,0.0,Matches,CONMEBOL
173,Maxi Gómez,FW,Uruguay,29,1996,1,0,18,0.2,0,0,0,0,0,0,0,0,0.0,0.0,0.0,0.0,0.0,Matches,CONMEBOL
176,Carlos González Espínola,FW,Paraguay,32,1993,2,0,45,0.5,0,0,0,0,0,0,1,0,0.0,0.0,0.0,0.0,0.0,Matches,CONMEBOL
177,Nicolás González,"FW,MF",Argentina,27,1998,12,8,721,8.0,2,2,4,2,0,0,0,1,0.25,0.25,0.5,0.25,0.5,Matches,CONMEBOL
179,Carlos Gruezo,MF,Ecuador,30,1995,7,4,487,5.4,0,0,0,0,0,0,3,0,0.0,0.0,0.0,0.0,0.0,Matches,CONMEBOL
180,Darwin Guagua,FW,Ecuador,18,2007,1,1,59,0.7,0,0,0,0,0,0,0,0,0.0,0.0,0.0,0.0,0.0,Matches,CONMEBOL
183,Bruno Guimarães,MF,Brazil,28,1997,17,16,1313,14.6,1,2,3,1,0,0,4,0,0.07,0.14,0.21,0.07,0.21,Matches,CONMEBOL
186,Luiz Henrique,"MF,FW",Brazil,25,2001,8,2,292,3.2,2,2,4,2,0,0,0,0,0.62,0.62,1.23,0.62,1.23,Matches,CONMEBOL
188,Piero Hincapié,DF,Ecuador,24,2002,14,14,1203,13.4,0,0,0,0,0,0,2,1,0.0,0.0,0.0,0.0,0.0,Matches,CONMEBOL
189,Marino Hinestroza,MF,Colombia,23,2002,2,0,33,0.4,0,0,0,0,0,0,0,0,0.0,0.0,0.0,0.0,0.0,Matches,CONMEBOL
191,José Hurtado,DF,Ecuador,24,2001,3,1,93,1.0,0,0,0,0,0,0,0,0,0.0,0.0,0.0,0.0,0.0,Matches,CONMEBOL
192,Roger Ibanez,DF,Brazil,27,1998,1,0,7,0.1,0,0,0,0,0,0,0,0,0.0,0.0,0.0,0.0,0.0,Matches,CONMEBOL
195,Luis Javier Suárez,FW,Colombia,28,1997,2,1,113,1.3,4,0,4,4,0,0,0,0,3.19,0.0,3.19,3.19,3.19,Matches,CONMEBOL
196,Gabriel Jesus,FW,Brazil,28,1997,5,2,241,2.7,0,0,0,0,0,0,2,0,0.0,0.0,0.0,0.0,0.0,Matches,CONMEBOL
197,Igor Jesus,FW,Brazil,24,2001,4,4,276,3.1,1,1,2,1,0,0,0,0,0.33,0.33,0.65,0.33,0.65,Matches,CONMEBOL
198,Julio Joao Ortíz,MF,Ecuador,29,1996,5,1,151,1.7,0,0,0,0,0,0,0,0,0.0,0.0,0.0,0.0,0.0,Matches,CONMEBOL
199,João Pedro,FW,Brazil,24,2001,5,2,268,3.0,0,0,0,0,0,0,0,0,0.0,0.0,0.0,0.0,0.0,Matches,CONMEBOL
200,Joelinton,MF,Brazil,29,1996,5,1,143,1.6,0,0,0,0,0,0,1,1,0.0,0.0,0.0,0.0,0.0,Matches,CONMEBOL
201,Kaio Jorge,FW,Brazil,24,2002,1,0,20,0.2,0,0,0,0,0,0,0,0,0.0,0.0,0.0,0.0,0.0,Matches,CONMEBOL
202,Jhojan Julio,FW,Ecuador,27,1998,4,1,125,1.4,0,0,0,0,0,0,0,0,0.0,0.0,0.0,0.0,0.0,Matches,CONMEBOL
203,Vinicius Júnior,"FW,MF",Brazil,25,2000,11,11,893,9.9,2,1,3,2,0,1,2,0,0.2,0.1,0.3,0.2,0.3,Matches,CONMEBOL
206,Kaku,MF,Paraguay,31,1995,12,1,214,2.4,0,0,0,0,0,0,0,0,0.0,0.0,0.0,0.0,0.0,Matches,CONMEBOL
211,Ivan Leguizamon,"FW,MF",Paraguay,23,2002,1,0,45,0.5,0,0,0,0,0,0,0,0,0.0,0.0,0.0,0.0,0.0,Matches,CONMEBOL
212,Jefferson Lerma,MF,Colombia,31,1994,14,12,1086,12.1,0,0,0,0,0,0,0,0,0.0,0.0,0.0,0.0,0.0,Matches,CONMEBOL
214,Samuel Lino,FW,Brazil,26,1999,1,1,60,0.7,0,0,0,0,0,0,0,0,0.0,0.0,0.0,0.0,0.0,Matches,CONMEBOL
215,Giovani Lo Celso,MF,Argentina,29,1996,9,2,251,2.8,0,2,2,0,0,0,1,0,0.0,0.72,0.72,0.0,0.72,Matches,CONMEBOL
216,Renan Lodi,DF,Brazil,27,1998,3,3,240,2.7,0,0,0,0,0,0,1,0,0.0,0.0,0.0,0.0,0.0,Matches,CONMEBOL
221,Jean Lucas,MF,Brazil,27,1998,1,0,18,0.2,0,0,0,0,0,0,0,0,0.0,0.0,0.0,0.0,0.0,Matches,CONMEBOL
222,Jhon Lucumí,DF,Colombia,27,1998,14,14,1260,14.0,0,0,0,0,0,0,1,0,0.0,0.0,0.0,0.0,0.0,Matches,CONMEBOL
223,Douglas Luiz,MF,Brazil,27,1998,2,0,22,0.2,0,0,0,0,0,0,0,0,0.0,0.0,0.0,0.0,0.0,Matches,CONMEBOL
224,Alexis Mac Allister,MF,Argentina,27,1998,14,13,1041,11.6,2,0,2,2,0,0,1,0,0.17,0.0,0.17,0.17,0.17,Matches,CONMEBOL
225,Deiver Machado,DF,Colombia,32,1993,5,5,405,4.5,0,0,0,0,0,0,1,0,0.0,0.0,0.0,0.0,0.0,Matches,CONMEBOL
227,Gabriel Magalhães,DF,Brazil,28,1997,14,14,1225,13.6,1,0,1,1,0,0,2,0,0.07,0.0,0.07,0.07,0.07,Matches,CONMEBOL
230,José María Giménez,DF,Uruguay,31,1995,9,8,765,8.5,0,0,0,0,0,0,1,0,0.0,0.0,0.0,0.0,0.0,Matches,CONMEBOL
231,Nicolas Marichal,DF,Uruguay,24,2001,2,1,131,1.5,0,0,0,0,0,0,0,0,0.0,0.0,0.0,0.0,0.0,Matches,CONMEBOL
234,Marquinhos,DF,Brazil,31,1994,18,17,1515,16.8,1,0,1,1,0,0,0,0,0.06,0.0,0.06,0.06,0.06,Matches,CONMEBOL
235,Gabriel Martinelli,MF,Brazil,24,2001,9,4,408,4.5,1,0,1,1,0,0,1,0,0.22,0.0,0.22,0.22,0.22,Matches,CONMEBOL
237,Emiliano Martínez,MF,Uruguay,26,1999,2,1,102,1.1,0,0,0,0,0,0,1,0,0.0,0.0,0.0,0.0,0.0,Matches,CONMEBOL
238,Emiliano Martínez,GK,Argentina,33,1992,16,16,1440,16.0,0,0,0,0,0,0,0,0,0.0,0.0,0.0,0.0,0.0,Matches,CONMEBOL
240,Lautaro Martínez,FW,Argentina,28,1997,14,8,738,8.2,4,1,5,4,0,0,2,0,0.49,0.12,0.61,0.49,0.61,Matches,CONMEBOL
241,Lisandro Martínez,DF,Argentina,28,1998,3,2,159,1.8,0,0,0,0,0,0,0,0,0.0,0.0,0.0,0.0,0.0,Matches,CONMEBOL
242,Lucas Martínez Quarta,"DF,MF",Argentina,29,1996,1,0,57,0.6,0,0,0,0,0,0,0,0,0.0,0.0,0.0,0.0,0.0,Matches,CONMEBOL
243,Roger Martínez,FW,Colombia,31,1994,1,1,22,0.2,0,0,0,0,0,0,0,0,0.0,0.0,0.0,0.0,0.0,Matches,CONMEBOL
244,Ronaldo Martínez,FW,Paraguay,29,1996,2,2,105,1.2,0,0,0,0,0,0,0,0,0.0,0.0,0.0,0.0,0.0,Matches,CONMEBOL
246,Franco Mastantuono,MF,Argentina,18,2007,3,1,98,1.1,0,0,0,0,0,0,0,0,0.0,0.0,0.0,0.0,0.0,Matches,CONMEBOL
250,Facundo Medina,DF,Argentina,26,1999,4,1,105,1.2,0,0,0,0,0,0,0,0,0.0,0.0,0.0,0.0,0.0,Matches,CONMEBOL
251,Yaimar Medina,"DF,MF",Ecuador,21,2004,2,0,8,0.1,0,0,0,0,0,0,0,0,0.0,0.0,0.0,0.0,0.0,Matches,CONMEBOL
254,Santiago Mele,GK,Uruguay,28,1997,4,4,360,4.0,0,0,0,0,0,0,1,0,0.0,0.0,0.0,0.0,0.0,Matches,CONMEBOL
256,Ángel Mena,MF,Ecuador,38,1988,6,1,166,1.8,1,0,1,1,0,0,0,0,0.54,0.0,0.54,0.54,0.54,Matches,CONMEBOL
259,Bruno Méndez,DF,Uruguay,26,1999,2,0,28,0.3,0,0,0,0,0,0,0,0,0.0,0.0,0.0,0.0,0.0,Matches,CONMEBOL
260,Jhegson Méndez,MF,Ecuador,28,1997,2,1,46,0.5,0,0,0,0,0,0,0,0,0.0,0.0,0.0,0.0,0.0,Matches,CONMEBOL
264,John Mercado,FW,Ecuador,23,2002,4,1,111,1.2,0,0,0,0,0,0,1,0,0.0,0.0,0.0,0.0,0.0,Matches,CONMEBOL
265,Patrik Mercado,MF,Ecuador,22,2003,1,0,1,0.0,0,0,0,0,0,0,0,0,0.0,0.0,0.0,0.0,0.0,Matches,CONMEBOL
266,Miguel Merentiel,FW,Uruguay,29,1996,1,0,45,0.5,0,0,0,0,0,0,1,0,0.0,0.0,0.0,0.0,0.0,Matches,CONMEBOL
267,Lionel Messi,"FW,MF",Argentina,38,1987,12,10,944,10.5,8,3,11,8,0,0,0,0,0.76,0.29,1.05,0.76,1.05,Matches,CONMEBOL
268,Kevin Mier,GK,Colombia,25,2000,3,3,270,3.0,0,0,0,0,0,0,0,0,0.0,0.0,0.0,0.0,0.0,Matches,CONMEBOL
269,Yerry Mina,DF,Colombia,31,1994,8,5,457,5.1,1,0,1,1,0,0,2,0,0.2,0.0,0.2,0.2,0.2,Matches,CONMEBOL
270,Alan Minda,MF,Ecuador,22,2003,8,4,312,3.5,1,0,1,1,0,0,0,0,0.29,0.0,0.29,0.29,0.29,Matches,CONMEBOL
272,Johan Mojica,DF,Colombia,33,1992,8,8,714,7.9,0,1,1,0,0,0,1,0,0.0,0.13,0.13,0.0,0.13,Matches,CONMEBOL
273,Nahuel Molina,DF,Argentina,27,1998,16,14,1260,14.0,0,1,1,0,0,0,1,0,0.0,0.07,0.07,0.0,0.07,Matches,CONMEBOL
275,Gonzalo Montiel,DF,Argentina,29,1997,6,4,278,3.1,0,0,0,0,0,0,1,0,0.0,0.0,0.0,0.0,0.0,Matches,CONMEBOL
279,Dayro Moreno,"FW,MF",Colombia,40,1985,1,0,9,0.1,0,0,0,0,0,0,0,0,0.0,0.0,0.0,0.0,0.0,Matches,CONMEBOL
281,Yerson Mosquera,DF,Colombia,24,2001,4,2,175,1.9,1,0,1,1,0,0,1,0,0.51,0.0,0.51,0.51,0.51,Matches,CONMEBOL
282,Lucas Moura,"FW,MF",Brazil,33,1992,2,0,29,0.3,0,0,0,0,0,0,1,0,0.0,0.0,0.0,0.0,0.0,Matches,CONMEBOL
283,Daniel Muñoz,DF,Colombia,29,1996,13,13,1170,13.0,0,0,0,0,0,0,1,0,0.0,0.0,0.0,0.0,0.0,Matches,CONMEBOL
284,Murillo,DF,Brazil,23,2002,1,1,45,0.5,0,0,0,0,0,0,1,0,0.0,0.0,0.0,0.0,0.0,Matches,CONMEBOL
287,Nahitan Nández,"DF,MF",Uruguay,30,1995,13,12,1045,11.6,0,0,0,0,0,0,6,0,0.0,0.0,0.0,0.0,0.0,Matches,CONMEBOL
289,David Neres,"FW,MF",Brazil,28,1997,1,0,18,0.2,0,0,0,0,0,0,0,0,0.0,0.0,0.0,0.0,0.0,Matches,CONMEBOL
290,Neymar,MF,Brazil,33,1992,4,4,313,3.5,2,3,5,2,0,1,1,0,0.58,0.86,1.44,0.58,1.44,Matches,CONMEBOL
291,Nino,DF,Brazil,28,1997,1,0,45,0.5,0,0,0,0,0,0,0,0,0.0,0.0,0.0,0.0,0.0,Matches,CONMEBOL
293,Darwin Núñez,FW,Uruguay,26,1999,13,12,969,10.8,5,2,7,4,1,1,1,0,0.46,0.19,0.65,0.37,0.56,Matches,CONMEBOL
295,Lucas Ocampos,"FW,MF",Argentina,31,1994,1,0,1,0.0,0,0,0,0,0,0,0,0,0.0,0.0,0.0,0.0,0.0,Matches,CONMEBOL
296,Braian Ojeda,MF,Paraguay,25,2000,2,0,37,0.4,0,0,0,0,0,0,0,0,0.0,0.0,0.0,0.0,0.0,Matches,CONMEBOL
297,Lucas Olaza,DF,Uruguay,31,1994,2,2,166,1.8,0,0,0,0,0,0,0,0,0.0,0.0,0.0,0.0,0.0,Matches,CONMEBOL
298,Cristian Olivera,"FW,MF",Uruguay,23,2002,9,5,488,5.4,0,0,0,0,0,0,0,0,0.0,0.0,0.0,0.0,0.0,Matches,CONMEBOL
299,Mathías Olivera,DF,Uruguay,28,1997,12,10,885,9.8,1,1,2,1,0,0,4,0,0.1,0.1,0.2,0.1,0.2,Matches,CONMEBOL
300,Joel Ordóñez,DF,Ecuador,21,2004,8,8,691,7.7,0,0,0,0,0,0,1,0,0.0,0.0,0.0,0.0,0.0,Matches,CONMEBOL
303,Leo Ortiz,DF,Brazil,30,1996,2,0,46,0.5,0,0,0,0,0,0,1,0,0.0,0.0,0.0,0.0,0.0,Matches,CONMEBOL
304,Richard Ortiz,MF,Paraguay,35,1990,1,1,45,0.5,0,0,0,0,0,0,1,0,0.0,0.0,0.0,0.0,0.0,Matches,CONMEBOL
307,Nicolás Otamendi,DF,Argentina,37,1988,17,17,1452,16.1,3,0,3,3,0,0,2,1,0.19,0.0,0.19,0.19,0.19,Matches,CONMEBOL
309,Alfio Oviedo,FW,Paraguay,30,1995,1,0,4,0.0,0,0,0,0,0,0,0,0,0.0,0.0,0.0,0.0,0.0,Matches,CONMEBOL
310,Willian Pacho,DF,Ecuador,24,2001,18,18,1620,18.0,0,0,0,0,0,0,0,0,0.0,0.0,0.0,0.0,0.0,Matches,CONMEBOL
311,Kendry Páez,"MF,FW",Ecuador,18,2007,12,8,647,7.2,1,1,2,1,0,0,1,0,0.14,0.14,0.28,0.14,0.28,Matches,CONMEBOL
313,Exequiel Palacios,MF,Argentina,27,1998,9,1,210,2.3,0,3,3,0,0,0,1,0,0.0,1.29,1.29,0.0,1.29,Matches,CONMEBOL
315,Lucas Paquetá,MF,Brazil,28,1997,7,4,334,3.7,1,1,2,1,0,0,3,0,0.27,0.27,0.54,0.27,0.54,Matches,CONMEBOL
316,Leandro Paredes,MF,Argentina,31,1994,14,6,552,6.1,0,0,0,0,0,0,2,0,0.0,0.0,0.0,0.0,0.0,Matches,CONMEBOL
317,Paulinho,"FW,MF",Brazil,25,2000,1,0,22,0.2,0,0,0,0,0,0,0,0,0.0,0.0,0.0,0.0,0.0,Matches,CONMEBOL
320,Nicolás Paz,MF,Argentina,21,2004,4,1,99,1.1,0,1,1,0,0,0,0,0,0.0,0.91,0.91,0.0,0.91,Matches,CONMEBOL
321,Facundo Pellistri,"FW,MF",Uruguay,24,2001,17,14,1165,12.9,0,2,2,0,0,0,0,0,0.0,0.15,0.15,0.0,0.15,Matches,CONMEBOL
323,Pepê,"FW,MF",Brazil,28,1997,1,0,10,0.1,0,0,0,0,0,0,1,0,0.0,0.0,0.0,0.0,0.0,Matches,CONMEBOL
324,Andreas Pereira,MF,Brazil,30,1996,2,0,23,0.3,1,0,1,1,0,0,0,0,3.91,0.0,3.91,3.91,3.91,Matches,CONMEBOL
326,Matheus Pereira,"FW,MF",Brazil,29,1996,1,0,13,0.1,0,0,0,0,0,0,0,0,0.0,0.0,0.0,0.0,0.0,Matches,CONMEBOL
328,Nehuén Pérez,DF,Argentina,25,2000,1,0,15,0.2,0,0,0,0,0,0,0,0,0.0,0.0,0.0,0.0,0.0,Matches,CONMEBOL
329,Germán Pezzella,DF,Argentina,34,1991,2,1,135,1.5,0,0,0,0,0,0,1,0,0.0,0.0,0.0,0.0,0.0,Matches,CONMEBOL
330,Joaquín Piquerez,DF,Uruguay,27,1998,7,4,367,4.1,0,0,0,0,0,0,0,0,0.0,0.0,0.0,0.0,0.0,Matches,CONMEBOL
331,Iván Piris,DF,Paraguay,36,1989,2,0,33,0.4,0,0,0,0,0,0,1,0,0.0,0.0,0.0,0.0,0.0,Matches,CONMEBOL
332,Isidro Pitta,FW,Paraguay,26,1999,5,3,214,2.4,0,0,0,0,0,0,1,0,0.0,0.0,0.0,0.0,0.0,Matches,CONMEBOL
335,Gonzalo Plata,"MF,FW",Ecuador,25,2000,9,8,633,7.0,2,0,2,2,0,0,2,0,0.28,0.0,0.28,0.28,0.28,Matches,CONMEBOL
337,Ángelo Preciado,"MF,DF",Ecuador,27,1998,13,9,812,9.0,0,0,0,0,0,0,3,0,0.0,0.0,0.0,0.0,0.0,Matches,CONMEBOL
341,Juan Quintero,MF,Colombia,33,1993,6,1,181,2.0,2,2,4,2,0,0,1,0,0.99,0.99,1.99,0.99,1.99,Matches,CONMEBOL
345,Cristian Ramírez,DF,Ecuador,31,1994,1,0,14,0.2,0,0,0,0,0,0,0,0,0.0,0.0,0.0,0.0,0.0,Matches,CONMEBOL
347,Iván Ramírez,MF,Paraguay,31,1994,1,1,45,0.5,0,0,0,0,0,0,0,0,0.0,0.0,0.0,0.0,0.0,Matches,CONMEBOL
349,Moisés Ramírez,GK,Ecuador,25,2000,2,2,180,2.0,0,0,0,0,0,0,0,0,0.0,0.0,0.0,0.0,0.0,Matches,CONMEBOL
353,Raphinha,MF,Brazil,29,1996,13,12,1051,11.7,5,2,7,2,3,3,4,0,0.43,0.17,0.6,0.17,0.34,Matches,CONMEBOL
354,Leonardo Realpe,DF,Ecuador,24,2001,1,0,21,0.2,0,0,0,0,0,0,0,0,0.0,0.0,0.0,0.0,0.0,Matches,CONMEBOL
357,Alexsandro Ribeiro,DF,Brazil,26,1999,3,3,270,3.0,0,0,0,0,0,0,0,0,0.0,0.0,0.0,0.0,0.0,Matches,CONMEBOL
358,Richarlison,FW,Brazil,28,1997,8,5,385,4.3,0,0,0,0,0,0,1,0,0.0,0.0,0.0,0.0,0.0,Matches,CONMEBOL
360,Richard Ríos,MF,Colombia,25,2000,15,10,986,11.0,0,1,1,0,0,0,1,0,0.0,0.09,0.09,0.0,0.09,Matches,CONMEBOL
362,Blas Riveros,DF,Paraguay,27,1998,2,1,96,1.1,0,0,0,0,0,0,0,0,0.0,0.0,0.0,0.0,0.0,Matches,CONMEBOL
365,Sergio Rochet,GK,Uruguay,32,1993,14,14,1260,14.0,0,0,0,0,0,0,0,0,0.0,0.0,0.0,0.0,0.0,Matches,CONMEBOL
366,Brian Rodríguez,"MF,FW",Uruguay,25,2000,8,5,430,4.8,0,1,1,0,0,0,1,0,0.0,0.21,0.21,0.0,0.21,Matches,CONMEBOL
367,James Rodríguez,"MF,FW",Colombia,34,1991,18,14,1239,13.8,3,7,10,2,1,1,0,0,0.22,0.51,0.73,0.15,0.65,Matches,CONMEBOL
368,Kevin Rodríguez,FW,Ecuador,25,2000,16,5,550,6.1,1,0,1,1,0,0,0,0,0.16,0.0,0.16,0.16,0.16,Matches,CONMEBOL
369,Luciano Rodríguez,FW,Uruguay,22,2003,1,0,1,0.0,0,0,0,0,0,0,0,0,0.0,0.0,0.0,0.0,0.0,Matches,CONMEBOL
370,Rodrygo,"MF,FW",Brazil,25,2001,12,12,964,10.7,3,0,3,3,0,0,1,0,0.28,0.0,0.28,0.28,0.28,Matches,CONMEBOL
371,Matías Rojas,MF,Paraguay,30,1995,3,2,132,1.5,0,0,0,0,0,0,1,0,0.0,0.0,0.0,0.0,0.0,Matches,CONMEBOL
372,Robert Rojas,DF,Paraguay,29,1996,5,3,259,2.9,0,0,0,0,0,0,0,1,0.0,0.0,0.0,0.0,0.0,Matches,CONMEBOL
374,Ángel Romero,MF,Paraguay,33,1992,7,1,143,1.6,0,0,0,0,0,0,0,0,0.0,0.0,0.0,0.0,0.0,Matches,CONMEBOL
375,Cristian Romero,DF,Argentina,27,1998,15,15,1260,14.0,0,0,0,0,0,0,4,0,0.0,0.0,0.0,0.0,0.0,Matches,CONMEBOL
380,Gerónimo Rulli,GK,Argentina,33,1992,2,2,180,2.0,0,0,0,0,0,0,0,0,0.0,0.0,0.0,0.0,0.0,Matches,CONMEBOL
382,Antonio Sanabria,"FW,MF",Paraguay,29,1996,13,8,670,7.4,4,1,5,4,0,0,0,0,0.54,0.13,0.67,0.54,0.67,Matches,CONMEBOL
384,Davinson Sánchez,DF,Colombia,29,1996,12,11,1042,11.6,1,0,1,1,0,0,3,0,0.09,0.0,0.09,0.09,0.09,Matches,CONMEBOL
385,Richard Sánchez,MF,Paraguay,29,1996,2,1,135,1.5,0,0,0,0,0,0,0,0,0.0,0.0,0.0,0.0,0.0,Matches,CONMEBOL
386,Agustín Sández,"DF,MF",Paraguay,25,2001,4,3,222,2.5,0,0,0,0,0,0,1,0,0.0,0.0,0.0,0.0,0.0,Matches,CONMEBOL
387,Alex Sandro,DF,Brazil,35,1991,2,2,163,1.8,0,0,0,0,0,0,0,0,0.0,0.0,0.0,0.0,0.0,Matches,CONMEBOL
389,Andrey Santos,MF,Brazil,21,2004,3,1,110,1.2,0,0,0,0,0,0,0,0,0.0,0.0,0.0,0.0,0.0,Matches,CONMEBOL
390,Douglas Santos,DF,Brazil,31,1994,1,1,90,1.0,0,0,0,0,0,0,0,0,0.0,0.0,0.0,0.0,0.0,Matches,CONMEBOL
391,Marcelo Saracchi,DF,Uruguay,27,1998,5,2,189,2.1,0,0,0,0,0,0,0,0,0.0,0.0,0.0,0.0,0.0,Matches,CONMEBOL
392,Jeremy Sarmiento,MF,Ecuador,23,2002,3,1,113,1.3,0,0,0,0,0,0,0,0,0.0,0.0,0.0,0.0,0.0,Matches,CONMEBOL
395,Sávio,MF,Brazil,21,2004,6,4,309,3.4,0,1,1,0,0,0,0,0,0.0,0.29,0.29,0.0,0.29,Matches,CONMEBOL
399,Caio Henrique Oliveira Silva,DF,Brazil,28,1997,2,1,110,1.2,0,0,0,0,0,0,0,0,0.0,0.0,0.0,0.0,0.0,Matches,CONMEBOL
400,Giuliano Simeone,MF,Argentina,23,2002,7,3,276,3.1,1,0,1,1,0,0,0,0,0.33,0.0,0.33,0.33,0.33,Matches,CONMEBOL
401,Luis Sinisterra,FW,Colombia,26,1999,6,1,139,1.5,1,1,2,1,0,0,1,0,0.65,0.65,1.29,0.65,1.29,Matches,CONMEBOL
403,Junior Sornoza,MF,Ecuador,32,1994,2,2,141,1.6,0,0,0,0,0,0,0,0,0.0,0.0,0.0,0.0,0.0,Matches,CONMEBOL
404,Ramón Sosa,"MF,FW",Paraguay,26,1999,17,9,852,9.5,0,0,0,0,0,0,0,0,0.0,0.0,0.0,0.0,0.0,Matches,CONMEBOL
408,Luis Suárez,FW,Uruguay,39,1987,2,1,108,1.2,0,0,0,0,0,0,1,0,0.0,0.0,0.0,0.0,0.0,Matches,CONMEBOL
411,Nicolás Tagliafico,DF,Argentina,33,1992,15,14,1246,13.8,1,1,2,1,0,0,3,0,0.07,0.07,0.14,0.07,0.14,Matches,CONMEBOL
416,Félix Torres Caicedo,DF,Ecuador,29,1997,15,11,1052,11.7,2,0,2,2,0,0,1,0,0.17,0.0,0.17,0.17,0.17,Matches,CONMEBOL
417,Facundo Torres,MF,Uruguay,25,2000,4,0,80,0.9,0,0,0,0,0,0,0,0,0.0,0.0,0.0,0.0,0.0,Matches,CONMEBOL
419,Manuel Ugarte,MF,Uruguay,24,2001,16,14,1265,14.1,1,0,1,1,0,0,4,0,0.07,0.0,0.07,0.07,0.07,Matches,CONMEBOL
421,Mateus Uribe,MF,Colombia,34,1991,7,6,414,4.6,1,0,1,1,0,0,0,0,0.22,0.0,0.22,0.22,0.22,Matches,CONMEBOL
428,Enner Valencia,FW,Ecuador,36,1989,15,14,1057,11.7,6,2,8,4,2,4,0,0,0.51,0.17,0.68,0.34,0.51,Matches,CONMEBOL
430,Gonzalo Valle,GK,Ecuador,29,1996,2,2,180,2.0,0,0,0,0,0,0,0,0,0.0,0.0,0.0,0.0,0.0,Matches,CONMEBOL
431,Federico Valverde,MF,Uruguay,27,1998,15,14,1286,14.3,2,0,2,2,0,0,3,0,0.14,0.0,0.14,0.14,0.14,Matches,CONMEBOL
432,Vanderson,DF,Brazil,24,2001,6,5,442,4.9,0,0,0,0,0,0,2,0,0.0,0.0,0.0,0.0,0.0,Matches,CONMEBOL
433,Guillermo Varela,DF,Uruguay,32,1993,8,6,498,5.5,0,1,1,0,0,0,1,0,0.0,0.18,0.18,0.0,0.18,Matches,CONMEBOL
434,Camilo Vargas,GK,Colombia,36,1989,14,14,1256,14.0,0,0,0,0,0,0,3,1,0.0,0.0,0.0,0.0,0.0,Matches,CONMEBOL
437,Matías Vecino,"FW,MF",Uruguay,34,1991,2,0,23,0.3,0,0,0,0,0,0,0,0,0.0,0.0,0.0,0.0,0.0,Matches,CONMEBOL
438,Raphael Veiga,MF,Brazil,30,1995,3,0,21,0.2,0,0,0,0,0,0,0,0,0.0,0.0,0.0,0.0,0.0,Matches,CONMEBOL
439,Gustavo Velásquez,DF,Paraguay,34,1991,5,3,344,3.8,0,1,1,0,0,0,2,0,0.0,0.26,0.26,0.0,0.26,Matches,CONMEBOL
442,Wilder Viera,MF,Paraguay,23,2002,1,0,9,0.1,0,0,0,0,0,0,0,0,0.0,0.0,0.0,0.0,0.0,Matches,CONMEBOL
444,Héctor Villalba,"FW,MF",Paraguay,31,1994,2,0,61,0.7,0,0,0,0,0,0,1,0,0.0,0.0,0.0,0.0,0.0,Matches,CONMEBOL
447,Mathías Villasanti,MF,Paraguay,29,1997,15,8,739,8.2,0,0,0,0,0,0,0,0,0.0,0.0,0.0,0.0,0.0,Matches,CONMEBOL
448,Matías Viña,DF,Uruguay,28,1997,6,5,412,4.6,0,1,1,0,0,0,2,0,0.0,0.22,0.22,0.0,0.22,Matches,CONMEBOL
449,Federico Viñas,FW,Uruguay,27,1998,5,1,91,1.0,1,0,1,1,0,0,0,0,0.99,0.0,0.99,0.99,0.99,Matches,CONMEBOL
450,Pedro Vite,MF,Ecuador,23,2002,9,8,695,7.7,0,2,2,0,0,0,1,0,0.0,0.26,0.26,0.0,0.26,Matches,CONMEBOL
451,Vitinho,DF,Brazil,26,1999,1,1,60,0.7,0,0,0,0,0,0,0,0,0.0,0.0,0.0,0.0,0.0,Matches,CONMEBOL
453,Wendell,"DF,MF",Brazil,32,1993,1,0,17,0.2,0,0,0,0,0,0,0,0,0.0,0.0,0.0,0.0,0.0,Matches,CONMEBOL
454,Wesley,DF,Brazil,22,2003,3,2,192,2.1,0,0,0,0,0,0,0,0,0.0,0.0,0.0,0.0,0.0,Matches,CONMEBOL
455,Estêvão Willian,"MF,FW",Brazil,18,2007,7,2,211,2.3,1,0,1,1,0,0,0,0,0.43,0.0,0.43,0.43,0.43,Matches,CONMEBOL
456,John Yeboah,"FW,MF",Ecuador,25,2000,9,3,364,4.0,0,0,0,0,0,0,0,0,0.0,0.0,0.0,0.0,0.0,Matches,CONMEBOL
459,Rodrigo Zalazar,"FW,MF",Uruguay,26,1999,2,0,44,0.5,0,0,0,0,0,0,0,0,0.0,0.0,0.0,0.0,0.0,Matches,CONMEBOL
11,Kosta Barbarouses,"FW,MF",New Zealand,35,1990,4,0,99,1.1,2,1,3,2,0,0,0,0,1.82,0.91,2.73,1.82,2.73,Matches,OFC
16,Joe Bell,MF,New Zealand,26,1999,4,3,299,3.3,0,0,0,0,0,0,0,0,0.0,0.0,0.0,0.0,0.0,Matches,OFC
17,Tyler Bindon,DF,New Zealand,21,2005,4,4,360,4.0,3,0,3,3,0,0,1,0,0.75,0.0,0.75,0.75,0.75,Matches,OFC
20,Michael Boxall,DF,New Zealand,37,1988,3,3,270,3.0,1,0,1,1,0,0,0,0,0.33,0.0,0.33,0.33,0.33,Matches,OFC
23,Liberato Cacace,DF,New Zealand,25,2000,5,4,344,3.8,0,2,2,0,0,0,0,0,0.0,0.52,0.52,0.0,0.52,Matches,OFC
29,Max Crocombe,GK,New Zealand,32,1993,4,4,360,4.0,0,0,0,0,0,0,0,0,0.0,0.0,0.0,0.0,0.0,Matches,OFC
47,Matt Garbett,MF,New Zealand,23,2002,5,5,355,3.9,1,5,6,1,0,0,0,0,0.25,1.27,1.52,0.25,1.52,Matches,OFC
48,Liam Gillion,FW,New Zealand,23,2002,2,0,34,0.4,0,1,1,0,0,0,0,0,0.0,2.65,2.65,0.0,2.65,Matches,OFC
68,Eli Just,MF,New Zealand,25,2000,5,2,238,2.6,4,0,4,4,0,0,0,0,1.51,0.0,1.51,1.51,1.51,Matches,OFC
116,Callum McCowatt,MF,New Zealand,26,1999,4,3,196,2.2,2,0,2,2,0,0,0,0,0.92,0.0,0.92,0.92,0.92,Matches,OFC
129,Ben Old,MF,New Zealand,23,2002,1,1,71,0.8,0,0,0,0,0,0,0,0,0.0,0.0,0.0,0.0,0.0,Matches,OFC
135,Alex Paulsen,GK,New Zealand,23,2002,1,1,90,1.0,0,0,0,0,0,0,0,0,0.0,0.0,0.0,0.0,0.0,Matches,OFC
136,Tim Payne,DF,New Zealand,32,1994,3,3,240,2.7,1,4,5,1,0,0,0,0,0.37,1.5,1.87,0.37,1.87,Matches,OFC
137,Nando Pijnaker,DF,New Zealand,26,1999,2,2,180,2.0,0,1,1,0,0,0,0,0,0.0,0.5,0.5,0.0,0.5,Matches,OFC
147,Logan Rogerson,MF,New Zealand,27,1998,3,1,81,0.9,0,0,0,0,0,0,0,0,0.0,0.0,0.0,0.0,0.0,Matches,OFC
148,Storm Roux,DF,New Zealand,33,1993,4,2,183,2.0,0,0,0,0,0,0,0,0,0.0,0.0,0.0,0.0,0.0,Matches,OFC
151,Alex Rufer,MF,New Zealand,29,1996,3,2,201,2.2,0,3,3,0,0,0,0,0,0.0,1.34,1.34,0.0,1.34,Matches,OFC
165,Sarpreet Singh,MF,New Zealand,26,1999,4,3,232,2.6,2,3,5,2,0,0,0,0,0.78,1.16,1.94,0.78,1.94,Matches,OFC
169,Marko Stamenic,MF,New Zealand,23,2002,5,5,421,4.7,1,1,2,1,0,0,0,0,0.21,0.21,0.43,0.21,0.43,Matches,OFC
173,Finn Surman,DF,New Zealand,22,2003,1,1,90,1.0,0,0,0,0,0,0,0,0,0.0,0.0,0.0,0.0,0.0,Matches,OFC
174,Sam Sutton,DF,New Zealand,24,2001,1,0,27,0.3,0,1,1,0,0,0,0,0,0.0,3.33,3.33,0.0,3.33,Matches,OFC
211,Francis de Vries,DF,New Zealand,31,1994,3,1,154,1.7,1,2,3,1,0,0,0,0,0.58,1.17,1.75,0.58,1.75,Matches,OFC
215,Ben Waine,FW,New Zealand,24,2001,4,0,99,1.1,2,1,3,1,1,2,0,0,1.82,0.91,2.73,0.91,1.82,Matches,OFC
225,Chris Wood,FW,New Zealand,34,1991,5,5,326,3.6,9,0,9,9,0,0,0,0,2.48,0.0,2.48,2.48,2.48,Matches,OFC
5,Zafarmurod Abdirahmatov,DF,Uzbekistan,22,2003,1,0,3,0.0,0,0,0,0,0,0,0,0,0.0,0.0,0.0,0.0,0.0,Matches,AFC
6,Bobir Abdixolikov,FW,Uzbekistan,28,1997,6,1,137,1.5,0,1,1,0,0,0,1,0,0.0,0.66,0.66,0.0,0.66,Matches,AFC
8,Saad Abdul-Amir,MF,Iraq,34,1992,2,1,103,1.1,0,0,0,0,0,0,0,0,0.0,0.0,0.0,0.0,0.0,Matches,AFC
11,Saud Abdulhamid,"MF,DF",Saudi Arabia,26,1999,14,10,977,10.9,0,2,2,0,0,0,4,0,0.0,0.18,0.18,0.0,0.18,Matches,AFC
13,Hasan Abdulkareem,MF,Iraq,27,1999,4,0,60,0.7,0,1,1,0,0,0,0,0,0.0,1.5,1.5,0.0,1.5,Matches,AFC
15,Pashang Abdulla,FW,Iraq,31,1994,1,0,11,0.1,0,0,0,0,0,0,0,0,0.0,0.0,0.0,0.0,0.0,Matches,AFC
18,Abdulla Abdullayev,DF,Uzbekistan,28,1997,8,3,273,3.0,0,0,0,0,0,0,0,0,0.0,0.0,0.0,0.0,0.0,Matches,AFC
21,Yusuf Abdurisag,MF,Qatar,26,1999,6,1,194,2.2,1,0,1,1,0,0,3,0,0.46,0.0,0.46,0.46,0.46,Matches,AFC
24,Abdulrahman Al-Aboud,FW,Saudi Arabia,30,1995,2,1,91,1.0,2,0,2,2,0,0,1,0,1.98,0.0,1.98,1.98,1.98,Matches,AFC
26,Husam Abu Dahab,DF,Jordan,25,2000,3,3,256,2.8,0,0,0,0,0,0,0,0,0.0,0.0,0.0,0.0,0.0,Matches,AFC
27,Mohammad Abu Hasheesh,"MF,DF",Jordan,30,1995,11,5,493,5.5,0,0,0,0,0,0,2,0,0.0,0.0,0.0,0.0,0.0,Matches,AFC
28,Mohannad Abu Taha,MF,Jordan,22,2003,11,8,672,7.5,0,0,0,0,0,0,1,0,0.0,0.0,0.0,0.0,0.0,Matches,AFC
31,Yazeed Abulaila,GK,Jordan,33,1993,16,16,1406,15.6,0,0,0,0,0,0,0,0,0.0,0.0,0.0,0.0,0.0,Matches,AFC
32,Mahmoud Abunada,GK,Qatar,25,2000,2,2,180,2.0,0,0,0,0,0,0,0,0,0.0,0.0,0.0,0.0,0.0,Matches,AFC
33,Mohammad Aburiziq,FW,Jordan,26,1999,1,0,1,0.0,0,0,0,0,0,0,0,0,0.0,0.0,0.0,0.0,0.0,Matches,AFC
39,Ali Adnan Kadhim,DF,Iraq,32,1993,2,2,180,2.0,0,0,0,0,0,0,0,0,0.0,0.0,0.0,0.0,0.0,Matches,AFC
40,Akram Afif,"MF,FW",Qatar,29,1996,16,16,1383,15.4,4,11,15,3,1,1,1,0,0.26,0.72,0.98,0.2,0.91,Matches,AFC
43,Javad Aghaeipour,FW,IR Iran,26,1999,1,0,1,0.0,0,0,0,0,0,0,0,0,0.0,0.0,0.0,0.0,0.0,Matches,AFC
44,Aref Aghasi,DF,IR Iran,29,1997,2,2,176,2.0,0,0,0,0,0,0,2,0,0.0,0.0,0.0,0.0,0.0,Matches,AFC
53,Hazem Ahmed,MF,Qatar,27,1998,2,1,62,0.7,0,0,0,0,0,0,0,0,0.0,0.0,0.0,0.0,0.0,Matches,AFC
54,Homam Ahmed,"DF,MF",Qatar,26,1999,13,9,822,9.1,0,4,4,0,0,0,1,0,0.0,0.44,0.44,0.0,0.44,Matches,AFC
59,Abdullah Al Ahrak,MF,Qatar,28,1997,4,2,163,1.8,0,0,0,0,0,0,0,0,0.0,0.0,0.0,0.0,0.0,Matches,AFC
60,Mohamed Aiash,DF,Qatar,24,2001,1,1,90,1.0,0,0,0,0,0,0,0,0,0.0,0.0,0.0,0.0,0.0,Matches,AFC
64,Salem Al-Ajalin,DF,Jordan,37,1988,6,5,451,5.0,0,0,0,0,0,0,0,0,0.0,0.0,0.0,0.0,0.0,Matches,AFC
70,Ahmed Alaaeldin,FW,Qatar,33,1993,3,1,90,1.0,2,0,2,1,1,1,0,0,2.0,0.0,2.0,1.0,1.0,Matches,AFC
74,Almoez Ali,FW,Qatar,29,1996,14,13,1091,12.1,12,1,13,10,2,2,3,0,0.99,0.08,1.07,0.82,0.91,Matches,AFC
77,Hussein Ali,DF,Iraq,23,2002,18,15,1289,14.3,1,0,1,1,0,0,1,0,0.07,0.0,0.07,0.07,0.07,Matches,AFC
78,Khaled Ali,MF,Qatar,24,2001,1,0,45,0.5,0,0,0,0,0,0,0,0,0.0,0.0,0.0,0.0,0.0,Matches,AFC
79,Mukhtar Ali,MF,Saudi Arabia,28,1997,6,4,372,4.1,0,1,1,0,0,0,0,0,0.0,0.24,0.24,0.0,0.24,Matches,AFC
80,Al-Mahdi Ali Mukhtar,DF,Qatar,33,1992,1,0,45,0.5,0,0,0,0,0,0,0,0,0.0,0.0,0.0,0.0,0.0,Matches,AFC
88,Xojiakbar Alijonov,"MF,DF",Uzbekistan,28,1997,12,10,907,10.1,1,1,2,1,0,0,0,0,0.1,0.1,0.2,0.1,0.2,Matches,AFC
90,Ali Alipour,FW,IR Iran,30,1995,2,1,38,0.4,0,0,0,0,0,0,1,0,0.0,0.0,0.0,0.0,0.0,Matches,AFC
91,Xusniddin Aliqulov,DF,Uzbekistan,26,1999,14,13,1186,13.2,2,1,3,2,0,0,2,0,0.15,0.08,0.23,0.15,0.23,Matches,AFC
94,Ahmed Allée,MF,Iraq,29,1996,1,0,24,0.3,0,0,0,0,0,0,0,0,0.0,0.0,0.0,0.0,0.0,Matches,AFC
107,Turki Al Ammar,MF,Saudi Arabia,26,1999,1,0,30,0.3,0,0,0,0,0,0,0,0,0.0,0.0,0.0,0.0,0.0,Matches,AFC
108,Amir Al Ammari,MF,Iraq,28,1997,18,16,1447,16.1,2,3,5,1,1,1,2,0,0.12,0.19,0.31,0.06,0.25,Matches,AFC
109,Azizbek Amonov,FW,Uzbekistan,28,1997,3,0,36,0.4,0,0,0,0,0,0,0,0,0.0,0.0,0.0,0.0,0.0,Matches,AFC
111,Abdulelah Al-Amri,DF,Saudi Arabia,29,1997,2,1,101,1.1,0,0,0,0,0,0,0,0,0.0,0.0,0.0,0.0,0.0,Matches,AFC
112,Youssef Amyn,"MF,FW",Iraq,22,2003,16,8,864,9.6,2,1,3,2,0,0,2,0,0.21,0.1,0.31,0.21,0.31,Matches,AFC
119,Luay Al Ani,MF,Iraq,28,1997,3,1,104,1.2,0,1,1,0,0,0,1,0,0.0,0.87,0.87,0.0,0.87,Matches,AFC
123,Karim Ansarifard,FW,IR Iran,35,1990,1,0,1,0.0,0,0,0,0,0,0,0,0,0.0,0.0,0.0,0.0,0.0,Matches,AFC
127,Nawaf Al Aqidi,GK,Saudi Arabia,25,2000,6,6,540,6.0,0,0,0,0,0,0,0,0,0.0,0.0,0.0,0.0,0.0,Matches,AFC
128,Yazan Al-Arab,DF,Jordan,30,1996,14,14,1259,14.0,1,0,1,1,0,0,2,0,0.07,0.0,0.07,0.07,0.07,Matches,AFC
139,Daniel Arzani,"FW,MF",Australia,27,1999,4,0,58,0.6,0,0,0,0,0,0,0,0,0.0,0.0,0.0,0.0,0.0,Matches,AFC
140,Reza Asadi,MF,IR Iran,30,1996,2,0,18,0.2,0,0,0,0,0,0,0,0,0.0,0.0,0.0,0.0,0.0,Matches,AFC
142,Takuma Asano,MF,Japan,31,1994,3,1,93,1.0,0,0,0,0,0,0,0,0,0.0,0.0,0.0,0.0,0.0,Matches,AFC
146,Rustam Ashurmatov,DF,Uzbekistan,29,1996,12,11,932,10.4,1,0,1,1,0,0,3,0,0.1,0.0,0.1,0.1,0.1,Matches,AFC
149,Ali Al Asmari,MF,Saudi Arabia,29,1997,1,1,81,0.9,0,0,0,0,0,0,1,0,0.0,0.0,0.0,0.0,0.0,Matches,AFC
158,Nathaniel Atkinson,DF,Australia,26,1999,1,1,90,1.0,0,0,0,0,0,0,1,0,0.0,0.0,0.0,0.0,0.0,Matches,AFC
159,Abdullah Al-Attar,"DF,FW",Jordan,33,1992,2,0,14,0.2,0,0,0,0,0,0,0,0,0.0,0.0,0.0,0.0,0.0,Matches,AFC
161,Amjad Attwan,MF,Iraq,28,1997,6,3,332,3.7,0,1,1,0,0,0,2,0,0.0,0.27,0.27,0.0,0.27,Matches,AFC
166,Rajaei Ayed,MF,Jordan,32,1993,8,3,299,3.3,0,0,0,0,0,0,1,0,0.0,0.0,0.0,0.0,0.0,Matches,AFC
168,Yousef Aymen,DF,Qatar,26,1999,2,2,180,2.0,1,0,1,1,0,0,0,0,0.5,0.0,0.5,0.5,0.5,Matches,AFC
170,Mohammadreza Azadi,FW,IR Iran,26,1999,1,0,7,0.1,0,0,0,0,0,0,0,0,0.0,0.0,0.0,0.0,0.0,Matches,AFC
177,Sardar Azmoun,FW,IR Iran,31,1995,13,12,983,10.9,8,5,13,8,0,0,1,0,0.73,0.46,1.19,0.73,1.19,Matches,AFC
180,Keanu Baccus,MF,Australia,27,1998,6,5,405,4.5,1,0,1,1,0,0,4,0,0.22,0.0,0.22,0.22,0.22,Matches,AFC
194,Reziq Bani Hani,FW,Jordan,24,2002,3,0,14,0.2,0,0,0,0,0,0,0,0,0.0,0.0,0.0,0.0,0.0,Matches,AFC
196,Meshaal Barsham,GK,Qatar,27,1998,13,13,1149,12.8,0,0,0,0,0,0,1,0,0.0,0.0,0.0,0.0,0.0,Matches,AFC
198,Ahmed Basil,GK,Iraq,29,1996,4,4,360,4.0,0,0,0,0,0,0,0,0,0.0,0.0,0.0,0.0,0.0,Matches,AFC
209,Ibrahim Bayesh,MF,Iraq,25,2000,18,15,1345,14.9,2,2,4,2,0,0,0,0,0.13,0.13,0.27,0.13,0.27,Matches,AFC
211,Aziz Behich,"MF,DF",Australia,35,1990,14,10,943,10.5,1,0,1,1,0,0,0,0,0.1,0.0,0.1,0.1,0.1,Matches,AFC
212,Alireza Beiranvand,GK,IR Iran,33,1992,13,13,1170,13.0,0,0,0,0,0,0,0,0,0.0,0.0,0.0,0.0,0.0,Matches,AFC
227,Brandon Borrello,"FW,MF",Australia,30,1995,7,3,320,3.6,1,0,1,1,0,0,0,0,0.28,0.0,0.28,0.28,0.28,Matches,AFC
228,Jordy Bos,DF,Australia,23,2002,9,4,434,4.8,0,2,2,0,0,0,1,0,0.0,0.41,0.41,0.0,0.41,Matches,AFC
231,Karim Boudiaf,MF,Qatar,35,1990,4,3,255,2.8,0,0,0,0,0,0,1,0,0.0,0.0,0.0,0.0,0.0,Matches,AFC
234,Nawaf Boushal,DF,Saudi Arabia,26,1999,6,5,468,5.2,0,0,0,0,0,0,2,0,0.0,0.0,0.0,0.0,0.0,Matches,AFC
235,Martin Boyle,"FW,MF",Australia,32,1993,7,7,442,4.9,2,2,4,1,1,1,1,0,0.41,0.41,0.81,0.2,0.61,Matches,AFC
236,Abdurauf Boʻriyev,MF,Uzbekistan,23,2002,3,0,17,0.2,0,0,0,0,0,0,0,0,0.0,0.0,0.0,0.0,0.0,Matches,AFC
238,Sultan Al-Brake,DF,Qatar,29,1996,2,2,175,1.9,0,0,0,0,0,0,1,0,0.0,0.0,0.0,0.0,0.0,Matches,AFC
239,Luke Brattan,MF,Australia,35,1990,1,1,45,0.5,0,0,0,0,0,0,0,0,0.0,0.0,0.0,0.0,0.0,Matches,AFC
241,Mohammed Al-Breik,MF,Saudi Arabia,33,1992,1,1,90,1.0,0,1,1,0,0,0,0,0,0.0,1.0,1.0,0.0,1.0,Matches,AFC
245,Ali Al-Bulaihi,DF,Saudi Arabia,36,1989,7,7,630,7.0,0,0,0,0,0,0,4,0,0.0,0.0,0.0,0.0,0.0,Matches,AFC
248,Firas Al-Buraikan,FW,Saudi Arabia,25,2000,15,14,1116,12.4,5,0,5,4,1,1,0,0,0.4,0.0,0.4,0.32,0.32,Matches,AFC
250,Cameron Burgess,DF,Australia,30,1995,12,12,1035,11.5,0,1,1,0,0,0,1,0,0.0,0.09,0.09,0.0,0.09,Matches,AFC
254,Anthony Cáceres,MF,Australia,33,1992,4,1,117,1.3,0,0,0,0,0,0,1,0,0.0,0.0,0.0,0.0,0.0,Matches,AFC
268,Lee Chang-keun,GK,Korea Republic,32,1993,1,1,90,1.0,0,0,0,0,0,0,0,0,0.0,0.0,0.0,0.0,0.0,Matches,AFC
281,Roozbeh Cheshmi,MF,IR Iran,32,1993,4,1,179,2.0,0,0,0,0,0,0,0,0,0.0,0.0,0.0,0.0,0.0,Matches,AFC
300,Alessandro Circati,DF,Australia,22,2003,4,4,360,4.0,0,0,0,0,0,0,1,0,0.0,0.0,0.0,0.0,0.0,Matches,AFC
323,Nasser Al-Dawsari,MF,Saudi Arabia,27,1998,12,9,791,8.8,0,1,1,0,0,0,3,0,0.0,0.11,0.11,0.0,0.11,Matches,AFC
324,Salem Al-Dawsari,"MF,FW",Saudi Arabia,34,1991,14,14,1240,13.8,2,1,3,2,0,3,0,0,0.15,0.07,0.22,0.15,0.22,Matches,AFC
325,Mohammad Al-Dawud,"FW,MF",Jordan,33,1992,1,0,4,0.0,0,0,0,0,0,0,0,0,0.0,0.0,0.0,0.0,0.0,Matches,AFC
327,Miloš Degenek,DF,Australia,31,1994,4,3,274,3.0,0,0,0,0,0,0,0,0,0.0,0.0,0.0,0.0,0.0,Matches,AFC
329,Thomas Deng,DF,Australia,28,1997,2,1,54,0.6,0,0,0,0,0,0,0,0,0.0,0.0,0.0,0.0,0.0,Matches,AFC
330,Cammy Devlin,MF,Australia,27,1998,2,0,22,0.2,0,0,0,0,0,0,0,0,0.0,0.0,0.0,0.0,0.0,Matches,AFC
333,Frans Dhia Putros,DF,Iraq,32,1993,6,2,267,3.0,0,0,0,0,0,0,0,0,0.0,0.0,0.0,0.0,0.0,Matches,AFC
338,Velibor Djuric,MF,Jordan,43,1982,2,2,162,1.8,0,0,0,0,0,0,0,0,0.0,0.0,0.0,0.0,0.0,Matches,AFC
340,Ritsu Doan,"MF,FW",Japan,27,1998,12,10,721,8.0,3,3,6,3,0,0,0,0,0.37,0.37,0.75,0.37,0.75,Matches,AFC
343,Lee Dong-gyeong,MF,Korea Republic,28,1997,2,1,50,0.6,0,0,0,0,0,0,0,0,0.0,0.0,0.0,0.0,0.0,Matches,AFC
348,Merchas Doski,DF,Iraq,26,1999,15,15,1350,15.0,0,0,0,0,0,0,3,0,0.0,0.0,0.0,0.0,0.0,Matches,AFC
353,Won Du-jae,MF,Korea Republic,28,1997,1,1,90,1.0,0,0,0,0,0,0,0,0,0.0,0.0,0.0,0.0,0.0,Matches,AFC
355,Mitchell Duke,FW,Australia,35,1991,13,9,737,8.2,3,1,4,3,0,0,0,0,0.37,0.12,0.49,0.37,0.49,Matches,AFC
362,Omid Ebrahimi,MF,IR Iran,38,1987,1,0,21,0.2,0,0,0,0,0,0,0,0,0.0,0.0,0.0,0.0,0.0,Matches,AFC
372,Wataru Endo,MF,Japan,32,1993,11,10,859,9.5,1,0,1,1,0,0,0,0,0.1,0.0,0.1,0.1,0.1,Matches,AFC
375,Xojimat Erkinov,FW,Uzbekistan,24,2001,10,2,192,2.1,2,0,2,2,0,0,1,0,0.94,0.0,0.94,0.94,0.94,Matches,AFC
376,Ahmad Ersan,MF,Jordan,30,1995,1,0,13,0.1,0,0,0,0,0,0,0,0,0.0,0.0,0.0,0.0,0.0,Matches,AFC
377,Umar Eshmurodov,DF,Uzbekistan,33,1992,9,8,676,7.5,0,0,0,0,0,0,0,1,0.0,0.0,0.0,0.0,0.0,Matches,AFC
381,Saeid Ezatolahi,MF,IR Iran,29,1996,13,12,1051,11.7,0,0,0,0,0,0,2,0,0.0,0.0,0.0,0.0,0.0,Matches,AFC
382,Ali Faez,DF,Iraq,31,1994,3,1,115,1.3,0,0,0,0,0,0,1,0,0.0,0.0,0.0,0.0,0.0,Matches,AFC
383,Muath Fagihy,MF,Saudi Arabia,23,2002,1,1,78,0.9,0,0,0,0,0,0,0,0,0.0,0.0,0.0,0.0,0.0,Matches,AFC
388,Abdallah Al Fakhori,GK,Jordan,26,2000,1,0,34,0.4,0,0,0,0,0,0,0,0,0.0,0.0,0.0,0.0,0.0,Matches,AFC
390,Saman Fallah,MF,IR Iran,24,2001,2,0,20,0.2,0,0,0,0,0,0,1,0,0.0,0.0,0.0,0.0,0.0,Matches,AFC
398,Marko Farji,MF,Iraq,21,2004,4,3,251,2.8,0,0,0,0,0,0,0,0,0.0,0.0,0.0,0.0,0.0,Matches,AFC
400,Ahmed Fathy,MF,Qatar,33,1993,13,12,945,10.5,0,0,0,0,0,0,3,0,0.0,0.0,0.0,0.0,0.0,Matches,AFC
403,Abbosbek Fayzullayev,"MF,FW",Uzbekistan,22,2003,16,8,963,10.7,4,2,6,4,0,0,1,0,0.37,0.19,0.56,0.37,0.56,Matches,AFC
418,Joel Fujita,MF,Japan,23,2002,1,1,90,1.0,0,0,0,0,0,0,0,0,0.0,0.0,0.0,0.0,0.0,Matches,AFC
419,Kyogo Furuhashi,"FW,MF",Japan,31,1995,2,0,32,0.4,0,0,0,0,0,0,0,0,0.0,0.0,0.0,0.0,0.0,Matches,AFC
420,Jassem Gaber,MF,Qatar,23,2002,10,6,577,6.4,0,1,1,0,0,0,0,0,0.0,0.16,0.16,0.0,0.16,Matches,AFC
423,Ahmed Al Ganehi,"MF,FW",Qatar,25,2000,10,6,449,5.0,1,0,1,1,0,0,2,0,0.2,0.0,0.2,0.2,0.2,Matches,AFC
424,Joe Gauci,GK,Australia,25,2000,5,5,450,5.0,0,0,0,0,0,0,0,0,0.0,0.0,0.0,0.0,0.0,Matches,AFC
429,Jason Geria,DF,Australia,32,1993,8,5,546,6.1,0,0,0,0,0,0,1,0,0.0,0.0,0.0,0.0,0.0,Matches,AFC
430,Mehdi Ghaedi,MF,IR Iran,27,1998,11,8,651,7.2,3,1,4,3,0,0,1,0,0.41,0.14,0.55,0.41,0.55,Matches,AFC
434,Faisal Al Ghamdi,MF,Saudi Arabia,24,2001,10,5,486,5.4,0,0,0,0,0,0,0,0,0.0,0.0,0.0,0.0,0.0,Matches,AFC
435,Sultan Al-Ghanam,MF,Saudi Arabia,31,1994,4,2,179,2.0,0,2,2,0,0,0,1,0,0.0,1.01,1.01,0.0,1.01,Matches,AFC
438,Abdulrahman Ghareeb,FW,Saudi Arabia,28,1997,8,2,264,2.9,1,1,2,1,0,0,0,0,0.34,0.34,0.68,0.34,0.68,Matches,AFC
439,Hussain Ghasem,DF,Iraq,,,1,0,10,0.1,0,0,0,0,0,0,0,0,0.0,0.0,0.0,0.0,0.0,Matches,AFC
443,Saman Ghoddos,MF,IR Iran,32,1993,13,12,929,10.3,0,2,2,0,0,0,2,0,0.0,0.19,0.19,0.0,0.19,Matches,AFC
445,Ali Gholizadeh,MF,IR Iran,29,1996,8,3,282,3.1,0,0,0,0,0,0,0,0,0.0,0.0,0.0,0.0,0.0,Matches,AFC
446,Mohammed Ghorbani,"MF,FW",IR Iran,24,2001,7,2,248,2.8,0,0,0,0,0,0,0,0,0.0,0.0,0.0,0.0,0.0,Matches,AFC
451,Craig Goodwin,"MF,FW",Australia,34,1991,9,7,581,6.5,3,6,9,3,0,0,2,0,0.46,0.93,1.39,0.46,1.39,Matches,AFC
452,Cho Gue-sung,FW,Korea Republic,28,1998,4,3,207,2.3,1,1,2,1,0,0,1,0,0.43,0.43,0.87,0.43,0.87,Matches,AFC
457,Peter Gwargis,MF,Iraq,25,2000,1,1,72,0.8,0,0,0,0,0,0,0,0,0.0,0.0,0.0,0.0,0.0,Matches,AFC
459,Aziz Gʻaniyev,MF,Uzbekistan,27,1998,1,0,1,0.0,0,0,0,0,0,0,0,0,0.0,0.0,0.0,0.0,0.0,Matches,AFC
461,Ihsan Haddad,"MF,DF",Jordan,31,1994,13,13,1141,12.7,0,2,2,0,0,0,2,0,0.0,0.16,0.16,0.0,0.16,Matches,AFC
462,Naif Al-Hadhrami,MF,Qatar,24,2001,2,2,162,1.8,0,0,0,0,0,0,1,0,0.0,0.0,0.0,0.0,0.0,Matches,AFC
463,Safaa Hadi,MF,Iraq,27,1998,3,2,142,1.6,0,0,0,0,0,0,1,0,0.0,0.0,0.0,0.0,0.0,Matches,AFC
468,Aref Al Haj,FW,Jordan,24,2001,3,0,12,0.1,0,1,1,0,0,0,0,0,0.0,7.5,7.5,0.0,7.5,Matches,AFC
471,Ehsan Hajsafi,DF,IR Iran,35,1990,2,1,91,1.0,0,0,0,0,0,0,0,0,0.0,0.0,0.0,0.0,0.0,Matches,AFC
479,Ali Al Hamadi,"FW,MF",Iraq,23,2002,6,4,194,2.2,2,0,2,2,0,0,0,1,0.93,0.0,0.93,0.93,0.93,Matches,AFC
481,Abdullah Al Hamdan,MF,Saudi Arabia,26,1999,7,1,215,2.4,0,0,0,0,0,0,0,0,0.0,0.0,0.0,0.0,0.0,Matches,AFC
487,Rayan Hamidou,DF,Saudi Arabia,23,2002,3,3,225,2.5,0,0,0,0,0,0,0,0,0.0,0.0,0.0,0.0,0.0,Matches,AFC
492,Lee Hanbeom,DF,Korea Republic,23,2002,1,1,90,1.0,0,0,0,0,0,0,0,0,0.0,0.0,0.0,0.0,0.0,Matches,AFC
502,Moteb Al-Harbi,"MF,DF",Saudi Arabia,25,2000,4,3,232,2.6,0,0,0,0,0,0,0,0,0.0,0.0,0.0,0.0,0.0,Matches,AFC
504,Saleh Hardani,DF,IR Iran,27,1998,11,8,739,8.2,1,1,2,1,0,0,1,1,0.12,0.12,0.24,0.12,0.24,Matches,AFC
512,Mahdi Hashemnezhad,FW,IR Iran,24,2001,1,1,55,0.6,0,0,0,0,0,0,0,0,0.0,0.0,0.0,0.0,0.0,Matches,AFC
513,Akam Hashim,DF,Iraq,27,1998,6,3,307,3.4,1,0,1,1,0,0,1,0,0.29,0.0,0.29,0.29,0.29,Matches,AFC
514,Daiki Hashioka,DF,Japan,26,1999,4,2,211,2.3,0,0,0,0,0,0,0,0,0.0,0.0,0.0,0.0,0.0,Matches,AFC
515,Abbas Al Hassan,MF,Saudi Arabia,21,2004,4,2,182,2.0,0,1,1,0,0,0,0,0,0.0,0.49,0.49,0.0,0.49,Matches,AFC
516,Abdelkarim Hassan,DF,Qatar,32,1993,3,2,198,2.2,0,0,0,0,0,0,0,0,0.0,0.0,0.0,0.0,0.0,Matches,AFC
519,Ibrahim Al Hassan,"MF,FW",Qatar,20,2005,8,6,442,4.9,2,1,3,2,0,0,1,0,0.41,0.2,0.61,0.41,0.61,Matches,AFC
520,Jalal Hassan,GK,Iraq,34,1991,16,16,1440,16.0,0,0,0,0,0,0,0,0,0.0,0.0,0.0,0.0,0.0,Matches,AFC
523,Reo Hatate,MF,Japan,28,1997,3,1,74,0.8,0,0,0,0,0,0,0,0,0.0,0.0,0.0,0.0,0.0,Matches,AFC
524,Abdulaziz Hatem,MF,Qatar,35,1990,9,4,461,5.1,0,0,0,0,0,0,1,0,0.0,0.0,0.0,0.0,0.0,Matches,AFC
527,Hassan Al-Haydos,MF,Qatar,35,1990,2,2,135,1.5,1,0,1,1,0,0,0,0,0.67,0.0,0.67,0.67,0.67,Matches,AFC
530,Ali Hazazi,MF,Saudi Arabia,31,1994,2,1,73,0.8,0,1,1,0,0,0,0,0,0.0,1.23,1.23,0.0,1.23,Matches,AFC
531,Amin Hazbavi,DF,IR Iran,22,2003,4,3,255,2.8,0,0,0,0,0,0,0,0,0.0,0.0,0.0,0.0,0.0,Matches,AFC
536,Hwang Hee-chan,"MF,FW",Korea Republic,30,1996,11,8,603,6.7,4,0,4,4,0,0,0,0,0.6,0.0,0.6,0.6,0.6,Matches,AFC
546,Son Heung-min,"MF,FW",Korea Republic,33,1992,13,12,1064,11.8,10,4,14,8,2,2,0,0,0.85,0.34,1.18,0.68,1.02,Matches,AFC
549,Yu Hirakawa,MF,Japan,25,2001,1,1,90,1.0,0,0,0,0,0,0,0,0,0.0,0.0,0.0,0.0,0.0,Matches,AFC
553,Mao Hosoya,FW,Japan,24,2001,3,0,71,0.8,2,0,2,2,0,0,0,0,2.54,0.0,2.54,2.54,2.54,Matches,AFC
555,Hossein Hosseini,GK,IR Iran,33,1992,2,2,180,2.0,0,0,0,0,0,0,0,0,0.0,0.0,0.0,0.0,0.0,Matches,AFC
556,Javad Hosseinnezhad,MF,IR Iran,22,2003,3,0,6,0.1,0,0,0,0,0,0,0,0,0.0,0.0,0.0,0.0,0.0,Matches,AFC
557,Amirhossein Hosseinzadeh,MF,IR Iran,25,2000,4,1,95,1.1,1,0,1,1,0,0,0,0,0.95,0.0,0.95,0.95,0.95,Matches,AFC
559,Jung Hoyeon,MF,Korea Republic,25,2000,1,0,17,0.2,0,0,0,0,0,0,0,0,0.0,0.0,0.0,0.0,0.0,Matches,AFC
560,Ajdin Hrustic,MF,Australia,29,1996,7,4,308,3.4,0,1,1,0,0,0,0,0,0.0,0.29,0.29,0.0,0.29,Matches,AFC
577,Al Hashmi Al Hussein,DF,Qatar,22,2003,1,1,90,1.0,0,1,1,0,0,0,0,0,0.0,1.0,1.0,0.0,1.0,Matches,AFC
578,Ayman Hussein,FW,Iraq,29,1996,15,13,1117,12.4,8,0,8,6,2,3,2,0,0.64,0.0,0.64,0.48,0.48,Matches,AFC
580,Oh Hyeon-gyu,FW,Korea Republic,24,2001,9,1,240,2.7,4,0,4,4,0,0,1,0,1.5,0.0,1.5,1.5,1.5,Matches,AFC
581,Jo Hyeon-woo,GK,Korea Republic,34,1991,13,13,1170,13.0,0,0,0,0,0,0,0,0,0.0,0.0,0.0,0.0,0.0,Matches,AFC
583,Lee Hyunju,MF,Korea Republic,22,2003,1,0,10,0.1,0,0,0,0,0,0,0,0,0.0,0.0,0.0,0.0,0.0,Matches,AFC
584,Yang Hyunjun,"FW,MF",Korea Republic,23,2002,2,0,22,0.2,0,0,0,0,0,0,0,0,0.0,0.0,0.0,0.0,0.0,Matches,AFC
585,Hong Hyunseok,MF,Korea Republic,26,1999,4,0,48,0.5,0,0,0,0,0,0,0,0,0.0,0.0,0.0,0.0,0.0,Matches,AFC
592,Hwang In-beom,MF,Korea Republic,29,1996,15,15,1284,14.3,0,2,2,0,0,0,1,0,0.0,0.14,0.14,0.0,0.14,Matches,AFC
596,Zidane Iqbal,MF,Iraq,22,2003,12,6,634,7.0,2,0,2,2,0,0,2,0,0.28,0.0,0.28,0.28,0.28,Matches,AFC
598,Nestory Irankunda,FW,Australia,19,2006,5,3,220,2.4,1,0,1,0,1,1,0,0,0.41,0.0,0.41,0.0,0.0,Matches,AFC
599,John Iredale,FW,Australia,26,1999,2,0,49,0.5,1,0,1,1,0,0,0,0,1.84,0.0,1.84,1.84,1.84,Matches,AFC
600,Nabil Irfan,DF,Qatar,21,2004,1,1,69,0.8,0,0,0,0,0,0,0,0,0.0,0.0,0.0,0.0,0.0,Matches,AFC
603,Jackson Irvine,MF,Australia,32,1993,14,14,1172,13.0,3,1,4,3,0,0,1,0,0.23,0.08,0.31,0.23,0.31,Matches,AFC
605,Jamshid Iskanderov,"FW,MF",Uzbekistan,32,1993,4,0,80,0.9,0,2,2,0,0,0,0,0,0.0,2.25,2.25,0.0,2.25,Matches,AFC
606,Dhurgham Ismail,DF,Iraq,31,1994,1,1,75,0.8,0,0,0,0,0,0,0,0,0.0,0.0,0.0,0.0,0.0,Matches,AFC
608,Ko Itakura,DF,Japan,29,1997,11,10,891,9.9,1,0,1,1,0,0,0,0,0.1,0.0,0.1,0.1,0.1,Matches,AFC
609,Hiroki Ito,DF,Japan,26,1999,6,5,495,5.5,0,1,1,0,0,0,1,0,0.0,0.18,0.18,0.0,0.18,Matches,AFC
610,Junya Ito,MF,Japan,32,1993,9,2,399,4.4,1,10,11,1,0,0,0,0,0.23,2.26,2.48,0.23,2.48,Matches,AFC
614,Lee Jae-sung,MF,Korea Republic,33,1992,16,13,1055,11.7,5,3,8,5,0,0,1,0,0.43,0.26,0.68,0.43,0.68,Matches,AFC
615,Hwang Jaewon,DF,Korea Republic,23,2002,4,1,146,1.6,0,0,0,0,0,0,0,0,0.0,0.0,0.0,0.0,0.0,Matches,AFC
616,Alireza Jahanbakhsh,MF,IR Iran,32,1993,10,7,646,7.2,0,0,0,0,0,0,2,0,0.0,0.0,0.0,0.0,0.0,Matches,AFC
618,Abolfazl Jalali,DF,IR Iran,27,1998,2,1,68,0.8,0,0,0,0,0,0,0,0,0.0,0.0,0.0,0.0,0.0,Matches,AFC
621,Amer Jamous,MF,Jordan,23,2002,4,3,288,3.2,0,0,0,0,0,0,1,0,0.0,0.0,0.0,0.0,0.0,Matches,AFC
623,Ali Jasim,MF,Iraq,22,2004,20,15,1364,15.2,2,4,6,2,0,0,0,0,0.13,0.26,0.4,0.13,0.4,Matches,AFC
624,Sajjad Jasim,MF,Iraq,28,1998,2,0,39,0.4,1,0,1,1,0,0,0,0,2.31,0.0,2.31,2.31,2.31,Matches,AFC
626,Yousef Abu Al Jazar,DF,Jordan,26,1999,4,0,30,0.3,0,0,0,0,0,0,0,0,0.0,0.0,0.0,0.0,0.0,Matches,AFC
637,Kim Jin-kyu,MF,Korea Republic,28,1997,1,0,45,0.5,1,0,1,1,0,0,0,0,2.0,0.0,2.0,2.0,2.0,Matches,AFC
638,Kim Jin-su,DF,Korea Republic,33,1992,5,4,369,4.1,0,1,1,0,0,0,0,0,0.0,0.24,0.24,0.0,0.24,Matches,AFC
639,Park Jinseob,"DF,MF",Korea Republic,30,1995,2,0,46,0.5,1,0,1,1,0,0,0,0,1.96,0.0,1.96,1.96,1.96,Matches,AFC
640,Jeon Jinwoo,MF,Korea Republic,26,1999,2,1,85,0.9,0,1,1,0,0,0,0,0,0.0,1.06,1.06,0.0,1.06,Matches,AFC
641,Eom Jisung,MF,Korea Republic,23,2002,2,0,30,0.3,0,0,0,0,0,0,0,0,0.0,0.0,0.0,0.0,0.0,Matches,AFC
642,Ruslanbek Jiyanov,FW,Uzbekistan,24,2001,2,0,38,0.4,0,0,0,0,0,0,1,0,0.0,0.0,0.0,0.0,0.0,Matches,AFC
644,Ziyad Al Johani,MF,Saudi Arabia,24,2001,4,2,212,2.4,0,0,0,0,0,0,1,0,0.0,0.0,0.0,0.0,0.0,Matches,AFC
648,Gethin Jones,"MF,DF",Australia,30,1995,2,2,171,1.9,0,0,0,0,0,0,0,0,0.0,0.0,0.0,0.0,0.0,Matches,AFC
657,Choi Jun,DF,Korea Republic,26,1999,1,0,4,0.0,0,0,0,0,0,0,0,0,0.0,0.0,0.0,0.0,0.0,Matches,AFC
659,Bae Junho,MF,Korea Republic,22,2003,8,2,262,2.9,2,4,6,2,0,0,0,0,0.69,1.37,2.06,0.69,2.06,Matches,AFC
661,Edmilson Junior,MF,Qatar,31,1994,9,6,506,5.6,0,0,0,0,0,0,0,0,0.0,0.0,0.0,0.0,0.0,Matches,AFC
665,Kim Jusung,DF,Korea Republic,25,2000,1,1,90,1.0,0,1,1,0,0,0,0,0,0.0,1.0,1.0,0.0,1.0,Matches,AFC
666,Musab Al Juwayr,MF,Saudi Arabia,22,2003,14,11,852,9.5,3,3,6,3,0,0,0,0,0.32,0.32,0.63,0.32,0.63,Matches,AFC
670,Hassan Kadesh,"DF,MF",Saudi Arabia,33,1992,11,9,780,8.7,2,0,2,2,0,0,0,0,0.23,0.0,0.23,0.23,0.23,Matches,AFC
674,Daichi Kamada,MF,Japan,29,1996,12,8,658,7.3,5,1,6,5,0,0,1,0,0.68,0.14,0.82,0.68,0.82,Matches,AFC
675,Mustafa Kamal,MF,Jordan,30,1995,1,0,45,0.5,0,0,0,0,0,0,0,0,0.0,0.0,0.0,0.0,0.0,Matches,AFC
681,Hossein Kanaanizadegan,DF,IR Iran,31,1994,10,9,847,9.4,2,1,3,2,0,0,2,0,0.21,0.11,0.32,0.21,0.32,Matches,AFC
682,Lee Kang-in,"MF,FW",Korea Republic,24,2001,15,13,1148,12.8,5,6,11,5,0,0,1,0,0.39,0.47,0.86,0.39,0.86,Matches,AFC
684,Mohamed Kanno,MF,Saudi Arabia,31,1994,10,8,622,6.9,0,1,1,0,0,0,3,2,0.0,0.14,0.14,0.0,0.14,Matches,AFC
685,Fran Karačić,DF,Australia,29,1996,2,0,34,0.4,0,0,0,0,0,0,0,0,0.0,0.0,0.0,0.0,0.0,Matches,AFC
686,Sherko Karim,"MF,FW",Iraq,29,1996,3,2,112,1.2,0,0,0,0,0,0,0,0,0.0,0.0,0.0,0.0,0.0,Matches,AFC
687,Ali Karimi,MF,IR Iran,31,1994,1,0,47,0.5,0,0,0,0,0,0,1,0,0.0,0.0,0.0,0.0,0.0,Matches,AFC
688,Mohammad Karimi,MF,IR Iran,29,1996,7,4,289,3.2,0,0,0,0,0,0,0,0,0.0,0.0,0.0,0.0,0.0,Matches,AFC
690,Ahmed Al-Kassar,GK,Saudi Arabia,34,1991,5,4,416,4.6,0,0,0,0,0,0,1,0,0.0,0.0,0.0,0.0,0.0,Matches,AFC
693,Takumu Kawamura,MF,Japan,26,1999,2,0,63,0.7,0,0,0,0,0,0,0,0,0.0,0.0,0.0,0.0,0.0,Matches,AFC
700,Abdullah Al-Khaibari,MF,Saudi Arabia,29,1996,7,4,360,4.0,0,0,0,0,0,0,1,0,0.0,0.0,0.0,0.0,0.0,Matches,AFC
704,Mohamed Khaled,MF,Qatar,21,2005,2,1,89,1.0,0,0,0,0,0,0,0,0,0.0,0.0,0.0,0.0,0.0,Matches,AFC
707,Shoja' Khalilzadeh,DF,IR Iran,36,1989,13,13,1131,12.6,0,0,0,0,0,0,1,1,0.0,0.0,0.0,0.0,0.0,Matches,AFC
722,Boualem Khoukhi,DF,Qatar,35,1990,9,9,709,7.9,1,1,2,1,0,0,1,0,0.13,0.13,0.25,0.13,0.25,Matches,AFC
725,Abdukodir Khusanov,DF,Uzbekistan,21,2004,14,12,1123,12.5,0,0,0,0,0,0,1,0,0.0,0.0,0.0,0.0,0.0,Matches,AFC
727,Lee Ki-je,DF,Korea Republic,34,1991,2,2,153,1.7,0,0,0,0,0,0,0,0,0.0,0.0,0.0,0.0,0.0,Matches,AFC
741,Takefusa Kubo,MF,Japan,24,2001,11,8,653,7.3,4,8,12,4,0,0,1,0,0.55,1.1,1.65,0.55,1.65,Matches,AFC
765,Kwon Kyung-won,DF,Korea Republic,34,1992,5,5,450,5.0,0,0,0,0,0,0,0,0,0.0,0.0,0.0,0.0,0.0,Matches,AFC
768,Ali Lajami,DF,Saudi Arabia,29,1996,10,9,822,9.1,1,0,1,1,0,0,1,0,0.11,0.0,0.11,0.11,0.11,Matches,AFC
776,Mathew Leckie,MF,Australia,34,1991,1,1,82,0.9,0,0,0,0,0,0,0,0,0.0,0.0,0.0,0.0,0.0,Matches,AFC
795,Massimo Luongo,MF,Australia,33,1992,1,0,45,0.5,0,0,0,0,0,1,0,0,0.0,0.0,0.0,0.0,0.0,Matches,AFC
803,Awer Mabil,"FW,MF",Australia,30,1995,2,0,41,0.5,0,0,0,0,0,0,0,0,0.0,0.0,0.0,0.0,0.0,Matches,AFC
806,Koki Machida,DF,Japan,28,1997,11,10,870,9.7,0,1,1,0,0,0,1,0,0.0,0.1,0.1,0.0,0.1,Matches,AFC
807,Shuto Machino,FW,Japan,26,1999,3,1,103,1.1,1,2,3,1,0,0,0,0,0.87,1.75,2.62,0.87,2.62,Matches,AFC
808,Jamie Maclaren,FW,Australia,32,1993,2,0,46,0.5,3,0,3,3,0,0,0,0,5.87,0.0,5.87,5.87,5.87,Matches,AFC
811,Assim Madibo,MF,Qatar,29,1996,4,4,342,3.8,0,0,0,0,0,0,0,0,0.0,0.0,0.0,0.0,0.0,Matches,AFC
812,Montader Madjed,MF,Iraq,20,2005,1,0,15,0.2,0,0,0,0,0,0,0,0,0.0,0.0,0.0,0.0,0.0,Matches,AFC
813,Daizen Maeda,"MF,FW",Japan,28,1997,7,2,298,3.3,1,0,1,1,0,0,1,0,0.3,0.0,0.3,0.3,0.3,Matches,AFC
814,Daiya Maekawa,GK,Japan,31,1994,2,1,100,1.1,0,0,0,0,0,0,0,0,0.0,0.0,0.0,0.0,0.0,Matches,AFC
823,Seiya Maikuma,DF,Japan,28,1997,1,1,90,1.0,0,0,0,0,0,0,0,0,0.0,0.0,0.0,0.0,0.0,Matches,AFC
825,Ali Majrashi,DF,Saudi Arabia,26,1999,3,2,196,2.2,0,1,1,0,0,0,0,0,0.0,0.46,0.46,0.0,0.46,Matches,AFC
826,Abdulellah Al-Malki,MF,Saudi Arabia,31,1994,5,4,316,3.5,0,0,0,0,0,0,1,0,0.0,0.0,0.0,0.0,0.0,Matches,AFC
830,Shehab Mamdouh,GK,Qatar,25,2000,1,1,45,0.5,0,0,0,0,0,0,0,0,0.0,0.0,0.0,0.0,0.0,Matches,AFC
835,Mohamed Manai,"MF,FW",Qatar,23,2002,3,2,180,2.0,0,0,0,0,0,0,2,0,0.0,0.0,0.0,0.0,0.0,Matches,AFC
838,Tameem Mansour,FW,Qatar,23,2002,3,1,107,1.2,1,1,2,1,0,0,0,0,0.84,0.84,1.68,0.84,1.68,Matches,AFC
840,Abdullah Marafee,DF,Qatar,33,1992,1,1,45,0.5,0,0,0,0,0,0,0,0,0.0,0.0,0.0,0.0,0.0,Matches,AFC
842,Mahmoud Al-Mardi,"MF,FW",Jordan,32,1993,14,12,982,10.9,1,7,8,1,0,0,2,0,0.09,0.64,0.73,0.09,0.73,Matches,AFC
844,Bara' Marei,DF,Jordan,31,1994,2,2,161,1.8,0,0,0,0,0,0,1,0,0.0,0.0,0.0,0.0,0.0,Matches,AFC
845,Yousef Marei,DF,Qatar,18,2007,1,1,90,1.0,0,0,0,0,0,0,0,0,0.0,0.0,0.0,0.0,0.0,Matches,AFC
848,Mohammed Marran,FW,Saudi Arabia,24,2001,4,1,142,1.6,0,0,0,0,0,0,0,0,0.0,0.0,0.0,0.0,0.0,Matches,AFC
849,Jaloliddin Masharipov,"FW,MF",Uzbekistan,32,1993,14,13,1120,12.4,1,4,5,1,0,0,3,0,0.08,0.32,0.4,0.08,0.4,Matches,AFC
855,Hayden Matthews,DF,Australia,21,2004,1,1,90,1.0,0,0,0,0,0,0,0,0,0.0,0.0,0.0,0.0,0.0,Matches,AFC
861,Riley McGree,MF,Australia,27,1998,7,4,390,4.3,0,1,1,0,0,0,1,0,0.0,0.23,0.23,0.0,0.23,Matches,AFC
863,Lucas Mendes,DF,Qatar,35,1990,13,11,981,10.9,1,1,2,1,0,0,0,1,0.09,0.09,0.18,0.09,0.18,Matches,AFC
868,Mostafa Meshaal,MF,Qatar,24,2001,8,5,531,5.9,2,1,3,2,0,0,0,0,0.34,0.17,0.51,0.34,0.51,Matches,AFC
869,Connor Metcalfe,"MF,FW",Australia,26,1999,9,8,664,7.4,1,2,3,1,0,0,1,0,0.14,0.27,0.41,0.14,0.41,Matches,AFC
874,Lewis Miller,"MF,DF",Australia,25,2000,10,9,786,8.7,2,1,3,2,0,0,0,0,0.23,0.11,0.34,0.23,0.34,Matches,AFC
875,Mimi,FW,Iraq,25,2000,16,6,631,7.0,2,1,3,2,0,1,1,0,0.29,0.14,0.43,0.29,0.43,Matches,AFC
878,Kim Min-jae,DF,Korea Republic,29,1996,10,10,900,10.0,0,1,1,0,0,0,0,0,0.0,0.1,0.1,0.0,0.1,Matches,AFC
879,Joo Min-kyu,FW,Korea Republic,35,1990,9,5,351,3.9,2,3,5,2,0,0,0,0,0.51,0.77,1.28,0.51,1.28,Matches,AFC
880,Takumi Minamino,MF,Japan,31,1995,12,10,699,7.8,4,2,6,4,0,0,1,0,0.52,0.26,0.77,0.52,0.77,Matches,AFC
885,Yang Minhyeok,MF,Korea Republic,19,2006,1,0,45,0.5,0,0,0,0,0,0,0,0,0.0,0.0,0.0,0.0,0.0,Matches,AFC
886,Song Minkyu,"FW,MF",Korea Republic,26,1999,1,0,17,0.2,0,0,0,0,0,0,0,0,0.0,0.0,0.0,0.0,0.0,Matches,AFC
890,Shunsuke Mito,MF,Japan,23,2002,1,1,60,0.7,0,1,1,0,0,0,0,0,0.0,1.5,1.5,0.0,1.5,Matches,AFC
891,Kaoru Mitoma,MF,Japan,28,1997,7,6,474,5.3,1,3,4,1,0,0,1,0,0.19,0.57,0.76,0.19,0.76,Matches,AFC
895,Shahriar Moghanlou,MF,IR Iran,31,1994,8,0,132,1.5,0,0,0,0,0,0,0,0,0.0,0.0,0.0,0.0,0.0,Matches,AFC
897,Ayoub Mohamed,DF,Qatar,20,2005,2,2,147,1.6,0,0,0,0,0,0,0,0,0.0,0.0,0.0,0.0,0.0,Matches,AFC
900,Ismaeel Mohammad,"DF,MF",Qatar,35,1990,9,3,460,5.1,0,0,0,0,0,0,1,0,0.0,0.0,0.0,0.0,0.0,Matches,AFC
903,Mehrdad Mohammadi,"FW,MF",IR Iran,32,1993,1,0,16,0.2,0,0,0,0,0,0,0,0,0.0,0.0,0.0,0.0,0.0,Matches,AFC
904,Milad Mohammadi,DF,IR Iran,32,1993,14,13,1128,12.5,0,1,1,0,0,0,3,1,0.0,0.08,0.08,0.0,0.08,Matches,AFC
906,Tahsin Mohammed,MF,Qatar,19,2006,1,1,59,0.7,0,0,0,0,0,0,0,0,0.0,0.0,0.0,0.0,0.0,Matches,AFC
908,Mohammad Mohebbi,"MF,FW",IR Iran,27,1998,9,9,725,8.1,6,1,7,6,0,0,2,0,0.74,0.12,0.87,0.74,0.87,Matches,AFC
909,Mohammadmehdi Mohebi,"MF,FW",IR Iran,25,2000,2,2,152,1.7,1,1,2,1,0,0,0,0,0.59,0.59,1.18,0.59,1.18,Matches,AFC
911,Kim Moonhwan,DF,Korea Republic,30,1995,2,1,91,1.0,0,0,0,0,0,0,0,0,0.0,0.0,0.0,0.0,0.0,Matches,AFC
915,Ryoya Morishita,MF,Japan,28,1997,1,1,68,0.8,1,0,1,1,0,0,0,0,1.32,0.0,1.32,1.32,1.32,Matches,AFC
916,Hidemasa Morita,MF,Japan,30,1995,10,9,735,8.2,3,2,5,3,0,0,0,0,0.37,0.24,0.61,0.37,0.61,Matches,AFC
919,Saad Al Mosa,DF,Saudi Arabia,23,2002,1,0,2,0.0,0,0,0,0,0,0,0,0,0.0,0.0,0.0,0.0,0.0,Matches,AFC
920,Abdurahman Mostafa,MF,Qatar,28,1997,6,2,224,2.5,0,1,1,0,0,0,0,0,0.0,0.4,0.4,0.0,0.4,Matches,AFC
922,Akmal Mozgovoy,MF,Uzbekistan,25,2000,5,2,188,2.1,0,0,0,0,0,0,1,0,0.0,0.0,0.0,0.0,0.0,Matches,AFC
928,Amar Muhsin,FW,Iraq,28,1997,2,0,23,0.3,0,0,0,0,0,0,0,0,0.0,0.0,0.0,0.0,0.0,Matches,AFC
931,Hwang Mun-ki,DF,Korea Republic,29,1996,2,1,89,1.0,0,0,0,0,0,0,0,0,0.0,0.0,0.0,0.0,0.0,Matches,AFC
932,Mohammed Muntari,FW,Qatar,32,1993,6,0,148,1.6,0,0,0,0,0,0,1,0,0.0,0.0,0.0,0.0,0.0,Matches,AFC
941,Eid Al Muwallad,MF,Saudi Arabia,24,2001,1,0,26,0.3,0,0,0,0,0,0,0,0,0.0,0.0,0.0,0.0,0.0,Matches,AFC
942,Fahad Al Muwallad,"FW,MF",Saudi Arabia,31,1994,2,0,21,0.2,0,0,0,0,0,0,0,0,0.0,0.0,0.0,0.0,0.0,Matches,AFC
944,Lee Myung-jae,DF,Korea Republic,32,1993,7,5,465,5.2,0,1,1,0,0,0,0,0,0.0,0.19,0.19,0.0,0.19,Matches,AFC
948,Ali Nader,GK,Qatar,21,2004,1,0,45,0.5,0,0,0,0,0,0,0,0,0.0,0.0,0.0,0.0,0.0,Matches,AFC
950,Mohammad Abu Al Nadi,DF,Jordan,24,2001,7,6,509,5.7,0,0,0,0,0,0,0,0,0.0,0.0,0.0,0.0,0.0,Matches,AFC
953,Yazan Al-Naimat,FW,Jordan,26,1999,16,15,1346,15.0,8,5,13,7,1,1,0,0,0.53,0.33,0.87,0.47,0.8,Matches,AFC
958,Sami Al-Najei,MF,Saudi Arabia,28,1997,1,0,13,0.1,0,0,0,0,0,0,0,0,0.0,0.0,0.0,0.0,0.0,Matches,AFC
959,Murad Naji Hussein,MF,Qatar,34,1991,2,2,165,1.8,0,0,0,0,0,0,0,0,0.0,0.0,0.0,0.0,0.0,Matches,AFC
961,Keito Nakamura,"MF,DF",Japan,25,2000,10,4,417,4.6,2,1,3,2,0,0,0,0,0.43,0.22,0.65,0.43,0.65,Matches,AFC
962,Yuta Nakayama,DF,Japan,28,1997,1,1,90,1.0,0,0,0,0,0,0,0,0,0.0,0.0,0.0,0.0,0.0,Matches,AFC
965,Abdallah Nasib,DF,Jordan,31,1994,14,14,1260,14.0,1,0,1,1,0,0,2,0,0.07,0.0,0.07,0.07,0.07,Matches,AFC
966,Sherzod Nasrullayev,"MF,DF",Uzbekistan,27,1998,11,9,826,9.2,1,2,3,1,0,0,2,0,0.11,0.22,0.33,0.11,0.33,Matches,AFC
970,Saad Natiq,DF,Iraq,31,1994,2,2,153,1.7,0,0,0,0,0,0,0,0,0.0,0.0,0.0,0.0,0.0,Matches,AFC
975,Ali Nemati,DF,IR Iran,29,1996,8,5,505,5.6,0,0,0,0,0,0,0,0,0.0,0.0,0.0,0.0,0.0,Matches,AFC
979,Payam Niazmand,GK,IR Iran,30,1995,1,1,90,1.0,0,0,0,0,0,0,0,0,0.0,0.0,0.0,0.0,0.0,Matches,AFC
982,Joshua Nisbet,MF,Australia,26,1999,3,0,90,1.0,0,0,0,0,0,0,0,0,0.0,0.0,0.0,0.0,0.0,Matches,AFC
987,Omid Noorafkan,"MF,DF",IR Iran,28,1997,12,5,581,6.5,1,2,3,1,0,0,0,0,0.15,0.31,0.46,0.15,0.46,Matches,AFC
996,Aiden O'Neill,MF,Australia,27,1998,10,6,608,6.8,0,0,0,0,0,0,0,0,0.0,0.0,0.0,0.0,0.0,Matches,AFC
997,Saleem Obaid,DF,Jordan,34,1992,2,1,135,1.5,0,0,0,0,0,0,0,0,0.0,0.0,0.0,0.0,0.0,Matches,AFC
998,Koki Ogawa,FW,Japan,28,1997,8,3,316,3.5,6,1,7,6,0,0,0,0,1.71,0.28,1.99,1.71,1.99,Matches,AFC
1000,Yuki Ohashi,FW,Japan,29,1996,2,1,80,0.9,0,0,0,0,0,0,0,0,0.0,0.0,0.0,0.0,0.0,Matches,AFC
1005,Ali Olwan,"FW,MF",Jordan,25,2000,13,13,1141,12.7,9,1,10,6,3,3,0,0,0.71,0.08,0.79,0.47,0.55,Matches,AFC
1009,Keisuke Ōsako,GK,Japan,26,1999,3,3,245,2.7,0,0,0,0,0,0,0,0,0.0,0.0,0.0,0.0,0.0,Matches,AFC
1015,Mohammed Al-Owais,GK,Saudi Arabia,34,1991,8,8,664,7.4,0,0,0,0,0,0,1,0,0.0,0.0,0.0,0.0,0.0,Matches,AFC
1048,Mohammed Al Qahtani,FW,Saudi Arabia,23,2002,1,1,45,0.5,0,0,0,0,0,0,0,0,0.0,0.0,0.0,0.0,0.0,Matches,AFC
1051,Mohammed Qasim,MF,Iraq,29,1996,2,0,46,0.5,0,0,0,0,0,0,0,0,0.0,0.0,0.0,0.0,0.0,Matches,AFC
1057,Adham Al Quraishi,DF,Jordan,30,1995,1,0,18,0.2,0,0,0,0,0,0,0,0,0.0,0.0,0.0,0.0,0.0,Matches,AFC
1061,Abdullah Radif,FW,Saudi Arabia,23,2003,10,3,378,4.2,1,0,1,1,0,0,2,0,0.24,0.0,0.24,0.24,0.24,Matches,AFC
1080,Nizar Al Rashdan,MF,Jordan,26,1999,14,14,1128,12.5,0,0,0,0,0,0,4,0,0.0,0.0,0.0,0.0,0.0,Matches,AFC
1086,Osama Rashid,MF,Iraq,34,1992,9,9,657,7.3,1,0,1,1,0,0,0,0,0.14,0.0,0.14,0.14,0.14,Matches,AFC
1092,Saleh Rateb,MF,Jordan,31,1994,4,0,22,0.2,0,0,0,0,0,0,0,0,0.0,0.0,0.0,0.0,0.0,Matches,AFC
1093,Noor Al Rawabdeh,MF,Jordan,28,1997,12,10,924,10.3,2,2,4,2,0,0,1,0,0.19,0.19,0.39,0.19,0.39,Matches,AFC
1095,Ahmed Al Rawi,FW,Qatar,21,2004,8,4,466,5.2,3,0,3,3,0,0,2,0,0.58,0.0,0.58,0.58,0.58,Matches,AFC
1096,Bassam Al-Rawi,"MF,DF",Qatar,28,1997,4,2,197,2.2,0,0,0,0,0,0,1,0,0.0,0.0,0.0,0.0,0.0,Matches,AFC
1097,Amirmohammad Razaghinia,MF,IR Iran,19,2006,1,1,33,0.4,0,0,0,0,0,0,0,0,0.0,0.0,0.0,0.0,0.0,Matches,AFC
1102,Bashar Resan,MF,Iraq,29,1996,5,5,286,3.2,1,0,1,1,0,0,0,0,0.31,0.0,0.31,0.31,0.31,Matches,AFC
1106,Ramin Rezaeian,DF,IR Iran,35,1990,3,3,270,3.0,2,0,2,2,0,0,1,0,0.67,0.0,0.67,0.67,0.67,Matches,AFC
1114,Ró-Ró,DF,Qatar,35,1990,9,9,780,8.7,2,0,2,2,0,0,1,0,0.23,0.0,0.23,0.23,0.23,Matches,AFC
1120,Saed Al Rosan,DF,Jordan,28,1997,2,1,91,1.0,1,0,1,1,0,0,0,0,0.99,0.0,0.99,0.99,0.99,Matches,AFC
1122,Kye Rowles,DF,Australia,27,1998,8,7,631,7.0,1,0,1,1,0,0,2,0,0.14,0.0,0.14,0.14,0.14,Matches,AFC
1129,Mathew Ryan,GK,Australia,33,1992,11,11,990,11.0,0,0,0,0,0,0,0,0,0.0,0.0,0.0,0.0,0.0,Matches,AFC
1131,Ibrahim Sa'deh,MF,Jordan,25,2000,11,4,382,4.2,1,1,2,1,0,0,1,0,0.24,0.24,0.47,0.24,0.47,Matches,AFC
1137,Mustafa Saadoon,"DF,MF",Iraq,24,2001,7,3,246,2.7,0,0,0,0,0,0,2,0,0.0,0.0,0.0,0.0,0.0,Matches,AFC
1141,Ibrahim Sabra,FW,Jordan,19,2006,2,0,28,0.3,0,0,0,0,0,0,0,0,0.0,0.0,0.0,0.0,0.0,Matches,AFC
1146,Danilo Al Saed,FW,Iraq,26,1999,2,0,25,0.3,0,0,0,0,0,0,1,0,0.0,0.0,0.0,0.0,0.0,Matches,AFC
1150,Marwan Al Sahafi,"FW,MF",Saudi Arabia,21,2004,8,4,388,4.3,0,0,0,0,0,0,0,0,0.0,0.0,0.0,0.0,0.0,Matches,AFC
1160,Abdulla Al Salem,"FW,MF",Saudi Arabia,33,1992,1,0,18,0.2,0,0,0,0,0,0,0,0,0.0,0.0,0.0,0.0,0.0,Matches,AFC
1161,Mahdi Salem,MF,Qatar,21,2004,2,1,82,0.9,0,0,0,0,0,0,0,0,0.0,0.0,0.0,0.0,0.0,Matches,AFC
1162,Tarek Salman,DF,Qatar,28,1997,11,9,757,8.4,0,0,0,0,0,0,3,1,0.0,0.0,0.0,0.0,0.0,Matches,AFC
1164,Awn Al Saluli,DF,Saudi Arabia,27,1998,7,4,375,4.2,0,0,0,0,0,0,0,0,0.0,0.0,0.0,0.0,0.0,Matches,AFC
1175,Kaishu Sano,MF,Japan,25,2000,3,2,198,2.2,0,0,0,0,0,0,0,0,0.0,0.0,0.0,0.0,0.0,Matches,AFC
1176,Kodai Sano,MF,Japan,22,2003,1,0,30,0.3,0,0,0,0,0,0,0,0,0.0,0.0,0.0,0.0,0.0,Matches,AFC
1184,Ryūnosuke Satō,MF,Japan,19,2006,1,0,22,0.2,0,0,0,0,0,0,0,0,0.0,0.0,0.0,0.0,0.0,Matches,AFC
1187,Farrukh Sayfiev,"MF,DF",Uzbekistan,35,1991,11,9,750,8.3,0,0,0,0,0,0,3,0,0.0,0.0,0.0,0.0,0.0,Matches,AFC
1190,Allahyar Sayyadmanesh,"FW,MF",IR Iran,24,2001,1,0,19,0.2,0,0,0,0,0,0,0,0,0.0,0.0,0.0,0.0,0.0,Matches,AFC
1192,Oh Sehun,FW,Korea Republic,27,1999,9,5,426,4.7,2,0,2,2,0,0,0,0,0.42,0.0,0.42,0.42,0.42,Matches,AFC
1193,Hiroki Sekine,DF,Japan,23,2002,1,1,90,1.0,0,0,0,0,0,0,0,0,0.0,0.0,0.0,0.0,0.0,Matches,AFC
1194,Ayumu Seko,DF,Japan,25,2000,4,3,315,3.5,0,0,0,0,0,0,1,0,0.0,0.0,0.0,0.0,0.0,Matches,AFC
1196,Moon Seon-min,"FW,MF",Korea Republic,33,1992,2,0,62,0.7,0,0,0,0,0,0,2,0,0.0,0.0,0.0,0.0,0.0,Matches,AFC
1197,Igor Sergeev,FW,Uzbekistan,32,1993,3,0,45,0.5,2,0,2,2,0,0,0,0,4.0,0.0,4.0,4.0,4.0,Matches,AFC
1199,Kim Seung-gyu,GK,Korea Republic,35,1990,2,2,180,2.0,0,0,0,0,0,0,0,0,0.0,0.0,0.0,0.0,0.0,Matches,AFC
1200,Paik Seung-ho,MF,Korea Republic,28,1997,6,3,189,2.1,0,0,0,0,0,0,0,0,0.0,0.0,0.0,0.0,0.0,Matches,AFC
1201,Jung Seung-hyun,DF,Korea Republic,31,1994,3,3,270,3.0,1,0,1,1,0,0,0,0,0.33,0.0,0.33,0.33,0.33,Matches,AFC
1202,Lee Seung-woo,"FW,MF",Korea Republic,28,1998,1,0,4,0.0,0,0,0,0,0,0,0,0,0.0,0.0,0.0,0.0,0.0,Matches,AFC
1203,Park Seungwook,DF,Korea Republic,28,1997,3,1,103,1.1,0,1,1,0,0,0,0,0,0.0,0.87,0.87,0.0,0.87,Matches,AFC
1208,Yasser Al-Shahrani,DF,Saudi Arabia,33,1992,3,2,177,2.0,0,0,0,0,0,0,0,0,0.0,0.0,0.0,0.0,0.0,Matches,AFC
1211,Charbel Shamoon,DF,Iraq,21,2004,1,0,17,0.2,0,0,0,0,0,0,0,0,0.0,0.0,0.0,0.0,0.0,Matches,AFC
1221,Mohammad Shararah,FW,Jordan,28,1997,6,0,47,0.5,1,0,1,1,0,0,0,0,1.91,0.0,1.91,1.91,1.91,Matches,AFC
1225,Mahmoud Shawkat,MF,Jordan,30,1995,2,0,8,0.1,0,0,0,0,0,0,0,0,0.0,0.0,0.0,0.0,0.0,Matches,AFC
1227,Saad Al Sheeb,GK,Qatar,35,1990,1,1,90,1.0,0,0,0,0,0,0,0,0,0.0,0.0,0.0,0.0,0.0,Matches,AFC
1229,Saleh Al-Shehri,FW,Saudi Arabia,32,1993,10,4,346,3.8,4,0,4,3,1,1,0,0,1.04,0.0,1.04,0.78,0.78,Matches,AFC
1231,Muhannad Shenqeeti,DF,Saudi Arabia,26,1999,2,1,82,0.9,0,0,0,0,0,0,0,0,0.0,0.0,0.0,0.0,0.0,Matches,AFC
1232,Aimar Sher,MF,Iraq,23,2002,4,3,252,2.8,0,0,0,0,0,0,2,0,0.0,0.0,0.0,0.0,0.0,Matches,AFC
1240,Lucas Shlimon,MF,Iraq,22,2003,3,1,67,0.7,0,0,0,0,0,0,0,0,0.0,0.0,0.0,0.0,0.0,Matches,AFC
1241,Eldor Shomurodov,FW,Uzbekistan,30,1995,15,15,1194,13.3,5,5,10,5,0,1,1,0,0.38,0.38,0.75,0.38,0.75,Matches,AFC
1246,Otabek Shukurov,MF,Uzbekistan,29,1996,14,14,1155,12.8,3,2,5,2,1,1,1,0,0.23,0.16,0.39,0.16,0.31,Matches,AFC
1248,Sam Silvera,MF,Australia,25,2000,2,1,99,1.1,0,0,0,0,0,0,2,0,0.0,0.0,0.0,0.0,0.0,Matches,AFC
1259,Sisa,MF,Jordan,27,1998,1,0,27,0.3,0,0,0,0,0,0,0,0,0.0,0.0,0.0,0.0,0.0,Matches,AFC
1269,Yuki Soma,FW,Japan,28,1997,3,1,148,1.6,1,1,2,0,1,1,0,0,0.61,0.61,1.22,0.0,0.61,Matches,AFC
1274,Lee Soonmin,MF,Korea Republic,31,1994,1,0,21,0.2,0,0,0,0,0,0,1,0,0.0,0.0,0.0,0.0,0.0,Matches,AFC
1276,Sebastián Soria,FW,Qatar,42,1983,1,0,30,0.3,0,0,0,0,0,0,0,0,0.0,0.0,0.0,0.0,0.0,Matches,AFC
1277,Harry Souttar,DF,Australia,27,1998,11,11,990,11.0,2,0,2,2,0,0,1,0,0.18,0.0,0.18,0.18,0.18,Matches,AFC
1284,Apostolos Stamatelopoulos,FW,Australia,26,1999,1,0,26,0.3,0,0,0,0,0,0,0,0,0.0,0.0,0.0,0.0,0.0,Matches,AFC
1288,Ryan Strain,DF,Australia,28,1997,2,2,110,1.2,0,0,0,0,0,0,0,0,0.0,0.0,0.0,0.0,0.0,Matches,AFC
1290,Yukinari Sugawara,"MF,DF",Japan,25,2000,5,4,314,3.5,2,0,2,2,0,0,0,0,0.57,0.0,0.57,0.57,0.57,Matches,AFC
1291,Ahmed Suhail,DF,Qatar,26,1999,3,2,209,2.3,1,0,1,1,0,0,0,0,0.43,0.0,0.43,0.43,0.43,Matches,AFC
1299,Rebin Sulaka,DF,Iraq,33,1992,16,15,1246,13.8,0,1,1,0,0,0,1,1,0.0,0.07,0.07,0.0,0.07,Matches,AFC
1308,Amro Surag,MF,Qatar,27,1998,1,1,56,0.6,0,0,0,0,0,0,0,0,0.0,0.0,0.0,0.0,0.0,Matches,AFC
1312,Junnosuke Suzuki,DF,Japan,22,2003,1,1,90,1.0,0,0,0,0,0,0,0,0,0.0,0.0,0.0,0.0,0.0,Matches,AFC
1313,Yuito Suzuki,MF,Japan,24,2001,2,1,135,1.5,0,0,0,0,0,0,0,0,0.0,0.0,0.0,0.0,0.0,Matches,AFC
1314,Zion Suzuki,GK,Japan,23,2002,10,10,900,10.0,0,0,0,0,0,0,0,0,0.0,0.0,0.0,0.0,0.0,Matches,AFC
1318,Musa Al-Taamari,"FW,MF",Jordan,28,1997,13,12,1037,11.5,7,2,9,7,0,1,1,0,0.61,0.17,0.78,0.61,0.78,Matches,AFC
1319,Mohamed Al Taay,MF,Iraq,25,2000,4,1,120,1.3,0,0,0,0,0,0,0,0,0.0,0.0,0.0,0.0,0.0,Matches,AFC
1321,Kim Tae-hwan,DF,Korea Republic,36,1989,1,1,71,0.8,0,0,0,0,0,0,0,0,0.0,0.0,0.0,0.0,0.0,Matches,AFC
1322,Lee Taeseok,DF,Korea Republic,23,2002,5,4,373,4.1,0,0,0,0,0,0,2,0,0.0,0.0,0.0,0.0,0.0,Matches,AFC
1324,Adam Taggart,FW,Australia,32,1993,5,3,227,2.5,1,1,2,1,0,0,0,0,0.4,0.4,0.79,0.4,0.79,Matches,AFC
1326,Zaid Tahseen,DF,Iraq,25,2001,13,12,1010,11.2,1,0,1,1,0,0,2,1,0.09,0.0,0.09,0.09,0.09,Matches,AFC
1329,Kōta Takai,DF,Japan,21,2004,4,2,221,2.5,0,0,0,0,0,0,0,0,0.0,0.0,0.0,0.0,0.0,Matches,AFC
1333,Hassan Al Tambakti,DF,Saudi Arabia,26,1999,14,13,1188,13.2,0,0,0,0,0,0,3,0,0.0,0.0,0.0,0.0,0.0,Matches,AFC
1337,Ao Tanaka,MF,Japan,27,1998,9,6,595,6.6,1,1,2,1,0,0,0,0,0.15,0.15,0.3,0.15,0.3,Matches,AFC
1339,Kosei Tani,GK,Japan,25,2000,2,1,105,1.2,0,0,0,0,0,0,0,0,0.0,0.0,0.0,0.0,0.0,Matches,AFC
1340,Shogo Taniguchi,DF,Japan,34,1991,8,7,602,6.7,0,0,0,0,0,0,0,0,0.0,0.0,0.0,0.0,0.0,Matches,AFC
1341,Mehdi Taremi,"MF,FW",IR Iran,33,1992,15,15,1329,14.8,10,7,17,8,2,3,0,0,0.68,0.47,1.15,0.54,1.02,Matches,AFC
1343,Kota Tawaratsumida,MF,Japan,21,2004,2,1,76,0.8,0,0,0,0,0,0,0,0,0.0,0.0,0.0,0.0,0.0,Matches,AFC
1346,Ryan Teague,MF,Australia,24,2002,3,2,135,1.5,0,0,0,0,0,0,0,0,0.0,0.0,0.0,0.0,0.0,Matches,AFC
1349,Jehad Thakri,DF,Saudi Arabia,24,2001,3,3,270,3.0,0,0,0,0,0,0,0,0,0.0,0.0,0.0,0.0,0.0,Matches,AFC
1361,Marco Tilio,MF,Australia,24,2001,1,0,14,0.2,0,0,0,0,0,0,0,0,0.0,0.0,0.0,0.0,0.0,Matches,AFC
1368,Takehiro Tomiyasu,DF,Japan,27,1998,2,2,165,1.8,0,0,0,0,0,0,0,0,0.0,0.0,0.0,0.0,0.0,Matches,AFC
1369,Mehdi Torabi,MF,IR Iran,31,1994,4,2,228,2.5,0,0,0,0,0,0,0,0,0.0,0.0,0.0,0.0,0.0,Matches,AFC
1371,Mo Touré,FW,Australia,21,2004,1,0,26,0.3,0,0,0,0,0,0,0,0,0.0,0.0,0.0,0.0,0.0,Matches,AFC
1381,Islom Tukhtakhodjaev,DF,Uzbekistan,36,1989,1,0,1,0.0,0,0,0,0,0,0,0,0,0.0,0.0,0.0,0.0,0.0,Matches,AFC
1382,Aziz Turgʻunboyev,"MF,FW",Uzbekistan,31,1994,9,7,533,5.9,1,1,2,1,0,0,0,0,0.17,0.17,0.34,0.17,0.34,Matches,AFC
1387,Ayase Ueda,FW,Japan,27,1998,9,9,685,7.6,8,2,10,7,1,1,0,0,1.05,0.26,1.31,0.92,1.18,Matches,AFC
1389,Hwang Ui-jo,"FW,MF",Korea Republic,33,1992,2,0,46,0.5,1,0,1,0,1,1,0,0,1.96,0.0,1.96,0.0,0.0,Matches,AFC
1394,Oston Urunov,"FW,MF",Uzbekistan,25,2000,9,7,539,6.0,4,1,5,4,0,0,0,0,0.67,0.17,0.83,0.67,0.83,Matches,AFC
1407,Nishan Velupillay,FW,Australia,24,2001,5,2,206,2.3,3,0,3,3,0,0,0,0,1.31,0.0,1.31,1.31,1.31,Matches,AFC
1413,Mohammed Waad,"MF,DF",Qatar,26,1999,8,4,362,4.0,0,1,1,0,0,0,1,0,0.0,0.25,0.25,0.0,0.25,Matches,AFC
1416,Saleh Waheeb,MF,Saudi Arabia,23,2002,2,2,137,1.5,1,0,1,1,0,0,0,0,0.66,0.0,0.66,0.66,0.66,Matches,AFC
1430,Tsuyoshi Watanabe,DF,Japan,28,1997,2,1,114,1.3,0,0,0,0,0,0,0,0,0.0,0.0,0.0,0.0,0.0,Matches,AFC
1442,Um Wonsang,"FW,MF",Korea Republic,27,1999,1,0,33,0.4,0,0,0,0,0,0,0,0,0.0,0.0,0.0,0.0,0.0,Matches,AFC
1443,Jeong Woo-yeong,FW,Korea Republic,26,1999,3,1,96,1.1,0,0,0,0,0,0,0,0,0.0,0.0,0.0,0.0,0.0,Matches,AFC
1444,Jung Woo-young,MF,Korea Republic,36,1989,4,3,276,3.1,0,0,0,0,0,0,1,0,0.0,0.0,0.0,0.0,0.0,Matches,AFC
1446,Odiljon Xamrobekov,MF,Uzbekistan,29,1996,16,16,1421,15.8,0,1,1,0,0,0,2,0,0.0,0.06,0.06,0.0,0.06,Matches,AFC
1449,Diyor Xolmatov,MF,Uzbekistan,23,2002,3,0,22,0.2,0,0,0,0,0,0,0,0,0.0,0.0,0.0,0.0,0.0,Matches,AFC
1452,Ahmed Yahya,"DF,MF",Iraq,30,1995,7,5,435,4.8,0,0,0,0,0,0,0,0,0.0,0.0,0.0,0.0,0.0,Matches,AFC
1453,Aiman Yahya,"FW,MF",Saudi Arabia,24,2001,7,6,438,4.9,0,0,0,0,0,0,0,0,0.0,0.0,0.0,0.0,0.0,Matches,AFC
1455,Kevin Yakob,MF,Iraq,25,2000,2,2,90,1.0,0,0,0,0,0,0,0,0,0.0,0.0,0.0,0.0,0.0,Matches,AFC
1460,Ahmed Yasin Ghani,MF,Iraq,34,1991,5,1,122,1.4,0,1,1,0,0,0,0,0,0.0,0.74,0.74,0.0,0.74,Matches,AFC
1461,Patrick Yazbek,MF,Australia,23,2002,4,1,202,2.2,0,1,1,0,0,0,1,0,0.0,0.45,0.45,0.0,0.45,Matches,AFC
1463,Abdulla Al Yazidi,"MF,FW",Qatar,23,2002,5,2,129,1.4,0,0,0,0,0,0,0,0,0.0,0.0,0.0,0.0,0.0,Matches,AFC
1465,Kusini Yengi,FW,Australia,27,1999,8,6,461,5.1,6,0,6,5,1,1,0,1,1.17,0.0,1.17,0.98,0.98,Matches,AFC
1468,Park Yong-woo,MF,Korea Republic,32,1993,10,9,753,8.4,0,0,0,0,0,0,3,0,0.0,0.0,0.0,0.0,0.0,Matches,AFC
1471,Kim Young-gwon,DF,Korea Republic,35,1990,3,3,253,2.8,0,0,0,0,0,0,0,0,0.0,0.0,0.0,0.0,0.0,Matches,AFC
1472,Seol Young-woo,DF,Korea Republic,27,1998,14,12,1048,11.6,0,2,2,0,0,0,1,0,0.0,0.17,0.17,0.0,0.17,Matches,AFC
1473,Arya Yousefi,DF,IR Iran,23,2002,5,4,278,3.1,0,0,0,0,0,0,1,0,0.0,0.0,0.0,0.0,0.0,Matches,AFC
1474,Abdalla Yousif,DF,Qatar,23,2002,3,2,188,2.1,0,0,0,0,0,0,0,0,0.0,0.0,0.0,0.0,0.0,Matches,AFC
1475,Ali Yousif,FW,Iraq,30,1996,2,0,28,0.3,0,0,0,0,0,0,0,0,0.0,0.0,0.0,0.0,0.0,Matches,AFC
1477,Ibrohimxalil Yoʻldoshev,DF,Uzbekistan,24,2001,1,0,34,0.4,0,0,0,0,0,0,0,0,0.0,0.0,0.0,0.0,0.0,Matches,AFC
1483,Cho Yumin,DF,Korea Republic,29,1996,9,9,810,9.0,0,1,1,0,0,0,1,0,0.0,0.11,0.11,0.0,0.11,Matches,AFC
1487,Munaf Yunus,DF,Iraq,29,1996,9,6,573,6.4,0,0,0,0,0,0,0,0,0.0,0.0,0.0,0.0,0.0,Matches,AFC
1489,Utkir Yusupov,GK,Uzbekistan,35,1991,16,16,1440,16.0,0,0,0,0,0,0,0,0,0.0,0.0,0.0,0.0,0.0,Matches,AFC
1491,Salah Zakaria,GK,Qatar,26,1999,2,1,111,1.2,0,0,0,0,0,0,0,0,0.0,0.0,0.0,0.0,0.0,Matches,AFC
