Rk,Player,Pos,Squad,Age,Born,Playing Time_MP,Playing Time_Starts,Playing Time_Min,Playing Time_90s,Performance_Gls,Performance_Ast,Performance_G+A,Performance_G-PK,Performance_PK,Performance_PKatt,Performance_CrdY,Performance_CrdR,Per 90 Minutes_Gls,Per 90 Minutes_Ast,Per 90 Minutes_G+A,Per 90 Minutes_G-PK,Per 90 Minutes_G+A-PK,Matches,confederation,competition
2,Thelo Aasgaard,MF,Norway,23,2002,4,1,120,1.3,5,1,6,4,1,1,0,0,3.75,0.75,4.5,3.0,3.75,Matches,UEFA,UEFA WCQ
12,Michel Aebischer,MF,Switzerland,29,1997,4,2,240,2.7,0,0,0,0,0,0,0,0,0.0,0.0,0.0,0.0,0.0,Matches,UEFA,UEFA WCQ
16,Kristoffer Ajer,DF,Norway,27,1998,8,8,702,7.8,1,0,1,1,0,0,1,0,0.13,0.0,0.13,0.13,0.13,Matches,UEFA,UEFA WCQ
19,Manuel Akanji,DF,Switzerland,30,1995,6,6,540,6.0,1,0,1,1,0,0,1,0,0.17,0.0,0.17,0.17,0.17,Matches,UEFA,UEFA WCQ
24,Maghnes Akliouche,MF,France,23,2002,5,1,133,1.5,1,1,2,1,0,0,0,0,0.68,0.68,1.35,0.68,1.35,Matches,UEFA,UEFA WCQ
28,Trent Alexander-Arnold,"DF,MF",England,27,1998,1,0,26,0.3,0,0,0,0,0,0,0,0,0.0,0.0,0.0,0.0,0.0,Matches,UEFA,UEFA WCQ
45,Elliot Anderson,MF,England,23,2002,5,4,370,4.1,0,0,0,0,0,0,0,0,0.0,0.0,0.0,0.0,0.0,Matches,UEFA,UEFA WCQ
47,Fredrik André Bjørkan,DF,Norway,27,1998,2,0,20,0.2,0,0,0,0,0,0,0,0,0.0,0.0,0.0,0.0,0.0,Matches,UEFA,UEFA WCQ
82,Alex Baena,"MF,FW",Spain,24,2001,4,2,208,2.3,0,0,0,0,0,0,1,0,0.0,0.0,0.0,0.0,0.0,Matches,UEFA,UEFA WCQ
87,Adrian Bajrami,DF,Switzerland,23,2002,1,0,14,0.2,0,0,0,0,0,0,0,0,0.0,0.0,0.0,0.0,0.0,Matches,UEFA,UEFA WCQ
101,Bradley Barcola,MF,France,23,2002,4,3,215,2.4,1,1,2,1,0,0,0,0,0.42,0.42,0.84,0.42,0.84,Matches,UEFA,UEFA WCQ
109,Pablo Barrios,MF,Spain,22,2003,3,0,69,0.8,0,0,0,0,0,0,0,0,0.0,0.0,0.0,0.0,0.0,Matches,UEFA,UEFA WCQ
127,Jude Bellingham,MF,England,22,2003,5,4,354,3.9,0,1,1,0,0,0,2,0,0.0,0.25,0.25,0.0,0.25,Matches,UEFA,UEFA WCQ
138,Lasse Berg Johnsen,MF,Norway,26,1999,2,0,40,0.4,0,0,0,0,0,0,0,0,0.0,0.0,0.0,0.0,0.0,Matches,UEFA,UEFA WCQ
139,Patrick Berg,MF,Norway,28,1997,7,4,358,4.0,0,0,0,0,0,0,1,0,0.0,0.0,0.0,0.0,0.0,Matches,UEFA,UEFA WCQ
140,Sander Berge,MF,Norway,27,1998,8,8,720,8.0,0,2,2,0,0,0,0,0,0.0,0.25,0.25,0.0,0.25,Matches,UEFA,UEFA WCQ
159,Oscar Bobb,MF,Norway,22,2003,6,2,246,2.7,0,1,1,0,0,0,0,0,0.0,0.37,0.37,0.0,0.37,Matches,UEFA,UEFA WCQ
175,Erik Botheim,FW,Norway,26,2000,1,0,13,0.1,0,0,0,0,0,0,0,0,0.0,0.0,0.0,0.0,0.0,Matches,UEFA,UEFA WCQ
176,Jarrod Bowen,"MF,FW",England,29,1996,5,2,197,2.2,0,1,1,0,0,0,0,0,0.0,0.46,0.46,0.0,0.46,Matches,UEFA,UEFA WCQ
202,Dan Burn,DF,England,33,1992,5,4,380,4.2,0,0,0,0,0,0,1,0,0.0,0.0,0.0,0.0,0.0,Matches,UEFA,UEFA WCQ
214,Eduardo Camavinga,MF,France,23,2002,2,1,95,1.1,0,0,0,0,0,0,1,0,0.0,0.0,0.0,0.0,0.0,Matches,UEFA,UEFA WCQ
219,João Cancelo,DF,Portugal,31,1994,4,4,285,3.2,2,2,4,2,0,0,1,0,0.63,0.63,1.26,0.63,1.26,Matches,UEFA,UEFA WCQ
226,Dani Carvajal,DF,Spain,34,1992,1,0,29,0.3,0,0,0,0,0,0,0,0,0.0,0.0,0.0,0.0,0.0,Matches,UEFA,UEFA WCQ
228,Timothy Castagne,DF,Belgium,30,1995,6,4,413,4.6,0,2,2,0,0,0,0,0,0.0,0.44,0.44,0.0,0.44,Matches,UEFA,UEFA WCQ
242,Rayan Cherki,MF,France,22,2003,2,1,96,1.1,0,0,0,0,0,0,0,0,0.0,0.0,0.0,0.0,0.0,Matches,UEFA,UEFA WCQ
245,Lucas Chevalier,GK,France,24,2001,1,1,90,1.0,0,0,0,0,0,0,0,0,0.0,0.0,0.0,0.0,0.0,Matches,UEFA,UEFA WCQ
267,Kingsley Coman,MF,France,29,1996,3,1,123,1.4,0,0,0,0,0,0,0,0,0.0,0.0,0.0,0.0,0.0,Matches,UEFA,UEFA WCQ
268,Francisco Conceição,MF,Portugal,23,2002,2,0,64,0.7,1,0,1,1,0,0,0,0,1.41,0.0,1.41,1.41,1.41,Matches,UEFA,UEFA WCQ
273,Diogo Costa,GK,Portugal,26,1999,6,6,540,6.0,0,0,0,0,0,0,0,0,0.0,0.0,0.0,0.0,0.0,Matches,UEFA,UEFA WCQ
275,Thibaut Courtois,GK,Belgium,33,1992,4,4,360,4.0,0,0,0,0,0,0,0,0,0.0,0.0,0.0,0.0,0.0,Matches,UEFA,UEFA WCQ
279,Pau Cubarsí,DF,Spain,19,2007,4,3,315,3.5,0,0,0,0,0,0,0,0,0.0,0.0,0.0,0.0,0.0,Matches,UEFA,UEFA WCQ
281,Marc Cucurella,DF,Spain,27,1998,5,5,450,5.0,1,1,2,1,0,0,0,0,0.2,0.2,0.4,0.2,0.4,Matches,UEFA,UEFA WCQ
290,Diogo Dalot,DF,Portugal,26,1999,2,2,151,1.7,0,0,0,0,0,0,0,0,0.0,0.0,0.0,0.0,0.0,Matches,UEFA,UEFA WCQ
312,Kevin De Bruyne,MF,Belgium,34,1991,6,6,463,5.1,6,1,7,4,2,2,1,0,1.17,0.19,1.36,0.78,0.97,Matches,UEFA,UEFA WCQ
313,Maxim De Cuyper,DF,Belgium,25,2000,7,6,414,4.6,2,2,4,2,0,0,1,0,0.43,0.43,0.87,0.43,0.87,Matches,UEFA,UEFA WCQ
314,Charles De Ketelaere,FW,Belgium,24,2001,5,4,329,3.7,2,3,5,2,0,0,0,0,0.55,0.82,1.37,0.55,1.37,Matches,UEFA,UEFA WCQ
315,Koni De Winter,DF,Belgium,23,2002,3,1,200,2.2,0,1,1,0,0,0,0,0,0.0,0.45,0.45,0.0,0.45,Matches,UEFA,UEFA WCQ
316,Zeno Debast,DF,Belgium,22,2003,6,6,540,6.0,0,0,0,0,0,0,0,0,0.0,0.0,0.0,0.0,0.0,Matches,UEFA,UEFA WCQ
320,Ousmane Dembélé,"FW,MF",France,28,1997,1,0,36,0.4,0,0,0,0,0,0,0,0,0.0,0.0,0.0,0.0,0.0,Matches,UEFA,UEFA WCQ
328,Rúben Dias,DF,Portugal,28,1997,6,6,522,5.8,0,0,0,0,0,0,1,0,0.0,0.0,0.0,0.0,0.0,Matches,UEFA,UEFA WCQ
330,Lucas Digne,DF,France,32,1993,3,3,270,3.0,0,1,1,0,0,0,0,0,0.0,0.33,0.33,0.0,0.33,Matches,UEFA,UEFA WCQ
339,Jeremy Doku,"MF,FW",Belgium,23,2002,8,8,642,7.1,5,3,8,5,0,0,0,0,0.7,0.42,1.12,0.7,1.12,Matches,UEFA,UEFA WCQ
347,Désiré Doué,MF,France,20,2005,1,1,45,0.5,0,0,0,0,0,0,0,0,0.0,0.0,0.0,0.0,0.0,Matches,UEFA,UEFA WCQ
368,Aron Dønnum,"FW,MF",Norway,27,1998,4,0,78,0.9,1,0,1,1,0,0,0,0,1.15,0.0,1.15,1.15,1.15,Matches,UEFA,UEFA WCQ
375,Hugo Ekitike,"MF,FW",France,23,2002,6,2,204,2.3,1,2,3,1,0,0,0,0,0.44,0.88,1.32,0.44,1.32,Matches,UEFA,UEFA WCQ
385,Nico Elvedi,DF,Switzerland,29,1996,6,6,540,6.0,1,0,1,1,0,0,0,0,0.17,0.0,0.17,0.17,0.17,Matches,UEFA,UEFA WCQ
387,Breel Embolo,FW,Switzerland,28,1997,6,6,483,5.4,4,0,4,4,0,0,0,0,0.75,0.0,0.75,0.75,0.75,Matches,UEFA,UEFA WCQ
397,Eberechi Eze,"MF,FW",England,27,1998,6,2,252,2.8,3,0,3,3,0,0,0,0,1.07,0.0,1.07,1.07,1.07,Matches,UEFA,UEFA WCQ
400,Wout Faes,DF,Belgium,27,1998,2,2,180,2.0,0,0,0,0,0,0,0,0,0.0,0.0,0.0,0.0,0.0,Matches,UEFA,UEFA WCQ
401,Christian Fassnacht,"FW,MF",Switzerland,32,1993,2,0,8,0.1,0,0,0,0,0,0,0,0,0.0,0.0,0.0,0.0,0.0,Matches,UEFA,UEFA WCQ
402,João Félix,FW,Portugal,26,1999,5,2,192,2.1,2,1,3,2,0,0,1,0,0.94,0.47,1.41,0.94,1.41,Matches,UEFA,UEFA WCQ
405,Bruno Fernandes,MF,Portugal,31,1994,5,5,391,4.3,3,0,3,1,2,2,2,0,0.69,0.0,0.69,0.23,0.23,Matches,UEFA,UEFA WCQ
409,Phil Foden,MF,England,25,2000,4,1,152,1.7,0,1,1,0,0,0,0,0,0.0,0.59,0.59,0.0,0.59,Matches,UEFA,UEFA WCQ
410,Malick Fofana,MF,Belgium,20,2005,4,1,145,1.6,1,0,1,1,0,0,0,0,0.62,0.0,0.62,0.62,0.62,Matches,UEFA,UEFA WCQ
411,Carlos Forbs,"FW,MF",Portugal,21,2004,1,0,35,0.4,0,0,0,0,0,0,0,0,0.0,0.0,0.0,0.0,0.0,Matches,UEFA,UEFA WCQ
412,Pablo Fornals,"FW,MF",Spain,29,1996,1,0,8,0.1,0,0,0,0,0,0,0,0,0.0,0.0,0.0,0.0,0.0,Matches,UEFA,UEFA WCQ
420,Remo Freuler,MF,Switzerland,33,1992,4,4,360,4.0,0,2,2,0,0,0,0,0,0.0,0.5,0.5,0.0,0.5,Matches,UEFA,UEFA WCQ
425,Jorge de Frutos,"FW,MF",Spain,28,1997,1,0,23,0.3,0,0,0,0,0,0,0,0,0.0,0.0,0.0,0.0,0.0,Matches,UEFA,UEFA WCQ
433,Aleix García,MF,Spain,28,1997,3,1,128,1.4,0,0,0,0,0,0,0,0,0.0,0.0,0.0,0.0,0.0,Matches,UEFA,UEFA WCQ
446,Morgan Gibbs-White,"FW,MF",England,26,2000,2,0,14,0.2,0,0,0,0,0,0,0,0,0.0,0.0,0.0,0.0,0.0,Matches,UEFA,UEFA WCQ
461,Pedro Gonçalves,"FW,MF",Portugal,27,1998,1,0,25,0.3,0,0,0,0,0,0,0,0,0.0,0.0,0.0,0.0,0.0,Matches,UEFA,UEFA WCQ
463,Anthony Gordon,"MF,FW",England,24,2001,5,2,188,2.1,1,0,1,1,0,0,1,0,0.48,0.0,0.48,0.48,0.48,Matches,UEFA,UEFA WCQ
477,Álex Grimaldo,DF,Spain,30,1995,1,1,90,1.0,0,1,1,0,0,0,0,0,0.0,1.0,1.0,0.0,1.0,Matches,UEFA,UEFA WCQ
489,Marc Guéhi,DF,England,25,2000,3,3,255,2.8,1,1,2,1,0,0,0,0,0.35,0.35,0.71,0.35,0.71,Matches,UEFA,UEFA WCQ
496,Malo Gusto,DF,France,22,2003,5,2,211,2.3,0,2,2,0,0,0,0,0,0.0,0.85,0.85,0.0,0.85,Matches,UEFA,UEFA WCQ
503,Erling Haaland,FW,Norway,25,2000,8,8,704,7.8,16,3,19,16,0,1,1,0,2.05,0.38,2.43,2.05,2.43,Matches,UEFA,UEFA WCQ
526,Aune Heggebø,FW,Norway,24,2001,1,0,1,0.0,0,0,0,0,0,0,0,0,0.0,0.0,0.0,0.0,0.0,Matches,UEFA,UEFA WCQ
527,Torbjørn Heggem,DF,Norway,27,1999,8,7,664,7.4,0,0,0,0,0,0,1,0,0.0,0.0,0.0,0.0,0.0,Matches,UEFA,UEFA WCQ
528,Dean Henderson,GK,England,28,1997,1,1,90,1.0,0,0,0,0,0,0,0,0,0.0,0.0,0.0,0.0,0.0,Matches,UEFA,UEFA WCQ
529,Jordan Henderson,MF,England,35,1990,6,1,152,1.7,0,0,0,0,0,0,0,0,0.0,0.0,0.0,0.0,0.0,Matches,UEFA,UEFA WCQ
532,Lucas Hernández,DF,France,29,1996,1,1,90,1.0,0,0,0,0,0,0,0,0,0.0,0.0,0.0,0.0,0.0,Matches,UEFA,UEFA WCQ
533,Theo Hernández,DF,France,28,1997,3,3,270,3.0,0,1,1,0,0,0,1,0,0.0,0.33,0.33,0.0,0.33,Matches,UEFA,UEFA WCQ
554,Dean Huijsen,DF,Spain,20,2005,2,2,180,2.0,0,0,0,0,0,0,0,0,0.0,0.0,0.0,0.0,0.0,Matches,UEFA,UEFA WCQ
566,Borja Iglesias,FW,Spain,33,1993,3,0,91,1.0,0,0,0,0,0,0,0,0,0.0,0.0,0.0,0.0,0.0,Matches,UEFA,UEFA WCQ
572,Gonçalo Inácio,DF,Portugal,24,2001,3,3,180,2.0,0,0,0,0,0,0,0,0,0.0,0.0,0.0,0.0,0.0,Matches,UEFA,UEFA WCQ
579,Cedric Itten,"FW,MF",Switzerland,29,1996,1,0,6,0.1,0,0,0,0,0,0,0,0,0.0,0.0,0.0,0.0,0.0,Matches,UEFA,UEFA WCQ
590,Reece James,DF,England,26,1999,6,5,406,4.5,1,1,2,1,0,0,0,0,0.22,0.22,0.44,0.22,0.44,Matches,UEFA,UEFA WCQ
596,Luca Jaquez,DF,Switzerland,22,2003,1,0,17,0.2,0,0,0,0,0,0,0,0,0.0,0.0,0.0,0.0,0.0,Matches,UEFA,UEFA WCQ
615,Curtis Jones,MF,England,25,2001,3,2,164,1.8,0,0,0,0,0,0,0,0,0.0,0.0,0.0,0.0,0.0,Matches,UEFA,UEFA WCQ
640,Harry Kane,FW,England,32,1993,8,8,679,7.5,8,0,8,7,1,1,0,0,1.06,0.0,1.06,0.93,0.93,Matches,UEFA,UEFA WCQ
642,N'Golo Kanté,MF,France,34,1991,1,1,90,1.0,0,1,1,0,0,0,0,0,0.0,1.0,1.0,0.0,1.0,Matches,UEFA,UEFA WCQ
684,Gregor Kobel,GK,Switzerland,28,1997,6,6,540,6.0,0,0,0,0,0,0,0,0,0.0,0.0,0.0,0.0,0.0,Matches,UEFA,UEFA WCQ
691,Ibrahima Konaté,DF,France,26,1999,3,3,270,3.0,0,0,0,0,0,0,0,0,0.0,0.0,0.0,0.0,0.0,Matches,UEFA,UEFA WCQ
692,Manu Koné,MF,France,24,2001,4,4,349,3.9,0,0,0,0,0,0,2,0,0.0,0.0,0.0,0.0,0.0,Matches,UEFA,UEFA WCQ
694,Ezri Konsa,DF,England,28,1997,7,6,555,6.2,1,0,1,1,0,0,1,0,0.16,0.0,0.16,0.16,0.16,Matches,UEFA,UEFA WCQ
709,Jules Koundé,DF,France,27,1998,4,4,329,3.7,0,0,0,0,0,0,0,0,0.0,0.0,0.0,0.0,0.0,Matches,UEFA,UEFA WCQ
749,Senne Lammens,GK,Belgium,23,2002,1,1,90,1.0,0,0,0,0,0,0,0,0,0.0,0.0,0.0,0.0,0.0,Matches,UEFA,UEFA WCQ
751,Aymeric Laporte,DF,Spain,31,1994,3,3,270,3.0,0,0,0,0,0,0,0,0,0.0,0.0,0.0,0.0,0.0,Matches,UEFA,UEFA WCQ
759,Robin Le Normand,DF,Spain,29,1996,4,4,295,3.3,0,2,2,0,0,0,1,0,0.0,0.61,0.61,0.0,0.61,Matches,UEFA,UEFA WCQ
760,Rafael Leão,MF,Portugal,26,1999,3,1,113,1.3,0,0,0,0,0,0,0,0,0.0,0.0,0.0,0.0,0.0,Matches,UEFA,UEFA WCQ
769,Myles Lewis-Skelly,DF,England,19,2006,4,4,347,3.9,1,0,1,1,0,0,0,0,0.26,0.0,0.26,0.26,0.26,Matches,UEFA,UEFA WCQ
779,Valentino Livramento,DF,England,23,2002,2,1,112,1.2,0,0,0,0,0,0,0,0,0.0,0.0,0.0,0.0,0.0,Matches,UEFA,UEFA WCQ
780,Marcos Llorente,DF,Spain,31,1995,3,1,151,1.7,0,0,0,0,0,0,0,0,0.0,0.0,0.0,0.0,0.0,Matches,UEFA,UEFA WCQ
792,Fermin López,MF,Spain,22,2003,3,0,69,0.8,0,0,0,0,0,0,0,0,0.0,0.0,0.0,0.0,0.0,Matches,UEFA,UEFA WCQ
798,Romelu Lukaku,FW,Belgium,32,1993,2,2,171,1.9,1,0,1,0,1,1,0,0,0.53,0.0,0.53,0.0,0.0,Matches,UEFA,UEFA WCQ
799,Dodi Lukebakio,"FW,MF",Belgium,28,1997,2,0,49,0.5,0,0,0,0,0,0,0,0,0.0,0.0,0.0,0.0,0.0,Matches,UEFA,UEFA WCQ
805,Noni Madueke,MF,England,23,2002,3,3,255,2.8,1,1,2,1,0,0,0,0,0.35,0.35,0.71,0.35,0.71,Matches,UEFA,UEFA WCQ
815,Mike Maignan,GK,France,30,1995,5,5,450,5.0,0,0,0,0,0,0,0,0,0.0,0.0,0.0,0.0,0.0,Matches,UEFA,UEFA WCQ
836,Johan Manzambi,FW,Switzerland,20,2005,6,1,192,2.1,2,0,2,2,0,0,0,0,0.94,0.0,0.94,0.94,0.94,Matches,UEFA,UEFA WCQ
849,Jean-Philippe Mateta,FW,France,28,1997,3,2,178,2.0,2,0,2,2,0,0,0,0,1.01,0.0,1.01,1.01,1.01,Matches,UEFA,UEFA WCQ
859,Kylian Mbappé,FW,France,27,1998,4,4,352,3.9,5,3,8,3,2,2,1,0,1.28,0.77,2.05,0.77,1.53,Matches,UEFA,UEFA WCQ
872,Brandon Mechele,DF,Belgium,33,1993,2,1,100,1.1,1,0,1,1,0,0,0,0,0.9,0.0,0.9,0.9,0.9,Matches,UEFA,UEFA WCQ
879,Nuno Mendes,DF,Portugal,23,2002,4,4,322,3.6,0,1,1,0,0,0,0,0,0.0,0.28,0.28,0.0,0.28,Matches,UEFA,UEFA WCQ
881,Mikel Merino,MF,Spain,29,1996,6,6,466,5.2,6,0,6,6,0,0,1,0,1.16,0.0,1.16,1.16,1.16,Matches,UEFA,UEFA WCQ
883,Thomas Meunier,DF,Belgium,34,1991,7,5,351,3.9,2,2,4,2,0,0,2,0,0.51,0.51,1.03,0.51,1.03,Matches,UEFA,UEFA WCQ
919,Álvaro Morata,FW,Spain,33,1992,1,0,18,0.2,0,0,0,0,0,0,0,0,0.0,0.0,0.0,0.0,0.0,Matches,UEFA,UEFA WCQ
920,Diego Moreira,MF,Belgium,21,2004,2,0,28,0.3,0,0,0,0,0,0,0,0,0.0,0.0,0.0,0.0,0.0,Matches,UEFA,UEFA WCQ
935,Miro Muheim,"DF,MF",Switzerland,27,1998,3,0,94,1.0,0,1,1,0,0,0,1,0,0.0,0.96,0.96,0.0,0.96,Matches,UEFA,UEFA WCQ
956,Felix Myhre,MF,Norway,26,1999,1,1,63,0.7,1,1,2,1,0,0,0,0,1.43,1.43,2.86,1.43,2.86,Matches,UEFA,UEFA WCQ
961,David Møller Wolfe,DF,Norway,23,2002,8,8,679,7.5,1,2,3,1,0,0,1,0,0.13,0.27,0.4,0.13,0.4,Matches,UEFA,UEFA WCQ
971,Dan Ndoye,"FW,MF",Switzerland,25,2000,5,5,442,4.9,2,3,5,2,0,0,1,0,0.41,0.61,1.02,0.41,1.02,Matches,UEFA,UEFA WCQ
976,Pedro Neto,MF,Portugal,25,2000,4,4,244,2.7,0,1,1,0,0,0,0,0,0.0,0.37,0.37,0.0,0.37,Matches,UEFA,UEFA WCQ
978,João Neves,"MF,DF",Portugal,21,2004,4,4,335,3.7,3,0,3,3,0,0,1,0,0.81,0.0,0.81,0.81,0.81,Matches,UEFA,UEFA WCQ
979,Rúben Neves,MF,Portugal,28,1997,5,4,349,3.9,1,0,1,1,0,0,0,0,0.26,0.0,0.26,0.26,0.26,Matches,UEFA,UEFA WCQ
986,Christopher Nkunku,MF,France,28,1997,4,2,148,1.6,1,0,1,1,0,0,0,0,0.61,0.0,0.61,0.61,0.61,Matches,UEFA,UEFA WCQ
991,Matheus Nunes,"DF,MF",Portugal,27,1998,1,0,18,0.2,0,0,0,0,0,0,0,0,0.0,0.0,0.0,0.0,0.0,Matches,UEFA,UEFA WCQ
995,Antonio Nusa,"MF,FW",Norway,20,2005,6,6,472,5.2,2,3,5,2,0,0,0,0,0.38,0.57,0.95,0.38,0.95,Matches,UEFA,UEFA WCQ
998,Ørjan Nyland,GK,Norway,35,1990,8,8,720,8.0,0,0,0,0,0,0,0,0,0.0,0.0,0.0,0.0,0.0,Matches,UEFA,UEFA WCQ
1010,Michael Olise,MF,France,24,2001,5,5,425,4.7,2,0,2,2,0,0,0,0,0.42,0.0,0.42,0.42,0.42,Matches,UEFA,UEFA WCQ
1014,Dani Olmo,FW,Spain,27,1998,2,1,93,1.0,1,0,1,1,0,0,0,0,0.97,0.0,0.97,0.97,0.97,Matches,UEFA,UEFA WCQ
1020,Samu Omorodion,FW,Spain,21,2004,2,1,74,0.8,0,0,0,0,0,0,0,0,0.0,0.0,0.0,0.0,0.0,Matches,UEFA,UEFA WCQ
1021,Amadou Onana,MF,Belgium,24,2001,5,3,281,3.1,0,0,0,0,0,0,1,0,0.0,0.0,0.0,0.0,0.0,Matches,UEFA,UEFA WCQ
1022,Loïs Openda,FW,Belgium,25,2000,5,1,152,1.7,0,0,0,0,0,0,0,0,0.0,0.0,0.0,0.0,0.0,Matches,UEFA,UEFA WCQ
1031,Mikel Oyarzabal,"FW,MF",Spain,28,1997,6,6,442,4.9,6,3,9,4,2,2,0,0,1.22,0.61,1.83,0.81,1.43,Matches,UEFA,UEFA WCQ
1033,Nico O’Reilly,DF,England,20,2005,2,2,180,2.0,0,0,0,0,0,0,0,0,0.0,0.0,0.0,0.0,0.0,Matches,UEFA,UEFA WCQ
1038,João Palhinha,MF,Portugal,30,1995,3,0,53,0.6,0,0,0,0,0,0,1,0,0.0,0.0,0.0,0.0,0.0,Matches,UEFA,UEFA WCQ
1039,Cole Palmer,MF,England,23,2002,1,1,64,0.7,0,0,0,0,0,0,0,0,0.0,0.0,0.0,0.0,0.0,Matches,UEFA,UEFA WCQ
1059,Marcus Pedersen,"DF,MF",Norway,25,2000,2,0,17,0.2,0,0,0,0,0,0,0,0,0.0,0.0,0.0,0.0,0.0,Matches,UEFA,UEFA WCQ
1060,Pedri,MF,Spain,23,2002,4,4,297,3.3,2,1,3,2,0,0,0,0,0.61,0.3,0.91,0.61,0.91,Matches,UEFA,UEFA WCQ
1083,Jens Petter Hauge,"DF,FW",Norway,26,1999,2,0,46,0.5,0,0,0,0,0,0,0,0,0.0,0.0,0.0,0.0,0.0,Matches,UEFA,UEFA WCQ
1088,Jordan Pickford,GK,England,31,1994,7,7,630,7.0,0,0,0,0,0,0,0,0,0.0,0.0,0.0,0.0,0.0,Matches,UEFA,UEFA WCQ
1094,Yeremi Pino,FW,Spain,23,2002,4,2,163,1.8,1,0,1,1,0,0,0,0,0.55,0.0,0.55,0.55,0.55,Matches,UEFA,UEFA WCQ
1110,Pedro Porro,DF,Spain,26,1999,5,5,360,4.0,0,0,0,0,0,0,1,0,0.0,0.0,0.0,0.0,0.0,Matches,UEFA,UEFA WCQ
1124,Jarell Quansah,DF,England,23,2003,1,1,90,1.0,0,0,0,0,0,0,0,0,0.0,0.0,0.0,0.0,0.0,Matches,UEFA,UEFA WCQ
1127,Adrien Rabiot,MF,France,30,1995,3,1,105,1.2,1,0,1,1,0,0,1,0,0.86,0.0,0.86,0.86,0.86,Matches,UEFA,UEFA WCQ
1141,Gonçalo Ramos,FW,Portugal,24,2001,6,1,159,1.8,1,1,2,1,0,0,0,0,0.57,0.57,1.13,0.57,1.13,Matches,UEFA,UEFA WCQ
1144,Marcus Rashford,MF,England,28,1997,7,4,340,3.8,1,1,2,0,1,1,0,0,0.26,0.26,0.53,0.0,0.26,Matches,UEFA,UEFA WCQ
1146,Nicolas Raskin,MF,Belgium,24,2001,7,6,533,5.9,1,0,1,1,0,0,1,0,0.17,0.0,0.17,0.17,0.17,Matches,UEFA,UEFA WCQ
1168,Declan Rice,MF,England,27,1999,8,7,502,5.6,1,4,5,1,0,0,0,0,0.18,0.72,0.9,0.18,0.9,Matches,UEFA,UEFA WCQ
1170,Fabian Rieder,MF,Switzerland,23,2002,6,4,312,3.5,0,2,2,0,0,0,0,0,0.0,0.58,0.58,0.0,0.58,Matches,UEFA,UEFA WCQ
1176,Stian Rode Gregersen,"DF,MF",Norway,30,1995,1,0,1,0.0,0,0,0,0,0,0,0,0,0.0,0.0,0.0,0.0,0.0,Matches,UEFA,UEFA WCQ
1178,Rodri,"DF,MF",Spain,29,1996,2,0,47,0.5,0,0,0,0,0,0,0,0,0.0,0.0,0.0,0.0,0.0,Matches,UEFA,UEFA WCQ
1180,Jesus Rodríguez,MF,Spain,20,2005,1,0,12,0.1,0,0,0,0,0,0,0,0,0.0,0.0,0.0,0.0,0.0,Matches,UEFA,UEFA WCQ
1181,Ricardo Rodríguez,DF,Switzerland,33,1992,6,6,431,4.8,0,0,0,0,0,0,0,0,0.0,0.0,0.0,0.0,0.0,Matches,UEFA,UEFA WCQ
1183,Morgan Rogers,"MF,DF",England,23,2002,8,5,428,4.8,0,1,1,0,0,0,0,0,0.0,0.21,0.21,0.0,0.21,Matches,UEFA,UEFA WCQ
1184,Cristiano Ronaldo,FW,Portugal,40,1985,5,5,367,4.1,5,0,5,4,1,2,0,1,1.23,0.0,1.23,0.98,0.98,Matches,UEFA,UEFA WCQ
1197,Fabián Ruiz Peña,MF,Spain,29,1996,2,2,143,1.6,0,1,1,0,0,0,0,0,0.0,0.63,0.63,0.0,0.63,Matches,UEFA,UEFA WCQ
1200,Julian Ryerson,"DF,MF",Norway,28,1997,8,8,720,8.0,1,4,5,1,0,0,0,0,0.12,0.5,0.62,0.12,0.62,Matches,UEFA,UEFA WCQ
1205,Alexis Saelemaekers,"FW,MF",Belgium,26,1999,7,3,287,3.2,1,4,5,1,0,0,1,0,0.31,1.25,1.57,0.31,1.57,Matches,UEFA,UEFA WCQ
1208,Bukayo Saka,"MF,FW",England,24,2001,3,2,178,2.0,1,1,2,1,0,0,0,0,0.51,0.51,1.01,0.51,1.01,Matches,UEFA,UEFA WCQ
1211,William Saliba,DF,France,24,2001,3,3,270,3.0,0,0,0,0,0,0,0,0,0.0,0.0,0.0,0.0,0.0,Matches,UEFA,UEFA WCQ
1238,Andreas Schjelderup,MF,Norway,21,2004,5,2,167,1.9,0,1,1,0,0,0,0,0,0.0,0.54,0.54,0.0,0.54,Matches,UEFA,UEFA WCQ
1246,Isaac Schmidt,"DF,MF",Switzerland,26,1999,2,0,45,0.5,0,0,0,0,0,0,0,0,0.0,0.0,0.0,0.0,0.0,Matches,UEFA,UEFA WCQ
1254,Matz Sels,GK,Belgium,33,1992,3,3,270,3.0,0,0,0,0,0,0,0,0,0.0,0.0,0.0,0.0,0.0,Matches,UEFA,UEFA WCQ
1256,Nélson Semedo,DF,Portugal,32,1993,4,2,255,2.8,0,2,2,0,0,0,0,0,0.0,0.71,0.71,0.0,0.71,Matches,UEFA,UEFA WCQ
1264,Joaquin Seys,DF,Belgium,20,2005,2,1,82,0.9,0,0,0,0,0,0,0,0,0.0,0.0,0.0,0.0,0.0,Matches,UEFA,UEFA WCQ
1279,António Silva,DF,Portugal,22,2003,1,0,4,0.0,0,0,0,0,0,0,0,0,0.0,0.0,0.0,0.0,0.0,Matches,UEFA,UEFA WCQ
1280,Bernardo Silva,"MF,FW",Portugal,31,1994,5,5,387,4.3,1,1,2,1,0,0,1,0,0.23,0.23,0.47,0.23,0.47,Matches,UEFA,UEFA WCQ
1283,Unai Simón,GK,Spain,28,1997,6,6,540,6.0,0,0,0,0,0,0,0,0,0.0,0.0,0.0,0.0,0.0,Matches,UEFA,UEFA WCQ
1296,Leo Skiri Østigård,DF,Norway,26,1999,5,1,78,0.9,0,0,0,0,0,0,0,0,0.0,0.0,0.0,0.0,0.0,Matches,UEFA,UEFA WCQ
1309,Simon Sohm,MF,Switzerland,24,2001,2,0,16,0.2,0,0,0,0,0,0,0,0,0.0,0.0,0.0,0.0,0.0,Matches,UEFA,UEFA WCQ
1317,Djibril Sow,MF,Switzerland,28,1997,4,2,202,2.2,0,1,1,0,0,0,0,0,0.0,0.45,0.45,0.0,0.45,Matches,UEFA,UEFA WCQ
1319,Djed Spence,DF,England,25,2000,2,1,113,1.3,0,0,0,0,0,0,0,0,0.0,0.0,0.0,0.0,0.0,Matches,UEFA,UEFA WCQ
1338,John Stones,DF,England,31,1994,3,3,250,2.8,0,1,1,0,0,0,0,0,0.0,0.36,0.36,0.0,0.36,Matches,UEFA,UEFA WCQ
1341,Jørgen Strand Larsen,FW,Norway,25,2000,4,0,34,0.4,1,0,1,1,0,0,1,0,2.65,0.0,2.65,2.65,2.65,Matches,UEFA,UEFA WCQ
1366,Alexander Sørloth,"FW,MF",Norway,30,1995,8,8,583,6.5,5,2,7,5,0,0,1,0,0.77,0.31,1.08,0.77,1.08,Matches,UEFA,UEFA WCQ
1377,Nuno Tavares,"DF,MF",Portugal,26,2000,2,0,38,0.4,0,0,0,0,0,0,0,0,0.0,0.0,0.0,0.0,0.0,Matches,UEFA,UEFA WCQ
1379,Aurélien Tchouaméni,MF,France,26,2000,2,2,157,1.7,0,1,1,0,0,0,0,1,0.0,0.57,0.57,0.0,0.57,Matches,UEFA,UEFA WCQ
1386,Florian Thauvin,MF,France,33,1993,3,1,100,1.1,1,0,1,1,0,0,0,0,0.9,0.0,0.9,0.9,0.9,Matches,UEFA,UEFA WCQ
1387,Arthur Theate,DF,Belgium,25,2000,8,6,588,6.5,1,0,1,1,0,0,1,0,0.15,0.0,0.15,0.15,0.15,Matches,UEFA,UEFA WCQ
1392,Morten Thorsby,MF,Norway,29,1996,4,2,134,1.5,0,2,2,0,0,0,1,0,0.0,1.34,1.34,0.0,1.34,Matches,UEFA,UEFA WCQ
1393,Kristian Thorstvedt,MF,Norway,26,1999,2,1,91,1.0,0,0,0,0,0,0,0,0,0.0,0.0,0.0,0.0,0.0,Matches,UEFA,UEFA WCQ
1394,Khéphren Thuram,MF,France,24,2001,3,2,196,2.2,0,0,0,0,0,0,0,0,0.0,0.0,0.0,0.0,0.0,Matches,UEFA,UEFA WCQ
1395,Marcus Thuram,MF,France,28,1997,1,1,69,0.8,0,0,0,0,0,0,0,0,0.0,0.0,0.0,0.0,0.0,Matches,UEFA,UEFA WCQ
1396,Youri Tielemans,MF,Belgium,28,1997,6,4,384,4.3,3,1,4,2,1,1,0,0,0.7,0.23,0.94,0.47,0.7,Matches,UEFA,UEFA WCQ
1408,Ferrán Torres,FW,Spain,25,2000,4,2,261,2.9,2,1,3,2,0,1,0,0,0.69,0.34,1.03,0.69,1.03,Matches,UEFA,UEFA WCQ
1418,Francisco Trincão,"FW,MF",Portugal,26,1999,4,0,127,1.4,0,1,1,0,0,0,0,0,0.0,0.71,0.71,0.0,0.71,Matches,UEFA,UEFA WCQ
1419,Leandro Trossard,"MF,FW",Belgium,31,1994,7,5,395,4.4,1,0,1,1,0,0,1,0,0.23,0.0,0.23,0.23,0.23,Matches,UEFA,UEFA WCQ
1438,Dayot Upamecano,DF,France,27,1998,5,5,450,5.0,0,0,0,0,0,0,0,0,0.0,0.0,0.0,0.0,0.0,Matches,UEFA,UEFA WCQ
1457,Hans Vanaken,MF,Belgium,33,1992,7,5,424,4.7,2,1,3,2,0,0,0,0,0.42,0.21,0.64,0.42,0.64,Matches,UEFA,UEFA WCQ
1459,Charles Vanhoutte,MF,Belgium,27,1998,1,0,6,0.1,0,0,0,0,0,0,0,0,0.0,0.0,0.0,0.0,0.0,Matches,UEFA,UEFA WCQ
1463,Ruben Vargas,"FW,MF",Switzerland,27,1998,6,6,431,4.8,1,3,4,1,0,0,0,0,0.21,0.63,0.84,0.21,0.84,Matches,UEFA,UEFA WCQ
1469,Renato Veiga,DF,Portugal,22,2003,4,2,270,3.0,1,0,1,1,0,0,0,0,0.33,0.0,0.33,0.33,0.33,Matches,UEFA,UEFA WCQ
1480,Romeo Vermant,FW,Belgium,22,2004,1,0,2,0.0,0,0,0,0,0,0,0,0,0.0,0.0,0.0,0.0,0.0,Matches,UEFA,UEFA WCQ
1490,Vitinha,"MF,FW",Portugal,25,2000,6,6,482,5.4,0,0,0,0,0,0,0,0,0.0,0.0,0.0,0.0,0.0,Matches,UEFA,UEFA WCQ
1491,Daniel Vivian,DF,Spain,26,1999,1,0,20,0.2,0,0,0,0,0,0,0,0,0.0,0.0,0.0,0.0,0.0,Matches,UEFA,UEFA WCQ
1508,Kyle Walker,DF,England,35,1990,2,1,102,1.1,0,0,0,0,0,0,0,0,0.0,0.0,0.0,0.0,0.0,Matches,UEFA,UEFA WCQ
1511,Ollie Watkins,"FW,MF",England,30,1995,1,0,15,0.2,0,0,0,0,0,0,0,0,0.0,0.0,0.0,0.0,0.0,Matches,UEFA,UEFA WCQ
1514,Adam Wharton,MF,England,21,2004,2,1,80,0.9,0,0,0,0,0,0,1,0,0.0,0.0,0.0,0.0,0.0,Matches,UEFA,UEFA WCQ
1516,Silvan Widmer,DF,Switzerland,32,1993,6,6,450,5.0,1,0,1,1,0,0,1,0,0.2,0.0,0.2,0.2,0.2,Matches,UEFA,UEFA WCQ
1521,Nico Williams,FW,Spain,23,2002,2,2,113,1.3,0,1,1,0,0,0,0,0,0.0,0.8,0.8,0.0,0.8,Matches,UEFA,UEFA WCQ
1527,Axel Witsel,"DF,MF",Belgium,37,1989,2,0,41,0.5,0,0,0,0,0,0,0,0,0.0,0.0,0.0,0.0,0.0,Matches,UEFA,UEFA WCQ
1537,Granit Xhaka,MF,Switzerland,33,1992,6,6,525,5.8,2,0,2,0,2,2,0,0,0.34,0.0,0.34,0.0,0.0,Matches,UEFA,UEFA WCQ
1539,Lamine Yamal,FW,Spain,18,2007,2,2,150,1.7,0,3,3,0,0,0,0,0,0.0,1.8,1.8,0.0,1.8,Matches,UEFA,UEFA WCQ
1552,Warren Zaïre-Emery,MF,France,19,2006,2,1,101,1.1,0,0,0,0,0,0,0,0,0.0,0.0,0.0,0.0,0.0,Matches,UEFA,UEFA WCQ
1554,Denis Zakaria,"DF,MF",Switzerland,29,1996,2,0,29,0.3,0,0,0,0,0,0,0,0,0.0,0.0,0.0,0.0,0.0,Matches,UEFA,UEFA WCQ
1564,Andi Zeqiri,FW,Switzerland,26,1999,2,0,23,0.3,0,0,0,0,0,0,0,0,0.0,0.0,0.0,0.0,0.0,Matches,UEFA,UEFA WCQ
1578,Martín Zubimendi,MF,Spain,26,1999,5,5,365,4.1,1,1,2,1,0,0,0,0,0.25,0.25,0.49,0.25,0.49,Matches,UEFA,UEFA WCQ
1584,Martin Ødegaard,MF,Norway,27,1998,5,5,449,5.0,1,7,8,1,0,0,0,0,0.2,1.4,1.6,0.2,1.6,Matches,UEFA,UEFA WCQ
8,Hossam Abdelmegeed,DF,Egypt,24,2001,2,0,2,0.0,0,0,0,0,0,0,0,0,0.0,0.0,0.0,0.0,0.0,Matches,CAF,CAF WCQ
9,Mohamed Abdelmonem,DF,Egypt,26,1999,6,6,495,5.5,0,0,0,0,0,0,1,0,0.0,0.0,0.0,0.0,0.0,Matches,CAF,CAF WCQ
29,Ahmed Aboul-Fotouh,DF,Egypt,27,1998,1,1,90,1.0,0,2,2,0,0,0,0,0,0.0,2.0,2.0,0.0,2.0,Matches,CAF,CAF WCQ
45,Ibrahim Adel,MF,Egypt,24,2001,5,2,222,2.5,1,0,1,1,0,0,0,0,0.41,0.0,0.41,0.41,0.41,Matches,CAF,CAF WCQ
57,Amine Adli,MF,Morocco,25,2000,5,1,117,1.3,0,0,0,0,0,0,0,0,0.0,0.0,0.0,0.0,0.0,Matches,CAF,CAF WCQ
67,Nayef Aguerd,DF,Morocco,29,1996,7,7,630,7.0,1,2,3,1,0,0,1,0,0.14,0.29,0.43,0.14,0.43,Matches,CAF,CAF WCQ
83,Ilias Akhomach,MF,Morocco,21,2004,2,0,57,0.6,0,0,0,0,0,0,0,0,0.0,0.0,0.0,0.0,0.0,Matches,CAF,CAF WCQ
113,Ahmed Amin Ofaa,FW,Egypt,29,1996,2,0,73,0.8,0,0,0,0,0,0,1,0,0.0,0.0,0.0,0.0,0.0,Matches,CAF,CAF WCQ
122,Sofyan Amrabat,MF,Morocco,29,1996,6,6,527,5.9,0,0,0,0,0,0,2,0,0.0,0.0,0.0,0.0,0.0,Matches,CAF,CAF WCQ
158,Emam Ashour,MF,Egypt,27,1998,2,1,102,1.1,0,0,0,0,0,0,0,0,0.0,0.0,0.0,0.0,0.0,Matches,CAF,CAF WCQ
167,Marwan Attia,MF,Egypt,27,1998,8,7,618,6.9,0,2,2,0,0,0,4,0,0.0,0.29,0.29,0.0,0.29,Matches,CAF,CAF WCQ
168,Yahya Attiat Allah,DF,Morocco,30,1995,2,2,180,2.0,0,0,0,0,0,0,0,0,0.0,0.0,0.0,0.0,0.0,Matches,CAF,CAF WCQ
188,Neil El Aynaoui,MF,Morocco,24,2001,3,3,270,3.0,0,0,0,0,0,0,0,0,0.0,0.0,0.0,0.0,0.0,Matches,CAF,CAF WCQ
194,Oussama El Azzouzi,MF,Morocco,24,2001,1,1,90,1.0,0,0,0,0,0,0,0,0,0.0,0.0,0.0,0.0,0.0,Matches,CAF,CAF WCQ
270,Youssef Belammari,DF,Morocco,27,1998,3,3,246,2.7,0,1,1,0,0,0,0,0,0.0,0.37,0.37,0.0,0.37,Matches,CAF,CAF WCQ
277,Eliesse Ben Seghir,"MF,FW",Morocco,20,2005,7,6,394,4.4,1,1,2,1,0,0,1,0,0.23,0.23,0.46,0.23,0.46,Matches,CAF,CAF WCQ
339,Yassine Bounou,GK,Morocco,34,1991,8,8,720,8.0,0,0,0,0,0,0,1,0,0.0,0.0,0.0,0.0,0.0,Matches,CAF,CAF WCQ
424,Mohamed Chibi,DF,Morocco,33,1993,1,1,89,1.0,0,0,0,0,0,0,1,0,0.0,0.0,0.0,0.0,0.0,Matches,CAF,CAF WCQ
534,Brahim Díaz,"MF,FW",Morocco,26,1999,6,6,499,5.5,1,2,3,0,1,1,1,0,0.18,0.36,0.54,0.0,0.36,Matches,CAF,CAF WCQ
591,Nabil Dunga,MF,Egypt,29,1996,1,0,3,0.0,0,0,0,0,0,0,0,0,0.0,0.0,0.0,0.0,0.0,Matches,CAF,CAF WCQ
602,Ahmed Eid,MF,Egypt,25,2001,2,1,101,1.1,0,0,0,0,0,0,0,0,0.0,0.0,0.0,0.0,0.0,Matches,CAF,CAF WCQ
616,Mohamed Elneny,MF,Egypt,33,1992,2,2,180,2.0,0,0,0,0,0,0,0,0,0.0,0.0,0.0,0.0,0.0,Matches,CAF,CAF WCQ
619,Youssef En-Nesyri,FW,Morocco,28,1997,7,5,439,4.9,2,1,3,2,0,0,0,0,0.41,0.21,0.62,0.41,0.62,Matches,CAF,CAF WCQ
632,Abde Ezzalzouli,MF,Morocco,24,2001,4,2,188,2.1,0,0,0,0,0,0,0,0,0.0,0.0,0.0,0.0,0.0,Matches,CAF,CAF WCQ
637,Osama Faisal,FW,Egypt,25,2001,4,2,234,2.6,0,0,0,0,0,0,0,0,0.0,0.0,0.0,0.0,0.0,Matches,CAF,CAF WCQ
642,Mostafa Fathi,MF,Egypt,30,1995,4,0,17,0.2,0,0,0,0,0,0,0,0,0.0,0.0,0.0,0.0,0.0,Matches,CAF,CAF WCQ
643,Hamdy Fathy,"MF,DF",Egypt,31,1994,8,6,546,6.1,0,1,1,0,0,0,2,0,0.0,0.16,0.16,0.0,0.16,Matches,CAF,CAF WCQ
682,Ali Gabr,DF,Egypt,37,1989,2,1,135,1.5,0,0,0,0,0,0,0,0,0.0,0.0,0.0,0.0,0.0,Matches,CAF,CAF WCQ
767,Achraf Hakimi,DF,Morocco,27,1998,6,6,540,6.0,0,3,3,0,0,1,2,0,0.0,0.5,0.5,0.0,0.5,Matches,CAF,CAF WCQ
769,Mahmoud Hamada,MF,Egypt,31,1994,1,0,22,0.2,0,0,0,0,0,0,0,0,0.0,0.0,0.0,0.0,0.0,Matches,CAF,CAF WCQ
772,Mohamed Hamdy,"DF,MF",Egypt,30,1995,6,6,510,5.7,1,0,1,1,0,0,0,0,0.18,0.0,0.18,0.18,0.18,Matches,CAF,CAF WCQ
777,Mohamed Hany,"DF,MF",Egypt,30,1996,9,9,760,8.4,0,0,0,0,0,0,1,0,0.0,0.0,0.0,0.0,0.0,Matches,CAF,CAF WCQ
780,Amine Harit,MF,Morocco,28,1997,1,1,71,0.8,0,0,0,0,0,0,0,0,0.0,0.0,0.0,0.0,0.0,Matches,CAF,CAF WCQ
793,Omar El Hilali,DF,Morocco,22,2003,1,0,1,0.0,0,0,0,0,0,0,0,0,0.0,0.0,0.0,0.0,0.0,Matches,CAF,CAF WCQ
815,Yasser Ibrahim,DF,Egypt,32,1993,1,1,90,1.0,0,0,0,0,0,0,0,0,0.0,0.0,0.0,0.0,0.0,Matches,CAF,CAF WCQ
821,Hamza Igamane,"MF,FW",Morocco,23,2002,4,2,183,2.0,2,1,3,2,0,0,0,0,0.98,0.49,1.48,0.98,1.48,Matches,CAF,CAF WCQ
894,Ayoub El Kaabi,FW,Morocco,32,1993,6,2,216,2.4,4,0,4,4,0,0,0,0,1.67,0.0,1.67,1.67,1.67,Matches,CAF,CAF WCQ
913,Omar Kamal,DF,Egypt,32,1993,3,1,114,1.3,0,1,1,0,0,0,1,0,0.0,0.79,0.79,0.0,0.79,Matches,CAF,CAF WCQ
950,Souffian El Karouani,DF,Morocco,25,2000,2,1,114,1.3,0,0,0,0,0,0,0,0,0.0,0.0,0.0,0.0,0.0,Matches,CAF,CAF WCQ
984,Bilal El Khannouss,MF,Morocco,21,2004,7,3,330,3.7,1,0,1,1,0,0,0,0,0.27,0.0,0.27,0.27,0.27,Matches,CAF,CAF WCQ
1062,Mohanad Lasheen,MF,Egypt,29,1996,4,1,152,1.7,0,0,0,0,0,0,0,0,0.0,0.0,0.0,0.0,0.0,Matches,CAF,CAF WCQ
1133,Naser Maher,MF,Egypt,28,1997,1,0,1,0.0,0,0,0,0,0,0,0,0,0.0,0.0,0.0,0.0,0.0,Matches,CAF,CAF WCQ
1190,Omar Marmoush,"MF,FW",Egypt,26,1999,6,5,339,3.8,1,0,1,0,1,1,0,0,0.27,0.0,0.27,0.0,0.0,Matches,CAF,CAF WCQ
1196,Adam Masina,DF,Morocco,32,1994,3,2,206,2.3,0,0,0,0,0,0,0,0,0.0,0.0,0.0,0.0,0.0,Matches,CAF,CAF WCQ
1232,Noussair Mazraoui,DF,Morocco,28,1997,3,3,270,3.0,0,1,1,0,0,0,1,0,0.0,0.33,0.33,0.0,0.33,Matches,CAF,CAF WCQ
1312,Mostafa Mohamed,FW,Egypt,28,1997,10,7,522,5.8,1,2,3,1,0,0,1,0,0.17,0.34,0.52,0.17,0.52,Matches,CAF,CAF WCQ
1424,Ahmed Nabil Koka,MF,Egypt,24,2001,5,3,274,3.0,0,1,1,0,0,0,0,0,0.0,0.33,0.33,0.0,0.33,Matches,CAF,CAF WCQ
1591,Azzedine Ounahi,MF,Morocco,25,2000,5,3,232,2.6,2,2,4,2,0,0,0,0,0.78,0.78,1.55,0.78,1.55,Matches,CAF,CAF WCQ
1657,Ramy Rabia,DF,Egypt,32,1993,8,8,720,8.0,0,0,0,0,0,0,0,0,0.0,0.0,0.0,0.0,0.0,Matches,CAF,CAF WCQ
1663,Soufiane Rahimi,MF,Morocco,29,1996,4,1,132,1.5,1,0,1,1,0,0,0,0,0.68,0.0,0.68,0.68,0.68,Matches,CAF,CAF WCQ
1686,Chadi Riad,DF,Morocco,22,2003,1,1,90,1.0,1,0,1,1,0,0,0,0,1.0,0.0,1.0,1.0,1.0,Matches,CAF,CAF WCQ
1688,Amir Richardson,MF,Morocco,24,2002,1,0,6,0.1,0,0,0,0,0,0,0,0,0.0,0.0,0.0,0.0,0.0,Matches,CAF,CAF WCQ
1705,Mahmoud Saber,MF,Egypt,24,2001,4,0,48,0.5,0,0,0,0,0,0,1,0,0.0,0.0,0.0,0.0,0.0,Matches,CAF,CAF WCQ
1716,Ismael Saibari,MF,Morocco,25,2001,6,3,308,3.4,3,0,3,3,0,0,0,0,0.88,0.0,0.88,0.88,0.88,Matches,CAF,CAF WCQ
1721,Romain Saïss,DF,Morocco,35,1990,2,2,180,2.0,0,0,0,0,0,0,0,0,0.0,0.0,0.0,0.0,0.0,Matches,CAF,CAF WCQ
1727,Mohamed Salah,"MF,FW",Egypt,33,1992,9,9,806,9.0,9,3,12,7,2,2,0,0,1.0,0.33,1.34,0.78,1.12,Matches,CAF,CAF WCQ
1749,Ahmed Samy,DF,Egypt,33,1992,1,1,90,1.0,0,0,0,0,0,0,0,0,0.0,0.0,0.0,0.0,0.0,Matches,CAF,CAF WCQ
1757,Maroan Sannadi,FW,Morocco,24,2001,1,0,4,0.0,0,0,0,0,0,0,0,0,0.0,0.0,0.0,0.0,0.0,Matches,CAF,CAF WCQ
1769,Ahmed Sayed,MF,Egypt,30,1996,10,9,669,7.4,2,1,3,2,0,0,0,0,0.27,0.13,0.4,0.27,0.4,Matches,CAF,CAF WCQ
1810,Mohamed Shehata,MF,Egypt,24,2001,2,0,26,0.3,0,0,0,0,0,0,0,0,0.0,0.0,0.0,0.0,0.0,Matches,CAF,CAF WCQ
1811,Mohamed El-Shenawy,GK,Egypt,37,1988,9,9,780,8.7,0,0,0,0,0,0,0,0,0.0,0.0,0.0,0.0,0.0,Matches,CAF,CAF WCQ
1813,Mohamed Sherif,FW,Egypt,29,1996,2,0,20,0.2,0,0,0,0,0,0,0,0,0.0,0.0,0.0,0.0,0.0,Matches,CAF,CAF WCQ
1822,Mostafa Shoubir,GK,Egypt,25,2000,1,0,30,0.3,0,0,0,0,0,0,0,0,0.0,0.0,0.0,0.0,0.0,Matches,CAF,CAF WCQ
1865,Khaled Sobhi,DF,Egypt,30,1995,3,2,187,2.1,0,0,0,0,0,0,1,0,0.0,0.0,0.0,0.0,0.0,Matches,CAF,CAF WCQ
1866,Mohamed Sobhy,GK,Egypt,26,1999,1,1,90,1.0,0,0,0,0,0,0,0,0,0.0,0.0,0.0,0.0,0.0,Matches,CAF,CAF WCQ
1911,Chemsdine Talbi,MF,Morocco,20,2005,1,0,14,0.2,0,0,0,0,0,0,0,0,0.0,0.0,0.0,0.0,0.0,Matches,CAF,CAF WCQ
1922,Oussama Targhalline,MF,Morocco,23,2002,3,0,24,0.3,0,0,0,0,0,0,0,0,0.0,0.0,0.0,0.0,0.0,Matches,CAF,CAF WCQ
1931,Akram Tawfik,MF,Egypt,28,1997,1,0,33,0.4,0,0,0,0,0,0,0,0,0.0,0.0,0.0,0.0,0.0,Matches,CAF,CAF WCQ
1965,Tarik Tissoudali,"FW,MF",Morocco,32,1993,1,0,10,0.1,0,0,0,0,0,0,0,0,0.0,0.0,0.0,0.0,0.0,Matches,CAF,CAF WCQ
1991,Trézéguet,"MF,DF",Egypt,31,1994,10,9,799,8.9,5,2,7,5,0,0,1,0,0.56,0.23,0.79,0.56,0.79,Matches,CAF,CAF WCQ
2056,Jawad El Yamiq,DF,Morocco,33,1992,4,4,333,3.7,0,0,0,0,0,0,0,0,0.0,0.0,0.0,0.0,0.0,Matches,CAF,CAF WCQ
2093,Hakim Ziyech,MF,Morocco,32,1993,3,3,210,2.3,2,0,2,1,1,1,1,0,0.86,0.0,0.86,0.43,0.43,Matches,CAF,CAF WCQ
1,Abner,DF,Brazil,25,2000,4,4,320,3.6,0,0,0,0,0,0,0,0,0.0,0.0,0.0,0.0,0.0,Matches,CONMEBOL,CONMEBOL WCQ
4,Marcos Acuña,DF,Argentina,34,1991,5,1,128,1.4,0,0,0,0,0,0,0,0,0.0,0.0,0.0,0.0,0.0,Matches,CONMEBOL,CONMEBOL WCQ
9,Omar Alderete,DF,Paraguay,29,1996,14,14,1208,13.4,2,0,2,2,0,0,2,0,0.15,0.0,0.15,0.15,0.15,Matches,CONMEBOL,CONMEBOL WCQ
11,Alisson,GK,Brazil,33,1992,9,9,797,8.9,0,0,0,0,0,0,0,0,0.0,0.0,0.0,0.0,0.0,Matches,CONMEBOL,CONMEBOL WCQ
12,Thiago Almada,"MF,FW",Argentina,24,2001,7,6,476,5.3,3,2,5,3,0,0,1,0,0.57,0.38,0.95,0.57,0.95,Matches,CONMEBOL,CONMEBOL WCQ
13,Miguel Almirón,"MF,FW",Paraguay,31,1994,15,15,1280,14.2,1,1,2,1,0,0,2,0,0.07,0.07,0.14,0.07,0.14,Matches,CONMEBOL,CONMEBOL WCQ
14,Júnior Alonso,DF,Paraguay,32,1993,12,12,1060,11.8,1,1,2,1,0,0,4,0,0.08,0.08,0.17,0.08,0.17,Matches,CONMEBOL,CONMEBOL WCQ
16,Julián Álvarez,FW,Argentina,26,2000,18,16,1325,14.7,4,3,7,4,0,0,1,0,0.27,0.2,0.48,0.27,0.48,Matches,CONMEBOL,CONMEBOL WCQ
19,André,MF,Brazil,24,2001,10,6,524,5.8,0,0,0,0,0,0,2,0,0.0,0.0,0.0,0.0,0.0,Matches,CONMEBOL,CONMEBOL WCQ
22,Álvaro Angulo,DF,Colombia,28,1997,1,1,90,1.0,0,0,0,0,0,0,0,0,0.0,0.0,0.0,0.0,0.0,Matches,CONMEBOL,CONMEBOL WCQ
26,Guilherme Arana,DF,Brazil,28,1997,6,5,446,5.0,0,0,0,0,0,0,0,0,0.0,0.0,0.0,0.0,0.0,Matches,CONMEBOL,CONMEBOL WCQ
33,Alex Arce,FW,Paraguay,30,1995,5,2,190,2.1,0,0,0,0,0,0,0,0,0.0,0.0,0.0,0.0,0.0,Matches,CONMEBOL,CONMEBOL WCQ
36,Jhon Arias,MF,Colombia,28,1997,17,15,1139,12.7,0,2,2,0,0,0,3,0,0.0,0.16,0.16,0.0,0.16,Matches,CONMEBOL,CONMEBOL WCQ
37,Santiago Arias,DF,Colombia,34,1992,4,4,359,4.0,0,2,2,0,0,0,0,0,0.0,0.5,0.5,0.0,0.5,Matches,CONMEBOL,CONMEBOL WCQ
41,Santiago Arzamendia,DF,Paraguay,27,1998,1,0,8,0.1,0,0,0,0,0,0,0,0,0.0,0.0,0.0,0.0,0.0,Matches,CONMEBOL,CONMEBOL WCQ
43,Yaser Asprilla,"FW,MF",Colombia,22,2003,2,0,47,0.5,0,0,0,0,0,0,0,0,0.0,0.0,0.0,0.0,0.0,Matches,CONMEBOL,CONMEBOL WCQ
45,Carlos Augusto,DF,Brazil,27,1999,2,2,162,1.8,0,0,0,0,0,0,1,0,0.0,0.0,0.0,0.0,0.0,Matches,CONMEBOL,CONMEBOL WCQ
46,Gabriel Ávalos,FW,Paraguay,35,1990,11,4,411,4.6,0,0,0,0,0,0,0,0,0.0,0.0,0.0,0.0,0.0,Matches,CONMEBOL,CONMEBOL WCQ
48,Fabián Balbuena,DF,Paraguay,34,1991,9,8,731,8.1,0,0,0,0,0,0,0,0,0.0,0.0,0.0,0.0,0.0,Matches,CONMEBOL,CONMEBOL WCQ
49,Leonardo Balerdi,DF,Argentina,27,1999,7,3,330,3.7,0,0,0,0,0,0,1,0,0.0,0.0,0.0,0.0,0.0,Matches,CONMEBOL,CONMEBOL WCQ
50,Adam Bareiro,FW,Paraguay,29,1996,3,3,208,2.3,0,0,0,0,0,0,2,0,0.0,0.0,0.0,0.0,0.0,Matches,CONMEBOL,CONMEBOL WCQ
51,Wílmar Barrios,MF,Colombia,32,1993,3,1,99,1.1,0,0,0,0,0,0,0,0,0.0,0.0,0.0,0.0,0.0,Matches,CONMEBOL,CONMEBOL WCQ
57,Bento,GK,Brazil,26,1999,2,1,103,1.1,0,0,0,0,0,0,0,0,0.0,0.0,0.0,0.0,0.0,Matches,CONMEBOL,CONMEBOL WCQ
58,Lucas Beraldo,DF,Brazil,22,2003,1,0,17,0.2,0,0,0,0,0,0,0,0,0.0,0.0,0.0,0.0,0.0,Matches,CONMEBOL,CONMEBOL WCQ
59,Damián Bobadilla,MF,Paraguay,24,2001,9,6,509,5.7,0,0,0,0,0,0,1,0,0.0,0.0,0.0,0.0,0.0,Matches,CONMEBOL,CONMEBOL WCQ
60,Cristian Borja,DF,Colombia,32,1993,4,3,313,3.5,0,1,1,0,0,0,0,0,0.0,0.29,0.29,0.0,0.29,Matches,CONMEBOL,CONMEBOL WCQ
61,Rafael Borré,"FW,MF",Colombia,30,1995,9,6,452,5.0,2,0,2,1,1,1,0,0,0.4,0.0,0.4,0.2,0.2,Matches,CONMEBOL,CONMEBOL WCQ
63,Fabrício Bruno,DF,Brazil,29,1996,1,1,90,1.0,0,0,0,0,0,0,1,0,0.0,0.0,0.0,0.0,0.0,Matches,CONMEBOL,CONMEBOL WCQ
65,Hernesto Caballero,MF,Paraguay,34,1991,2,0,73,0.8,0,0,0,0,0,0,2,0,0.0,0.0,0.0,0.0,0.0,Matches,CONMEBOL,CONMEBOL WCQ
69,Juan Cáceres,"DF,MF",Paraguay,25,2000,12,10,924,10.3,0,1,1,0,0,0,3,0,0.0,0.1,0.1,0.0,0.1,Matches,CONMEBOL,CONMEBOL WCQ
77,Juan Camilo Portilla,MF,Colombia,27,1998,5,2,194,2.2,0,0,0,0,0,0,1,0,0.0,0.0,0.0,0.0,0.0,Matches,CONMEBOL,CONMEBOL WCQ
79,Jaminton Campaz,FW,Colombia,25,2000,5,1,154,1.7,0,0,0,0,0,0,1,0,0.0,0.0,0.0,0.0,0.0,Matches,CONMEBOL,CONMEBOL WCQ
80,Álvaro Campuzano,MF,Paraguay,30,1995,3,2,166,1.8,0,0,0,0,0,0,0,0,0.0,0.0,0.0,0.0,0.0,Matches,CONMEBOL,CONMEBOL WCQ
83,Óscar Cardozo,FW,Paraguay,42,1983,1,0,6,0.1,0,0,0,0,0,0,0,0,0.0,0.0,0.0,0.0,0.0,Matches,CONMEBOL,CONMEBOL WCQ
87,Jorge Carrascal,MF,Colombia,27,1998,7,2,220,2.4,0,0,0,0,0,0,1,0,0.0,0.0,0.0,0.0,0.0,Matches,CONMEBOL,CONMEBOL WCQ
88,Rafael Carrascal,MF,Colombia,33,1992,1,0,18,0.2,0,0,0,0,0,0,0,0,0.0,0.0,0.0,0.0,0.0,Matches,CONMEBOL,CONMEBOL WCQ
91,Casemiro,MF,Brazil,33,1992,7,7,593,6.6,0,0,0,0,0,0,2,0,0.0,0.0,0.0,0.0,0.0,Matches,CONMEBOL,CONMEBOL WCQ
93,Kevin Castaño,MF,Colombia,25,2000,9,7,562,6.2,0,1,1,0,0,0,2,0,0.0,0.16,0.16,0.0,0.16,Matches,CONMEBOL,CONMEBOL WCQ
94,Valentín Castellanos,FW,Argentina,27,1998,2,0,7,0.1,0,0,0,0,0,0,0,0,0.0,0.0,0.0,0.0,0.0,Matches,CONMEBOL,CONMEBOL WCQ
107,Jhon Córdoba,FW,Colombia,32,1993,10,5,510,5.7,2,0,2,2,0,0,3,0,0.35,0.0,0.35,0.35,0.35,Matches,CONMEBOL,CONMEBOL WCQ
109,Carlos Coronel,GK,Paraguay,29,1996,6,6,540,6.0,0,0,0,0,0,0,0,0,0.0,0.0,0.0,0.0,0.0,Matches,CONMEBOL,CONMEBOL WCQ
111,Ángel Correa,"FW,MF",Argentina,30,1995,4,0,28,0.3,0,0,0,0,0,0,0,0,0.0,0.0,0.0,0.0,0.0,Matches,CONMEBOL,CONMEBOL WCQ
114,Yan Couto,DF,Brazil,23,2002,2,1,121,1.3,0,0,0,0,0,0,0,0,0.0,0.0,0.0,0.0,0.0,Matches,CONMEBOL,CONMEBOL WCQ
115,Juan Cuadrado,FW,Colombia,37,1988,1,1,45,0.5,0,0,0,0,0,0,0,0,0.0,0.0,0.0,0.0,0.0,Matches,CONMEBOL,CONMEBOL WCQ
116,Andrés Cubas,MF,Paraguay,29,1996,13,13,1123,12.5,0,0,0,0,0,0,4,0,0.0,0.0,0.0,0.0,0.0,Matches,CONMEBOL,CONMEBOL WCQ
117,Cucho,MF,Colombia,26,1999,2,1,74,0.8,0,0,0,0,0,0,0,0,0.0,0.0,0.0,0.0,0.0,Matches,CONMEBOL,CONMEBOL WCQ
121,Hugo Cuenca,MF,Paraguay,21,2005,1,0,5,0.1,0,0,0,0,0,0,0,0,0.0,0.0,0.0,0.0,0.0,Matches,CONMEBOL,CONMEBOL WCQ
122,Carlos Cuesta,DF,Colombia,26,1999,5,4,331,3.7,0,0,0,0,0,0,1,0,0.0,0.0,0.0,0.0,0.0,Matches,CONMEBOL,CONMEBOL WCQ
123,Matheus Cunha,MF,Brazil,26,1999,7,2,243,2.7,1,1,2,1,0,0,1,0,0.37,0.37,0.74,0.37,0.74,Matches,CONMEBOL,CONMEBOL WCQ
125,Danilo,DF,Brazil,34,1991,8,7,577,6.4,0,0,0,0,0,0,1,0,0.0,0.0,0.0,0.0,0.0,Matches,CONMEBOL,CONMEBOL WCQ
126,Juan David Cabal,DF,Colombia,25,2001,2,0,8,0.1,0,0,0,0,0,0,0,0,0.0,0.0,0.0,0.0,0.0,Matches,CONMEBOL,CONMEBOL WCQ
127,Álvaro David Montero,GK,Colombia,30,1995,2,1,91,1.0,0,0,0,0,0,0,0,0,0.0,0.0,0.0,0.0,0.0,Matches,CONMEBOL,CONMEBOL WCQ
131,Rodrigo De Paul,MF,Argentina,31,1994,17,17,1353,15.0,0,1,1,0,0,0,2,0,0.0,0.07,0.07,0.0,0.07,Matches,CONMEBOL,CONMEBOL WCQ
133,Ángel Di María,FW,Argentina,37,1988,4,1,170,1.9,0,2,2,0,0,0,0,0,0.0,1.06,1.06,0.0,1.06,Matches,CONMEBOL,CONMEBOL WCQ
134,Luis Díaz,"FW,MF",Colombia,29,1997,17,17,1465,16.3,7,3,10,7,0,1,2,0,0.43,0.18,0.61,0.43,0.61,Matches,CONMEBOL,CONMEBOL WCQ
136,Willer Ditta,DF,Colombia,29,1997,2,1,95,1.1,0,0,0,0,0,0,0,0,0.0,0.0,0.0,0.0,0.0,Matches,CONMEBOL,CONMEBOL WCQ
138,Jáder Durán,FW,Colombia,22,2003,10,4,445,4.9,2,1,3,2,0,0,5,0,0.4,0.2,0.61,0.4,0.61,Matches,CONMEBOL,CONMEBOL WCQ
139,Paulo Dybala,"FW,MF",Argentina,32,1993,2,0,18,0.2,1,0,1,1,0,0,0,0,5.0,0.0,5.0,5.0,5.0,Matches,CONMEBOL,CONMEBOL WCQ
141,Ederson,GK,Brazil,32,1993,8,8,720,8.0,0,0,0,0,0,0,1,0,0.0,0.0,0.0,0.0,0.0,Matches,CONMEBOL,CONMEBOL WCQ
142,Éderson,MF,Brazil,26,1999,1,0,7,0.1,0,0,0,0,0,0,0,0,0.0,0.0,0.0,0.0,0.0,Matches,CONMEBOL,CONMEBOL WCQ
143,Emerson,DF,Brazil,27,1999,2,2,180,2.0,0,0,0,0,0,0,0,0,0.0,0.0,0.0,0.0,0.0,Matches,CONMEBOL,CONMEBOL WCQ
144,Julio Enciso,"MF,FW",Paraguay,22,2004,10,9,792,8.8,3,1,4,2,1,2,0,0,0.34,0.11,0.45,0.23,0.34,Matches,CONMEBOL,CONMEBOL WCQ
145,Endrick,FW,Brazil,19,2006,6,1,146,1.6,0,0,0,0,0,0,1,0,0.0,0.0,0.0,0.0,0.0,Matches,CONMEBOL,CONMEBOL WCQ
146,Alberto Espínola,DF,Paraguay,34,1991,1,1,66,0.7,0,0,0,0,0,0,0,0,0.0,0.0,0.0,0.0,0.0,Matches,CONMEBOL,CONMEBOL WCQ
147,Matías Espinoza,"DF,MF",Paraguay,28,1997,4,4,360,4.0,0,1,1,0,0,0,0,0,0.0,0.25,0.25,0.0,0.25,Matches,CONMEBOL,CONMEBOL WCQ
149,Frank Fabra,DF,Colombia,34,1991,1,1,90,1.0,0,0,0,0,0,0,0,0,0.0,0.0,0.0,0.0,0.0,Matches,CONMEBOL,CONMEBOL WCQ
150,Andrés Felipe Román,"DF,FW",Colombia,30,1995,1,0,34,0.4,0,0,0,0,0,0,1,0,0.0,0.0,0.0,0.0,0.0,Matches,CONMEBOL,CONMEBOL WCQ
152,Enzo Fernández,MF,Argentina,25,2001,15,15,1267,14.1,2,3,5,2,0,0,2,1,0.14,0.21,0.36,0.14,0.36,Matches,CONMEBOL,CONMEBOL WCQ
153,Gatito Fernández,GK,Paraguay,37,1988,11,11,990,11.0,0,0,0,0,0,0,1,0,0.0,0.0,0.0,0.0,0.0,Matches,CONMEBOL,CONMEBOL WCQ
158,Juan Foyth,DF,Argentina,28,1998,3,0,73,0.8,0,0,0,0,0,0,0,0,0.0,0.0,0.0,0.0,0.0,Matches,CONMEBOL,CONMEBOL WCQ
160,Matías Galarza,MF,Paraguay,23,2002,7,3,357,4.0,2,1,3,2,0,0,2,0,0.5,0.25,0.76,0.5,0.76,Matches,CONMEBOL,CONMEBOL WCQ
166,Alejandro Garnacho,MF,Argentina,21,2004,3,0,45,0.5,0,1,1,0,0,0,0,0,0.0,2.0,2.0,0.0,2.0,Matches,CONMEBOL,CONMEBOL WCQ
167,Gerson,MF,Brazil,28,1997,10,5,479,5.3,1,0,1,1,0,0,0,0,0.19,0.0,0.19,0.19,0.19,Matches,CONMEBOL,CONMEBOL WCQ
168,Orlando Gill,GK,Paraguay,25,2000,1,1,90,1.0,0,0,0,0,0,0,0,0,0.0,0.0,0.0,0.0,0.0,Matches,CONMEBOL,CONMEBOL WCQ
169,João Gomes,MF,Brazil,24,2001,2,0,51,0.6,0,0,0,0,0,0,0,0,0.0,0.0,0.0,0.0,0.0,Matches,CONMEBOL,CONMEBOL WCQ
170,Andrés Gómez,MF,Colombia,23,2002,2,0,10,0.1,1,0,1,1,0,0,0,0,9.0,0.0,9.0,9.0,9.0,Matches,CONMEBOL,CONMEBOL WCQ
171,Diego Gómez,MF,Paraguay,22,2003,13,12,877,9.7,1,2,3,1,0,0,2,1,0.1,0.21,0.31,0.1,0.31,Matches,CONMEBOL,CONMEBOL WCQ
172,Gustavo Gómez,DF,Paraguay,32,1993,15,15,1350,15.0,0,0,0,0,0,0,2,0,0.0,0.0,0.0,0.0,0.0,Matches,CONMEBOL,CONMEBOL WCQ
176,Carlos González Espínola,FW,Paraguay,32,1993,2,0,45,0.5,0,0,0,0,0,0,1,0,0.0,0.0,0.0,0.0,0.0,Matches,CONMEBOL,CONMEBOL WCQ
177,Nicolás González,"FW,MF",Argentina,27,1998,12,8,721,8.0,2,2,4,2,0,0,0,1,0.25,0.25,0.5,0.25,0.5,Matches,CONMEBOL,CONMEBOL WCQ
183,Bruno Guimarães,MF,Brazil,28,1997,17,16,1313,14.6,1,2,3,1,0,0,4,0,0.07,0.14,0.21,0.07,0.21,Matches,CONMEBOL,CONMEBOL WCQ
186,Luiz Henrique,"MF,FW",Brazil,25,2001,8,2,292,3.2,2,2,4,2,0,0,0,0,0.62,0.62,1.23,0.62,1.23,Matches,CONMEBOL,CONMEBOL WCQ
189,Marino Hinestroza,MF,Colombia,23,2002,2,0,33,0.4,0,0,0,0,0,0,0,0,0.0,0.0,0.0,0.0,0.0,Matches,CONMEBOL,CONMEBOL WCQ
192,Roger Ibanez,DF,Brazil,27,1998,1,0,7,0.1,0,0,0,0,0,0,0,0,0.0,0.0,0.0,0.0,0.0,Matches,CONMEBOL,CONMEBOL WCQ
195,Luis Javier Suárez,FW,Colombia,28,1997,2,1,113,1.3,4,0,4,4,0,0,0,0,3.19,0.0,3.19,3.19,3.19,Matches,CONMEBOL,CONMEBOL WCQ
196,Gabriel Jesus,FW,Brazil,28,1997,5,2,241,2.7,0,0,0,0,0,0,2,0,0.0,0.0,0.0,0.0,0.0,Matches,CONMEBOL,CONMEBOL WCQ
197,Igor Jesus,FW,Brazil,24,2001,4,4,276,3.1,1,1,2,1,0,0,0,0,0.33,0.33,0.65,0.33,0.65,Matches,CONMEBOL,CONMEBOL WCQ
199,João Pedro,FW,Brazil,24,2001,5,2,268,3.0,0,0,0,0,0,0,0,0,0.0,0.0,0.0,0.0,0.0,Matches,CONMEBOL,CONMEBOL WCQ
200,Joelinton,MF,Brazil,29,1996,5,1,143,1.6,0,0,0,0,0,0,1,1,0.0,0.0,0.0,0.0,0.0,Matches,CONMEBOL,CONMEBOL WCQ
201,Kaio Jorge,FW,Brazil,24,2002,1,0,20,0.2,0,0,0,0,0,0,0,0,0.0,0.0,0.0,0.0,0.0,Matches,CONMEBOL,CONMEBOL WCQ
203,Vinicius Júnior,"FW,MF",Brazil,25,2000,11,11,893,9.9,2,1,3,2,0,1,2,0,0.2,0.1,0.3,0.2,0.3,Matches,CONMEBOL,CONMEBOL WCQ
206,Kaku,MF,Paraguay,31,1995,12,1,214,2.4,0,0,0,0,0,0,0,0,0.0,0.0,0.0,0.0,0.0,Matches,CONMEBOL,CONMEBOL WCQ
211,Ivan Leguizamon,"FW,MF",Paraguay,23,2002,1,0,45,0.5,0,0,0,0,0,0,0,0,0.0,0.0,0.0,0.0,0.0,Matches,CONMEBOL,CONMEBOL WCQ
212,Jefferson Lerma,MF,Colombia,31,1994,14,12,1086,12.1,0,0,0,0,0,0,0,0,0.0,0.0,0.0,0.0,0.0,Matches,CONMEBOL,CONMEBOL WCQ
214,Samuel Lino,FW,Brazil,26,1999,1,1,60,0.7,0,0,0,0,0,0,0,0,0.0,0.0,0.0,0.0,0.0,Matches,CONMEBOL,CONMEBOL WCQ
215,Giovani Lo Celso,MF,Argentina,29,1996,9,2,251,2.8,0,2,2,0,0,0,1,0,0.0,0.72,0.72,0.0,0.72,Matches,CONMEBOL,CONMEBOL WCQ
216,Renan Lodi,DF,Brazil,27,1998,3,3,240,2.7,0,0,0,0,0,0,1,0,0.0,0.0,0.0,0.0,0.0,Matches,CONMEBOL,CONMEBOL WCQ
221,Jean Lucas,MF,Brazil,27,1998,1,0,18,0.2,0,0,0,0,0,0,0,0,0.0,0.0,0.0,0.0,0.0,Matches,CONMEBOL,CONMEBOL WCQ
222,Jhon Lucumí,DF,Colombia,27,1998,14,14,1260,14.0,0,0,0,0,0,0,1,0,0.0,0.0,0.0,0.0,0.0,Matches,CONMEBOL,CONMEBOL WCQ
223,Douglas Luiz,MF,Brazil,27,1998,2,0,22,0.2,0,0,0,0,0,0,0,0,0.0,0.0,0.0,0.0,0.0,Matches,CONMEBOL,CONMEBOL WCQ
224,Alexis Mac Allister,MF,Argentina,27,1998,14,13,1041,11.6,2,0,2,2,0,0,1,0,0.17,0.0,0.17,0.17,0.17,Matches,CONMEBOL,CONMEBOL WCQ
225,Deiver Machado,DF,Colombia,32,1993,5,5,405,4.5,0,0,0,0,0,0,1,0,0.0,0.0,0.0,0.0,0.0,Matches,CONMEBOL,CONMEBOL WCQ
227,Gabriel Magalhães,DF,Brazil,28,1997,14,14,1225,13.6,1,0,1,1,0,0,2,0,0.07,0.0,0.07,0.07,0.07,Matches,CONMEBOL,CONMEBOL WCQ
234,Marquinhos,DF,Brazil,31,1994,18,17,1515,16.8,1,0,1,1,0,0,0,0,0.06,0.0,0.06,0.06,0.06,Matches,CONMEBOL,CONMEBOL WCQ
235,Gabriel Martinelli,MF,Brazil,24,2001,9,4,408,4.5,1,0,1,1,0,0,1,0,0.22,0.0,0.22,0.22,0.22,Matches,CONMEBOL,CONMEBOL WCQ
238,Emiliano Martínez,GK,Argentina,33,1992,16,16,1440,16.0,0,0,0,0,0,0,0,0,0.0,0.0,0.0,0.0,0.0,Matches,CONMEBOL,CONMEBOL WCQ
240,Lautaro Martínez,FW,Argentina,28,1997,14,8,738,8.2,4,1,5,4,0,0,2,0,0.49,0.12,0.61,0.49,0.61,Matches,CONMEBOL,CONMEBOL WCQ
241,Lisandro Martínez,DF,Argentina,28,1998,3,2,159,1.8,0,0,0,0,0,0,0,0,0.0,0.0,0.0,0.0,0.0,Matches,CONMEBOL,CONMEBOL WCQ
242,Lucas Martínez Quarta,"DF,MF",Argentina,29,1996,1,0,57,0.6,0,0,0,0,0,0,0,0,0.0,0.0,0.0,0.0,0.0,Matches,CONMEBOL,CONMEBOL WCQ
243,Roger Martínez,FW,Colombia,31,1994,1,1,22,0.2,0,0,0,0,0,0,0,0,0.0,0.0,0.0,0.0,0.0,Matches,CONMEBOL,CONMEBOL WCQ
244,Ronaldo Martínez,FW,Paraguay,29,1996,2,2,105,1.2,0,0,0,0,0,0,0,0,0.0,0.0,0.0,0.0,0.0,Matches,CONMEBOL,CONMEBOL WCQ
246,Franco Mastantuono,MF,Argentina,18,2007,3,1,98,1.1,0,0,0,0,0,0,0,0,0.0,0.0,0.0,0.0,0.0,Matches,CONMEBOL,CONMEBOL WCQ
250,Facundo Medina,DF,Argentina,26,1999,4,1,105,1.2,0,0,0,0,0,0,0,0,0.0,0.0,0.0,0.0,0.0,Matches,CONMEBOL,CONMEBOL WCQ
267,Lionel Messi,"FW,MF",Argentina,38,1987,12,10,944,10.5,8,3,11,8,0,0,0,0,0.76,0.29,1.05,0.76,1.05,Matches,CONMEBOL,CONMEBOL WCQ
268,Kevin Mier,GK,Colombia,25,2000,3,3,270,3.0,0,0,0,0,0,0,0,0,0.0,0.0,0.0,0.0,0.0,Matches,CONMEBOL,CONMEBOL WCQ
269,Yerry Mina,DF,Colombia,31,1994,8,5,457,5.1,1,0,1,1,0,0,2,0,0.2,0.0,0.2,0.2,0.2,Matches,CONMEBOL,CONMEBOL WCQ
272,Johan Mojica,DF,Colombia,33,1992,8,8,714,7.9,0,1,1,0,0,0,1,0,0.0,0.13,0.13,0.0,0.13,Matches,CONMEBOL,CONMEBOL WCQ
273,Nahuel Molina,DF,Argentina,27,1998,16,14,1260,14.0,0,1,1,0,0,0,1,0,0.0,0.07,0.07,0.0,0.07,Matches,CONMEBOL,CONMEBOL WCQ
275,Gonzalo Montiel,DF,Argentina,29,1997,6,4,278,3.1,0,0,0,0,0,0,1,0,0.0,0.0,0.0,0.0,0.0,Matches,CONMEBOL,CONMEBOL WCQ
279,Dayro Moreno,"FW,MF",Colombia,40,1985,1,0,9,0.1,0,0,0,0,0,0,0,0,0.0,0.0,0.0,0.0,0.0,Matches,CONMEBOL,CONMEBOL WCQ
281,Yerson Mosquera,DF,Colombia,24,2001,4,2,175,1.9,1,0,1,1,0,0,1,0,0.51,0.0,0.51,0.51,0.51,Matches,CONMEBOL,CONMEBOL WCQ
282,Lucas Moura,"FW,MF",Brazil,33,1992,2,0,29,0.3,0,0,0,0,0,0,1,0,0.0,0.0,0.0,0.0,0.0,Matches,CONMEBOL,CONMEBOL WCQ
283,Daniel Muñoz,DF,Colombia,29,1996,13,13,1170,13.0,0,0,0,0,0,0,1,0,0.0,0.0,0.0,0.0,0.0,Matches,CONMEBOL,CONMEBOL WCQ
284,Murillo,DF,Brazil,23,2002,1,1,45,0.5,0,0,0,0,0,0,1,0,0.0,0.0,0.0,0.0,0.0,Matches,CONMEBOL,CONMEBOL WCQ
289,David Neres,"FW,MF",Brazil,28,1997,1,0,18,0.2,0,0,0,0,0,0,0,0,0.0,0.0,0.0,0.0,0.0,Matches,CONMEBOL,CONMEBOL WCQ
290,Neymar,MF,Brazil,33,1992,4,4,313,3.5,2,3,5,2,0,1,1,0,0.58,0.86,1.44,0.58,1.44,Matches,CONMEBOL,CONMEBOL WCQ
291,Nino,DF,Brazil,28,1997,1,0,45,0.5,0,0,0,0,0,0,0,0,0.0,0.0,0.0,0.0,0.0,Matches,CONMEBOL,CONMEBOL WCQ
295,Lucas Ocampos,"FW,MF",Argentina,31,1994,1,0,1,0.0,0,0,0,0,0,0,0,0,0.0,0.0,0.0,0.0,0.0,Matches,CONMEBOL,CONMEBOL WCQ
296,Braian Ojeda,MF,Paraguay,25,2000,2,0,37,0.4,0,0,0,0,0,0,0,0,0.0,0.0,0.0,0.0,0.0,Matches,CONMEBOL,CONMEBOL WCQ
303,Leo Ortiz,DF,Brazil,30,1996,2,0,46,0.5,0,0,0,0,0,0,1,0,0.0,0.0,0.0,0.0,0.0,Matches,CONMEBOL,CONMEBOL WCQ
304,Richard Ortiz,MF,Paraguay,35,1990,1,1,45,0.5,0,0,0,0,0,0,1,0,0.0,0.0,0.0,0.0,0.0,Matches,CONMEBOL,CONMEBOL WCQ
307,Nicolás Otamendi,DF,Argentina,37,1988,17,17,1452,16.1,3,0,3,3,0,0,2,1,0.19,0.0,0.19,0.19,0.19,Matches,CONMEBOL,CONMEBOL WCQ
309,Alfio Oviedo,FW,Paraguay,30,1995,1,0,4,0.0,0,0,0,0,0,0,0,0,0.0,0.0,0.0,0.0,0.0,Matches,CONMEBOL,CONMEBOL WCQ
313,Exequiel Palacios,MF,Argentina,27,1998,9,1,210,2.3,0,3,3,0,0,0,1,0,0.0,1.29,1.29,0.0,1.29,Matches,CONMEBOL,CONMEBOL WCQ
315,Lucas Paquetá,MF,Brazil,28,1997,7,4,334,3.7,1,1,2,1,0,0,3,0,0.27,0.27,0.54,0.27,0.54,Matches,CONMEBOL,CONMEBOL WCQ
316,Leandro Paredes,MF,Argentina,31,1994,14,6,552,6.1,0,0,0,0,0,0,2,0,0.0,0.0,0.0,0.0,0.0,Matches,CONMEBOL,CONMEBOL WCQ
317,Paulinho,"FW,MF",Brazil,25,2000,1,0,22,0.2,0,0,0,0,0,0,0,0,0.0,0.0,0.0,0.0,0.0,Matches,CONMEBOL,CONMEBOL WCQ
320,Nicolás Paz,MF,Argentina,21,2004,4,1,99,1.1,0,1,1,0,0,0,0,0,0.0,0.91,0.91,0.0,0.91,Matches,CONMEBOL,CONMEBOL WCQ
323,Pepê,"FW,MF",Brazil,28,1997,1,0,10,0.1,0,0,0,0,0,0,1,0,0.0,0.0,0.0,0.0,0.0,Matches,CONMEBOL,CONMEBOL WCQ
324,Andreas Pereira,MF,Brazil,30,1996,2,0,23,0.3,1,0,1,1,0,0,0,0,3.91,0.0,3.91,3.91,3.91,Matches,CONMEBOL,CONMEBOL WCQ
326,Matheus Pereira,"FW,MF",Brazil,29,1996,1,0,13,0.1,0,0,0,0,0,0,0,0,0.0,0.0,0.0,0.0,0.0,Matches,CONMEBOL,CONMEBOL WCQ
328,Nehuén Pérez,DF,Argentina,25,2000,1,0,15,0.2,0,0,0,0,0,0,0,0,0.0,0.0,0.0,0.0,0.0,Matches,CONMEBOL,CONMEBOL WCQ
329,Germán Pezzella,DF,Argentina,34,1991,2,1,135,1.5,0,0,0,0,0,0,1,0,0.0,0.0,0.0,0.0,0.0,Matches,CONMEBOL,CONMEBOL WCQ
331,Iván Piris,DF,Paraguay,36,1989,2,0,33,0.4,0,0,0,0,0,0,1,0,0.0,0.0,0.0,0.0,0.0,Matches,CONMEBOL,CONMEBOL WCQ
332,Isidro Pitta,FW,Paraguay,26,1999,5,3,214,2.4,0,0,0,0,0,0,1,0,0.0,0.0,0.0,0.0,0.0,Matches,CONMEBOL,CONMEBOL WCQ
341,Juan Quintero,MF,Colombia,33,1993,6,1,181,2.0,2,2,4,2,0,0,1,0,0.99,0.99,1.99,0.99,1.99,Matches,CONMEBOL,CONMEBOL WCQ
347,Iván Ramírez,MF,Paraguay,31,1994,1,1,45,0.5,0,0,0,0,0,0,0,0,0.0,0.0,0.0,0.0,0.0,Matches,CONMEBOL,CONMEBOL WCQ
353,Raphinha,MF,Brazil,29,1996,13,12,1051,11.7,5,2,7,2,3,3,4,0,0.43,0.17,0.6,0.17,0.34,Matches,CONMEBOL,CONMEBOL WCQ
357,Alexsandro Ribeiro,DF,Brazil,26,1999,3,3,270,3.0,0,0,0,0,0,0,0,0,0.0,0.0,0.0,0.0,0.0,Matches,CONMEBOL,CONMEBOL WCQ
358,Richarlison,FW,Brazil,28,1997,8,5,385,4.3,0,0,0,0,0,0,1,0,0.0,0.0,0.0,0.0,0.0,Matches,CONMEBOL,CONMEBOL WCQ
360,Richard Ríos,MF,Colombia,25,2000,15,10,986,11.0,0,1,1,0,0,0,1,0,0.0,0.09,0.09,0.0,0.09,Matches,CONMEBOL,CONMEBOL WCQ
362,Blas Riveros,DF,Paraguay,27,1998,2,1,96,1.1,0,0,0,0,0,0,0,0,0.0,0.0,0.0,0.0,0.0,Matches,CONMEBOL,CONMEBOL WCQ
367,James Rodríguez,"MF,FW",Colombia,34,1991,18,14,1239,13.8,3,7,10,2,1,1,0,0,0.22,0.51,0.73,0.15,0.65,Matches,CONMEBOL,CONMEBOL WCQ
370,Rodrygo,"MF,FW",Brazil,25,2001,12,12,964,10.7,3,0,3,3,0,0,1,0,0.28,0.0,0.28,0.28,0.28,Matches,CONMEBOL,CONMEBOL WCQ
371,Matías Rojas,MF,Paraguay,30,1995,3,2,132,1.5,0,0,0,0,0,0,1,0,0.0,0.0,0.0,0.0,0.0,Matches,CONMEBOL,CONMEBOL WCQ
372,Robert Rojas,DF,Paraguay,29,1996,5,3,259,2.9,0,0,0,0,0,0,0,1,0.0,0.0,0.0,0.0,0.0,Matches,CONMEBOL,CONMEBOL WCQ
374,Ángel Romero,MF,Paraguay,33,1992,7,1,143,1.6,0,0,0,0,0,0,0,0,0.0,0.0,0.0,0.0,0.0,Matches,CONMEBOL,CONMEBOL WCQ
375,Cristian Romero,DF,Argentina,27,1998,15,15,1260,14.0,0,0,0,0,0,0,4,0,0.0,0.0,0.0,0.0,0.0,Matches,CONMEBOL,CONMEBOL WCQ
380,Gerónimo Rulli,GK,Argentina,33,1992,2,2,180,2.0,0,0,0,0,0,0,0,0,0.0,0.0,0.0,0.0,0.0,Matches,CONMEBOL,CONMEBOL WCQ
382,Antonio Sanabria,"FW,MF",Paraguay,29,1996,13,8,670,7.4,4,1,5,4,0,0,0,0,0.54,0.13,0.67,0.54,0.67,Matches,CONMEBOL,CONMEBOL WCQ
384,Davinson Sánchez,DF,Colombia,29,1996,12,11,1042,11.6,1,0,1,1,0,0,3,0,0.09,0.0,0.09,0.09,0.09,Matches,CONMEBOL,CONMEBOL WCQ
385,Richard Sánchez,MF,Paraguay,29,1996,2,1,135,1.5,0,0,0,0,0,0,0,0,0.0,0.0,0.0,0.0,0.0,Matches,CONMEBOL,CONMEBOL WCQ
386,Agustín Sández,"DF,MF",Paraguay,25,2001,4,3,222,2.5,0,0,0,0,0,0,1,0,0.0,0.0,0.0,0.0,0.0,Matches,CONMEBOL,CONMEBOL WCQ
387,Alex Sandro,DF,Brazil,35,1991,2,2,163,1.8,0,0,0,0,0,0,0,0,0.0,0.0,0.0,0.0,0.0,Matches,CONMEBOL,CONMEBOL WCQ
389,Andrey Santos,MF,Brazil,21,2004,3,1,110,1.2,0,0,0,0,0,0,0,0,0.0,0.0,0.0,0.0,0.0,Matches,CONMEBOL,CONMEBOL WCQ
390,Douglas Santos,DF,Brazil,31,1994,1,1,90,1.0,0,0,0,0,0,0,0,0,0.0,0.0,0.0,0.0,0.0,Matches,CONMEBOL,CONMEBOL WCQ
395,Sávio,MF,Brazil,21,2004,6,4,309,3.4,0,1,1,0,0,0,0,0,0.0,0.29,0.29,0.0,0.29,Matches,CONMEBOL,CONMEBOL WCQ
399,Caio Henrique Oliveira Silva,DF,Brazil,28,1997,2,1,110,1.2,0,0,0,0,0,0,0,0,0.0,0.0,0.0,0.0,0.0,Matches,CONMEBOL,CONMEBOL WCQ
400,Giuliano Simeone,MF,Argentina,23,2002,7,3,276,3.1,1,0,1,1,0,0,0,0,0.33,0.0,0.33,0.33,0.33,Matches,CONMEBOL,CONMEBOL WCQ
401,Luis Sinisterra,FW,Colombia,26,1999,6,1,139,1.5,1,1,2,1,0,0,1,0,0.65,0.65,1.29,0.65,1.29,Matches,CONMEBOL,CONMEBOL WCQ
404,Ramón Sosa,"MF,FW",Paraguay,26,1999,17,9,852,9.5,0,0,0,0,0,0,0,0,0.0,0.0,0.0,0.0,0.0,Matches,CONMEBOL,CONMEBOL WCQ
411,Nicolás Tagliafico,DF,Argentina,33,1992,15,14,1246,13.8,1,1,2,1,0,0,3,0,0.07,0.07,0.14,0.07,0.14,Matches,CONMEBOL,CONMEBOL WCQ
421,Mateus Uribe,MF,Colombia,34,1991,7,6,414,4.6,1,0,1,1,0,0,0,0,0.22,0.0,0.22,0.22,0.22,Matches,CONMEBOL,CONMEBOL WCQ
432,Vanderson,DF,Brazil,24,2001,6,5,442,4.9,0,0,0,0,0,0,2,0,0.0,0.0,0.0,0.0,0.0,Matches,CONMEBOL,CONMEBOL WCQ
434,Camilo Vargas,GK,Colombia,36,1989,14,14,1256,14.0,0,0,0,0,0,0,3,1,0.0,0.0,0.0,0.0,0.0,Matches,CONMEBOL,CONMEBOL WCQ
438,Raphael Veiga,MF,Brazil,30,1995,3,0,21,0.2,0,0,0,0,0,0,0,0,0.0,0.0,0.0,0.0,0.0,Matches,CONMEBOL,CONMEBOL WCQ
439,Gustavo Velásquez,DF,Paraguay,34,1991,5,3,344,3.8,0,1,1,0,0,0,2,0,0.0,0.26,0.26,0.0,0.26,Matches,CONMEBOL,CONMEBOL WCQ
442,Wilder Viera,MF,Paraguay,23,2002,1,0,9,0.1,0,0,0,0,0,0,0,0,0.0,0.0,0.0,0.0,0.0,Matches,CONMEBOL,CONMEBOL WCQ
444,Héctor Villalba,"FW,MF",Paraguay,31,1994,2,0,61,0.7,0,0,0,0,0,0,1,0,0.0,0.0,0.0,0.0,0.0,Matches,CONMEBOL,CONMEBOL WCQ
447,Mathías Villasanti,MF,Paraguay,29,1997,15,8,739,8.2,0,0,0,0,0,0,0,0,0.0,0.0,0.0,0.0,0.0,Matches,CONMEBOL,CONMEBOL WCQ
451,Vitinho,DF,Brazil,26,1999,1,1,60,0.7,0,0,0,0,0,0,0,0,0.0,0.0,0.0,0.0,0.0,Matches,CONMEBOL,CONMEBOL WCQ
453,Wendell,"DF,MF",Brazil,32,1993,1,0,17,0.2,0,0,0,0,0,0,0,0,0.0,0.0,0.0,0.0,0.0,Matches,CONMEBOL,CONMEBOL WCQ
454,Wesley,DF,Brazil,22,2003,3,2,192,2.1,0,0,0,0,0,0,0,0,0.0,0.0,0.0,0.0,0.0,Matches,CONMEBOL,CONMEBOL WCQ
455,Estêvão Willian,"MF,FW",Brazil,18,2007,7,2,211,2.3,1,0,1,1,0,0,0,0,0.43,0.0,0.43,0.43,0.43,Matches,CONMEBOL,CONMEBOL WCQ
10,Michel Aebischer,MF,Switzerland,27,1997,4,3,243,2.7,0,0,0,0,0,0,0,0,0.0,0.0,0.0,0.0,0.0,Matches,UEFA,UEFA Nations League
14,Kristoffer Ajer,DF,Norway,26,1998,2,2,180,2.0,0,0,0,0,0,0,0,0,0.0,0.0,0.0,0.0,0.0,Matches,UEFA,UEFA Nations League
17,Manuel Akanji,DF,Switzerland,29,1995,4,4,360,4.0,0,0,0,0,0,0,1,0,0.0,0.0,0.0,0.0,0.0,Matches,UEFA,UEFA Nations League
23,Trent Alexander-Arnold,DF,England,25,1998,4,4,360,4.0,1,1,2,1,0,0,0,0,0.25,0.25,0.5,0.25,0.5,Matches,UEFA,UEFA Nations League
35,Zeki Amdouni,"FW,MF",Switzerland,23,2000,6,5,383,4.3,3,0,3,2,1,1,0,0,0.7,0.0,0.7,0.47,0.47,Matches,UEFA,UEFA Nations League
36,Aurele Amenda,DF,Switzerland,21,2003,1,1,90,1.0,0,0,0,0,0,0,0,0,0.0,0.0,0.0,0.0,0.0,Matches,UEFA,UEFA Nations League
54,Tomás Araújo,DF,Portugal,22,2002,1,1,62,0.7,0,0,0,0,0,0,0,0,0.0,0.0,0.0,0.0,0.0,Matches,UEFA,UEFA Nations League
79,Loïc Bade,DF,France,24,2000,1,1,90,1.0,0,0,0,0,0,0,0,0,0.0,0.0,0.0,0.0,0.0,Matches,UEFA,UEFA Nations League
80,Alex Baena,MF,Spain,23,2001,5,2,200,2.2,1,0,1,1,0,0,1,0,0.45,0.0,0.45,0.45,0.45,Matches,UEFA,UEFA Nations League
86,Johan Bakayoko,"FW,MF",Belgium,21,2003,4,0,99,1.1,0,0,0,0,0,0,1,0,0.0,0.0,0.0,0.0,0.0,Matches,UEFA,UEFA Nations League
98,Bradley Barcola,"MF,FW",France,21,2002,9,4,411,4.6,2,0,2,2,0,0,0,0,0.44,0.0,0.44,0.44,0.44,Matches,UEFA,UEFA Nations League
105,Pablo Barrios,MF,Spain,21,2003,1,0,12,0.1,0,0,0,0,0,0,0,0,0.0,0.0,0.0,0.0,0.0,Matches,UEFA,UEFA Nations League
108,Norman Bassette,FW,Belgium,19,2004,1,0,1,0.0,0,0,0,0,0,0,0,0,0.0,0.0,0.0,0.0,0.0,Matches,UEFA,UEFA Nations League
124,Jude Bellingham,"MF,FW",England,21,2003,4,4,349,3.9,1,2,3,1,0,0,2,0,0.26,0.52,0.77,0.26,0.77,Matches,UEFA,UEFA Nations League
133,Lasse Berg Johnsen,MF,Norway,24,1999,1,1,59,0.7,0,0,0,0,0,0,0,0,0.0,0.0,0.0,0.0,0.0,Matches,UEFA,UEFA Nations League
134,Patrick Berg,MF,Norway,26,1997,5,2,186,2.1,0,0,0,0,0,0,1,0,0.0,0.0,0.0,0.0,0.0,Matches,UEFA,UEFA Nations League
135,Sander Berge,MF,Norway,26,1998,6,5,471,5.2,0,2,2,0,0,0,1,0,0.0,0.38,0.38,0.0,0.38,Matches,UEFA,UEFA Nations League
163,Jarrod Bowen,"FW,MF",England,27,1996,4,0,59,0.7,1,0,1,1,0,0,0,0,1.53,0.0,1.53,1.53,1.53,Matches,UEFA,UEFA Nations League
203,Eduardo Camavinga,MF,France,21,2002,5,2,199,2.2,1,0,1,1,0,0,2,0,0.45,0.0,0.45,0.45,0.45,Matches,UEFA,UEFA Nations League
208,João Cancelo,"MF,DF",Portugal,30,1994,2,2,177,2.0,0,0,0,0,0,0,0,0,0.0,0.0,0.0,0.0,0.0,Matches,UEFA,UEFA Nations League
213,Dani Carvajal,DF,Spain,32,1992,2,2,180,2.0,0,0,0,0,0,0,2,0,0.0,0.0,0.0,0.0,0.0,Matches,UEFA,UEFA Nations League
214,Marc Casado,MF,Spain,20,2003,2,1,111,1.2,0,0,0,0,0,0,0,0,0.0,0.0,0.0,0.0,0.0,Matches,UEFA,UEFA Nations League
216,Timothy Castagne,DF,Belgium,28,1995,6,5,436,4.8,0,1,1,0,0,0,2,0,0.0,0.21,0.21,0.0,0.21,Matches,UEFA,UEFA Nations League
217,Koen Casteels,GK,Belgium,32,1992,6,6,540,6.0,0,0,0,0,0,0,0,0,0.0,0.0,0.0,0.0,0.0,Matches,UEFA,UEFA Nations League
234,Rayan Cherki,MF,France,20,2003,2,1,96,1.1,1,1,2,1,0,0,0,0,0.94,0.94,1.87,0.94,1.87,Matches,UEFA,UEFA Nations League
245,Jonathan Clauss,DF,France,31,1992,1,1,77,0.9,0,0,0,0,0,0,0,0,0.0,0.0,0.0,0.0,0.0,Matches,UEFA,UEFA Nations League
250,Levi Colwill,DF,England,21,2003,3,2,210,2.3,0,0,0,0,0,0,1,0,0.0,0.0,0.0,0.0,0.0,Matches,UEFA,UEFA Nations League
252,Kingsley Coman,"FW,MF",France,28,1996,1,0,21,0.2,0,0,0,0,0,0,0,0,0.0,0.0,0.0,0.0,0.0,Matches,UEFA,UEFA Nations League
253,Eray Cömert,DF,Switzerland,26,1998,2,2,180,2.0,0,0,0,0,0,0,2,0,0.0,0.0,0.0,0.0,0.0,Matches,UEFA,UEFA Nations League
254,Francisco Conceição,FW,Portugal,21,2002,5,3,238,2.6,1,0,1,1,0,0,0,0,0.38,0.0,0.38,0.38,0.38,Matches,UEFA,UEFA Nations League
259,Diogo Costa,GK,Portugal,24,1999,9,9,870,9.7,0,0,0,0,0,0,0,0,0.0,0.0,0.0,0.0,0.0,Matches,UEFA,UEFA Nations League
260,Samu Costa,MF,Portugal,23,2000,2,0,15,0.2,0,0,0,0,0,0,0,0,0.0,0.0,0.0,0.0,0.0,Matches,UEFA,UEFA Nations League
264,Pau Cubarsí,DF,Spain,17,2007,3,2,139,1.5,0,0,0,0,0,0,0,0,0.0,0.0,0.0,0.0,0.0,Matches,UEFA,UEFA Nations League
265,Marc Cucurella,DF,Spain,26,1998,7,7,655,7.3,0,0,0,0,0,0,0,0,0.0,0.0,0.0,0.0,0.0,Matches,UEFA,UEFA Nations League
276,Ameen Al-Dakhil,DF,Belgium,22,2002,2,1,108,1.2,0,0,0,0,0,0,1,0,0.0,0.0,0.0,0.0,0.0,Matches,UEFA,UEFA Nations League
278,Diogo Dalot,DF,Portugal,25,1999,7,5,440,4.9,1,0,1,1,0,0,1,0,0.2,0.0,0.2,0.2,0.2,Matches,UEFA,UEFA Nations League
296,Kevin De Bruyne,MF,Belgium,33,1991,2,2,180,2.0,2,0,2,1,1,1,1,0,1.0,0.0,1.0,0.5,0.5,Matches,UEFA,UEFA Nations League
297,Maxim De Cuyper,DF,Belgium,23,2000,4,3,255,2.8,1,0,1,1,0,0,0,0,0.35,0.0,0.35,0.35,0.35,Matches,UEFA,UEFA Nations League
298,Charles De Ketelaere,MF,Belgium,23,2001,4,2,196,2.2,0,0,0,0,0,0,1,0,0.0,0.0,0.0,0.0,0.0,Matches,UEFA,UEFA Nations League
299,Zeno Debast,"DF,MF",Belgium,20,2003,6,5,432,4.8,0,0,0,0,0,0,0,0,0.0,0.0,0.0,0.0,0.0,Matches,UEFA,UEFA Nations League
303,Ousmane Dembélé,"MF,FW",France,27,1997,7,6,536,6.0,2,1,3,2,0,0,0,0,0.34,0.17,0.5,0.34,0.5,Matches,UEFA,UEFA Nations League
311,Rúben Dias,DF,Portugal,27,1997,8,8,780,8.7,0,1,1,0,0,0,3,0,0.0,0.12,0.12,0.0,0.12,Matches,UEFA,UEFA Nations League
313,Lucas Digne,DF,France,31,1993,6,5,451,5.0,0,3,3,0,0,0,3,0,0.0,0.6,0.6,0.0,0.6,Matches,UEFA,UEFA Nations League
319,Tiago Djaló,DF,Portugal,24,2000,1,0,28,0.3,0,0,0,0,0,0,0,0,0.0,0.0,0.0,0.0,0.0,Matches,UEFA,UEFA Nations League
321,Jeremy Doku,"MF,FW",Belgium,22,2002,4,4,331,3.7,0,1,1,0,0,0,0,0,0.0,0.27,0.27,0.0,0.27,Matches,UEFA,UEFA Nations League
326,Désiré Doué,MF,France,19,2005,3,1,139,1.5,0,0,0,0,0,0,0,0,0.0,0.0,0.0,0.0,0.0,Matches,UEFA,UEFA Nations League
333,Kwadwo Duah,"FW,MF",Switzerland,27,1997,2,0,16,0.2,0,0,0,0,0,0,0,0,0.0,0.0,0.0,0.0,0.0,Matches,UEFA,UEFA Nations League
338,Julien Duranville,FW,Belgium,18,2006,2,0,25,0.3,0,0,0,0,0,0,0,0,0.0,0.0,0.0,0.0,0.0,Matches,UEFA,UEFA Nations League
346,Aron Dønnum,MF,Norway,26,1998,4,1,108,1.2,0,0,0,0,0,0,1,0,0.0,0.0,0.0,0.0,0.0,Matches,UEFA,UEFA Nations League
350,Sindre Egeli,"FW,MF",Norway,18,2006,1,0,7,0.1,0,0,0,0,0,0,0,0,0.0,0.0,0.0,0.0,0.0,Matches,UEFA,UEFA Nations League
358,Nico Elvedi,DF,Switzerland,27,1996,3,3,231,2.6,0,0,0,0,0,0,2,1,0.0,0.0,0.0,0.0,0.0,Matches,UEFA,UEFA Nations League
359,Breel Embolo,FW,Switzerland,27,1997,5,5,394,4.4,0,1,1,0,0,1,2,0,0.0,0.23,0.23,0.0,0.23,Matches,UEFA,UEFA Nations League
362,Arne Engels,MF,Belgium,20,2003,4,2,187,2.1,0,0,0,0,0,0,0,0,0.0,0.0,0.0,0.0,0.0,Matches,UEFA,UEFA Nations League
367,Eberechi Eze,"FW,MF",England,26,1998,2,0,39,0.4,0,0,0,0,0,0,0,0,0.0,0.0,0.0,0.0,0.0,Matches,UEFA,UEFA Nations League
369,Wout Faes,DF,Belgium,26,1998,6,6,540,6.0,0,0,0,0,0,0,1,0,0.0,0.0,0.0,0.0,0.0,Matches,UEFA,UEFA Nations League
372,João Félix,FW,Portugal,24,1999,4,1,123,1.4,1,0,1,1,0,0,0,0,0.73,0.0,0.73,0.73,0.73,Matches,UEFA,UEFA Nations League
374,Bruno Fernandes,MF,Portugal,29,1994,9,9,869,9.7,2,2,4,2,0,0,2,0,0.21,0.21,0.41,0.21,0.41,Matches,UEFA,UEFA Nations League
375,Edimilson Fernandes,DF,Switzerland,28,1996,4,3,283,3.1,0,0,0,0,0,0,0,0,0.0,0.0,0.0,0.0,0.0,Matches,UEFA,UEFA Nations League
381,Phil Foden,FW,England,24,2000,2,1,82,0.9,0,0,0,0,0,0,0,0,0.0,0.0,0.0,0.0,0.0,Matches,UEFA,UEFA Nations League
382,Malick Fofana,"FW,MF",Belgium,19,2005,1,0,4,0.0,0,0,0,0,0,0,0,0,0.0,0.0,0.0,0.0,0.0,Matches,UEFA,UEFA Nations League
383,Youssouf Fofana,MF,France,25,1999,4,1,91,1.0,0,0,0,0,0,0,0,0,0.0,0.0,0.0,0.0,0.0,Matches,UEFA,UEFA Nations League
388,Remo Freuler,MF,Switzerland,32,1992,6,6,530,5.9,1,1,2,1,0,0,1,0,0.17,0.17,0.34,0.17,0.34,Matches,UEFA,UEFA Nations League
397,Conor Gallagher,MF,England,24,2000,3,2,158,1.8,1,0,1,1,0,0,1,0,0.57,0.0,0.57,0.57,0.57,Matches,UEFA,UEFA Nations League
401,Aleix García,MF,Spain,27,1997,3,0,35,0.4,0,0,0,0,0,0,0,0,0.0,0.0,0.0,0.0,0.0,Matches,UEFA,UEFA Nations League
404,Ulisses Garcia,DF,Switzerland,28,1996,3,1,113,1.3,0,0,0,0,0,0,0,0,0.0,0.0,0.0,0.0,0.0,Matches,UEFA,UEFA Nations League
408,Gavi,"FW,MF",Spain,19,2004,1,0,1,0.0,0,0,0,0,0,0,1,0,0.0,0.0,0.0,0.0,0.0,Matches,UEFA,UEFA Nations League
419,Morgan Gibbs-White,"FW,MF",England,24,2000,2,0,27,0.3,0,1,1,0,0,0,0,0,0.0,3.33,3.33,0.0,3.33,Matches,UEFA,UEFA Nations League
421,Bryan Gil,"FW,MF",Spain,23,2001,1,0,31,0.3,1,0,1,1,0,0,0,0,2.9,0.0,2.9,2.9,2.9,Matches,UEFA,UEFA Nations League
435,Angel Gomes,MF,England,23,2000,4,2,195,2.2,0,1,1,0,0,0,1,0,0.0,0.46,0.46,0.0,0.46,Matches,UEFA,UEFA Nations League
436,Sergio Gómez,"DF,MF",Spain,23,2000,1,0,1,0.0,0,0,0,0,0,0,0,0,0.0,0.0,0.0,0.0,0.0,Matches,UEFA,UEFA Nations League
437,Pedro Gonçalves,"FW,MF",Portugal,26,1998,1,0,1,0.0,0,0,0,0,0,0,0,0,0.0,0.0,0.0,0.0,0.0,Matches,UEFA,UEFA Nations League
439,Anthony Gordon,"MF,FW",England,23,2001,5,5,339,3.8,1,0,1,1,0,0,0,0,0.27,0.0,0.27,0.27,0.27,Matches,UEFA,UEFA Nations League
446,Jack Grealish,MF,England,28,1995,3,3,255,2.8,2,0,2,2,0,0,0,0,0.71,0.0,0.71,0.71,0.71,Matches,UEFA,UEFA Nations League
449,Antoine Griezmann,MF,France,33,1991,2,1,88,1.0,0,0,0,0,0,0,0,0,0.0,0.0,0.0,0.0,0.0,Matches,UEFA,UEFA Nations League
453,Álex Grimaldo,DF,Spain,28,1995,4,3,305,3.4,0,0,0,0,0,0,0,0,0.0,0.0,0.0,0.0,0.0,Matches,UEFA,UEFA Nations League
463,Marc Guéhi,DF,England,24,2000,5,4,371,4.1,0,1,1,0,0,0,0,0,0.0,0.24,0.24,0.0,0.24,Matches,UEFA,UEFA Nations League
464,Mattéo Guendouzi,MF,France,25,1999,6,4,339,3.8,1,1,2,1,0,0,1,0,0.27,0.27,0.53,0.27,0.53,Matches,UEFA,UEFA Nations League
469,Jostein Gundersen,DF,Norway,28,1996,1,0,63,0.7,0,1,1,0,0,0,0,0,0.0,1.43,1.43,0.0,1.43,Matches,UEFA,UEFA Nations League
474,Malo Gusto,DF,France,21,2003,2,1,118,1.3,0,0,0,0,0,0,0,0,0.0,0.0,0.0,0.0,0.0,Matches,UEFA,UEFA Nations League
481,Erling Haaland,FW,Norway,24,2000,6,6,531,5.9,7,1,8,7,0,0,0,0,1.19,0.17,1.36,1.19,1.36,Matches,UEFA,UEFA Nations League
486,Lewis Hall,DF,England,19,2004,2,1,135,1.5,0,0,0,0,0,0,0,0,0.0,0.0,0.0,0.0,0.0,Matches,UEFA,UEFA Nations League
488,Andreas Hanche-Olsen,DF,Norway,27,1997,4,4,297,3.3,0,0,0,0,0,0,1,0,0.0,0.0,0.0,0.0,0.0,Matches,UEFA,UEFA Nations League
498,Taylor Harwood-Bellis,DF,England,22,2002,1,0,29,0.3,1,0,1,1,0,0,0,0,3.1,0.0,3.1,3.1,3.1,Matches,UEFA,UEFA Nations League
505,Torbjørn Heggem,DF,Norway,25,1999,3,1,126,1.4,0,0,0,0,0,0,1,0,0.0,0.0,0.0,0.0,0.0,Matches,UEFA,UEFA Nations League
506,Dean Henderson,GK,England,27,1997,1,1,90,1.0,0,0,0,0,0,0,0,0,0.0,0.0,0.0,0.0,0.0,Matches,UEFA,UEFA Nations League
509,Lucas Hernández,DF,France,28,1996,2,1,109,1.2,0,0,0,0,0,0,1,0,0.0,0.0,0.0,0.0,0.0,Matches,UEFA,UEFA Nations League
510,Theo Hernández,DF,France,26,1997,5,5,479,5.3,0,1,1,0,0,0,1,0,0.0,0.19,0.19,0.0,0.19,Matches,UEFA,UEFA Nations League
523,Dean Huijsen,DF,Spain,19,2005,4,3,380,4.2,0,1,1,0,0,0,1,0,0.0,0.24,0.24,0.0,0.24,Matches,UEFA,UEFA Nations League
539,Gonçalo Inácio,DF,Portugal,22,2001,5,4,374,4.2,0,0,0,0,0,0,1,0,0.0,0.0,0.0,0.0,0.0,Matches,UEFA,UEFA Nations League
548,Isco,"FW,MF",Spain,32,1992,1,0,46,0.5,0,0,0,0,0,0,0,0,0.0,0.0,0.0,0.0,0.0,Matches,UEFA,UEFA Nations League
578,Curtis Jones,MF,England,23,2001,2,2,168,1.9,1,0,1,1,0,0,0,0,0.54,0.0,0.54,0.54,0.54,Matches,UEFA,UEFA Nations League
581,Joselu,FW,Spain,34,1990,4,1,125,1.4,1,1,2,1,0,0,0,0,0.72,0.72,1.44,0.72,1.44,Matches,UEFA,UEFA Nations League
582,Diogo Jota,FW,Portugal,27,1996,7,2,264,2.9,0,1,1,0,0,0,2,0,0.0,0.34,0.34,0.0,0.34,Matches,UEFA,UEFA Nations League
599,Pierre Kalulu,DF,France,24,2000,1,1,62,0.7,0,0,0,0,0,0,0,0,0.0,0.0,0.0,0.0,0.0,Matches,UEFA,UEFA Nations League
604,Harry Kane,FW,England,31,1993,5,4,345,3.8,3,0,3,2,1,1,1,0,0.78,0.0,0.78,0.52,0.52,Matches,UEFA,UEFA Nations League
606,N'Golo Kanté,MF,France,33,1991,3,3,255,2.8,0,1,1,0,0,0,0,0,0.0,0.35,0.35,0.0,0.35,Matches,UEFA,UEFA Nations League
642,Gregor Kobel,GK,Switzerland,26,1997,5,5,450,5.0,0,0,0,0,0,0,0,0,0.0,0.0,0.0,0.0,0.0,Matches,UEFA,UEFA Nations League
649,Randal Kolo Muani,"FW,MF",France,25,1998,9,7,593,6.6,4,1,5,3,1,1,3,0,0.61,0.15,0.76,0.46,0.61,Matches,UEFA,UEFA Nations League
650,Ibrahima Konaté,DF,France,25,1999,7,7,585,6.5,0,0,0,0,0,0,1,0,0.0,0.0,0.0,0.0,0.0,Matches,UEFA,UEFA Nations League
651,Manu Koné,MF,France,23,2001,8,5,532,5.9,0,0,0,0,0,0,3,0,0.0,0.0,0.0,0.0,0.0,Matches,UEFA,UEFA Nations League
653,Ezri Konsa,DF,England,26,1997,2,2,105,1.2,0,0,0,0,0,0,0,0,0.0,0.0,0.0,0.0,0.0,Matches,UEFA,UEFA Nations League
663,Jules Koundé,DF,France,25,1998,8,7,664,7.4,0,0,0,0,0,0,0,0,0.0,0.0,0.0,0.0,0.0,Matches,UEFA,UEFA Nations League
698,Dereck Kutesa,MF,Switzerland,26,1997,2,1,97,1.1,0,0,0,0,0,0,0,0,0.0,0.0,0.0,0.0,0.0,Matches,UEFA,UEFA Nations League
708,Sondre Langås,DF,Norway,23,2001,2,0,19,0.2,0,0,0,0,0,0,0,0,0.0,0.0,0.0,0.0,0.0,Matches,UEFA,UEFA Nations League
709,Aymeric Laporte,DF,Spain,30,1994,5,5,450,5.0,1,0,1,1,0,0,0,0,0.2,0.0,0.2,0.2,0.2,Matches,UEFA,UEFA Nations League
717,Robin Le Normand,DF,Spain,27,1996,6,6,515,5.7,0,0,0,0,0,0,3,1,0.0,0.0,0.0,0.0,0.0,Matches,UEFA,UEFA Nations League
718,Rafael Leão,"FW,MF",Portugal,25,1999,9,7,541,6.0,1,1,2,1,0,0,0,0,0.17,0.17,0.33,0.17,0.33,Matches,UEFA,UEFA Nations League
720,Clément Lenglet,DF,France,29,1995,1,1,71,0.8,0,0,0,0,0,0,0,0,0.0,0.0,0.0,0.0,0.0,Matches,UEFA,UEFA Nations League
726,Rico Lewis,DF,England,19,2004,4,3,281,3.1,0,0,0,0,0,0,0,0,0.0,0.0,0.0,0.0,0.0,Matches,UEFA,UEFA Nations League
736,Valentino Livramento,DF,England,21,2002,1,1,90,1.0,0,0,0,0,0,0,0,0,0.0,0.0,0.0,0.0,0.0,Matches,UEFA,UEFA Nations League
750,Romelu Lukaku,FW,Belgium,31,1993,1,1,90,1.0,0,0,0,0,0,0,0,0,0.0,0.0,0.0,0.0,0.0,Matches,UEFA,UEFA Nations League
751,Dodi Lukebakio,MF,Belgium,26,1997,6,3,275,3.1,0,0,0,0,0,0,0,0,0.0,0.0,0.0,0.0,0.0,Matches,UEFA,UEFA Nations League
758,Noni Madueke,MF,England,22,2002,5,2,227,2.5,0,2,2,0,0,0,1,0,0.0,0.79,0.79,0.0,0.79,Matches,UEFA,UEFA Nations League
760,Harry Maguire,DF,England,31,1993,1,1,84,0.9,0,0,0,0,0,0,0,0,0.0,0.0,0.0,0.0,0.0,Matches,UEFA,UEFA Nations League
763,Mike Maignan,GK,France,29,1995,10,10,930,10.3,0,0,0,0,0,0,1,0,0.0,0.0,0.0,0.0,0.0,Matches,UEFA,UEFA Nations League
764,Kobbie Mainoo,MF,England,19,2005,1,1,76,0.8,0,0,0,0,0,0,1,0,0.0,0.0,0.0,0.0,0.0,Matches,UEFA,UEFA Nations League
780,Orel Mangala,MF,Belgium,26,1998,4,3,254,2.8,0,0,0,0,0,0,1,0,0.0,0.0,0.0,0.0,0.0,Matches,UEFA,UEFA Nations League
804,Kevin Mbabu,"DF,MF",Switzerland,29,1995,1,0,8,0.1,0,0,0,0,0,0,0,0,0.0,0.0,0.0,0.0,0.0,Matches,UEFA,UEFA Nations League
805,Kylian Mbappé,FW,France,25,1998,6,5,504,5.6,2,2,4,1,1,1,1,0,0.36,0.36,0.71,0.18,0.54,Matches,UEFA,UEFA Nations League
823,Nuno Mendes,DF,Portugal,22,2002,10,10,947,10.5,1,5,6,1,0,0,1,0,0.1,0.48,0.57,0.1,0.57,Matches,UEFA,UEFA Nations League
825,Mikel Merino,MF,Spain,28,1996,7,3,351,3.9,2,0,2,2,0,0,0,0,0.51,0.0,0.51,0.51,0.51,Matches,UEFA,UEFA Nations League
827,Thomas Meunier,DF,Belgium,32,1991,1,0,8,0.1,0,0,0,0,0,0,0,0,0.0,0.0,0.0,0.0,0.0,Matches,UEFA,UEFA Nations League
840,Óscar Mingueza,DF,Spain,25,1999,3,3,275,3.1,0,0,0,0,0,0,0,0,0.0,0.0,0.0,0.0,0.0,Matches,UEFA,UEFA Nations League
856,Joel Monteiro,"FW,MF",Switzerland,24,1999,4,0,90,1.0,1,0,1,1,0,0,0,0,1.0,0.0,1.0,1.0,1.0,Matches,UEFA,UEFA Nations League
859,Álvaro Morata,FW,Spain,31,1992,6,4,296,3.3,1,0,1,1,0,1,1,0,0.3,0.0,0.3,0.3,0.3,Matches,UEFA,UEFA Nations League
872,Miro Muheim,DF,Switzerland,26,1998,1,1,90,1.0,0,0,0,0,0,0,0,0,0.0,0.0,0.0,0.0,0.0,Matches,UEFA,UEFA Nations League
887,Yvon Mvogo,GK,Switzerland,30,1994,1,1,90,1.0,0,0,0,0,0,0,0,0,0.0,0.0,0.0,0.0,0.0,Matches,UEFA,UEFA Nations League
889,Felix Myhre,MF,Norway,25,1999,3,2,141,1.6,1,0,1,1,0,0,1,0,0.64,0.0,0.64,0.64,0.64,Matches,UEFA,UEFA Nations League
892,David Møller Wolfe,DF,Norway,22,2002,4,4,348,3.9,0,0,0,0,0,0,0,0,0.0,0.0,0.0,0.0,0.0,Matches,UEFA,UEFA Nations League
902,Dan Ndoye,"MF,FW",Switzerland,23,2000,2,2,178,2.0,0,0,0,0,0,0,0,0,0.0,0.0,0.0,0.0,0.0,Matches,UEFA,UEFA Nations League
906,Pedro Neto,"FW,MF",Portugal,24,2000,7,7,530,5.9,1,1,2,1,0,0,2,0,0.17,0.17,0.34,0.17,0.34,Matches,UEFA,UEFA Nations League
908,João Neves,"MF,DF",Portugal,19,2004,7,5,390,4.3,0,0,0,0,0,0,1,0,0.0,0.0,0.0,0.0,0.0,Matches,UEFA,UEFA Nations League
909,Rúben Neves,MF,Portugal,27,1997,7,2,334,3.7,0,0,0,0,0,0,2,0,0.0,0.0,0.0,0.0,0.0,Matches,UEFA,UEFA Nations League
910,Cyril Ngonge,"FW,MF",Belgium,24,2000,1,0,4,0.0,0,0,0,0,0,0,0,0,0.0,0.0,0.0,0.0,0.0,Matches,UEFA,UEFA Nations League
918,Christopher Nkunku,MF,France,26,1997,4,2,203,2.3,1,0,1,1,0,0,0,0,0.44,0.0,0.44,0.44,0.44,Matches,UEFA,UEFA Nations League
925,Antonio Nusa,"MF,FW",Norway,19,2005,6,5,426,4.7,3,1,4,3,0,0,0,0,0.63,0.21,0.85,0.63,0.85,Matches,UEFA,UEFA Nations League
927,Ørjan Nyland,GK,Norway,33,1990,4,4,360,4.0,0,0,0,0,0,0,0,0,0.0,0.0,0.0,0.0,0.0,Matches,UEFA,UEFA Nations League
938,Noah Okafor,MF,Switzerland,24,2000,2,1,83,0.9,0,0,0,0,0,0,0,0,0.0,0.0,0.0,0.0,0.0,Matches,UEFA,UEFA Nations League
941,Michael Olise,MF,France,22,2001,8,5,401,4.5,2,1,3,2,0,0,0,0,0.45,0.22,0.67,0.45,0.67,Matches,UEFA,UEFA Nations League
945,Dani Olmo,MF,Spain,26,1998,5,3,285,3.2,0,1,1,0,0,0,1,0,0.0,0.32,0.32,0.0,0.32,Matches,UEFA,UEFA Nations League
949,Becir Omeragic,MF,Switzerland,22,2002,2,1,116,1.3,0,0,0,0,0,0,0,0,0.0,0.0,0.0,0.0,0.0,Matches,UEFA,UEFA Nations League
952,Samu Omorodion,FW,Spain,20,2004,2,0,59,0.7,0,0,0,0,0,0,0,0,0.0,0.0,0.0,0.0,0.0,Matches,UEFA,UEFA Nations League
954,Amadou Onana,MF,Belgium,22,2001,3,3,270,3.0,0,0,0,0,0,0,1,0,0.0,0.0,0.0,0.0,0.0,Matches,UEFA,UEFA Nations League
955,Loïs Openda,FW,Belgium,24,2000,6,6,487,5.4,1,1,2,1,0,1,2,0,0.18,0.18,0.37,0.18,0.37,Matches,UEFA,UEFA Nations League
960,Otávio,MF,Portugal,29,1995,2,1,71,0.8,0,0,0,0,0,0,0,0,0.0,0.0,0.0,0.0,0.0,Matches,UEFA,UEFA Nations League
961,Mikel Oyarzabal,"MF,FW",Spain,27,1997,8,6,554,6.2,4,2,6,3,1,1,2,0,0.65,0.32,0.97,0.49,0.81,Matches,UEFA,UEFA Nations League
964,João Palhinha,MF,Portugal,29,1995,3,2,106,1.2,0,0,0,0,0,0,1,0,0.0,0.0,0.0,0.0,0.0,Matches,UEFA,UEFA Nations League
966,Cole Palmer,MF,England,22,2002,2,2,157,1.7,0,0,0,0,0,0,0,0,0.0,0.0,0.0,0.0,0.0,Matches,UEFA,UEFA Nations League
974,Aitor Paredes,DF,Spain,24,2000,1,1,90,1.0,0,0,0,0,0,0,0,0,0.0,0.0,0.0,0.0,0.0,Matches,UEFA,UEFA Nations League
981,Benjamin Pavard,DF,France,28,1996,1,0,9,0.1,0,0,0,0,0,0,0,0,0.0,0.0,0.0,0.0,0.0,Matches,UEFA,UEFA Nations League
986,Marcus Pedersen,DF,Norway,24,2000,4,3,287,3.2,0,0,0,0,0,0,0,0,0.0,0.0,0.0,0.0,0.0,Matches,UEFA,UEFA Nations League
987,Pedri,MF,Spain,21,2002,10,6,457,5.1,1,2,3,1,0,1,0,0,0.2,0.39,0.59,0.2,0.59,Matches,UEFA,UEFA Nations League
997,Ayoze Pérez,FW,Spain,31,1993,3,2,149,1.7,1,1,2,1,0,0,2,0,0.6,0.6,1.21,0.6,1.21,Matches,UEFA,UEFA Nations League
1007,Jens Petter Hauge,"DF,FW",Norway,24,1999,1,0,20,0.2,1,0,1,1,0,0,0,0,4.5,0.0,4.5,4.5,4.5,Matches,UEFA,UEFA Nations League
1010,Jordan Pickford,GK,England,30,1994,5,5,450,5.0,0,0,0,0,0,0,1,0,0.0,0.0,0.0,0.0,0.0,Matches,UEFA,UEFA Nations League
1016,Yeremi Pino,FW,Spain,21,2002,3,1,116,1.3,1,0,1,1,0,0,1,0,0.78,0.0,0.78,0.78,0.78,Matches,UEFA,UEFA Nations League
1031,Pedro Porro,DF,Spain,24,1999,7,5,505,5.6,0,2,2,0,0,0,1,0,0.0,0.36,0.36,0.0,0.36,Matches,UEFA,UEFA Nations League
1048,Adrien Rabiot,MF,France,29,1995,5,4,353,3.9,2,0,2,2,0,0,1,0,0.51,0.0,0.51,0.51,0.51,Matches,UEFA,UEFA Nations League
1054,Gonçalo Ramos,FW,Portugal,23,2001,2,0,64,0.7,1,0,1,1,0,0,0,0,1.41,0.0,1.41,1.41,1.41,Matches,UEFA,UEFA Nations League
1063,David Raya,GK,Spain,28,1995,5,5,450,5.0,0,0,0,0,0,0,1,0,0.0,0.0,0.0,0.0,0.0,Matches,UEFA,UEFA Nations League
1068,Álex Remiro,GK,Spain,29,1995,1,1,45,0.5,0,0,0,0,0,0,0,0,0.0,0.0,0.0,0.0,0.0,Matches,UEFA,UEFA Nations League
1075,Declan Rice,MF,England,25,1999,4,4,354,3.9,2,1,3,2,0,0,1,0,0.51,0.25,0.76,0.51,0.76,Matches,UEFA,UEFA Nations League
1076,Fabian Rieder,"MF,FW",Switzerland,22,2002,6,3,300,3.3,0,0,0,0,0,0,1,0,0.0,0.0,0.0,0.0,0.0,Matches,UEFA,UEFA Nations League
1083,Stian Rode Gregersen,DF,Norway,29,1995,2,1,76,0.8,0,0,0,0,0,0,0,0,0.0,0.0,0.0,0.0,0.0,Matches,UEFA,UEFA Nations League
1085,Rodri,MF,Spain,28,1996,1,1,58,0.6,0,0,0,0,0,0,0,0,0.0,0.0,0.0,0.0,0.0,Matches,UEFA,UEFA Nations League
1087,Ricardo Rodríguez,DF,Switzerland,31,1992,5,5,398,4.4,0,0,0,0,0,0,0,0,0.0,0.0,0.0,0.0,0.0,Matches,UEFA,UEFA Nations League
1089,Morgan Rogers,"FW,MF",England,22,2002,2,0,41,0.5,0,0,0,0,0,0,0,0,0.0,0.0,0.0,0.0,0.0,Matches,UEFA,UEFA Nations League
1091,Cristiano Ronaldo,FW,Portugal,39,1985,9,8,729,8.1,8,1,9,7,1,2,1,0,0.99,0.12,1.11,0.86,0.99,Matches,UEFA,UEFA Nations League
1094,Colin Rosler,DF,Norway,24,2000,1,0,5,0.1,0,0,0,0,0,0,0,0,0.0,0.0,0.0,0.0,0.0,Matches,UEFA,UEFA Nations League
1104,Fabián Ruiz Peña,MF,Spain,28,1996,10,8,712,7.9,2,1,3,2,0,0,1,0,0.25,0.13,0.38,0.25,0.38,Matches,UEFA,UEFA Nations League
1107,Julian Ryerson,"DF,MF",Norway,26,1997,6,6,503,5.6,0,1,1,0,0,0,0,0,0.0,0.18,0.18,0.0,0.18,Matches,UEFA,UEFA Nations League
1109,José Sá,GK,Portugal,31,1993,1,1,90,1.0,0,0,0,0,0,0,0,0,0.0,0.0,0.0,0.0,0.0,Matches,UEFA,UEFA Nations League
1117,Bukayo Saka,"MF,FW",England,22,2001,3,3,205,2.3,0,0,0,0,0,0,1,0,0.0,0.0,0.0,0.0,0.0,Matches,UEFA,UEFA Nations League
1120,William Saliba,DF,France,23,2001,7,7,660,7.3,0,0,0,0,0,0,1,0,0.0,0.0,0.0,0.0,0.0,Matches,UEFA,UEFA Nations League
1124,Albert Sambi Lokonga,MF,Belgium,24,1999,1,0,24,0.3,0,0,0,0,0,0,0,0,0.0,0.0,0.0,0.0,0.0,Matches,UEFA,UEFA Nations League
1129,Robert Sánchez,GK,Spain,26,1997,1,0,45,0.5,0,0,0,0,0,0,0,0,0.0,0.0,0.0,0.0,0.0,Matches,UEFA,UEFA Nations League
1132,Killian Sardella,DF,Belgium,22,2002,1,0,1,0.0,0,0,0,0,0,0,0,0,0.0,0.0,0.0,0.0,0.0,Matches,UEFA,UEFA Nations League
1162,Egil Selvik,GK,Norway,27,1997,2,2,180,2.0,0,0,0,0,0,0,0,0,0.0,0.0,0.0,0.0,0.0,Matches,UEFA,UEFA Nations League
1165,Nélson Semedo,"MF,DF",Portugal,30,1993,9,2,395,4.4,0,0,0,0,0,0,1,0,0.0,0.0,0.0,0.0,0.0,Matches,UEFA,UEFA Nations League
1185,Vincent Sierro,MF,Switzerland,28,1995,3,0,62,0.7,0,1,1,0,0,0,0,0,0.0,1.45,1.45,0.0,1.45,Matches,UEFA,UEFA Nations League
1188,António Silva,DF,Portugal,20,2003,4,3,284,3.2,0,0,0,0,0,0,0,0,0.0,0.0,0.0,0.0,0.0,Matches,UEFA,UEFA Nations League
1189,Bernardo Silva,MF,Portugal,29,1994,9,7,640,7.1,1,0,1,1,0,0,1,0,0.14,0.0,0.14,0.14,0.14,Matches,UEFA,UEFA Nations League
1190,Fábio Silva,FW,Portugal,22,2002,1,0,20,0.2,0,0,0,0,0,0,1,0,0.0,0.0,0.0,0.0,0.0,Matches,UEFA,UEFA Nations League
1192,Unai Simón,GK,Spain,27,1997,4,4,420,4.7,0,0,0,0,0,0,1,0,0.0,0.0,0.0,0.0,0.0,Matches,UEFA,UEFA Nations League
1201,Leo Skiri Østigård,DF,Norway,24,1999,5,5,405,4.5,0,0,0,0,0,0,0,0,0.0,0.0,0.0,0.0,0.0,Matches,UEFA,UEFA Nations League
1209,Matte Smets,DF,Belgium,20,2004,1,0,45,0.5,0,0,0,0,0,0,0,0,0.0,0.0,0.0,0.0,0.0,Matches,UEFA,UEFA Nations League
1211,Simon Sohm,MF,Switzerland,23,2001,1,1,59,0.7,0,0,0,0,0,0,0,0,0.0,0.0,0.0,0.0,0.0,Matches,UEFA,UEFA Nations League
1212,Dominic Solanke,FW,England,26,1997,2,0,35,0.4,0,1,1,0,0,0,0,0,0.0,2.57,2.57,0.0,2.57,Matches,UEFA,UEFA Nations League
1232,Renato Steffen,"FW,MF",Switzerland,32,1991,1,0,6,0.1,0,0,0,0,0,0,0,0,0.0,0.0,0.0,0.0,0.0,Matches,UEFA,UEFA Nations League
1240,John Stones,DF,England,30,1994,4,3,265,2.9,0,0,0,0,0,0,0,0,0.0,0.0,0.0,0.0,0.0,Matches,UEFA,UEFA Nations League
1242,Jørgen Strand Larsen,FW,Norway,24,2000,5,0,75,0.8,0,1,1,0,0,0,0,0,0.0,1.2,1.2,0.0,1.2,Matches,UEFA,UEFA Nations League
1265,Alexander Sørloth,"FW,MF",Norway,28,1995,6,6,468,5.2,3,3,6,3,0,0,0,0,0.58,0.58,1.15,0.58,1.15,Matches,UEFA,UEFA Nations League
1276,Nuno Tavares,"DF,MF",Portugal,24,2000,1,0,3,0.0,0,0,0,0,0,0,1,0,0.0,0.0,0.0,0.0,0.0,Matches,UEFA,UEFA Nations League
1279,Aurélien Tchouaméni,MF,France,24,2000,5,5,442,4.9,0,1,1,0,0,0,3,1,0.0,0.2,0.2,0.0,0.2,Matches,UEFA,UEFA Nations League
1284,Arthur Theate,DF,Belgium,24,2000,5,5,409,4.5,0,0,0,0,0,0,0,0,0.0,0.0,0.0,0.0,0.0,Matches,UEFA,UEFA Nations League
1287,Morten Thorsby,MF,Norway,28,1996,5,3,317,3.5,0,0,0,0,0,0,0,0,0.0,0.0,0.0,0.0,0.0,Matches,UEFA,UEFA Nations League
1288,Kristian Thorstvedt,MF,Norway,25,1999,3,1,117,1.3,0,0,0,0,0,0,0,0,0.0,0.0,0.0,0.0,0.0,Matches,UEFA,UEFA Nations League
1289,Marcus Thuram,"FW,MF",France,26,1997,6,3,260,2.9,0,0,0,0,0,0,0,0,0.0,0.0,0.0,0.0,0.0,Matches,UEFA,UEFA Nations League
1290,Youri Tielemans,MF,Belgium,27,1997,4,4,302,3.4,1,0,1,1,0,1,1,0,0.3,0.0,0.3,0.3,0.3,Matches,UEFA,UEFA Nations League
1303,Ferrán Torres,"FW,MF",Spain,24,2000,3,0,106,1.2,1,1,2,1,0,0,1,0,0.85,0.85,1.7,0.85,1.7,Matches,UEFA,UEFA Nations League
1308,Francisco Trincão,FW,Portugal,24,1999,4,1,131,1.5,2,0,2,2,0,0,0,0,1.37,0.0,1.37,1.37,1.37,Matches,UEFA,UEFA Nations League
1309,Leandro Trossard,"MF,FW",Belgium,29,1994,4,4,306,3.4,1,1,2,1,0,0,1,0,0.29,0.29,0.59,0.29,0.59,Matches,UEFA,UEFA Nations League
1325,Filip Ugrinic,MF,Switzerland,25,1999,2,1,69,0.8,0,0,0,0,0,0,0,0,0.0,0.0,0.0,0.0,0.0,Matches,UEFA,UEFA Nations League
1329,Dayot Upamecano,DF,France,25,1998,4,3,345,3.8,0,0,0,0,0,0,1,0,0.0,0.0,0.0,0.0,0.0,Matches,UEFA,UEFA Nations League
1345,Ruben Vargas,FW,Switzerland,25,1998,2,2,136,1.5,0,0,0,0,0,0,1,0,0.0,0.0,0.0,0.0,0.0,Matches,UEFA,UEFA Nations League
1352,Renato Veiga,DF,Portugal,21,2003,5,4,392,4.4,0,0,0,0,0,0,1,0,0.0,0.0,0.0,0.0,0.0,Matches,UEFA,UEFA Nations League
1358,Arthur Vermeeren,MF,Belgium,19,2005,2,1,85,0.9,0,0,0,0,0,0,0,0,0.0,0.0,0.0,0.0,0.0,Matches,UEFA,UEFA Nations League
1361,Hugo Vetlesen,MF,Norway,24,2000,1,0,9,0.1,0,0,0,0,0,0,0,0,0.0,0.0,0.0,0.0,0.0,Matches,UEFA,UEFA Nations League
1367,Vitinha,MF,Portugal,24,2000,8,6,652,7.2,0,3,3,0,0,0,1,0,0.0,0.41,0.41,0.0,0.41,Matches,UEFA,UEFA Nations League
1368,Daniel Vivian,DF,Spain,25,1999,5,3,338,3.8,0,0,0,0,0,0,0,0,0.0,0.0,0.0,0.0,0.0,Matches,UEFA,UEFA Nations League
1375,Aster Vranckx,MF,Belgium,21,2002,2,0,46,0.5,0,0,0,0,0,0,0,0,0.0,0.0,0.0,0.0,0.0,Matches,UEFA,UEFA Nations League
1382,Kyle Walker,DF,England,34,1990,3,3,241,2.7,0,0,0,0,0,0,0,0,0.0,0.0,0.0,0.0,0.0,Matches,UEFA,UEFA Nations League
1387,Ollie Watkins,FW,England,28,1995,3,1,118,1.3,1,1,2,1,0,0,0,0,0.76,0.76,1.53,0.76,1.53,Matches,UEFA,UEFA Nations League
1390,Silvan Widmer,MF,Switzerland,31,1993,2,2,109,1.2,0,0,0,0,0,0,2,0,0.0,0.0,0.0,0.0,0.0,Matches,UEFA,UEFA Nations League
1394,Nico Williams,"FW,MF",Spain,22,2002,8,7,579,6.4,2,1,3,2,0,0,0,0,0.31,0.16,0.47,0.31,0.47,Matches,UEFA,UEFA Nations League
1399,Christian Witzig,MF,Switzerland,23,2001,1,0,2,0.0,0,0,0,0,0,0,0,0,0.0,0.0,0.0,0.0,0.0,Matches,UEFA,UEFA Nations League
1405,Gregory Wüthrich,DF,Switzerland,29,1994,2,1,128,1.4,0,0,0,0,0,0,1,0,0.0,0.0,0.0,0.0,0.0,Matches,UEFA,UEFA Nations League
1406,Granit Xhaka,MF,Switzerland,31,1992,5,5,415,4.6,0,0,0,0,0,0,3,1,0.0,0.0,0.0,0.0,0.0,Matches,UEFA,UEFA Nations League
1408,Lamine Yamal,"FW,MF",Spain,17,2007,7,7,603,6.7,3,1,4,2,1,1,2,0,0.45,0.15,0.6,0.3,0.45,Matches,UEFA,UEFA Nations League
1423,Warren Zaïre-Emery,MF,France,18,2006,4,1,102,1.1,0,0,0,0,0,0,0,0,0.0,0.0,0.0,0.0,0.0,Matches,UEFA,UEFA Nations League
1425,Denis Zakaria,MF,Switzerland,27,1996,2,1,87,1.0,0,0,0,0,0,0,0,0,0.0,0.0,0.0,0.0,0.0,Matches,UEFA,UEFA Nations League
1428,Bryan Zaragoza,"FW,MF",Spain,22,2001,2,0,35,0.4,1,0,1,0,1,1,1,0,2.57,0.0,2.57,0.0,0.0,Matches,UEFA,UEFA Nations League
1435,Andi Zeqiri,FW,Switzerland,25,1999,4,0,101,1.1,1,0,1,0,1,1,0,0,0.89,0.0,0.89,0.0,0.0,Matches,UEFA,UEFA Nations League
1448,Martín Zubimendi,MF,Spain,25,1999,9,8,775,8.6,2,0,2,2,0,0,0,0,0.23,0.0,0.23,0.23,0.23,Matches,UEFA,UEFA Nations League
1451,Martin Ødegaard,MF,Norway,25,1998,2,2,156,1.7,0,0,0,0,0,0,0,0,0.0,0.0,0.0,0.0,0.0,Matches,UEFA,UEFA Nations League
4,Hossam Abdelmegeed,DF,Egypt,23,2001,4,4,360,4.0,0,0,0,0,0,0,2,0,0.0,0.0,0.0,0.0,0.0,Matches,CAF,AFCON 2025
7,Ahmed Aboul-Fotouh,MF,Egypt,26,1998,5,3,311,3.5,0,0,0,0,0,0,1,0,0.0,0.0,0.0,0.0,0.0,Matches,CAF,AFCON 2025
11,Ibrahim Adel,MF,Egypt,23,2001,4,2,191,2.1,0,0,0,0,0,0,1,0,0.0,0.0,0.0,0.0,0.0,Matches,CAF,AFCON 2025
14,Nayef Aguerd,DF,Morocco,28,1996,7,7,690,7.7,0,1,1,0,0,0,1,0,0.0,0.13,0.13,0.0,0.13,Matches,CAF,AFCON 2025
21,Ilias Akhomach,MF,Morocco,20,2004,3,0,65,0.7,0,0,0,0,0,0,0,0,0.0,0.0,0.0,0.0,0.0,Matches,CAF,AFCON 2025
34,Sofyan Amrabat,MF,Morocco,28,1996,3,2,194,2.2,0,0,0,0,0,0,1,0,0.0,0.0,0.0,0.0,0.0,Matches,CAF,AFCON 2025
39,Emam Ashour,MF,Egypt,26,1998,6,4,389,4.3,0,2,2,0,0,0,0,0,0.0,0.46,0.46,0.0,0.46,Matches,CAF,AFCON 2025
41,Marwan Attia,MF,Egypt,26,1998,5,5,455,5.1,1,1,2,1,0,0,2,0,0.2,0.2,0.4,0.2,0.4,Matches,CAF,AFCON 2025
49,Neil El Aynaoui,MF,Morocco,23,2001,7,7,690,7.7,0,0,0,0,0,0,0,0,0.0,0.0,0.0,0.0,0.0,Matches,CAF,AFCON 2025
74,Eliesse Ben Seghir,MF,Morocco,19,2005,4,0,53,0.6,0,0,0,0,0,0,0,0,0.0,0.0,0.0,0.0,0.0,Matches,CAF,AFCON 2025
92,Yassine Bounou,GK,Morocco,33,1991,7,7,690,7.7,0,0,0,0,0,0,0,0,0.0,0.0,0.0,0.0,0.0,Matches,CAF,AFCON 2025
117,Mohamed Chibi,DF,Morocco,32,1993,1,1,90,1.0,0,0,0,0,0,0,0,0,0.0,0.0,0.0,0.0,0.0,Matches,CAF,AFCON 2025
146,Brahim Díaz,"MF,FW",Morocco,25,1999,7,7,584,6.5,5,0,5,4,1,2,1,0,0.77,0.0,0.77,0.62,0.62,Matches,CAF,AFCON 2025
167,Ahmed Eid,MF,Egypt,24,2001,1,1,90,1.0,0,0,0,0,0,0,0,0,0.0,0.0,0.0,0.0,0.0,Matches,CAF,AFCON 2025
173,Youssef En-Nesyri,FW,Morocco,27,1997,7,0,150,1.7,0,0,0,0,0,0,1,0,0.0,0.0,0.0,0.0,0.0,Matches,CAF,AFCON 2025
184,Abde Ezzalzouli,"FW,MF",Morocco,23,2001,7,5,517,5.7,0,1,1,0,0,0,0,0,0.0,0.17,0.17,0.0,0.17,Matches,CAF,AFCON 2025
187,Osama Faisal,FW,Egypt,24,2001,1,0,1,0.0,0,0,0,0,0,0,0,0,0.0,0.0,0.0,0.0,0.0,Matches,CAF,AFCON 2025
188,Mostafa Fathi,MF,Egypt,29,1995,1,0,45,0.5,0,0,0,0,0,0,0,0,0.0,0.0,0.0,0.0,0.0,Matches,CAF,AFCON 2025
189,Hamdy Fathy,"MF,DF",Egypt,30,1994,7,6,574,6.4,0,0,0,0,0,0,1,0,0.0,0.0,0.0,0.0,0.0,Matches,CAF,AFCON 2025
218,Achraf Hakimi,DF,Morocco,26,1998,5,4,447,5.0,0,1,1,0,0,0,0,0,0.0,0.2,0.2,0.0,0.2,Matches,CAF,AFCON 2025
220,Mohamed Hamdy,DF,Egypt,29,1995,3,3,214,2.4,0,1,1,0,0,0,0,0,0.0,0.42,0.42,0.0,0.42,Matches,CAF,AFCON 2025
221,Mohamed Hany,"DF,MF",Egypt,29,1996,6,6,524,5.8,0,1,1,0,0,0,2,1,0.0,0.17,0.17,0.0,0.17,Matches,CAF,AFCON 2025
226,Yasser Ibrahim,DF,Egypt,31,1993,6,5,525,5.8,1,0,1,1,0,0,1,0,0.17,0.0,0.17,0.17,0.17,Matches,CAF,AFCON 2025
227,Hamza Igamane,FW,Morocco,22,2002,3,0,61,0.7,0,0,0,0,0,0,0,0,0.0,0.0,0.0,0.0,0.0,Matches,CAF,AFCON 2025
231,Mohamed Ismael,DF,Egypt,25,1999,1,1,45,0.5,0,0,0,0,0,0,0,0,0.0,0.0,0.0,0.0,0.0,Matches,CAF,AFCON 2025
243,Ayoub El Kaabi,FW,Morocco,31,1993,7,6,472,5.2,3,1,4,3,0,0,0,0,0.57,0.19,0.76,0.57,0.76,Matches,CAF,AFCON 2025
268,Bilal El Khannouss,MF,Morocco,20,2004,6,4,354,3.9,0,0,0,0,0,0,1,0,0.0,0.0,0.0,0.0,0.0,Matches,CAF,AFCON 2025
284,Mohanad Lasheen,MF,Egypt,28,1996,3,2,164,1.8,0,0,0,0,0,0,0,0,0.0,0.0,0.0,0.0,0.0,Matches,CAF,AFCON 2025
315,Omar Marmoush,FW,Egypt,25,1999,6,5,463,5.1,2,0,2,2,0,0,0,0,0.39,0.0,0.39,0.39,0.39,Matches,CAF,AFCON 2025
320,Adam Masina,DF,Morocco,31,1994,5,5,478,5.3,0,0,0,0,0,0,0,0,0.0,0.0,0.0,0.0,0.0,Matches,CAF,AFCON 2025
329,Noussair Mazraoui,DF,Morocco,27,1997,7,7,625,6.9,0,1,1,0,0,0,0,0,0.0,0.14,0.14,0.0,0.14,Matches,CAF,AFCON 2025
353,Mostafa Mohamed,FW,Egypt,27,1997,6,2,185,2.1,0,1,1,0,0,0,0,0,0.0,0.49,0.49,0.0,0.49,Matches,CAF,AFCON 2025
355,Salah Mohsen,FW,Egypt,26,1998,2,1,86,1.0,0,0,0,0,0,0,0,0,0.0,0.0,0.0,0.0,0.0,Matches,CAF,AFCON 2025
428,Azzedine Ounahi,MF,Morocco,24,2000,3,3,223,2.5,0,2,2,0,0,0,1,0,0.0,0.81,0.81,0.0,0.81,Matches,CAF,AFCON 2025
440,Ramy Rabia,DF,Egypt,31,1993,5,5,470,5.2,1,0,1,1,0,0,1,0,0.19,0.0,0.19,0.19,0.19,Matches,CAF,AFCON 2025
441,Soufiane Rahimi,FW,Morocco,28,1996,3,1,78,0.9,0,0,0,0,0,1,1,0,0.0,0.0,0.0,0.0,0.0,Matches,CAF,AFCON 2025
447,Mahmoud Saber,MF,Egypt,23,2001,2,1,75,0.8,0,0,0,0,0,0,0,0,0.0,0.0,0.0,0.0,0.0,Matches,CAF,AFCON 2025
449,Ismael Saibari,MF,Morocco,24,2001,7,7,586,6.5,1,0,1,1,0,0,1,0,0.15,0.0,0.15,0.15,0.15,Matches,CAF,AFCON 2025
451,Romain Saïss,DF,Morocco,34,1990,1,1,18,0.2,0,0,0,0,0,0,0,0,0.0,0.0,0.0,0.0,0.0,Matches,CAF,AFCON 2025
454,Mohamed Salah,"FW,MF",Egypt,32,1992,6,6,569,6.3,4,1,5,3,1,1,0,0,0.63,0.16,0.79,0.47,0.63,Matches,CAF,AFCON 2025
455,Anass Salah-Eddine,DF,Morocco,23,2002,4,2,226,2.5,0,1,1,0,0,0,1,0,0.0,0.4,0.4,0.0,0.4,Matches,CAF,AFCON 2025
467,Ahmed Sayed,MF,Egypt,29,1996,6,2,280,3.1,0,1,1,0,0,0,0,0,0.0,0.32,0.32,0.0,0.32,Matches,CAF,AFCON 2025
475,Mohamed Shehata,MF,Egypt,23,2001,2,0,38,0.4,0,0,0,0,0,0,0,0,0.0,0.0,0.0,0.0,0.0,Matches,CAF,AFCON 2025
476,Mohamed El-Shenawy,GK,Egypt,36,1988,5,5,480,5.3,0,0,0,0,0,0,1,0,0.0,0.0,0.0,0.0,0.0,Matches,CAF,AFCON 2025
477,Mostafa Shoubir,GK,Egypt,24,2000,2,2,180,2.0,0,0,0,0,0,0,0,0,0.0,0.0,0.0,0.0,0.0,Matches,CAF,AFCON 2025
489,Khaled Sobhi,DF,Egypt,29,1995,2,2,180,2.0,0,0,0,0,0,0,0,0,0.0,0.0,0.0,0.0,0.0,Matches,CAF,AFCON 2025
496,Chemsdine Talbi,MF,Morocco,19,2005,1,0,17,0.2,0,0,0,0,0,0,0,0,0.0,0.0,0.0,0.0,0.0,Matches,CAF,AFCON 2025
499,Oussama Targhalline,MF,Morocco,22,2002,4,0,88,1.0,0,0,0,0,0,0,0,0,0.0,0.0,0.0,0.0,0.0,Matches,CAF,AFCON 2025
516,Trézéguet,"MF,FW",Egypt,30,1994,6,4,320,3.6,0,0,0,0,0,0,1,0,0.0,0.0,0.0,0.0,0.0,Matches,CAF,AFCON 2025
531,Jawad El Yamiq,DF,Morocco,32,1992,3,1,194,2.2,0,0,0,0,0,0,1,0,0.0,0.0,0.0,0.0,0.0,Matches,CAF,AFCON 2025
1,Brenden Aaronson,MF,United States,24,2000,5,1,139,1.5,1,1,2,1,0,0,0,0,0.65,0.65,1.29,0.65,1.29,Matches,CONCACAF,Gold Cup 2025
2,Paxten Aaronson,MF,United States,21,2003,2,0,11,0.1,0,0,0,0,0,0,0,0,0.0,0.0,0.0,0.0,0.0,Matches,CONCACAF,Gold Cup 2025
6,Tyler Adams,MF,United States,25,1999,5,4,363,4.0,0,0,0,0,0,0,2,0,0.0,0.0,0.0,0.0,0.0,Matches,CONCACAF,Gold Cup 2025
10,Patrick Agyemang,FW,United States,24,2000,6,6,503,5.6,2,0,2,2,0,0,0,0,0.36,0.0,0.36,0.36,0.36,Matches,CONCACAF,Gold Cup 2025
11,Ali Ahmed,MF,Canada,24,2000,2,1,104,1.2,0,1,1,0,0,0,0,0,0.0,0.87,0.87,0.0,0.87,Matches,CONCACAF,Gold Cup 2025
17,Roberto Alvarado,"MF,FW",Mexico,26,1998,6,6,494,5.5,0,0,0,0,0,0,0,0,0.0,0.0,0.0,0.0,0.0,Matches,CONCACAF,Gold Cup 2025
18,Edson Álvarez,"MF,DF",Mexico,27,1997,6,6,540,6.0,2,1,3,2,0,0,0,0,0.33,0.17,0.5,0.33,0.5,Matches,CONCACAF,Gold Cup 2025
26,Luis Ángel Malagón,GK,Mexico,27,1997,6,6,540,6.0,0,0,0,0,0,0,0,0,0.0,0.0,0.0,0.0,0.0,Matches,CONCACAF,Gold Cup 2025
30,Julian Araujo,DF,Mexico,23,2001,2,2,180,2.0,0,0,0,0,0,0,1,0,0.0,0.0,0.0,0.0,0.0,Matches,CONCACAF,Gold Cup 2025
36,Max Arfsten,DF,United States,23,2001,5,5,432,4.8,1,3,4,1,0,0,0,0,0.21,0.62,0.83,0.21,0.83,Matches,CONCACAF,Gold Cup 2025
45,Zorhan Bassong,DF,Canada,25,1999,2,1,118,1.3,0,0,0,0,0,0,0,0,0.0,0.0,0.0,0.0,0.0,Matches,CONCACAF,Gold Cup 2025
49,Sebastian Berhalter,MF,United States,23,2001,5,5,450,5.0,0,2,2,0,0,0,1,0,0.0,0.4,0.4,0.0,0.4,Matches,CONCACAF,Gold Cup 2025
60,Tajon Buchanan,MF,Canada,25,1999,4,3,247,2.7,3,0,3,3,0,0,0,0,1.09,0.0,1.09,1.09,1.09,Matches,CONCACAF,Gold Cup 2025
67,Johnny Cardoso,MF,United States,23,2001,2,0,13,0.1,0,0,0,0,0,0,0,0,0.0,0.0,0.0,0.0,0.0,Matches,CONCACAF,Gold Cup 2025
78,Luis Chávez,MF,Mexico,29,1996,2,1,109,1.2,0,0,0,0,0,0,1,0,0.0,0.0,0.0,0.0,0.0,Matches,CONCACAF,Gold Cup 2025
79,Mateo Chávez,DF,Mexico,20,2004,3,2,170,1.9,0,0,0,0,0,0,1,0,0.0,0.0,0.0,0.0,0.0,Matches,CONCACAF,Gold Cup 2025
80,Mathieu Choiniere,MF,Canada,25,1999,4,3,291,3.2,0,1,1,0,0,0,0,0,0.0,0.31,0.31,0.0,0.31,Matches,CONCACAF,Gold Cup 2025
84,Derek Cornelius,DF,Canada,27,1997,2,2,146,1.6,0,0,0,0,0,0,0,0,0.0,0.0,0.0,0.0,0.0,Matches,CONCACAF,Gold Cup 2025
85,Maxime Crépeau,GK,Canada,30,1994,1,1,90,1.0,0,0,0,0,0,0,0,0,0.0,0.0,0.0,0.0,0.0,Matches,CONCACAF,Gold Cup 2025
89,Jonathan David,"FW,MF",Canada,25,2000,4,4,297,3.3,2,1,3,1,1,2,0,0,0.61,0.3,0.91,0.3,0.61,Matches,CONCACAF,Gold Cup 2025
90,Promise David,FW,Canada,23,2001,3,1,82,0.9,1,0,1,1,0,0,1,0,1.1,0.0,1.1,1.1,1.1,Matches,CONCACAF,Gold Cup 2025
93,Luc De Fougerolles,DF,Canada,19,2005,3,3,228,2.5,0,0,0,0,0,0,1,0,0.0,0.0,0.0,0.0,0.0,Matches,CONCACAF,Gold Cup 2025
102,Damion Downs,FW,United States,20,2004,4,0,70,0.8,0,0,0,0,0,0,0,0,0.0,0.0,0.0,0.0,0.0,Matches,CONCACAF,Gold Cup 2025
105,Jorge Eduardo Sánchez,DF,Mexico,27,1997,3,3,265,2.9,0,0,0,0,0,0,0,0,0.0,0.0,0.0,0.0,0.0,Matches,CONCACAF,Gold Cup 2025
119,Alex Freeman,DF,United States,20,2004,6,6,537,6.0,0,0,0,0,0,0,0,0,0.0,0.0,0.0,0.0,0.0,Matches,CONCACAF,Gold Cup 2025
120,Matt Freese,GK,United States,26,1998,6,6,540,6.0,0,0,0,0,0,0,1,0,0.0,0.0,0.0,0.0,0.0,Matches,CONCACAF,Gold Cup 2025
122,Jesús Gallardo,DF,Mexico,30,1994,5,4,350,3.9,0,0,0,0,0,0,2,0,0.0,0.0,0.0,0.0,0.0,Matches,CONCACAF,Gold Cup 2025
132,Santiago Giménez,FW,Mexico,23,2001,6,1,171,1.9,0,1,1,0,0,0,0,0,0.0,0.53,0.53,0.0,0.53,Matches,CONCACAF,Gold Cup 2025
150,César Huerta,"FW,MF",Mexico,24,2000,5,0,67,0.7,0,0,0,0,0,0,0,0,0.0,0.0,0.0,0.0,0.0,Matches,CONCACAF,Gold Cup 2025
155,Daniel Jebbison,FW,Canada,21,2003,2,0,67,0.7,0,0,0,0,0,0,0,0,0.0,0.0,0.0,0.0,0.0,Matches,CONCACAF,Gold Cup 2025
156,Raúl Jiménez,FW,Mexico,33,1991,6,6,446,5.0,3,0,3,3,0,0,1,0,0.61,0.0,0.61,0.61,0.61,Matches,CONCACAF,Gold Cup 2025
158,Alistair Johnston,DF,Canada,26,1998,3,2,167,1.9,0,0,0,0,0,0,0,0,0.0,0.0,0.0,0.0,0.0,Matches,CONCACAF,Gold Cup 2025
168,Jamie Knight-Lebel,DF,Canada,20,2004,1,0,14,0.2,0,0,0,0,0,0,0,0,0.0,0.0,0.0,0.0,0.0,Matches,CONCACAF,Gold Cup 2025
169,Ismaël Koné,MF,Canada,22,2002,2,1,103,1.1,0,0,0,0,0,0,0,0,0.0,0.0,0.0,0.0,0.0,Matches,CONCACAF,Gold Cup 2025
171,Luca de la Torre,MF,United States,26,1998,6,6,425,4.7,0,0,0,0,0,0,1,0,0.0,0.0,0.0,0.0,0.0,Matches,CONCACAF,Gold Cup 2025
173,Cyle Larin,"FW,MF",Canada,29,1995,4,0,79,0.9,0,0,0,0,0,0,0,0,0.0,0.0,0.0,0.0,0.0,Matches,CONCACAF,Gold Cup 2025
174,Richie Laryea,DF,Canada,30,1995,3,3,242,2.7,0,1,1,0,0,0,0,0,0.0,0.37,0.37,0.0,0.37,Matches,CONCACAF,Gold Cup 2025
185,Erik Lira,MF,Mexico,24,2000,3,2,181,2.0,0,0,0,0,0,0,1,0,0.0,0.0,0.0,0.0,0.0,Matches,CONCACAF,Gold Cup 2025
193,Diego Luna,MF,United States,21,2003,6,5,412,4.6,3,2,5,3,0,0,2,0,0.66,0.44,1.09,0.66,1.09,Matches,CONCACAF,Gold Cup 2025
208,Jack McGlynn,MF,United States,21,2003,6,2,186,2.1,0,1,1,0,0,0,0,0,0.0,0.48,0.48,0.0,0.48,Matches,CONCACAF,Gold Cup 2025
209,Mark McKenzie,DF,United States,25,1999,1,0,17,0.2,0,0,0,0,0,0,0,0,0.0,0.0,0.0,0.0,0.0,Matches,CONCACAF,Gold Cup 2025
214,Kamal Miller,DF,Canada,27,1997,2,1,118,1.3,0,0,0,0,0,0,1,0,0.0,0.0,0.0,0.0,0.0,Matches,CONCACAF,Gold Cup 2025
220,César Montes,DF,Mexico,27,1997,5,5,442,4.9,3,0,3,3,0,0,3,0,0.61,0.0,0.61,0.61,0.61,Matches,CONCACAF,Gold Cup 2025
224,Gilberto Mora,MF,Mexico,16,2008,3,3,222,2.5,0,1,1,0,0,0,0,0,0.0,0.41,0.41,0.0,0.41,Matches,CONCACAF,Gold Cup 2025
234,Jayden Nelson,MF,Canada,22,2002,1,1,55,0.6,0,0,0,0,0,0,0,0,0.0,0.0,0.0,0.0,0.0,Matches,CONCACAF,Gold Cup 2025
237,Tani Oluwaseyi,FW,Canada,24,2000,3,3,230,2.6,1,1,2,1,0,0,0,0,0.39,0.39,0.78,0.39,0.78,Matches,CONCACAF,Gold Cup 2025
239,Jesús Orozco,DF,Mexico,22,2002,3,0,43,0.5,0,0,0,0,0,0,1,0,0.0,0.0,0.0,0.0,0.0,Matches,CONCACAF,Gold Cup 2025
255,Orbelín Pineda,MF,Mexico,28,1996,4,1,68,0.8,0,1,1,0,0,0,0,0,0.0,1.32,1.32,0.0,1.32,Matches,CONCACAF,Gold Cup 2025
263,Julián Quiñones,FW,Mexico,27,1997,4,1,110,1.2,0,1,1,0,0,0,1,0,0.0,0.82,0.82,0.0,0.82,Matches,CONCACAF,Gold Cup 2025
269,Tim Ream,DF,United States,37,1987,6,6,540,6.0,0,0,0,0,0,0,0,0,0.0,0.0,0.0,0.0,0.0,Matches,CONCACAF,Gold Cup 2025
271,Israel Reyes,DF,Mexico,24,2000,3,2,140,1.6,0,0,0,0,0,0,0,0,0.0,0.0,0.0,0.0,0.0,Matches,CONCACAF,Gold Cup 2025
272,Chris Richards,DF,United States,24,2000,6,6,536,6.0,2,0,2,2,0,0,2,0,0.34,0.0,0.34,0.34,0.34,Matches,CONCACAF,Gold Cup 2025
274,Miles Robinson,DF,United States,27,1997,2,0,7,0.1,0,0,0,0,0,0,0,0,0.0,0.0,0.0,0.0,0.0,Matches,CONCACAF,Gold Cup 2025
276,Charly Rodríguez,MF,Mexico,28,1997,3,0,79,0.9,0,0,0,0,0,0,0,0,0.0,0.0,0.0,0.0,0.0,Matches,CONCACAF,Gold Cup 2025
288,Marcel Ruiz,MF,Mexico,24,2000,5,5,414,4.6,0,1,1,0,0,0,0,0,0.0,0.22,0.22,0.0,0.22,Matches,CONCACAF,Gold Cup 2025
293,Nathan Saliba,MF,Canada,20,2004,3,2,200,2.2,2,0,2,2,0,0,0,0,0.9,0.0,0.9,0.9,0.9,Matches,CONCACAF,Gold Cup 2025
299,Ángel Sepúlveda,"FW,MF",Mexico,33,1991,1,0,19,0.2,0,0,0,0,0,0,0,0,0.0,0.0,0.0,0.0,0.0,Matches,CONCACAF,Gold Cup 2025
300,Jacob Shaffelburg,MF,Canada,25,1999,4,3,233,2.6,0,0,0,0,0,0,2,1,0.0,0.0,0.0,0.0,0.0,Matches,CONCACAF,Gold Cup 2025
303,Niko Sigur,"MF,DF",Canada,21,2003,4,4,319,3.5,1,1,2,1,0,0,0,0,0.28,0.28,0.56,0.28,0.56,Matches,CONCACAF,Gold Cup 2025
306,Dayne St. Clair,GK,Canada,27,1997,3,3,270,3.0,0,0,0,0,0,0,0,0,0.0,0.0,0.0,0.0,0.0,Matches,CONCACAF,Gold Cup 2025
308,Quinn Sullivan,MF,United States,20,2004,1,1,69,0.8,0,0,0,0,0,0,0,0,0.0,0.0,0.0,0.0,0.0,Matches,CONCACAF,Gold Cup 2025
313,Malik Tillman,MF,United States,22,2002,6,6,540,6.0,3,2,5,3,0,1,0,0,0.5,0.33,0.83,0.5,0.83,Matches,CONCACAF,Gold Cup 2025
314,John Tolkin,DF,United States,22,2002,4,1,116,1.3,0,1,1,0,0,0,0,0,0.0,0.78,0.78,0.0,0.78,Matches,CONCACAF,Gold Cup 2025
321,Johan Vásquez,DF,Mexico,26,1998,5,5,435,4.8,0,1,1,0,0,0,0,0,0.0,0.21,0.21,0.0,0.21,Matches,CONCACAF,Gold Cup 2025
323,Alexis Vega,"FW,MF",Mexico,27,1997,6,5,455,5.1,1,1,2,1,0,0,0,0,0.2,0.2,0.4,0.2,0.4,Matches,CONCACAF,Gold Cup 2025
327,Joel Waterman,DF,Canada,29,1996,3,2,214,2.4,0,0,0,0,0,0,0,0,0.0,0.0,0.0,0.0,0.0,Matches,CONCACAF,Gold Cup 2025
328,Brian White,FW,United States,28,1996,2,0,10,0.1,0,0,0,0,0,0,0,0,0.0,0.0,0.0,0.0,0.0,Matches,CONCACAF,Gold Cup 2025
329,Haji Wright,"FW,MF",United States,26,1998,1,0,18,0.2,1,0,1,1,0,0,0,0,5.0,0.0,5.0,5.0,5.0,Matches,CONCACAF,Gold Cup 2025
335,Walker Zimmerman,DF,United States,31,1993,1,0,6,0.1,0,0,0,0,0,0,0,0,0.0,0.0,0.0,0.0,0.0,Matches,CONCACAF,Gold Cup 2025
2,Michel Aebischer,MF,Switzerland,27,1997,5,5,476,5.3,1,2,3,1,0,0,0,0,0.19,0.38,0.57,0.19,0.57,Matches,UEFA,Euro 2024
4,Manuel Akanji,DF,Switzerland,28,1995,5,5,480,5.3,0,0,0,0,0,0,0,0,0.0,0.0,0.0,0.0,0.0,Matches,UEFA,Euro 2024
9,Trent Alexander-Arnold,MF,England,25,1998,4,2,134,1.5,0,0,0,0,0,0,0,0,0.0,0.0,0.0,0.0,0.0,Matches,UEFA,Euro 2024
13,Zeki Amdouni,"FW,MF",Switzerland,23,2000,4,0,57,0.6,0,0,0,0,0,0,0,0,0.0,0.0,0.0,0.0,0.0,Matches,UEFA,Euro 2024
22,Alex Baena,"FW,MF",Spain,22,2001,2,0,27,0.3,0,0,0,0,0,0,0,0,0.0,0.0,0.0,0.0,0.0,Matches,UEFA,Euro 2024
25,Johan Bakayoko,"FW,MF",Belgium,20,2003,2,0,48,0.5,0,0,0,0,0,0,0,0,0.0,0.0,0.0,0.0,0.0,Matches,UEFA,Euro 2024
30,Bradley Barcola,FW,France,21,2002,3,1,103,1.1,0,0,0,0,0,0,0,0,0.0,0.0,0.0,0.0,0.0,Matches,UEFA,Euro 2024
39,Jude Bellingham,"MF,FW",England,20,2003,7,7,670,7.4,2,1,3,2,0,0,2,0,0.27,0.13,0.4,0.27,0.4,Matches,UEFA,Euro 2024
51,Jarrod Bowen,"FW,MF",England,27,1996,2,0,37,0.4,0,0,0,0,0,0,0,0,0.0,0.0,0.0,0.0,0.0,Matches,UEFA,Euro 2024
64,Eduardo Camavinga,MF,France,21,2002,4,1,169,1.9,0,0,0,0,0,0,1,0,0.0,0.0,0.0,0.0,0.0,Matches,UEFA,Euro 2024
67,João Cancelo,"DF,MF",Portugal,29,1994,4,4,345,3.8,0,0,0,0,0,0,1,0,0.0,0.0,0.0,0.0,0.0,Matches,UEFA,Euro 2024
68,Yannick Carrasco,"MF,DF",Belgium,30,1993,4,2,218,2.4,0,0,0,0,0,0,0,0,0.0,0.0,0.0,0.0,0.0,Matches,UEFA,Euro 2024
69,Dani Carvajal,DF,Spain,32,1992,5,5,469,5.2,1,0,1,1,0,0,3,1,0.19,0.0,0.19,0.19,0.19,Matches,UEFA,Euro 2024
70,Timothy Castagne,DF,Belgium,28,1995,4,4,357,4.0,0,0,0,0,0,0,0,0,0.0,0.0,0.0,0.0,0.0,Matches,UEFA,Euro 2024
71,Koen Casteels,GK,Belgium,31,1992,4,4,360,4.0,0,0,0,0,0,0,0,0,0.0,0.0,0.0,0.0,0.0,Matches,UEFA,Euro 2024
83,Kingsley Coman,"FW,MF",France,27,1996,1,0,16,0.2,0,0,0,0,0,0,0,0,0.0,0.0,0.0,0.0,0.0,Matches,UEFA,Euro 2024
84,Francisco Conceição,MF,Portugal,21,2002,4,1,182,2.0,1,0,1,1,0,0,1,0,0.49,0.0,0.49,0.49,0.49,Matches,UEFA,Euro 2024
85,Diogo Costa,GK,Portugal,24,1999,5,5,510,5.7,0,0,0,0,0,0,0,0,0.0,0.0,0.0,0.0,0.0,Matches,UEFA,Euro 2024
89,Marc Cucurella,DF,Spain,25,1998,6,6,545,6.1,0,1,1,0,0,0,0,0,0.0,0.17,0.17,0.0,0.17,Matches,UEFA,Euro 2024
91,Diogo Dalot,MF,Portugal,24,1999,2,2,152,1.7,0,0,0,0,0,0,0,0,0.0,0.0,0.0,0.0,0.0,Matches,UEFA,Euro 2024
98,Kevin De Bruyne,MF,Belgium,32,1991,4,4,360,4.0,1,0,1,1,0,0,0,0,0.25,0.0,0.25,0.25,0.25,Matches,UEFA,Euro 2024
99,Charles De Ketelaere,"FW,MF",Belgium,22,2001,1,0,3,0.0,0,0,0,0,0,0,0,0,0.0,0.0,0.0,0.0,0.0,Matches,UEFA,Euro 2024
100,Zeno Debast,DF,Belgium,20,2003,2,1,104,1.2,0,0,0,0,0,0,0,0,0.0,0.0,0.0,0.0,0.0,Matches,UEFA,Euro 2024
102,Ousmane Dembélé,"FW,MF",France,26,1997,5,4,361,4.0,0,0,0,0,0,0,1,0,0.0,0.0,0.0,0.0,0.0,Matches,UEFA,Euro 2024
105,Rúben Dias,DF,Portugal,26,1997,4,4,420,4.7,0,0,0,0,0,0,0,0,0.0,0.0,0.0,0.0,0.0,Matches,UEFA,Euro 2024
108,Jeremy Doku,MF,Belgium,21,2002,4,4,320,3.6,0,0,0,0,0,0,0,0,0.0,0.0,0.0,0.0,0.0,Matches,UEFA,Euro 2024
116,Kwadwo Duah,FW,Switzerland,26,1997,3,1,107,1.2,1,0,1,1,0,0,0,0,0.84,0.0,0.84,0.84,0.84,Matches,UEFA,Euro 2024
123,Breel Embolo,FW,Switzerland,26,1997,5,3,296,3.3,2,0,2,2,0,0,0,0,0.61,0.0,0.61,0.61,0.61,Matches,UEFA,Euro 2024
125,Eberechi Eze,"FW,MF",England,25,1998,3,0,102,1.1,0,0,0,0,0,0,0,0,0.0,0.0,0.0,0.0,0.0,Matches,UEFA,Euro 2024
126,Wout Faes,DF,Belgium,25,1998,4,4,360,4.0,0,0,0,0,0,0,1,0,0.0,0.0,0.0,0.0,0.0,Matches,UEFA,Euro 2024
128,João Félix,MF,Portugal,24,1999,2,1,105,1.2,0,0,0,0,0,0,0,0,0.0,0.0,0.0,0.0,0.0,Matches,UEFA,Euro 2024
129,Bruno Fernandes,MF,Portugal,29,1994,4,4,374,4.2,1,0,1,1,0,0,0,0,0.24,0.0,0.24,0.24,0.24,Matches,UEFA,Euro 2024
131,Phil Foden,"MF,FW",England,23,2000,7,7,617,6.9,0,0,0,0,0,0,1,0,0.0,0.0,0.0,0.0,0.0,Matches,UEFA,Euro 2024
132,Youssouf Fofana,MF,France,25,1999,3,0,41,0.5,0,0,0,0,0,0,0,0,0.0,0.0,0.0,0.0,0.0,Matches,UEFA,Euro 2024
136,Remo Freuler,MF,Switzerland,31,1992,5,5,456,5.1,1,2,3,1,0,0,1,0,0.2,0.39,0.59,0.2,0.59,Matches,UEFA,Euro 2024
142,Conor Gallagher,MF,England,23,2000,5,1,120,1.3,0,0,0,0,0,0,1,0,0.0,0.0,0.0,0.0,0.0,Matches,UEFA,Euro 2024
146,Olivier Giroud,FW,France,37,1986,4,0,59,0.7,0,0,0,0,0,0,0,0,0.0,0.0,0.0,0.0,0.0,Matches,UEFA,Euro 2024
149,Anthony Gordon,"FW,MF",England,22,2001,1,0,2,0.0,0,0,0,0,0,0,0,0,0.0,0.0,0.0,0.0,0.0,Matches,UEFA,Euro 2024
152,Antoine Griezmann,"MF,FW",France,32,1991,6,4,394,4.4,0,0,0,0,0,0,1,0,0.0,0.0,0.0,0.0,0.0,Matches,UEFA,Euro 2024
154,Álex Grimaldo,DF,Spain,28,1995,2,1,115,1.3,0,0,0,0,0,0,0,0,0.0,0.0,0.0,0.0,0.0,Matches,UEFA,Euro 2024
158,Marc Guéhi,DF,England,23,2000,6,6,570,6.3,0,1,1,0,0,0,2,0,0.0,0.16,0.16,0.0,0.16,Matches,UEFA,Euro 2024
174,Theo Hernández,DF,France,26,1997,6,6,570,6.3,0,0,0,0,0,0,0,0,0.0,0.0,0.0,0.0,0.0,Matches,UEFA,Euro 2024
185,Gonçalo Inácio,DF,Portugal,22,2001,2,1,118,1.3,0,0,0,0,0,0,0,0,0.0,0.0,0.0,0.0,0.0,Matches,UEFA,Euro 2024
189,Joselu,FW,Spain,33,1990,2,1,90,1.0,0,0,0,0,0,0,0,0,0.0,0.0,0.0,0.0,0.0,Matches,UEFA,Euro 2024
190,Diogo Jota,"FW,MF",Portugal,27,1996,3,0,100,1.1,0,0,0,0,0,0,0,0,0.0,0.0,0.0,0.0,0.0,Matches,UEFA,Euro 2024
198,Harry Kane,FW,England,30,1993,7,7,601,6.7,3,0,3,2,1,1,2,0,0.45,0.0,0.45,0.3,0.3,Matches,UEFA,Euro 2024
199,N'Golo Kanté,MF,France,32,1991,6,6,511,5.7,0,0,0,0,0,0,0,0,0.0,0.0,0.0,0.0,0.0,Matches,UEFA,Euro 2024
210,Randal Kolo Muani,FW,France,25,1998,5,2,201,2.2,1,0,1,1,0,0,0,0,0.45,0.0,0.45,0.45,0.45,Matches,UEFA,Euro 2024
212,Ezri Konsa,DF,England,26,1997,3,1,93,1.0,0,0,0,0,0,0,0,0,0.0,0.0,0.0,0.0,0.0,Matches,UEFA,Euro 2024
214,Jules Koundé,DF,France,25,1998,6,6,570,6.3,0,0,0,0,0,0,0,0,0.0,0.0,0.0,0.0,0.0,Matches,UEFA,Euro 2024
230,Aymeric Laporte,DF,Spain,29,1994,6,6,525,5.8,0,0,0,0,0,0,0,0,0.0,0.0,0.0,0.0,0.0,Matches,UEFA,Euro 2024
231,Robin Le Normand,DF,Spain,27,1996,6,5,442,4.9,0,0,0,0,0,0,2,0,0.0,0.0,0.0,0.0,0.0,Matches,UEFA,Euro 2024
232,Rafael Leão,"MF,FW",Portugal,24,1999,4,4,287,3.2,0,0,0,0,0,0,2,0,0.0,0.0,0.0,0.0,0.0,Matches,UEFA,Euro 2024
240,Fermin López,MF,Spain,20,2003,1,0,29,0.3,0,0,0,0,0,0,0,0,0.0,0.0,0.0,0.0,0.0,Matches,UEFA,Euro 2024
241,Romelu Lukaku,FW,Belgium,30,1993,4,4,359,4.0,0,1,1,0,0,0,0,0,0.0,0.25,0.25,0.0,0.25,Matches,UEFA,Euro 2024
242,Dodi Lukebakio,MF,Belgium,26,1997,3,1,65,0.7,0,0,0,0,0,0,2,0,0.0,0.0,0.0,0.0,0.0,Matches,UEFA,Euro 2024
245,Mike Maignan,GK,France,28,1995,6,6,570,6.3,0,0,0,0,0,0,0,0,0.0,0.0,0.0,0.0,0.0,Matches,UEFA,Euro 2024
246,Kobbie Mainoo,MF,England,18,2005,6,4,368,4.1,0,0,0,0,0,0,1,0,0.0,0.0,0.0,0.0,0.0,Matches,UEFA,Euro 2024
254,Orel Mangala,MF,Belgium,25,1998,4,1,133,1.5,0,0,0,0,0,0,2,0,0.0,0.0,0.0,0.0,0.0,Matches,UEFA,Euro 2024
259,Kylian Mbappé,FW,France,25,1998,5,5,464,5.2,1,1,2,0,1,1,1,0,0.19,0.19,0.39,0.0,0.19,Matches,UEFA,Euro 2024
267,Nuno Mendes,DF,Portugal,21,2002,4,4,419,4.7,0,0,0,0,0,0,0,0,0.0,0.0,0.0,0.0,0.0,Matches,UEFA,Euro 2024
268,Mikel Merino,MF,Spain,27,1996,7,1,182,2.0,1,0,1,1,0,0,0,0,0.49,0.0,0.49,0.49,0.49,Matches,UEFA,Euro 2024
282,Álvaro Morata,FW,Spain,31,1992,7,6,449,5.0,1,1,2,1,0,0,2,0,0.2,0.2,0.4,0.2,0.4,Matches,UEFA,Euro 2024
292,Nacho,DF,Spain,34,1990,4,2,263,2.9,0,0,0,0,0,0,0,0,0.0,0.0,0.0,0.0,0.0,Matches,UEFA,Euro 2024
295,Jesús Navas,DF,Spain,38,1985,3,2,157,1.7,0,0,0,0,0,0,1,0,0.0,0.0,0.0,0.0,0.0,Matches,UEFA,Euro 2024
296,Dan Ndoye,"MF,FW",Switzerland,23,2000,5,5,407,4.5,1,0,1,1,0,0,1,0,0.22,0.0,0.22,0.22,0.22,Matches,UEFA,Euro 2024
297,Pedro Neto,MF,Portugal,23,2000,3,1,120,1.3,0,0,0,0,0,0,1,0,0.0,0.0,0.0,0.0,0.0,Matches,UEFA,Euro 2024
299,João Neves,MF,Portugal,19,2004,2,1,77,0.9,0,0,0,0,0,0,0,0,0.0,0.0,0.0,0.0,0.0,Matches,UEFA,Euro 2024
300,Rúben Neves,MF,Portugal,26,1997,4,0,125,1.4,0,0,0,0,0,0,1,0,0.0,0.0,0.0,0.0,0.0,Matches,UEFA,Euro 2024
302,Matheus Nunes,"DF,MF",Portugal,25,1998,2,0,18,0.2,0,0,0,0,0,0,0,0,0.0,0.0,0.0,0.0,0.0,Matches,UEFA,Euro 2024
307,Dani Olmo,MF,Spain,25,1998,6,3,432,4.8,3,2,5,3,0,0,1,0,0.62,0.42,1.04,0.62,1.04,Matches,UEFA,Euro 2024
308,Amadou Onana,MF,Belgium,22,2001,4,4,360,4.0,0,0,0,0,0,0,0,0,0.0,0.0,0.0,0.0,0.0,Matches,UEFA,Euro 2024
309,Loïs Openda,FW,Belgium,23,2000,3,1,70,0.8,0,0,0,0,0,0,0,0,0.0,0.0,0.0,0.0,0.0,Matches,UEFA,Euro 2024
311,Mikel Oyarzabal,MF,Spain,26,1997,7,1,201,2.2,1,1,2,1,0,0,0,0,0.45,0.45,0.9,0.45,0.9,Matches,UEFA,Euro 2024
313,João Palhinha,MF,Portugal,28,1995,4,4,299,3.3,0,0,0,0,0,0,2,0,0.0,0.0,0.0,0.0,0.0,Matches,UEFA,Euro 2024
314,Cole Palmer,"FW,MF",England,21,2002,5,0,149,1.7,1,1,2,1,0,0,0,0,0.6,0.6,1.21,0.6,1.21,Matches,UEFA,Euro 2024
317,Pedri,MF,Spain,21,2002,4,4,186,2.1,0,1,1,0,0,0,0,0,0.0,0.48,0.48,0.0,0.48,Matches,UEFA,Euro 2024
321,Pepe,DF,Portugal,40,1983,4,4,408,4.5,0,0,0,0,0,0,0,0,0.0,0.0,0.0,0.0,0.0,Matches,UEFA,Euro 2024
322,Danilo Pereira,DF,Portugal,32,1991,1,1,90,1.0,0,0,0,0,0,0,0,0,0.0,0.0,0.0,0.0,0.0,Matches,UEFA,Euro 2024
323,Ayoze Pérez,"FW,MF",Spain,30,1993,1,0,13,0.1,0,0,0,0,0,0,0,0,0.0,0.0,0.0,0.0,0.0,Matches,UEFA,Euro 2024
327,Jordan Pickford,GK,England,29,1994,7,7,690,7.7,0,0,0,0,0,0,0,0,0.0,0.0,0.0,0.0,0.0,Matches,UEFA,Euro 2024
337,Adrien Rabiot,MF,France,28,1995,5,5,371,4.1,0,0,0,0,0,0,2,0,0.0,0.0,0.0,0.0,0.0,Matches,UEFA,Euro 2024
342,Gonçalo Ramos,FW,Portugal,22,2001,1,0,25,0.3,0,0,0,0,0,0,0,0,0.0,0.0,0.0,0.0,0.0,Matches,UEFA,Euro 2024
346,David Raya,GK,Spain,28,1995,1,1,90,1.0,0,0,0,0,0,0,0,0,0.0,0.0,0.0,0.0,0.0,Matches,UEFA,Euro 2024
349,Declan Rice,MF,England,25,1999,7,7,690,7.7,0,1,1,0,0,0,0,0,0.0,0.13,0.13,0.0,0.13,Matches,UEFA,Euro 2024
350,Fabian Rieder,MF,Switzerland,21,2002,5,3,218,2.4,0,0,0,0,0,0,0,0,0.0,0.0,0.0,0.0,0.0,Matches,UEFA,Euro 2024
352,Rodri,MF,Spain,27,1996,6,6,520,5.8,1,0,1,1,0,0,3,0,0.17,0.0,0.17,0.17,0.17,Matches,UEFA,Euro 2024
353,Ricardo Rodríguez,DF,Switzerland,31,1992,5,5,480,5.3,0,0,0,0,0,0,1,0,0.0,0.0,0.0,0.0,0.0,Matches,UEFA,Euro 2024
355,Cristiano Ronaldo,FW,Portugal,38,1985,5,5,485,5.4,0,1,1,0,0,1,1,0,0.0,0.19,0.19,0.0,0.19,Matches,UEFA,Euro 2024
357,Fabián Ruiz Peña,MF,Spain,27,1996,6,6,540,6.0,2,2,4,2,0,0,1,0,0.33,0.33,0.67,0.33,0.67,Matches,UEFA,Euro 2024
360,Bukayo Saka,MF,England,22,2001,7,7,632,7.0,1,0,1,1,0,0,1,0,0.14,0.0,0.14,0.14,0.14,Matches,UEFA,Euro 2024
362,William Saliba,DF,France,22,2001,6,6,570,6.3,0,0,0,0,0,0,1,0,0.0,0.0,0.0,0.0,0.0,Matches,UEFA,Euro 2024
369,Fabian Schär,DF,Switzerland,32,1991,5,5,480,5.3,0,0,0,0,0,0,1,0,0.0,0.0,0.0,0.0,0.0,Matches,UEFA,Euro 2024
378,Nélson Semedo,"DF,MF",Portugal,30,1993,5,0,100,1.1,0,0,0,0,0,0,0,0,0.0,0.0,0.0,0.0,0.0,Matches,UEFA,Euro 2024
384,Xherdan Shaqiri,MF,Switzerland,32,1991,2,1,71,0.8,1,0,1,1,0,0,0,0,1.27,0.0,1.27,1.27,1.27,Matches,UEFA,Euro 2024
385,Luke Shaw,DF,England,28,1995,3,1,178,2.0,0,0,0,0,0,0,0,0,0.0,0.0,0.0,0.0,0.0,Matches,UEFA,Euro 2024
386,Vincent Sierro,MF,Switzerland,28,1995,4,0,38,0.4,0,0,0,0,0,0,1,0,0.0,0.0,0.0,0.0,0.0,Matches,UEFA,Euro 2024
387,António Silva,DF,Portugal,20,2003,2,1,73,0.8,0,0,0,0,0,0,0,0,0.0,0.0,0.0,0.0,0.0,Matches,UEFA,Euro 2024
388,Bernardo Silva,"MF,FW",Portugal,29,1994,4,4,420,4.7,1,0,1,1,0,0,0,0,0.21,0.0,0.21,0.21,0.21,Matches,UEFA,Euro 2024
389,Unai Simón,GK,Spain,26,1997,6,6,570,6.3,0,0,0,0,0,0,1,0,0.0,0.0,0.0,0.0,0.0,Matches,UEFA,Euro 2024
396,Yann Sommer,GK,Switzerland,35,1988,5,5,480,5.3,0,0,0,0,0,0,0,0,0.0,0.0,0.0,0.0,0.0,Matches,UEFA,Euro 2024
404,Renato Steffen,"FW,MF",Switzerland,32,1991,1,0,1,0.0,0,0,0,0,0,0,0,0,0.0,0.0,0.0,0.0,0.0,Matches,UEFA,Euro 2024
406,Leonidas Stergiou,DF,Switzerland,21,2002,3,0,48,0.5,0,0,0,0,0,0,0,0,0.0,0.0,0.0,0.0,0.0,Matches,UEFA,Euro 2024
408,John Stones,DF,England,29,1994,7,7,690,7.7,0,0,0,0,0,0,1,0,0.0,0.0,0.0,0.0,0.0,Matches,UEFA,Euro 2024
427,Aurélien Tchouaméni,MF,France,24,2000,5,5,470,5.2,0,0,0,0,0,0,2,0,0.0,0.0,0.0,0.0,0.0,Matches,UEFA,Euro 2024
428,Arthur Theate,DF,Belgium,23,2000,3,3,256,2.8,0,0,0,0,0,0,0,0,0.0,0.0,0.0,0.0,0.0,Matches,UEFA,Euro 2024
429,Marcus Thuram,FW,France,26,1997,4,3,260,2.9,0,0,0,0,0,0,0,0,0.0,0.0,0.0,0.0,0.0,Matches,UEFA,Euro 2024
430,Youri Tielemans,MF,Belgium,26,1997,3,2,148,1.6,1,0,1,1,0,0,1,0,0.61,0.0,0.61,0.61,0.61,Matches,UEFA,Euro 2024
432,Ivan Toney,FW,England,27,1996,3,0,45,0.5,0,1,1,0,0,0,0,0,0.0,2.0,2.0,0.0,2.0,Matches,UEFA,Euro 2024
433,Ferrán Torres,MF,Spain,23,2000,5,1,155,1.7,1,0,1,1,0,0,1,0,0.58,0.0,0.58,0.58,0.58,Matches,UEFA,Euro 2024
436,Kieran Trippier,"DF,MF",England,33,1990,6,6,450,5.0,0,0,0,0,0,0,2,0,0.0,0.0,0.0,0.0,0.0,Matches,UEFA,Euro 2024
437,Leandro Trossard,MF,Belgium,29,1994,3,2,169,1.9,0,0,0,0,0,0,0,0,0.0,0.0,0.0,0.0,0.0,Matches,UEFA,Euro 2024
444,Dayot Upamecano,DF,France,25,1998,6,6,570,6.3,0,0,0,0,0,0,0,0,0.0,0.0,0.0,0.0,0.0,Matches,UEFA,Euro 2024
449,Ruben Vargas,"MF,FW",Switzerland,25,1998,5,4,306,3.4,1,1,2,1,0,0,0,0,0.29,0.29,0.59,0.29,0.59,Matches,UEFA,Euro 2024
456,Jan Vertonghen,DF,Belgium,36,1987,3,3,270,3.0,0,0,0,0,0,0,1,0,0.0,0.0,0.0,0.0,0.0,Matches,UEFA,Euro 2024
459,Vitinha,MF,Portugal,23,2000,4,4,358,4.0,0,0,0,0,0,0,0,0,0.0,0.0,0.0,0.0,0.0,Matches,UEFA,Euro 2024
460,Daniel Vivian,DF,Spain,24,1999,2,1,123,1.4,0,0,0,0,0,0,1,0,0.0,0.0,0.0,0.0,0.0,Matches,UEFA,Euro 2024
463,Kyle Walker,DF,England,33,1990,7,7,690,7.7,0,0,0,0,0,0,0,0,0.0,0.0,0.0,0.0,0.0,Matches,UEFA,Euro 2024
464,Ollie Watkins,"FW,MF",England,28,1995,3,0,62,0.7,1,0,1,1,0,0,1,0,1.45,0.0,1.45,1.45,1.45,Matches,UEFA,Euro 2024
467,Silvan Widmer,MF,Switzerland,30,1993,4,3,299,3.3,0,0,0,0,0,0,3,0,0.0,0.0,0.0,0.0,0.0,Matches,UEFA,Euro 2024
469,Nico Williams,"MF,FW",Spain,21,2002,6,6,492,5.5,2,1,3,2,0,0,0,0,0.37,0.18,0.55,0.37,0.55,Matches,UEFA,Euro 2024
474,Granit Xhaka,MF,Switzerland,31,1992,5,5,480,5.3,0,0,0,0,0,0,1,0,0.0,0.0,0.0,0.0,0.0,Matches,UEFA,Euro 2024
475,Lamine Yamal,"MF,FW",Spain,16,2007,7,6,503,5.6,1,4,5,1,0,0,1,0,0.18,0.72,0.89,0.18,0.89,Matches,UEFA,Euro 2024
484,Denis Zakaria,"DF,MF",Switzerland,27,1996,1,0,23,0.3,0,0,0,0,0,0,0,0,0.0,0.0,0.0,0.0,0.0,Matches,UEFA,Euro 2024
491,Steven Zuber,"FW,MF",Switzerland,32,1991,2,0,77,0.9,0,0,0,0,0,0,0,0,0.0,0.0,0.0,0.0,0.0,Matches,UEFA,Euro 2024
492,Martín Zubimendi,MF,Spain,24,1999,4,1,141,1.6,0,0,0,0,0,0,0,0,0.0,0.0,0.0,0.0,0.0,Matches,UEFA,Euro 2024
1,Brenden Aaronson,"FW,MF",United States,23,2000,1,0,5,0.1,0,0,0,0,0,0,0,0,0.0,0.0,0.0,0.0,0.0,Matches,CONMEBOL,Copa America 2024
3,Marcos Acuña,DF,Argentina,32,1991,2,1,96,1.1,0,0,0,0,0,0,0,0,0.0,0.0,0.0,0.0,0.0,Matches,CONMEBOL,Copa America 2024
4,Tyler Adams,MF,United States,24,1999,3,3,180,2.0,0,0,0,0,0,0,1,0,0.0,0.0,0.0,0.0,0.0,Matches,CONMEBOL,Copa America 2024
7,Ali Ahmed,MF,Canada,23,2000,3,1,131,1.5,0,0,0,0,0,0,0,0,0.0,0.0,0.0,0.0,0.0,Matches,CONMEBOL,Copa America 2024
9,Omar Alderete,DF,Paraguay,27,1996,3,3,270,3.0,1,0,1,1,0,0,1,0,0.33,0.0,0.33,0.33,0.33,Matches,CONMEBOL,Copa America 2024
11,Alisson,GK,Brazil,31,1992,4,4,360,4.0,0,0,0,0,0,0,0,0,0.0,0.0,0.0,0.0,0.0,Matches,CONMEBOL,Copa America 2024
12,Miguel Almirón,"MF,FW",Paraguay,29,1994,3,3,180,2.0,0,0,0,0,0,0,1,0,0.0,0.0,0.0,0.0,0.0,Matches,CONMEBOL,Copa America 2024
13,Roberto Alvarado,"FW,MF",Mexico,25,1998,1,0,13,0.1,0,0,0,0,0,0,0,0,0.0,0.0,0.0,0.0,0.0,Matches,CONMEBOL,Copa America 2024
14,Edson Álvarez,MF,Mexico,26,1997,1,1,29,0.3,0,0,0,0,0,0,0,0,0.0,0.0,0.0,0.0,0.0,Matches,CONMEBOL,Copa America 2024
15,Julián Álvarez,FW,Argentina,24,2000,5,4,346,3.8,2,0,2,2,0,0,0,0,0.52,0.0,0.52,0.52,0.52,Matches,CONMEBOL,Copa America 2024
22,Uriel Antuna,MF,Mexico,26,1997,3,2,173,1.9,0,0,0,0,0,0,1,0,0.0,0.0,0.0,0.0,0.0,Matches,CONMEBOL,Copa America 2024
24,Guilherme Arana,DF,Brazil,26,1997,2,2,180,2.0,0,0,0,0,0,0,0,0,0.0,0.0,0.0,0.0,0.0,Matches,CONMEBOL,Copa America 2024
28,Alex Arce,FW,Paraguay,28,1995,2,2,150,1.7,0,0,0,0,0,0,0,0,0.0,0.0,0.0,0.0,0.0,Matches,CONMEBOL,Copa America 2024
30,Jhon Arias,MF,Colombia,26,1997,6,6,483,5.4,0,1,1,0,0,0,0,0,0.0,0.19,0.19,0.0,0.19,Matches,CONMEBOL,Copa America 2024
31,Santiago Arias,DF,Colombia,32,1992,3,1,183,2.0,0,0,0,0,0,0,0,0,0.0,0.0,0.0,0.0,0.0,Matches,CONMEBOL,Copa America 2024
32,Gerardo Arteaga,DF,Mexico,25,1998,3,3,269,3.0,1,0,1,1,0,0,0,0,0.33,0.0,0.33,0.33,0.33,Matches,CONMEBOL,Copa America 2024
33,Yaser Asprilla,"FW,MF",Colombia,20,2003,1,0,19,0.2,0,0,0,0,0,0,0,0,0.0,0.0,0.0,0.0,0.0,Matches,CONMEBOL,Copa America 2024
35,Theo Bair,FW,Canada,24,1999,1,0,14,0.2,0,0,0,0,0,0,0,0,0.0,0.0,0.0,0.0,0.0,Matches,CONMEBOL,Copa America 2024
36,Fabián Balbuena,DF,Paraguay,32,1991,3,3,270,3.0,0,0,0,0,0,0,1,0,0.0,0.0,0.0,0.0,0.0,Matches,CONMEBOL,Copa America 2024
37,Folarin Balogun,FW,United States,22,2001,3,3,175,1.9,2,0,2,2,0,0,0,0,1.03,0.0,1.03,1.03,1.03,Matches,CONMEBOL,Copa America 2024
38,Adam Bareiro,FW,Paraguay,27,1996,3,1,75,0.8,0,0,0,0,0,0,0,0,0.0,0.0,0.0,0.0,0.0,Matches,CONMEBOL,Copa America 2024
44,Damián Bobadilla,MF,Paraguay,22,2001,3,2,197,2.2,0,0,0,0,0,0,0,0,0.0,0.0,0.0,0.0,0.0,Matches,CONMEBOL,Copa America 2024
46,Moïse Bombito,DF,Canada,23,2000,6,6,540,6.0,0,1,1,0,0,0,1,0,0.0,0.17,0.17,0.0,0.17,Matches,CONMEBOL,Copa America 2024
47,Miguel Borja,FW,Colombia,31,1993,2,0,28,0.3,1,0,1,0,1,1,1,0,3.21,0.0,3.21,0.0,0.0,Matches,CONMEBOL,Copa America 2024
48,Rafael Borré,FW,Colombia,28,1995,4,1,128,1.4,0,0,0,0,0,0,0,0,0.0,0.0,0.0,0.0,0.0,Matches,CONMEBOL,Copa America 2024
53,Tajon Buchanan,MF,Canada,24,1999,3,1,98,1.1,0,0,0,0,0,0,0,0,0.0,0.0,0.0,0.0,0.0,Matches,CONMEBOL,Copa America 2024
54,Hernesto Caballero,MF,Paraguay,32,1991,3,1,110,1.2,0,0,0,0,0,0,1,0,0.0,0.0,0.0,0.0,0.0,Matches,CONMEBOL,Copa America 2024
63,Valentin Carboni,MF,Argentina,18,2005,1,0,14,0.2,0,0,0,0,0,0,0,0,0.0,0.0,0.0,0.0,0.0,Matches,CONMEBOL,Copa America 2024
64,Johnny Cardoso,MF,United States,22,2001,2,0,70,0.8,0,0,0,0,0,0,0,0,0.0,0.0,0.0,0.0,0.0,Matches,CONMEBOL,Copa America 2024
66,Jorge Carrascal,"FW,MF",Colombia,25,1998,3,0,51,0.6,0,0,0,0,0,0,0,0,0.0,0.0,0.0,0.0,0.0,Matches,CONMEBOL,Copa America 2024
70,Cameron Carter-Vickers,DF,United States,26,1997,1,0,45,0.5,0,0,0,0,0,0,0,0,0.0,0.0,0.0,0.0,0.0,Matches,CONMEBOL,Copa America 2024
73,Kevin Castaño,MF,Colombia,23,2000,4,0,81,0.9,0,0,0,0,0,0,1,0,0.0,0.0,0.0,0.0,0.0,Matches,CONMEBOL,Copa America 2024
78,Luis Chávez,MF,Mexico,28,1996,3,3,257,2.9,0,0,0,0,0,0,1,0,0.0,0.0,0.0,0.0,0.0,Matches,CONMEBOL,Copa America 2024
79,Mathieu Choiniere,MF,Canada,24,1999,2,1,109,1.2,0,0,0,0,0,0,0,0,0.0,0.0,0.0,0.0,0.0,Matches,CONMEBOL,Copa America 2024
81,Jhon Córdoba,FW,Colombia,30,1993,6,5,414,4.6,2,1,3,2,0,0,2,0,0.43,0.22,0.65,0.43,0.65,Matches,CONMEBOL,Copa America 2024
83,Derek Cornelius,DF,Canada,26,1997,6,5,429,4.8,0,0,0,0,0,0,2,0,0.0,0.0,0.0,0.0,0.0,Matches,CONMEBOL,Copa America 2024
85,Jordi Cortizo,MF,Mexico,27,1996,1,0,5,0.1,0,0,0,0,0,0,0,0,0.0,0.0,0.0,0.0,0.0,Matches,CONMEBOL,Copa America 2024
87,Maxime Crépeau,GK,Canada,29,1994,5,5,450,5.0,0,0,0,0,0,0,0,0,0.0,0.0,0.0,0.0,0.0,Matches,CONMEBOL,Copa America 2024
88,Andrés Cubas,MF,Paraguay,27,1996,2,2,170,1.9,0,0,0,0,0,0,1,1,0.0,0.0,0.0,0.0,0.0,Matches,CONMEBOL,Copa America 2024
91,Carlos Cuesta,DF,Colombia,24,1999,5,5,480,5.3,0,0,0,0,0,0,1,0,0.0,0.0,0.0,0.0,0.0,Matches,CONMEBOL,Copa America 2024
93,Danilo,DF,Brazil,32,1991,4,4,360,4.0,0,0,0,0,0,0,0,0,0.0,0.0,0.0,0.0,0.0,Matches,CONMEBOL,Copa America 2024
94,Jonathan David,"MF,FW",Canada,24,2000,6,5,446,5.0,2,0,2,2,0,0,1,0,0.4,0.0,0.4,0.4,0.4,Matches,CONMEBOL,Copa America 2024
95,Alphonso Davies,"DF,MF",Canada,23,2000,6,5,459,5.1,0,0,0,0,0,0,1,0,0.0,0.0,0.0,0.0,0.0,Matches,CONMEBOL,Copa America 2024
100,Luc De Fougerolles,DF,Canada,18,2005,1,1,66,0.7,0,0,0,0,0,0,1,0,0.0,0.0,0.0,0.0,0.0,Matches,CONMEBOL,Copa America 2024
102,Rodrigo De Paul,MF,Argentina,29,1994,5,5,480,5.3,0,1,1,0,0,0,1,0,0.0,0.19,0.19,0.0,0.19,Matches,CONMEBOL,Copa America 2024
103,Ángel Di María,"MF,FW",Argentina,35,1988,5,4,354,3.9,0,1,1,0,0,0,0,0,0.0,0.25,0.25,0.0,0.25,Matches,CONMEBOL,Copa America 2024
105,Luis Díaz,"FW,MF",Colombia,27,1997,6,6,507,5.6,2,0,2,1,1,1,0,0,0.36,0.0,0.36,0.18,0.18,Matches,CONMEBOL,Copa America 2024
109,Jáder Durán,FW,Colombia,20,2003,1,0,14,0.2,0,0,0,0,0,0,0,0,0.0,0.0,0.0,0.0,0.0,Matches,CONMEBOL,Copa America 2024
111,Éderson,MF,Brazil,24,1999,1,0,18,0.2,0,0,0,0,0,0,0,0,0.0,0.0,0.0,0.0,0.0,Matches,CONMEBOL,Copa America 2024
112,Jorge Eduardo Sánchez,DF,Mexico,26,1997,3,3,270,3.0,0,0,0,0,0,0,1,0,0.0,0.0,0.0,0.0,0.0,Matches,CONMEBOL,Copa America 2024
113,Julio Enciso,"MF,FW",Paraguay,20,2004,3,3,251,2.8,1,0,1,1,0,0,0,0,0.36,0.0,0.36,0.36,0.36,Matches,CONMEBOL,Copa America 2024
114,Endrick,FW,Brazil,17,2006,4,1,127,1.4,0,0,0,0,0,0,0,0,0.0,0.0,0.0,0.0,0.0,Matches,CONMEBOL,Copa America 2024
115,Matías Espinoza,DF,Paraguay,26,1997,2,2,162,1.8,0,0,0,0,0,0,0,0,0.0,0.0,0.0,0.0,0.0,Matches,CONMEBOL,Copa America 2024
116,Stephen Eustáquio,MF,Canada,27,1996,5,5,431,4.8,0,0,0,0,0,0,1,0,0.0,0.0,0.0,0.0,0.0,Matches,CONMEBOL,Copa America 2024
117,Evanilson,FW,Brazil,24,1999,1,0,4,0.0,0,0,0,0,0,0,0,0,0.0,0.0,0.0,0.0,0.0,Matches,CONMEBOL,Copa America 2024
120,Enzo Fernández,MF,Argentina,23,2001,5,4,351,3.9,0,2,2,0,0,0,0,0,0.0,0.51,0.51,0.0,0.51,Matches,CONMEBOL,Copa America 2024
128,Alejandro Garnacho,FW,Argentina,19,2004,1,1,65,0.7,0,0,0,0,0,0,0,0,0.0,0.0,0.0,0.0,0.0,Matches,CONMEBOL,Copa America 2024
129,Néstor Giménez,DF,Paraguay,26,1997,2,1,108,1.2,0,0,0,0,0,0,0,0,0.0,0.0,0.0,0.0,0.0,Matches,CONMEBOL,Copa America 2024
130,Santiago Giménez,FW,Mexico,22,2001,3,3,217,2.4,0,0,0,0,0,0,1,0,0.0,0.0,0.0,0.0,0.0,Matches,CONMEBOL,Copa America 2024
131,João Gomes,MF,Brazil,22,2001,4,4,324,3.6,0,0,0,0,0,0,2,0,0.0,0.0,0.0,0.0,0.0,Matches,CONMEBOL,Copa America 2024
134,Derlis González,"FW,MF",Paraguay,29,1994,1,0,8,0.1,0,0,0,0,0,0,0,0,0.0,0.0,0.0,0.0,0.0,Matches,CONMEBOL,Copa America 2024
135,Nicolás González,MF,Argentina,25,1998,5,2,255,2.8,0,0,0,0,0,0,1,0,0.0,0.0,0.0,0.0,0.0,Matches,CONMEBOL,Copa America 2024
141,Bruno Guimarães,MF,Brazil,26,1997,4,4,332,3.7,0,0,0,0,0,0,1,0,0.0,0.0,0.0,0.0,0.0,Matches,CONMEBOL,Copa America 2024
148,Ethan Horvath,GK,United States,28,1995,1,0,45,0.5,0,0,0,0,0,0,0,0,0.0,0.0,0.0,0.0,0.0,Matches,CONMEBOL,Copa America 2024
149,César Huerta,FW,Mexico,23,2000,2,1,84,0.9,0,0,0,0,0,0,0,0,0.0,0.0,0.0,0.0,0.0,Matches,CONMEBOL,Copa America 2024
152,Alistair Johnston,DF,Canada,25,1998,6,6,511,5.7,0,0,0,0,0,0,1,0,0.0,0.0,0.0,0.0,0.0,Matches,CONMEBOL,Copa America 2024
153,Julio José González,GK,Mexico,32,1991,3,3,270,3.0,0,0,0,0,0,0,0,0,0.0,0.0,0.0,0.0,0.0,Matches,CONMEBOL,Copa America 2024
154,Vinicius Júnior,"MF,FW",Brazil,23,2000,3,3,250,2.8,2,0,2,2,0,0,2,0,0.72,0.0,0.72,0.72,0.72,Matches,CONMEBOL,Copa America 2024
156,Kaku,MF,Paraguay,29,1995,2,0,35,0.4,0,0,0,0,0,0,0,0,0.0,0.0,0.0,0.0,0.0,Matches,CONMEBOL,Copa America 2024
158,Ismaël Koné,MF,Canada,21,2002,5,4,319,3.5,1,0,1,1,0,0,3,0,0.28,0.0,0.28,0.28,0.28,Matches,CONMEBOL,Copa America 2024
159,Luca de la Torre,MF,United States,25,1998,1,0,13,0.1,0,0,0,0,0,0,0,0,0.0,0.0,0.0,0.0,0.0,Matches,CONMEBOL,Copa America 2024
162,Cyle Larin,FW,Canada,28,1995,5,5,396,4.4,0,0,0,0,0,0,0,0,0.0,0.0,0.0,0.0,0.0,Matches,CONMEBOL,Copa America 2024
163,Richie Laryea,"MF,DF",Canada,29,1995,6,5,366,4.1,0,0,0,0,0,0,1,0,0.0,0.0,0.0,0.0,0.0,Matches,CONMEBOL,Copa America 2024
169,Jefferson Lerma,MF,Colombia,29,1994,5,5,422,4.7,2,0,2,2,0,0,2,0,0.43,0.0,0.43,0.43,0.43,Matches,CONMEBOL,Copa America 2024
171,Giovani Lo Celso,MF,Argentina,27,1996,5,1,152,1.7,0,1,1,0,0,0,2,0,0.0,0.59,0.59,0.0,0.59,Matches,CONMEBOL,Copa America 2024
174,Jhon Lucumí,DF,Colombia,25,1998,1,1,25,0.3,0,0,0,0,0,0,0,0,0.0,0.0,0.0,0.0,0.0,Matches,CONMEBOL,Copa America 2024
176,Douglas Luiz,MF,Brazil,25,1998,3,0,34,0.4,0,0,0,0,0,0,0,0,0.0,0.0,0.0,0.0,0.0,Matches,CONMEBOL,Copa America 2024
177,Alexis Mac Allister,MF,Argentina,25,1998,5,5,443,4.9,0,2,2,0,0,0,1,0,0.0,0.41,0.41,0.0,0.41,Matches,CONMEBOL,Copa America 2024
178,Deiver Machado,DF,Colombia,30,1993,1,1,45,0.5,0,0,0,0,0,0,1,0,0.0,0.0,0.0,0.0,0.0,Matches,CONMEBOL,Copa America 2024
181,Gabriel Magalhães,DF,Brazil,26,1997,1,0,4,0.0,0,0,0,0,0,0,0,0,0.0,0.0,0.0,0.0,0.0,Matches,CONMEBOL,Copa America 2024
186,Marquinhos,DF,Brazil,29,1994,4,4,360,4.0,0,0,0,0,0,0,0,0,0.0,0.0,0.0,0.0,0.0,Matches,CONMEBOL,Copa America 2024
188,Gabriel Martinelli,"FW,MF",Brazil,22,2001,2,0,12,0.1,0,0,0,0,0,0,0,0,0.0,0.0,0.0,0.0,0.0,Matches,CONMEBOL,Copa America 2024
189,Guillermo Martínez Ayala,FW,Mexico,28,1995,3,0,77,0.9,0,0,0,0,0,0,0,0,0.0,0.0,0.0,0.0,0.0,Matches,CONMEBOL,Copa America 2024
191,Emiliano Martínez,GK,Argentina,31,1992,6,6,570,6.3,0,0,0,0,0,0,0,0,0.0,0.0,0.0,0.0,0.0,Matches,CONMEBOL,Copa America 2024
192,Lautaro Martínez,FW,Argentina,26,1997,6,2,224,2.5,5,0,5,5,0,0,0,0,2.01,0.0,2.01,2.01,2.01,Matches,CONMEBOL,Copa America 2024
193,Lisandro Martínez,DF,Argentina,26,1998,5,5,467,5.2,1,0,1,1,0,0,0,0,0.19,0.0,0.19,0.19,0.19,Matches,CONMEBOL,Copa America 2024
194,Lucas Martínez Quarta,"DF,MF",Argentina,27,1996,1,0,8,0.1,0,0,0,0,0,0,0,0,0.0,0.0,0.0,0.0,0.0,Matches,CONMEBOL,Copa America 2024
195,Weston McKennie,MF,United States,25,1998,3,3,257,2.9,0,0,0,0,0,0,1,0,0.0,0.0,0.0,0.0,0.0,Matches,CONMEBOL,Copa America 2024
199,Lionel Messi,FW,Argentina,36,1987,5,5,425,4.7,1,1,2,1,0,0,0,0,0.21,0.21,0.42,0.21,0.42,Matches,CONMEBOL,Copa America 2024
200,Éder Militão,DF,Brazil,26,1998,4,4,356,4.0,0,0,0,0,0,0,1,0,0.0,0.0,0.0,0.0,0.0,Matches,CONMEBOL,Copa America 2024
201,Liam Millar,MF,Canada,24,1999,6,2,234,2.6,0,0,0,0,0,0,1,0,0.0,0.0,0.0,0.0,0.0,Matches,CONMEBOL,Copa America 2024
202,Kamal Miller,DF,Canada,26,1997,2,0,46,0.5,0,0,0,0,0,0,0,0,0.0,0.0,0.0,0.0,0.0,Matches,CONMEBOL,Copa America 2024
204,Yerry Mina,DF,Colombia,29,1994,2,0,81,0.9,0,0,0,0,0,0,0,0,0.0,0.0,0.0,0.0,0.0,Matches,CONMEBOL,Copa America 2024
208,Johan Mojica,DF,Colombia,31,1992,6,5,525,5.8,0,0,0,0,0,0,0,0,0.0,0.0,0.0,0.0,0.0,Matches,CONMEBOL,Copa America 2024
209,Nahuel Molina,DF,Argentina,25,1998,5,3,328,3.6,0,0,0,0,0,0,1,0,0.0,0.0,0.0,0.0,0.0,Matches,CONMEBOL,Copa America 2024
210,César Montes,DF,Mexico,26,1997,3,3,225,2.5,0,0,0,0,0,0,1,0,0.0,0.0,0.0,0.0,0.0,Matches,CONMEBOL,Copa America 2024
211,Gonzalo Montiel,DF,Argentina,27,1997,6,3,242,2.7,0,0,0,0,0,0,0,0,0.0,0.0,0.0,0.0,0.0,Matches,CONMEBOL,Copa America 2024
213,Rodrigo Morínigo,GK,Paraguay,25,1998,3,3,270,3.0,0,0,0,0,0,0,0,0,0.0,0.0,0.0,0.0,0.0,Matches,CONMEBOL,Copa America 2024
215,Daniel Muñoz,DF,Colombia,27,1996,5,5,386,4.3,2,1,3,2,0,0,2,1,0.47,0.23,0.7,0.47,0.7,Matches,CONMEBOL,Copa America 2024
216,Yunus Musah,MF,United States,21,2002,2,1,116,1.3,0,0,0,0,0,0,0,0,0.0,0.0,0.0,0.0,0.0,Matches,CONMEBOL,Copa America 2024
225,Tani Oluwaseyi,FW,Canada,23,2000,5,1,136,1.5,0,0,0,0,0,0,2,0,0.0,0.0,0.0,0.0,0.0,Matches,CONMEBOL,Copa America 2024
227,Jonathan Osorio,MF,Canada,31,1992,6,3,317,3.5,0,0,0,0,0,0,0,0,0.0,0.0,0.0,0.0,0.0,Matches,CONMEBOL,Copa America 2024
229,Nicolás Otamendi,DF,Argentina,35,1988,5,1,148,1.6,0,0,0,0,0,0,0,0,0.0,0.0,0.0,0.0,0.0,Matches,CONMEBOL,Copa America 2024
233,Exequiel Palacios,MF,Argentina,25,1998,2,1,103,1.1,0,0,0,0,0,0,0,0,0.0,0.0,0.0,0.0,0.0,Matches,CONMEBOL,Copa America 2024
235,Lucas Paquetá,MF,Brazil,26,1997,4,4,293,3.3,1,1,2,0,1,2,2,0,0.31,0.31,0.61,0.0,0.31,Matches,CONMEBOL,Copa America 2024
236,Leandro Paredes,MF,Argentina,29,1994,3,2,176,2.0,0,0,0,0,0,1,1,0,0.0,0.0,0.0,0.0,0.0,Matches,CONMEBOL,Copa America 2024
239,Ricardo Pepi,FW,United States,21,2003,3,0,95,1.1,0,0,0,0,0,0,0,0,0.0,0.0,0.0,0.0,0.0,Matches,CONMEBOL,Copa America 2024
240,Andreas Pereira,MF,Brazil,28,1996,3,0,67,0.7,0,0,0,0,0,0,0,0,0.0,0.0,0.0,0.0,0.0,Matches,CONMEBOL,Copa America 2024
242,Germán Pezzella,DF,Argentina,32,1991,1,1,82,0.9,0,0,0,0,0,0,0,0,0.0,0.0,0.0,0.0,0.0,Matches,CONMEBOL,Copa America 2024
243,Orbelín Pineda,MF,Mexico,27,1996,3,2,146,1.6,0,0,0,0,0,1,0,0,0.0,0.0,0.0,0.0,0.0,Matches,CONMEBOL,Copa America 2024
248,Christian Pulisic,FW,United States,25,1998,3,3,270,3.0,1,1,2,1,0,0,0,0,0.33,0.33,0.67,0.33,0.67,Matches,CONMEBOL,Copa America 2024
249,Julián Quiñones,"MF,FW",Mexico,26,1997,3,3,252,2.8,0,0,0,0,0,0,0,0,0.0,0.0,0.0,0.0,0.0,Matches,CONMEBOL,Copa America 2024
250,Juan Quintero,"FW,MF",Colombia,31,1993,3,0,49,0.5,0,0,0,0,0,0,0,0,0.0,0.0,0.0,0.0,0.0,Matches,CONMEBOL,Copa America 2024
255,Iván Ramírez,"DF,MF",Paraguay,29,1994,1,0,17,0.2,0,0,0,0,0,0,0,0,0.0,0.0,0.0,0.0,0.0,Matches,CONMEBOL,Copa America 2024
256,Raphinha,MF,Brazil,27,1996,4,3,259,2.9,1,0,1,1,0,0,0,0,0.35,0.0,0.35,0.35,0.35,Matches,CONMEBOL,Copa America 2024
257,Tim Ream,DF,United States,36,1987,3,3,263,2.9,0,0,0,0,0,0,0,0,0.0,0.0,0.0,0.0,0.0,Matches,CONMEBOL,Copa America 2024
258,Israel Reyes,"DF,MF",Mexico,23,2000,1,0,45,0.5,0,0,0,0,0,0,0,0,0.0,0.0,0.0,0.0,0.0,Matches,CONMEBOL,Copa America 2024
260,Gio Reyna,"MF,FW",United States,21,2002,3,3,200,2.2,0,0,0,0,0,0,0,0,0.0,0.0,0.0,0.0,0.0,Matches,CONMEBOL,Copa America 2024
261,Chris Richards,DF,United States,23,2000,3,3,270,3.0,0,0,0,0,0,0,2,0,0.0,0.0,0.0,0.0,0.0,Matches,CONMEBOL,Copa America 2024
263,Richard Ríos,MF,Colombia,23,2000,6,6,448,5.0,1,0,1,1,0,0,1,0,0.2,0.0,0.2,0.2,0.2,Matches,CONMEBOL,Copa America 2024
265,Antonee Robinson,DF,United States,26,1997,3,3,270,3.0,0,1,1,0,0,0,1,0,0.0,0.33,0.33,0.0,0.33,Matches,CONMEBOL,Copa America 2024
269,Charly Rodríguez,MF,Mexico,27,1997,2,1,83,0.9,0,0,0,0,0,0,0,0,0.0,0.0,0.0,0.0,0.0,Matches,CONMEBOL,Copa America 2024
270,Guido Rodríguez,MF,Argentina,29,1994,1,0,14,0.2,0,0,0,0,0,0,0,0,0.0,0.0,0.0,0.0,0.0,Matches,CONMEBOL,Copa America 2024
271,James Rodríguez,"FW,MF",Colombia,32,1991,6,6,463,5.1,1,6,7,0,1,1,1,0,0.19,1.17,1.36,0.0,1.17,Matches,CONMEBOL,Copa America 2024
273,Rodrygo,"MF,FW",Brazil,23,2001,4,4,326,3.6,0,0,0,0,0,0,0,0,0.0,0.0,0.0,0.0,0.0,Matches,CONMEBOL,Copa America 2024
275,Matías Rojas,"FW,MF",Paraguay,28,1995,1,0,1,0.0,0,0,0,0,0,0,0,0,0.0,0.0,0.0,0.0,0.0,Matches,CONMEBOL,Copa America 2024
276,Ángel Romero,"FW,MF",Paraguay,31,1992,2,0,56,0.6,0,0,0,0,0,0,0,0,0.0,0.0,0.0,0.0,0.0,Matches,CONMEBOL,Copa America 2024
277,Cristian Romero,DF,Argentina,25,1998,5,5,480,5.3,0,0,0,0,0,0,0,0,0.0,0.0,0.0,0.0,0.0,Matches,CONMEBOL,Copa America 2024
278,Luis Romo,MF,Mexico,28,1995,3,2,235,2.6,0,1,1,0,0,0,0,0,0.0,0.38,0.38,0.0,0.38,Matches,CONMEBOL,Copa America 2024
281,Jacen Russell-Rowe,FW,Canada,21,2002,1,0,6,0.1,0,0,0,0,0,0,0,0,0.0,0.0,0.0,0.0,0.0,Matches,CONMEBOL,Copa America 2024
284,Davinson Sánchez,DF,Colombia,27,1996,6,6,570,6.3,1,0,1,1,0,0,0,0,0.16,0.0,0.16,0.16,0.16,Matches,CONMEBOL,Copa America 2024
285,Erick Sánchez,MF,Mexico,24,1999,2,0,19,0.2,0,0,0,0,0,0,0,0,0.0,0.0,0.0,0.0,0.0,Matches,CONMEBOL,Copa America 2024
287,Josh Sargent,"FW,MF",United States,23,2000,2,0,24,0.3,0,0,0,0,0,0,0,0,0.0,0.0,0.0,0.0,0.0,Matches,CONMEBOL,Copa America 2024
291,Sávio,MF,Brazil,19,2004,4,1,119,1.3,1,0,1,1,0,0,0,0,0.76,0.0,0.76,0.76,0.76,Matches,CONMEBOL,Copa America 2024
292,Joe Scally,DF,United States,21,2002,3,3,258,2.9,0,0,0,0,0,0,0,0,0.0,0.0,0.0,0.0,0.0,Matches,CONMEBOL,Copa America 2024
295,Jacob Shaffelburg,MF,Canada,24,1999,6,4,346,3.8,1,1,2,1,0,0,1,0,0.26,0.26,0.52,0.26,0.52,Matches,CONMEBOL,Copa America 2024
296,Luis Sinisterra,"FW,MF",Colombia,24,1999,3,0,33,0.4,0,0,0,0,0,0,0,0,0.0,0.0,0.0,0.0,0.0,Matches,CONMEBOL,Copa America 2024
298,Ramón Sosa,MF,Paraguay,24,1999,3,1,135,1.5,1,1,2,1,0,0,1,0,0.67,0.67,1.33,0.67,1.33,Matches,CONMEBOL,Copa America 2024
300,Dayne St. Clair,GK,Canada,26,1997,1,1,90,1.0,0,0,0,0,0,0,1,0,0.0,0.0,0.0,0.0,0.0,Matches,CONMEBOL,Copa America 2024
304,Nicolás Tagliafico,DF,Argentina,31,1992,6,5,447,5.0,0,0,0,0,0,0,1,0,0.0,0.0,0.0,0.0,0.0,Matches,CONMEBOL,Copa America 2024
308,Malik Tillman,"FW,MF",United States,21,2002,1,0,2,0.0,0,0,0,0,0,0,0,0,0.0,0.0,0.0,0.0,0.0,Matches,CONMEBOL,Copa America 2024
310,Matt Turner,GK,United States,29,1994,3,3,225,2.5,0,0,0,0,0,0,0,0,0.0,0.0,0.0,0.0,0.0,Matches,CONMEBOL,Copa America 2024
313,Mateus Uribe,MF,Colombia,32,1991,6,1,219,2.4,0,0,0,0,0,0,1,0,0.0,0.0,0.0,0.0,0.0,Matches,CONMEBOL,Copa America 2024
320,Camilo Vargas,GK,Colombia,34,1989,6,6,570,6.3,0,0,0,0,0,0,0,0,0.0,0.0,0.0,0.0,0.0,Matches,CONMEBOL,Copa America 2024
322,Johan Vásquez,DF,Mexico,25,1998,3,3,270,3.0,0,0,0,0,0,0,1,0,0.0,0.0,0.0,0.0,0.0,Matches,CONMEBOL,Copa America 2024
323,Alexis Vega,"FW,MF",Mexico,26,1997,2,0,31,0.3,0,0,0,0,0,0,1,0,0.0,0.0,0.0,0.0,0.0,Matches,CONMEBOL,Copa America 2024
324,Gustavo Velásquez,DF,Paraguay,32,1991,3,3,253,2.8,0,0,0,0,0,0,1,0,0.0,0.0,0.0,0.0,0.0,Matches,CONMEBOL,Copa America 2024
326,Mathías Villasanti,MF,Paraguay,27,1997,3,3,242,2.7,0,1,1,0,0,0,0,0,0.0,0.37,0.37,0.0,0.37,Matches,CONMEBOL,Copa America 2024
330,Timothy Weah,FW,United States,23,2000,2,2,102,1.1,0,1,1,0,0,0,0,1,0.0,0.88,0.88,0.0,0.88,Matches,CONMEBOL,Copa America 2024
332,Wendell,DF,Brazil,30,1993,2,2,175,1.9,0,0,0,0,0,0,1,0,0.0,0.0,0.0,0.0,0.0,Matches,CONMEBOL,Copa America 2024
333,Haji Wright,"FW,MF",United States,25,1998,1,0,12,0.1,0,0,0,0,0,0,0,0,0.0,0.0,0.0,0.0,0.0,Matches,CONMEBOL,Copa America 2024
