Rank,Code,Country,PELE,△ 1 year,_2005Q0,_2005Q1,_2005Q2,_2005Q3,_2005Q4,_2006Q1,_2006Q2,_2006Q3,_2006Q4,_2007Q1,_2007Q2,_2007Q3,_2007Q4,_2008Q1,_2008Q2,_2008Q3,_2008Q4,_2009Q1,_2009Q2,_2009Q3,_2009Q4,_2010Q1,_2010Q2,_2010Q3,_2010Q4,_2011Q1,_2011Q2,_2011Q3,_2011Q4,_2012Q1,_2012Q2,_2012Q3,_2012Q4,_2013Q1,_2013Q2,_2013Q3,_2013Q4,_2014Q1,_2014Q2,_2014Q3,_2014Q4,_2015Q1,_2015Q2,_2015Q3,_2015Q4,_2016Q1,_2016Q2,_2016Q3,_2016Q4,_2017Q1,_2017Q2,_2017Q3,_2017Q4,_2018Q1,_2018Q2,_2018Q3,_2018Q4,_2019Q1,_2019Q2,_2019Q3,_2019Q4,_2020Q1,_2020Q2,_2020Q3,_2020Q4,_2021Q1,_2021Q2,_2021Q3,_2021Q4,_2022Q1,_2022Q2,_2022Q3,_2022Q4,_2023Q1,_2023Q2,_2023Q3,_2023Q4,_2024Q1,_2024Q2,_2024Q3,_2024Q4,_2025Q1,_2025Q2,_2025Q3,_2025Q4,_2026Q1,_2026Q2
1,ESP,:es: Spain 🏆,2084.0,9.2,0.0,-10.0,-42.9,-58.3,-46.1,-46.0,-59.6,-89.1,-112.6,-110.5,-104.6,-112.8,-89.5,-81.0,-24.3,-24.8,-16.7,-15.8,-31.4,-22.3,-10.1,-5.1,-17.4,-1.2,-12.4,-13.2,-2.0,-3.7,-3.4,-0.9,18.7,30.7,28.9,15.7,7.5,11.2,-14.6,-14.6,-72.0,-70.5,-87.6,-92.6,-91.8,-88.4,-72.0,-74.6,-107.7,-91.4,-76.3,-65.0,-72.6,-46.3,-46.3,-38.3,-61.3,-53.7,-74.2,-81.6,-70.9,-68.1,-66.7,-67.8,-69.1,-60.1,-60.0,-82.9,-86.1,-94.5,-88.1,-86.5,-83.8,-89.3,-112.4,-124.9,-111.1,-86.9,-80.3,-87.9,-50.9,-15.5,-16.2,-24.5,-26.4,-2.0,-9.4,-15.0,-15.7
2,ARG,:ar: Argentina 🏆,2067.2,-20.3,0.0,-8.7,-33.4,-53.7,-65.6,-70.2,-33.4,-39.9,-42.1,-34.3,-26.6,-21.3,-27.4,-19.6,-27.3,-54.9,-62.0,-44.5,-101.0,-117.4,-102.1,-94.7,-47.2,-62.0,-58.8,-53.3,-64.4,-101.9,-107.9,-97.0,-73.2,-66.9,-36.6,-34.8,-38.9,-15.4,-27.1,-28.7,-30.9,-20.4,-30.0,-27.4,-20.5,-23.1,-46.9,-32.6,0.4,-11.0,-47.2,-69.3,-58.5,-73.8,-71.6,-71.0,-116.3,-109.8,-94.5,-98.3,-108.8,-102.0,-86.7,-84.9,-83.2,-81.6,-75.9,-75.1,-74.9,-23.8,-10.8,-4.4,11.2,11.9,23.9,25.3,24.2,31.6,17.0,17.3,24.5,28.4,-0.9,26.8,15.5,5.5,8.2,5.8,5.4
3,ENG,:gb-eng: England 🏆,2029.8,9.0,0.0,0.3,4.1,-35.5,-36.7,-34.1,-45.3,-48.0,-81.8,-95.5,-84.4,-66.0,-95.8,-95.2,-85.9,-70.8,-54.6,-54.6,-42.7,-27.1,-46.8,-43.8,-101.6,-76.6,-98.3,-91.7,-100.8,-87.1,-88.7,-93.0,-88.6,-83.3,-100.4,-97.0,-97.0,-93.8,-94.3,-92.5,-141.2,-121.7,-112.2,-103.9,-101.4,-88.0,-81.8,-83.1,-126.4,-117.8,-118.4,-120.3,-129.1,-117.7,-118.2,-112.2,-104.9,-127.6,-98.8,-67.1,-81.3,-71.9,-48.9,-46.8,-44.7,-47.4,-52.7,-47.5,-51.4,-36.1,-31.9,-25.7,-77.1,-85.1,-66.2,-45.8,-28.6,-34.4,-45.8,-52.1,-87.0,-78.7,-68.0,-63.3,-85.2,-67.3,-43.1,-53.4,-52.8
4,FRA,:fr: France 🏆,2025.8,19.4,0.0,-34.2,-35.3,-25.8,-34.1,-44.1,-44.1,3.7,-15.5,-27.5,-30.7,-48.4,-52.9,-52.7,-107.7,-126.1,-124.3,-125.1,-129.9,-141.1,-129.1,-132.3,-192.3,-199.4,-180.0,-171.1,-161.5,-157.5,-159.0,-148.9,-152.2,-141.4,-127.7,-136.2,-143.8,-140.1,-123.9,-115.7,-71.2,-76.9,-73.9,-77.0,-89.9,-83.4,-76.0,-67.6,-71.0,-71.7,-60.5,-68.9,-77.3,-80.1,-77.3,-75.5,-62.8,-14.3,-28.9,-16.9,-40.9,-40.0,-54.9,-53.1,-51.3,-38.1,-26.3,-39.7,-55.1,-74.3,-34.8,-30.9,-72.2,-81.5,-48.9,-25.9,-33.3,-34.7,-20.9,-30.8,-51.4,-63.1,-52.8,-62.5,-54.9,-53.2,-54.5,-42.9,-42.2
5,BRA,:br: Brazil 🏆,2001.2,2.5,0.0,-13.7,-28.9,-19.8,-30.4,-27.4,-1.2,-13.8,-11.7,-15.4,-55.0,-9.6,-28.5,-24.6,-69.8,-72.6,-67.9,-68.2,-31.4,-13.2,-53.1,-48.8,-39.9,-54.6,-54.0,-56.5,-58.6,-93.3,-79.4,-77.6,-81.5,-65.4,-61.6,-68.0,-32.1,-29.4,-20.5,-14.9,-30.8,-95.3,-70.1,-59.7,-105.1,-94.8,-94.4,-107.0,-126.3,-92.9,-47.4,-19.2,-21.0,-22.8,-25.1,-15.3,-10.3,-18.7,-14.0,-18.2,-27.9,-24.2,-36.2,-35.8,-35.5,-35.3,-8.2,-9.4,-7.6,-33.7,-20.9,6.0,10.3,14.4,-23.6,-29.3,-38.8,-31.6,-97.9,-88.1,-93.9,-115.6,-110.2,-118.8,-112.4,-123.1,-118.3,-115.7,-114.6
6,POR,:pt: Portugal 🏆,1968.8,-3.6,0.0,-15.1,-19.0,-21.0,-33.1,-32.4,-13.6,-53.1,-71.3,-53.8,-54.4,-89.6,-104.3,-113.8,-107.4,-117.5,-138.4,-140.6,-137.1,-123.9,-105.4,-104.4,-90.0,-122.3,-94.7,-98.7,-95.0,-78.5,-84.3,-86.6,-72.5,-76.1,-106.8,-113.8,-103.3,-100.3,-97.0,-92.9,-107.1,-135.1,-124.7,-133.1,-125.3,-123.8,-113.2,-119.3,-123.3,-106.1,-86.7,-86.2,-78.9,-71.5,-68.5,-78.8,-99.4,-95.3,-90.8,-109.6,-91.8,-69.8,-74.4,-75.6,-76.8,-54.9,-44.2,-57.2,-63.4,-56.4,-80.4,-70.5,-57.6,-54.2,-58.6,-49.2,-47.5,-31.6,-35.1,-42.5,-67.7,-71.4,-61.5,-63.9,-45.4,-35.7,-73.1,-67.8,-68.2
7,GER,:de: Germany 🏆,1965.2,-18.2,0.0,2.2,2.5,-1.3,-2.4,-1.9,32.0,50.2,49.0,57.1,54.7,69.2,22.6,35.6,25.7,27.4,23.2,15.7,24.0,30.4,23.5,17.3,46.5,73.7,83.3,71.9,73.3,79.3,96.9,89.2,79.8,69.1,77.4,84.7,81.2,81.6,104.7,105.6,97.6,144.7,101.9,96.3,87.8,93.6,57.4,59.5,55.6,50.3,67.9,76.8,74.6,89.5,95.9,90.2,12.2,18.8,4.0,18.3,34.8,23.4,46.4,47.5,48.5,44.3,27.4,3.2,-9.8,8.6,32.3,34.0,43.9,28.0,8.1,8.2,-8.1,-11.4,-20.2,-4.6,17.5,20.2,23.8,29.5,5.7,-20.5,6.0,10.5,11.6
8,NED,:nl: Netherlands 🏆,1952.3,3.0,0.0,10.8,31.2,16.1,3.8,1.5,-17.8,-18.7,-31.5,-37.3,-33.2,-31.8,-76.4,-64.3,-22.1,-31.5,-26.0,-17.8,-8.8,-3.1,-12.3,-15.1,0.3,5.3,10.7,22.3,17.2,24.7,-14.8,-12.4,-64.1,-48.1,-36.5,-24.1,-24.0,-49.0,-28.9,-38.7,14.0,4.6,-29.5,-39.0,-46.5,-100.0,-118.7,-115.9,-105.0,-116.5,-117.1,-148.4,-126.1,-138.1,-105.7,-101.3,-101.7,-101.3,-64.0,-71.8,-62.5,-32.3,-34.6,-35.3,-36.0,-46.6,-48.3,-69.2,-81.6,-60.5,-71.7,-66.6,-45.4,-28.5,-16.2,-45.2,-74.7,-60.0,-64.3,-61.7,-66.0,-60.5,-73.4,-65.6,-51.2,-73.5,-63.4,-62.4,-62.4
9,COL,:co: Colombia 🏆,1945.1,10.0,0.0,-9.6,25.0,-21.0,-10.4,-11.2,-4.4,1.4,0.8,3.9,-21.1,-10.6,15.8,10.5,10.6,-32.3,-28.0,-39.9,-36.2,-31.6,-24.0,-21.7,-24.1,-14.4,-10.0,-6.8,-4.4,8.9,1.3,11.4,23.6,79.1,88.8,87.2,106.6,97.2,111.2,107.7,167.2,157.8,162.9,167.6,147.0,144.1,120.6,137.6,120.4,117.9,97.2,112.0,120.9,115.5,92.6,95.3,102.7,102.1,111.3,107.7,131.5,129.4,120.1,118.5,116.8,115.0,68.6,68.3,65.8,88.8,72.9,66.2,67.4,75.0,78.9,82.2,89.8,86.6,112.4,117.1,139.2,165.5,123.0,103.9,101.1,122.8,129.2,114.4,113.1
10,NOR,:no: Norway 🏆,1932.8,64.2,0.0,-15.2,3.3,-12.7,-14.0,-30.4,-33.5,-4.9,-12.5,-29.6,-5.2,1.3,7.6,-12.7,-14.3,-28.5,-32.4,-32.2,-37.8,-16.9,-11.0,-7.8,-13.8,9.7,15.6,3.7,-1.3,-13.2,-19.8,-14.6,-19.0,-42.9,-18.9,-47.9,-46.6,-64.3,-100.1,-103.0,-106.0,-119.2,-96.3,-111.1,-117.6,-78.9,-102.4,-97.2,-98.2,-113.0,-135.5,-148.8,-141.5,-143.0,-123.6,-109.7,-99.1,-101.2,-78.7,-70.9,-67.4,-59.8,-43.2,-41.4,-39.0,-28.8,-16.4,-27.9,-30.1,-17.2,-32.0,-15.3,12.8,-11.8,-7.3,-18.0,-26.4,-14.0,-0.4,-5.8,-4.8,0.0,26.0,47.4,67.9,83.6,119.9,113.1,112.1
11,URU,:uy: Uruguay 🏆,1922.2,-16.1,0.0,11.2,-0.3,0.2,2.4,-0.3,10.7,9.7,2.6,14.0,-16.0,-13.1,-17.6,-19.9,-10.1,1.1,2.3,16.6,-2.8,-13.6,-13.1,-4.0,45.0,36.7,45.6,39.8,43.2,89.7,108.0,104.4,91.6,53.2,18.7,-6.8,18.8,53.4,54.6,54.1,34.2,43.9,44.8,48.5,28.6,28.5,77.0,83.6,46.6,60.2,64.0,31.0,18.8,35.0,31.4,44.0,94.0,83.9,68.0,75.0,74.2,75.5,78.1,77.1,76.3,75.3,69.1,68.8,52.7,44.4,-15.6,37.6,46.2,46.0,36.1,41.4,43.1,43.4,100.6,91.5,114.5,85.7,74.2,59.5,46.7,54.0,43.7,43.9,43.0
12,ECU,:ec: Ecuador 🏆,1919.4,19.5,0.0,27.7,48.1,63.2,41.3,38.9,75.9,74.0,73.4,63.5,46.4,38.0,10.0,12.9,28.0,50.2,30.7,39.2,63.7,75.2,58.1,58.9,55.4,61.6,63.4,60.3,66.4,69.3,91.6,94.2,88.3,105.9,120.9,142.5,127.3,120.3,127.6,129.1,129.3,132.6,138.5,132.0,117.4,117.9,170.4,144.4,146.7,110.9,138.5,103.6,104.6,82.9,64.9,63.4,61.4,67.9,69.6,62.7,35.0,43.9,36.8,35.9,35.0,34.7,101.5,98.3,92.6,82.2,117.9,112.8,116.0,112.9,125.2,123.9,130.0,140.4,148.2,145.8,139.9,141.4,170.8,170.3,166.3,185.5,188.2,190.1,189.9
13,SEN,:sn: Senegal 🏆,1901.3,89.0,0.0,5.6,-13.6,-7.0,6.8,-18.2,-19.1,-15.9,-31.0,-26.4,-42.4,-31.6,-31.4,-67.2,-77.1,-87.5,-104.7,-111.3,-108.8,-106.3,-110.8,-100.7,-104.2,-84.4,-72.3,-61.0,-57.3,-61.5,-53.6,-112.9,-100.5,-104.2,-120.3,-125.2,-103.7,-96.6,-92.6,-92.0,-86.1,-60.5,-52.7,-46.6,-45.1,-41.6,-49.0,-44.5,-29.1,-28.7,-36.0,-19.2,-18.7,-26.8,5.0,0.7,8.0,-1.9,5.8,5.8,-4.3,6.1,15.9,14.9,14.0,12.8,9.3,-22.5,-18.1,-4.8,-4.5,2.5,-1.6,-0.3,8.8,15.9,15.4,-5.0,-8.2,20.6,7.9,-6.9,3.2,-7.3,2.5,15.8,46.8,83.0,81.3
14,ITA,:it: Italy,1896.7,-32.5,0.0,-2.7,-18.2,-11.5,-23.8,-17.7,1.1,-18.5,-11.7,-6.5,-11.0,-19.7,-21.2,-21.3,-44.2,-49.4,-63.7,-64.5,-97.7,-83.3,-92.2,-95.4,-154.9,-149.7,-161.1,-140.0,-139.9,-136.4,-128.1,-135.1,-91.5,-126.4,-111.3,-107.4,-110.1,-115.0,-135.9,-136.0,-161.8,-141.1,-155.0,-159.3,-161.0,-168.4,-163.2,-167.1,-125.1,-123.5,-119.6,-110.3,-99.7,-120.8,-152.7,-154.8,-157.7,-166.4,-156.2,-142.8,-124.2,-112.7,-74.9,-75.3,-75.8,-76.3,-65.1,-57.2,-22.6,-18.9,-49.2,-78.4,-106.3,-87.7,-93.9,-107.5,-105.9,-113.9,-121.0,-113.3,-156.3,-138.6,-139.1,-143.3,-167.3,-154.8,-168.6,-176.3,-175.2
15,TUR,:tr: Turkey 🏆,1890.4,48.3,0.0,17.5,27.8,25.1,21.7,19.3,-4.1,-10.9,8.0,15.6,-1.2,-15.1,-32.0,-36.4,-12.4,-14.1,-24.2,-25.2,-33.5,-26.1,-48.3,-45.0,-40.9,-25.0,-57.8,-52.7,-51.4,-55.9,-84.3,-90.1,-71.0,-76.5,-111.0,-121.6,-130.5,-99.3,-97.2,-91.3,-82.2,-101.0,-120.3,-104.8,-93.5,-77.2,-51.0,-42.0,-49.4,-46.4,-68.3,-59.1,-54.7,-61.2,-109.4,-105.7,-102.5,-98.6,-118.4,-94.1,-75.2,-73.9,-69.4,-68.9,-68.1,-81.8,-83.2,-55.2,-111.2,-135.7,-119.0,-125.6,-99.8,-127.6,-116.9,-126.6,-108.9,-126.4,-86.0,-98.0,-86.0,-66.7,-84.3,-56.3,-55.3,-65.7,-16.4,-7.7,-7.8
16,BEL,:be: Belgium 🏆,1890.0,10.1,0.0,-8.3,-0.3,-2.9,-22.4,-20.9,-18.4,-31.6,-46.6,-62.3,-82.1,-74.6,-73.4,-80.5,-79.8,-70.1,-69.4,-89.9,-104.5,-132.4,-117.5,-115.7,-106.4,-107.1,-86.8,-54.7,-52.1,-51.0,-39.4,-34.0,-34.1,-7.3,27.7,39.9,52.8,69.1,54.8,54.6,77.2,84.6,75.3,87.5,76.4,83.6,91.4,88.5,104.4,79.0,110.2,95.8,100.8,112.0,117.2,120.8,158.1,191.5,166.5,168.3,171.8,178.9,198.2,194.0,189.6,198.6,199.4,201.9,223.0,202.5,166.6,161.3,148.7,138.8,97.1,118.0,109.3,109.6,112.8,110.1,83.8,68.1,33.4,29.5,25.5,42.1,31.2,39.8,40.0
17,SUI,:ch: Switzerland 🏆,1883.3,55.7,0.0,14.8,19.5,32.0,54.5,61.0,80.3,82.0,73.4,65.5,66.2,62.7,51.0,40.5,39.5,10.3,31.8,40.3,42.0,51.2,39.4,30.7,31.9,20.5,20.1,18.1,28.6,37.9,29.3,24.2,28.3,60.2,68.6,56.6,51.6,61.6,65.6,64.3,76.3,58.2,54.7,59.5,61.9,55.7,62.7,49.7,49.5,71.5,66.4,61.5,63.7,70.2,67.1,76.7,95.0,90.0,103.8,107.4,95.0,88.6,88.8,87.2,85.3,78.9,80.1,81.9,102.6,97.6,128.4,117.5,93.7,111.1,84.4,100.1,78.5,66.6,11.2,16.3,72.0,47.4,32.4,32.0,48.4,75.5,93.0,88.4,87.1
18,CRO,:hr: Croatia 🏆,1876.1,6.5,0.0,8.8,26.2,16.5,15.0,8.4,-12.7,0.0,33.1,29.4,18.4,30.5,27.3,16.8,40.2,20.4,19.9,23.2,11.9,4.6,3.6,5.5,7.7,11.1,20.7,4.3,0.2,8.0,7.7,-2.2,14.4,3.8,12.9,35.7,4.7,5.0,-30.4,-29.6,-27.8,-28.5,-1.2,13.6,10.8,-22.9,-8.2,-7.4,11.8,5.9,44.5,34.2,17.2,-4.3,9.5,5.4,51.3,45.8,45.5,14.9,10.2,18.4,30.6,27.2,23.9,3.0,-10.0,-32.3,-29.4,-7.0,7.2,1.8,12.0,30.7,57.9,57.9,67.7,68.6,21.3,24.4,4.0,2.1,-7.1,1.0,22.9,22.9,8.3,7.3,6.0
19,JPN,:jp: Japan 🏆,1872.2,10.7,0.0,-16.4,-18.9,-27.9,-31.2,-22.6,-49.8,-66.3,-59.1,-55.9,-56.3,-64.9,-59.0,-80.8,-65.8,-68.3,-68.8,-90.4,-78.8,-75.5,-44.1,-68.3,-45.3,-42.4,-36.2,1.0,-7.2,-9.6,-13.5,-38.6,-8.1,-11.8,-5.0,-19.9,-45.0,-31.5,-28.7,-27.0,-42.7,-49.1,-43.9,-32.3,-51.6,-70.1,-59.9,-41.6,-41.5,-59.3,-51.9,-30.7,-47.0,-51.1,-79.9,-86.1,-70.4,-62.0,-51.6,-49.2,-57.6,-56.6,-54.7,-55.6,-56.5,-56.7,-56.0,-38.6,-18.8,-46.4,-44.5,-27.0,-31.1,-16.2,10.6,3.6,15.4,30.7,51.9,10.7,23.4,53.3,64.7,45.1,37.8,39.4,46.5,56.5,54.4
20,DEN,:dk: Denmark,1864.4,9.4,0.0,-14.8,-6.4,23.4,24.9,28.8,20.4,40.2,34.4,41.4,44.8,35.4,6.8,6.3,6.3,11.4,1.5,5.2,24.3,3.9,-14.7,-22.6,-60.4,-58.6,-63.7,-59.2,-47.9,-36.9,-3.8,-13.9,-6.5,-22.8,-35.7,-29.0,-70.8,-66.2,-47.6,-49.3,-46.2,-51.1,-48.0,-48.4,-32.4,-48.9,-67.5,-69.1,-63.2,-58.6,-76.4,-74.4,-60.1,-15.5,6.3,4.9,16.8,12.7,16.3,16.4,18.1,13.3,23.4,21.4,19.2,12.9,38.7,80.2,80.7,89.2,58.1,55.4,65.5,67.9,16.7,-3.7,-9.6,-5.7,-41.1,-40.8,-38.0,-14.0,-12.5,-11.3,-6.4,11.3,-2.9,-1.7,-1.8
21,MAR,:ma: Morocco 🏆,1855.8,-17.9,0.0,12.4,9.9,-2.8,6.6,-4.0,-8.5,-6.2,0.7,-2.9,4.9,-1.2,12.9,12.7,11.7,11.4,17.7,-4.3,-8.6,-10.0,-45.0,-43.5,-42.2,-58.5,-47.3,-51.0,-31.0,-28.4,-38.9,-50.7,-53.2,-77.5,-69.3,-86.4,-74.2,-61.3,-60.2,-60.3,-63.0,-58.2,-40.1,-41.4,-38.5,-31.5,-49.0,-24.3,-26.9,-29.6,-22.8,-11.5,-22.3,0.2,39.7,46.8,50.5,53.5,45.3,32.1,28.8,16.4,6.9,8.8,11.0,12.8,31.6,22.7,28.1,33.9,81.6,70.3,65.9,68.5,134.9,137.0,112.5,112.5,123.1,83.2,92.2,89.2,130.7,122.9,122.4,139.9,121.7,104.6,103.9
22,PAR,:py: Paraguay 🏆,1849.6,14.8,0.0,-10.0,-9.3,13.3,15.2,11.2,28.1,26.4,24.2,16.4,59.4,29.5,84.3,65.2,73.6,86.7,98.9,87.2,64.5,68.6,46.0,40.9,59.1,56.0,61.8,60.0,60.1,78.0,53.1,56.8,38.8,1.0,4.3,6.1,-8.6,-4.8,-10.7,-13.2,-3.9,-5.1,-15.3,-13.3,16.6,-2.3,12.8,33.7,21.4,23.9,3.9,9.3,1.8,24.0,27.0,23.0,14.2,13.4,11.8,2.6,13.8,12.3,13.2,12.4,11.9,11.2,23.6,22.5,43.8,31.5,-0.6,-15.7,-20.5,-10.9,-17.5,-19.8,-17.7,-26.4,-22.4,-21.2,-32.6,-8.2,40.3,54.7,70.9,77.5,71.0,69.6,68.6
23,MEX,:mx: Mexico 🏆,1844.8,10.1,0.0,10.2,54.1,35.3,18.8,24.4,35.3,35.7,36.0,40.1,51.9,83.9,70.0,75.7,75.6,64.7,32.2,27.0,-9.8,42.4,38.8,42.1,58.0,51.7,47.8,57.4,104.1,69.5,67.2,64.7,81.5,83.4,89.2,55.0,42.5,-10.7,8.1,17.3,71.7,72.8,74.5,80.4,53.2,51.8,77.5,93.1,76.6,64.9,73.5,83.4,83.0,50.1,41.4,46.4,49.7,34.0,20.1,34.1,59.0,68.6,72.2,71.7,70.8,72.1,84.3,79.7,68.6,63.8,37.1,27.0,17.1,13.3,21.3,16.6,25.3,23.2,9.8,15.1,-0.5,5.2,1.9,21.5,19.2,29.0,14.9,29.8,31.8
24,AUT,:at: Austria 🏆,1830.4,-19.8,0.0,28.2,28.9,15.9,30.8,20.9,14.5,-3.8,8.9,8.1,3.8,-4.9,-5.3,-11.7,-15.5,0.8,-34.4,-38.0,-20.3,-12.9,-15.9,-8.7,-10.6,-10.1,0.7,-27.0,-20.1,-27.4,-13.1,-6.3,-0.7,8.0,6.8,23.8,39.8,37.1,48.8,50.3,53.7,52.3,67.5,79.5,97.2,117.3,118.4,112.5,63.2,71.3,46.5,46.6,53.9,33.4,53.7,66.1,72.5,72.4,76.6,40.1,64.1,80.6,67.4,68.5,69.5,66.5,88.2,62.5,82.5,38.2,56.3,49.3,66.2,50.8,58.8,63.0,89.6,104.5,109.6,122.6,157.6,123.7,138.1,117.1,118.3,110.0,90.0,96.5,95.9
25,CAN,:ca: Canada 🏆,1815.2,1.2,0.0,5.0,6.0,-4.3,-1.9,13.5,15.3,21.0,17.7,25.0,54.3,53.0,46.9,39.0,52.7,31.6,7.0,7.7,20.8,27.4,18.6,15.8,15.0,12.9,17.0,21.3,14.8,28.5,19.2,13.0,19.8,21.5,5.8,2.1,-1.4,-17.7,-27.6,-26.3,-23.9,-17.6,-14.3,-6.1,-1.7,-17.1,-3.2,-19.2,-13.9,-9.9,-11.9,-4.1,-2.3,-11.6,-15.9,-11.3,-9.9,-2.8,6.3,8.8,14.2,31.4,39.7,43.8,48.5,53.6,59.1,87.8,136.9,153.5,184.2,200.7,190.1,189.0,155.8,169.9,170.6,168.2,152.6,156.8,158.6,159.6,167.7,166.5,168.8,181.0,180.7,167.8,167.4
26,NGA,:ng: Nigeria,1813.5,95.1,0.0,-0.1,-24.6,-0.2,1.7,20.0,19.1,14.7,8.0,-7.7,-20.3,-26.4,-20.4,-31.5,-20.8,-11.2,-10.0,-19.9,-5.9,-18.4,-17.8,-40.9,-61.4,-65.4,-75.3,-66.0,-63.0,-58.8,-73.0,-77.2,-94.2,-101.2,-81.8,-57.4,-64.3,-48.3,-39.4,-39.0,-41.5,-68.2,-78.9,-87.3,-87.3,-95.8,-110.0,-123.3,-114.4,-117.0,-93.1,-91.7,-110.9,-85.3,-73.7,-71.7,-74.2,-67.6,-59.1,-64.2,-101.1,-79.0,-66.9,-65.5,-64.2,-62.7,-86.1,-73.0,-77.8,-66.6,-98.3,-98.8,-89.0,-88.8,-96.6,-111.2,-105.5,-95.5,-124.9,-106.8,-135.1,-126.3,-156.3,-150.0,-137.4,-132.7,-93.9,-52.4,-52.3
27,RUS,:ru: Russia,1808.8,-12.1,0.0,-20.9,-12.3,-18.1,-14.7,-15.5,-9.3,-12.5,-5.4,-1.7,7.2,2.1,-2.6,-8.3,43.8,43.5,50.8,48.8,62.2,68.6,25.0,23.8,23.7,0.8,10.8,-7.2,-5.6,-9.3,4.4,11.6,19.5,43.3,43.6,47.0,38.2,26.3,26.9,28.4,1.8,9.4,-10.3,-16.2,-30.5,-5.4,-2.0,-4.0,-41.8,-38.4,-49.1,-57.5,-63.2,-63.6,-61.3,-71.5,-67.8,-36.7,-43.6,-32.2,-32.1,-25.4,-8.3,-10.0,-11.7,1.7,-48.1,-54.3,-75.2,-67.3,-43.1,-44.4,-45.9,-47.9,-55.5,-52.9,-54.0,-56.9,-53.7,-46.8,-41.7,-39.3,-34.8,-30.3,-29.8,-30.7,-39.2,-42.9,-43.6
28,SCO,:gb-sct: Scotland 🏆,1805.6,16.8,0.0,-0.8,6.2,33.9,32.6,25.9,41.0,58.6,64.7,59.3,67.0,98.0,80.3,79.8,75.6,63.7,55.9,44.1,44.8,23.8,11.2,16.5,17.7,5.1,1.4,10.2,14.7,19.0,23.0,23.9,16.2,7.5,-13.5,-40.8,-14.2,-15.1,10.6,15.7,15.2,19.6,26.7,27.8,29.2,10.5,9.0,18.1,10.1,23.3,-21.5,-14.8,-6.9,9.1,16.4,12.8,7.3,9.1,12.3,-19.9,-25.5,-48.7,-41.4,-37.8,-34.6,-24.1,-15.3,-6.1,-25.0,-13.4,25.5,27.6,6.5,31.9,28.9,58.0,77.5,81.0,62.9,47.8,15.9,5.4,29.3,22.4,13.9,28.9,52.3,39.8,39.2
29,USA,:us: United States 🏆,1804.7,-8.1,0.0,14.3,36.8,28.4,8.6,14.6,-4.1,-2.8,-1.9,4.3,3.7,-30.7,-16.9,0.2,12.0,28.7,22.2,28.0,47.8,16.4,10.3,1.1,8.6,4.7,7.9,3.3,-22.5,-31.7,-29.4,-12.2,-15.1,-16.1,-6.1,-3.3,19.8,46.1,55.2,49.8,67.4,60.3,40.5,38.3,59.3,17.2,-0.9,-11.0,-5.7,14.9,-20.2,-1.7,11.9,-12.4,-11.0,-6.9,0.7,3.4,-6.7,6.5,-2.9,-13.2,1.5,6.4,10.5,14.4,31.1,48.6,58.7,65.7,61.0,47.8,50.7,43.8,61.1,58.4,71.7,70.5,53.8,62.0,30.5,12.2,25.3,7.2,-0.4,-11.5,9.2,-1.3,1.2
30,ALG,:dz: Algeria 🏆,1797.4,8.3,0.0,6.3,-16.1,-35.1,-26.5,-24.6,-23.2,-17.1,-18.9,-9.1,-29.0,-36.8,-27.1,-25.0,-24.3,-10.0,-11.6,-6.8,33.9,39.4,52.0,26.1,23.7,3.5,-20.8,-9.6,-25.9,-25.0,-16.8,-1.6,16.0,26.6,31.4,15.9,50.5,53.7,52.6,59.0,101.0,110.3,103.0,108.8,108.2,114.0,105.3,105.6,105.5,112.8,91.8,75.6,74.3,28.8,23.2,26.4,18.3,18.4,37.3,29.2,67.0,132.1,151.3,150.5,149.8,149.2,147.8,150.0,159.5,154.0,155.6,93.5,113.7,116.1,108.5,98.2,98.6,89.6,101.5,61.1,48.1,72.0,93.6,114.1,111.7,100.5,125.4,122.0,121.8
31,GRE,:gr: Greece,1791.2,-36.7,0.0,23.6,-19.1,-26.3,-33.7,-38.7,-41.8,-44.2,-16.0,-49.2,-45.3,-47.0,-15.7,-9.0,-57.8,-31.3,-42.8,-44.8,-41.8,-72.0,-49.1,-60.5,-92.0,-89.4,-76.6,-79.1,-80.3,-74.1,-59.4,-62.2,-61.9,-45.4,-36.4,-54.1,-50.4,-47.7,-33.0,-45.1,-57.6,-75.5,-136.9,-134.1,-152.8,-161.1,-171.5,-171.1,-164.8,-152.7,-135.4,-121.3,-115.6,-131.3,-130.3,-129.0,-137.4,-141.6,-158.7,-147.8,-186.1,-209.6,-177.1,-176.3,-175.7,-163.9,-160.0,-148.4,-137.8,-124.6,-134.6,-136.3,-107.4,-116.0,-124.4,-130.1,-119.1,-125.3,-99.0,-91.6,-92.9,-70.8,-50.3,-45.5,-35.1,-49.4,-80.2,-83.7,-82.9
32,SWE,:se: Sweden 🏆,1788.6,-27.7,0.0,21.1,19.0,35.1,21.2,1.6,-23.3,-30.4,-14.1,-49.2,-36.1,-36.0,-53.1,-55.0,-67.9,-75.3,-77.6,-62.4,-76.2,-67.3,-66.8,-64.4,-57.7,-43.6,-54.4,-56.2,-28.1,-38.5,-28.2,-20.9,-17.6,-28.3,-17.1,-31.2,-51.2,-35.8,-65.1,-68.2,-80.9,-78.5,-88.9,-78.5,-74.8,-111.4,-95.9,-100.3,-110.0,-108.8,-93.6,-77.7,-63.4,-63.8,-42.1,-60.8,-36.2,-60.6,-46.4,-57.8,-69.3,-70.4,-43.2,-46.5,-48.4,-67.3,-77.9,-66.1,-48.8,-52.9,-63.9,-74.2,-94.4,-112.5,-102.0,-101.1,-110.8,-113.4,-126.6,-126.2,-135.6,-119.7,-94.3,-94.6,-82.9,-105.4,-159.4,-122.8,-120.8
33,POL,:pl: Poland,1779.3,14.6,0.0,10.8,26.1,47.6,57.4,53.3,18.8,-8.0,37.0,47.0,34.6,48.0,57.8,59.3,36.1,17.7,30.9,18.2,19.2,-6.9,-34.0,-15.3,-19.1,-33.4,-22.8,-20.4,-16.2,-10.3,-5.3,-2.9,-9.3,-7.6,4.7,-18.4,-22.8,-18.4,-32.9,-25.6,-15.5,-12.9,36.8,39.1,48.6,43.8,63.2,72.9,93.7,81.1,102.1,107.5,115.1,88.8,104.1,96.0,58.0,61.1,46.5,61.9,80.0,52.3,69.3,68.5,67.6,72.8,80.3,74.6,50.0,74.7,59.2,75.0,70.4,69.0,56.6,40.0,18.5,-2.7,-14.5,4.6,12.5,19.0,-8.8,-12.1,-29.0,-3.9,7.1,2.2,2.6
34,UKR,:ua: Ukraine,1778.9,-38.2,0.0,23.8,40.8,15.3,2.0,-2.7,15.8,18.5,25.7,24.4,17.1,3.5,-18.6,-14.3,-13.7,0.9,1.1,10.6,8.8,-0.6,10.9,8.4,19.4,21.0,11.8,8.0,-0.7,-19.2,-5.3,-3.2,-22.9,-12.2,-38.1,-12.4,11.4,25.6,39.8,43.0,37.9,14.3,25.4,17.2,19.8,23.7,25.2,24.2,-16.4,-24.3,-1.1,-9.1,-15.7,-17.9,-30.6,-33.0,-29.8,-15.8,-27.3,-18.6,0.9,4.9,17.8,13.5,9.1,4.6,-7.2,-21.9,-11.0,-28.5,-13.7,-16.2,5.7,-1.0,-3.6,-10.9,-7.2,-0.7,15.5,16.1,5.3,-18.3,-6.3,-2.9,-10.6,-31.2,-22.5,-41.5,-41.9
35,CIV,:ci: Cote d'Ivoire 🏆,1778.8,43.6,0.0,-2.7,-6.5,-28.7,-11.4,5.2,20.0,13.0,26.2,34.5,37.1,26.0,18.8,10.6,-23.7,-30.0,-28.4,-18.3,3.5,13.2,7.1,-20.3,-5.9,0.2,-9.7,-10.0,6.4,21.9,8.5,11.2,5.0,8.9,30.4,12.8,28.3,1.2,-4.3,-4.4,-24.0,-51.6,-67.8,-38.1,-40.7,-55.6,-45.1,-64.4,-65.2,-80.4,-64.1,-78.4,-108.5,-111.0,-133.0,-131.5,-128.2,-119.4,-112.3,-104.3,-106.5,-94.9,-113.2,-110.0,-107.0,-104.3,-106.2,-92.1,-87.8,-89.2,-86.9,-87.7,-97.9,-90.9,-90.0,-80.0,-104.2,-110.7,-93.6,-105.4,-112.6,-104.6,-129.2,-127.7,-126.0,-126.8,-106.9,-83.9,-82.1
36,SRB,:rs: Serbia,1776.1,-55.8,0.0,6.1,-0.5,3.2,5.8,8.6,-45.3,-42.5,-34.0,-53.9,-36.4,-45.8,-44.4,-51.8,-56.0,-61.8,-27.3,-11.5,-7.0,-4.8,-0.1,6.3,-17.7,-26.8,-46.3,-44.1,-46.8,-42.1,-63.9,-61.8,-70.3,-47.4,-83.7,-77.0,-79.6,-58.4,-38.5,-33.8,-34.1,-33.2,-54.6,-58.5,-69.4,-63.3,-65.8,-66.0,-62.4,-66.5,-52.1,-41.4,-46.5,-27.2,-39.7,-41.0,-52.2,-57.2,-40.7,-29.7,-51.3,-59.7,-64.4,-64.1,-63.7,-74.3,-66.6,-53.4,-60.5,-50.7,-21.2,-25.7,-24.3,0.0,-26.5,-15.4,-28.4,-45.0,-67.8,-76.8,-70.5,-73.2,-63.2,-46.1,-51.8,-78.0,-104.5,-103.6,-102.9
37,CHI,:cl: Chile,1773.1,-3.3,0.0,-6.5,-7.1,-21.0,-19.8,-18.6,-5.8,-11.9,-1.0,-3.6,16.4,6.0,-7.8,-1.6,32.5,38.9,45.4,60.1,75.0,61.9,89.0,82.1,85.9,82.4,91.8,100.4,103.8,93.6,83.2,81.3,128.2,90.4,60.5,67.9,87.5,106.7,121.4,122.8,145.2,139.9,132.3,119.5,130.7,135.2,134.1,135.1,191.7,170.2,163.9,157.9,159.1,99.5,88.6,93.5,91.1,88.4,78.1,69.3,93.3,52.7,53.4,51.3,49.0,46.8,43.9,40.6,26.3,21.4,20.3,-0.7,-23.7,-30.5,-31.7,-28.4,-19.5,-24.7,-34.3,-25.1,-10.6,-44.8,-38.8,-35.3,-47.4,-49.6,-31.8,-38.5,-38.2
38,VEN,:ve: Venezuela,1769.3,-25.8,0.0,-0.1,7.9,29.7,16.2,17.3,13.2,29.5,25.9,34.0,42.4,28.5,55.9,44.3,58.6,53.2,57.0,71.2,85.5,116.9,121.9,115.0,119.3,108.0,115.9,119.4,119.6,130.8,137.2,125.1,127.0,148.3,136.4,145.7,134.9,129.0,121.5,116.5,115.6,108.6,100.3,105.2,122.3,106.9,60.6,58.4,97.8,109.0,102.8,104.2,108.3,131.3,148.1,146.4,144.5,146.1,148.6,156.6,174.6,174.3,184.7,181.9,179.4,176.9,160.6,159.0,133.9,111.6,92.4,82.6,88.2,89.4,89.8,93.1,96.4,104.0,140.0,132.2,180.1,155.2,146.6,148.4,144.3,118.2,116.7,122.1,121.6
39,AUS,:au: Australia 🏆,1765.7,23.7,0.0,-3.4,-26.0,-30.5,-14.6,-11.2,14.3,-23.4,-27.8,-29.2,-34.1,-74.7,-71.4,-73.9,-105.0,-85.6,-71.6,-111.2,-93.9,-90.3,-81.3,-97.4,-83.7,-82.0,-86.0,-49.9,-50.6,-41.5,-55.9,-54.0,-70.6,-92.1,-83.0,-102.6,-83.2,-108.2,-107.3,-112.5,-133.7,-134.2,-141.9,-94.2,-100.4,-90.8,-109.1,-84.5,-91.3,-76.3,-97.4,-99.6,-89.7,-111.6,-99.8,-106.9,-93.2,-96.7,-83.4,-108.6,-114.3,-100.1,-87.0,-91.0,-95.2,-99.3,-103.4,-107.3,-94.5,-78.3,-97.5,-125.7,-102.8,-99.4,-67.0,-71.0,-77.5,-80.1,-71.9,-67.9,-62.1,-104.2,-109.9,-90.8,-66.8,-63.7,-72.5,-66.9,-69.1
40,CZE,:cz: Czechia 🏆,1764.6,-8.2,0.0,5.7,17.2,-9.9,-6.3,-7.9,-44.2,-35.5,-37.2,-52.3,-58.7,-58.3,-16.4,-31.5,-53.8,-59.1,-77.9,-85.3,-113.5,-105.7,-134.5,-138.8,-134.9,-154.4,-144.2,-147.0,-147.5,-144.5,-122.4,-123.0,-131.9,-136.0,-143.2,-144.5,-143.2,-172.0,-145.3,-149.0,-156.9,-143.4,-122.2,-143.9,-157.9,-158.7,-158.1,-165.7,-180.6,-183.3,-201.0,-190.1,-195.3,-211.7,-192.5,-189.6,-197.2,-214.8,-192.8,-210.3,-192.6,-187.4,-189.2,-190.1,-190.9,-189.4,-177.6,-164.7,-114.1,-135.7,-128.6,-137.3,-134.1,-154.2,-156.1,-157.8,-146.0,-157.5,-181.1,-176.5,-193.8,-200.1,-185.5,-189.6,-201.3,-192.2,-211.7,-198.0,-198.1
41,HUN,:hu: Hungary,1763.8,2.5,0.0,-6.5,12.7,15.0,7.7,7.8,8.2,17.0,-9.7,-1.5,-26.9,-15.4,-34.2,-36.9,-26.9,-23.4,-0.8,12.2,16.4,-4.6,5.9,7.8,-1.3,-5.3,22.8,13.1,15.1,49.0,41.5,38.4,44.9,34.8,51.6,50.8,49.0,43.3,19.8,13.1,18.3,-3.5,6.3,3.6,20.5,19.3,25.1,23.6,36.6,19.7,17.5,6.8,-33.6,-26.7,-41.9,-53.7,-57.7,-52.5,-38.3,-26.7,3.1,-12.9,-32.4,-32.0,-31.7,-20.2,41.2,46.2,56.3,16.2,37.6,38.3,93.7,99.7,96.8,102.4,92.7,106.9,96.1,101.2,86.0,63.4,73.9,46.4,41.7,41.5,45.2,48.8,49.1
42,EGY,:eg: Egypt 🏆,1762.9,29.0,0.0,27.3,31.8,37.6,49.6,72.0,68.8,62.8,52.5,59.0,43.2,36.2,13.5,101.7,67.9,65.1,61.7,40.5,28.7,35.4,31.0,123.8,118.0,97.9,67.7,63.9,51.1,32.3,31.6,32.8,26.6,22.6,24.7,1.4,15.5,27.9,22.2,29.5,26.1,-7.8,-18.3,-15.6,-9.6,6.0,-4.2,5.5,17.0,8.2,31.7,47.2,35.4,22.5,25.4,21.1,-20.1,-4.1,11.4,3.9,23.2,-1.0,-24.1,-22.2,-20.7,-19.4,-5.2,-0.1,0.2,1.7,17.4,46.7,4.1,10.2,17.9,32.7,35.1,19.1,30.7,-13.4,-17.5,10.6,-2.3,-1.8,-1.9,2.0,-4.0,28.4,27.2
43,IRL,:ie: Rep. Ireland,1757.6,35.6,0.0,-0.3,-10.8,-23.4,-25.3,-18.0,-26.3,-36.8,-63.8,-61.3,-64.8,-55.2,-64.9,-67.0,-64.2,-69.0,-77.2,-83.9,-67.2,-69.6,-80.6,-84.4,-76.3,-80.7,-97.1,-91.6,-54.5,-60.0,-57.8,-60.7,-107.5,-96.9,-111.7,-104.6,-94.5,-116.9,-114.8,-119.4,-129.3,-116.1,-102.8,-105.2,-107.9,-107.5,-77.4,-76.3,-83.7,-77.4,-56.9,-68.6,-75.8,-98.8,-103.0,-108.2,-109.2,-123.0,-125.9,-131.4,-130.2,-124.6,-131.4,-132.5,-133.4,-148.6,-174.0,-201.2,-194.4,-197.5,-143.3,-141.1,-144.2,-150.5,-152.6,-152.0,-160.2,-165.5,-177.7,-174.9,-170.0,-185.1,-186.3,-173.0,-171.6,-189.7,-135.1,-139.5,-135.5
44,WAL,:gb-wls: Wales,1753.7,-20.7,0.0,-30.0,-28.1,-32.4,-22.8,-23.2,-21.1,-24.2,-39.8,-45.9,-44.8,-14.4,-24.8,-13.4,-13.0,-23.6,-13.5,-41.7,-40.8,-58.8,-50.6,-53.3,-55.7,-61.7,-88.1,-99.6,-94.2,-83.5,-35.3,-40.3,-42.8,-84.6,-74.4,-56.5,-53.4,-84.5,-59.2,-50.0,-48.1,-50.0,-33.8,-7.0,13.4,10.8,-10.3,-12.7,28.9,52.0,37.3,39.9,43.5,56.4,37.5,43.7,43.1,45.1,32.3,39.6,18.2,16.5,38.5,37.7,36.7,41.5,50.7,55.9,43.4,24.1,49.0,52.8,50.3,36.4,-5.7,1.6,-44.7,-36.2,-23.3,-16.3,-33.6,-26.0,-11.4,-10.6,-16.7,-18.9,-22.1,-31.6,-31.6
45,KOR,:kr: South Korea 🏆,1753.6,11.0,0.0,-24.6,-4.5,-51.4,-33.9,5.2,22.0,21.5,-12.0,-11.8,-11.9,-29.9,-31.6,-33.8,-39.5,-47.8,-10.9,-7.1,-10.3,-0.9,3.9,17.8,34.7,28.6,27.7,52.5,57.5,52.8,28.9,35.0,53.5,50.9,32.1,22.3,-5.7,-22.1,-15.4,-10.0,-32.2,-28.3,-26.9,18.1,18.5,39.4,48.7,42.8,40.4,28.4,26.0,8.3,-10.4,-12.7,1.5,-2.3,17.7,22.0,29.5,20.5,20.6,21.8,9.3,8.4,7.3,6.2,6.9,-1.0,0.8,-13.2,13.6,32.7,36.0,30.8,40.9,35.4,25.2,27.7,62.5,25.0,36.3,33.0,42.7,16.3,38.3,42.0,42.6,27.9,26.4
46,COD,:cd: Dem. Rep. Congo 🏆,1743.9,61.9,0.0,0.2,-3.2,-2.3,-10.8,-5.1,-3.8,-9.5,-21.1,-20.6,-38.5,-45.9,-44.7,-44.3,-33.8,-41.6,-59.1,-58.1,-60.3,-62.2,-61.9,-60.1,-64.2,-84.0,-75.4,-70.0,-66.7,-70.7,-57.7,-43.8,-35.1,-22.7,-41.0,-42.6,-34.4,-41.4,-39.4,-37.4,-35.5,-42.6,-18.4,-14.2,-13.6,-34.3,-4.7,18.5,9.6,19.1,44.5,45.9,53.6,37.3,49.9,40.2,42.5,36.4,12.1,9.5,-2.3,-15.8,-24.4,-22.7,-21.2,-19.7,-16.7,-30.7,-28.4,-34.5,-7.0,-20.2,-52.2,-46.1,-44.1,-35.3,-10.3,-8.7,-27.8,-4.8,9.5,18.0,-10.8,0.8,10.2,8.8,66.3,64.0,63.2
47,PER,:pe: Peru,1740.8,-21.1,0.0,2.3,-13.6,-29.6,-19.4,-17.8,-16.3,-25.0,-28.9,-32.0,-19.3,-32.4,-42.8,-38.9,-59.3,-37.1,-47.9,-71.1,-85.8,-72.8,-54.9,-50.7,-46.7,-33.2,-27.7,-23.4,-15.2,43.7,39.1,35.1,8.1,30.5,22.6,40.7,45.8,21.8,5.2,4.5,-4.0,11.2,6.4,1.3,40.0,57.2,37.9,29.0,67.7,74.7,94.3,100.3,100.4,112.5,104.3,112.2,114.2,105.3,92.5,80.5,75.8,96.5,88.0,84.3,80.7,77.2,40.2,38.6,55.7,57.7,80.3,98.6,79.2,75.2,73.9,67.2,60.6,54.6,7.7,10.4,-8.5,-3.8,-2.1,-3.3,8.6,-16.9,-18.1,-25.3,-25.4
48,PAN,:pa: Panama 🏆,1739.1,13.3,0.0,-5.2,-24.2,1.7,-23.9,-22.7,-21.9,-3.1,-6.5,16.4,24.9,32.2,30.2,30.0,23.6,23.4,23.5,48.7,42.7,61.7,61.0,71.8,72.1,85.6,85.5,91.2,112.5,114.4,135.5,128.0,159.1,157.7,137.4,165.3,141.0,173.2,157.4,153.3,148.9,152.9,153.4,155.7,147.7,155.4,152.8,153.1,132.6,131.2,150.4,122.4,125.5,142.2,141.5,130.2,95.6,88.4,79.6,81.7,81.5,65.4,55.0,61.2,60.7,60.2,65.3,56.0,81.7,108.9,123.8,124.8,130.8,135.5,132.9,145.3,142.1,170.4,206.5,178.4,186.1,175.9,176.3,179.0,201.5,180.0,191.7,192.7,190.9
49,KOS,:xk: Kosovo,1737.2,80.4,,,,,,,,,,,,,,,,,,,,,,,,,,,,,,,,,,,,,,,,,,,,,,,-64.3,-49.4,-83.6,-79.8,-83.5,-78.3,-78.3,-61.6,-48.2,-36.3,-3.7,-1.6,26.1,41.3,37.2,37.5,38.5,21.3,3.4,-2.9,-2.3,12.9,-13.4,3.0,8.3,13.8,7.2,-2.9,-16.8,-15.4,2.9,5.5,1.9,5.1,17.9,37.6,45.9,57.7,111.7,118.9,117.9
50,SVN,:si: Slovenia,1733.6,-34.3,0.0,-11.9,-5.7,-2.6,-19.4,-16.4,-18.1,-28.8,-41.3,-34.8,-41.9,-26.5,-45.9,-40.6,-40.2,-17.1,-4.8,-3.9,-11.8,18.3,61.3,62.3,71.6,64.4,68.5,61.9,66.0,39.4,45.7,44.0,43.4,20.1,2.3,-25.1,4.8,21.7,40.6,34.4,30.4,13.5,34.7,32.9,28.2,26.0,8.9,7.5,7.5,3.9,31.4,22.8,25.2,33.7,32.5,16.1,24.0,-2.1,-13.0,-16.1,0.6,28.7,1.0,1.2,1.3,-2.0,19.9,11.2,14.3,-4.9,0.8,3.8,-6.1,11.4,17.6,15.8,4.4,18.0,40.1,52.1,71.1,82.1,60.7,66.9,68.4,51.3,33.7,32.0,31.6
51,SVK,:sk: Slovakia,1725.9,-19.4,0.0,17.0,22.7,12.6,14.5,23.7,22.7,18.1,37.7,46.0,46.9,14.1,17.3,7.6,1.2,-9.6,6.0,-8.6,22.8,42.3,30.0,25.0,23.1,48.3,14.9,-3.9,-12.7,-33.4,-40.9,-31.8,-35.1,-24.7,-35.3,-41.5,-50.6,-32.0,-30.9,-21.9,-16.8,2.7,51.5,59.4,56.4,48.1,40.0,35.2,47.1,37.6,54.6,55.1,55.1,55.3,44.1,44.1,38.1,38.2,33.6,33.3,54.0,39.7,29.4,27.9,26.4,6.8,-4.7,-17.5,-19.9,-22.9,-4.5,-4.8,-33.8,-59.7,-59.2,-48.6,-44.2,-43.6,-17.1,-21.4,2.4,7.1,6.0,-4.0,-18.2,14.2,-12.5,-23.8,-24.4
52,IRN,:ir: Iran 🏆,1720.1,-38.2,0.0,3.8,-11.3,-16.4,-19.2,-21.6,-44.0,-44.7,-38.5,-37.3,-42.2,-50.2,-52.9,-89.7,-75.3,-58.7,-67.2,-88.1,-91.6,-95.8,-126.8,-114.7,-113.7,-88.0,-104.5,-78.9,-79.9,-85.9,-58.0,-75.3,-76.7,-102.2,-120.6,-110.7,-75.8,-77.4,-57.2,-66.7,-73.1,-74.6,-73.4,-57.2,-69.1,-64.0,-64.1,-59.2,-51.0,-47.5,-36.1,-36.0,-24.8,-35.6,-25.4,-22.9,-1.7,-1.0,-6.1,-16.7,-11.5,-12.0,-44.7,-46.5,-48.3,-50.0,-40.3,-38.1,-11.3,-1.6,3.3,-17.6,-25.3,-21.2,-36.4,-39.9,-22.2,-17.3,-6.9,-12.5,-27.8,-30.2,-22.7,-31.1,-48.7,-70.1,-75.5,-70.1,-71.9
53,MLI,:ml: Mali,1713.5,1.5,0.0,-20.8,-18.0,-9.2,-20.4,-18.8,-11.8,-5.1,1.7,-6.5,13.0,15.7,24.2,10.5,8.7,-12.3,-17.6,-11.4,-21.7,-14.0,-12.1,-17.0,-17.1,-38.8,-36.1,-39.7,-53.8,-46.7,-51.3,-8.3,-16.4,-10.6,2.8,10.3,-22.8,-29.7,-36.3,-37.4,-37.5,-36.2,-52.1,-51.2,-57.6,-58.9,-62.4,-50.9,-46.8,-36.6,-55.1,-67.8,-64.0,-86.7,-80.7,-78.1,-76.3,-66.9,-62.9,-61.7,-44.1,-43.3,-45.1,-44.1,-43.3,-42.5,-28.3,-37.1,-39.9,-35.8,14.6,-6.4,5.5,3.4,6.0,-6.8,3.5,9.9,-0.8,10.3,-21.4,-33.3,-14.5,-17.5,-22.9,-22.8,-19.1,-16.2,-16.2
54,ROU,:ro: Romania,1711.2,-28.9,0.0,-15.4,-17.9,-5.1,5.7,8.4,0.4,-1.3,5.4,10.7,14.5,22.7,28.5,25.5,25.9,-20.6,-23.0,-47.4,-52.3,-52.1,-71.1,-81.0,-84.2,-98.7,-107.0,-114.2,-100.7,-96.7,-103.8,-99.8,-94.0,-82.9,-82.3,-92.5,-90.0,-99.4,-101.6,-99.5,-103.3,-87.7,-64.2,-73.5,-78.7,-87.4,-85.7,-85.8,-103.2,-114.3,-122.6,-125.0,-128.9,-138.2,-126.6,-120.7,-112.6,-114.8,-100.2,-103.4,-93.0,-105.8,-130.3,-131.1,-132.0,-121.4,-151.3,-161.3,-166.4,-147.2,-151.4,-156.3,-192.6,-173.8,-172.0,-167.3,-158.1,-154.4,-136.5,-142.0,-129.6,-125.1,-114.9,-135.8,-137.4,-157.2,-157.0,-165.1,-165.2
55,CMR,:cm: Cameroon,1709.1,10.3,0.0,-7.9,-7.8,7.9,-7.8,2.7,-0.3,4.8,2.7,-4.4,-16.2,-50.7,-52.1,-45.8,-60.0,-56.8,-61.1,-81.4,-91.2,-66.8,-41.9,-87.8,-127.9,-115.8,-126.6,-128.3,-130.4,-123.6,-109.2,-107.1,-127.6,-148.2,-147.8,-150.3,-147.1,-143.4,-124.1,-130.6,-165.4,-125.0,-120.1,-146.4,-149.0,-141.7,-151.8,-155.1,-148.8,-143.7,-147.5,-112.2,-126.5,-151.5,-142.1,-138.5,-144.4,-158.3,-177.4,-172.1,-159.0,-178.3,-179.2,-178.3,-177.6,-177.1,-153.4,-187.0,-179.7,-180.1,-149.2,-147.2,-147.6,-160.2,-123.7,-162.5,-161.0,-152.2,-160.4,-196.9,-178.3,-187.9,-178.5,-184.1,-179.3,-186.3,-186.0,-174.5,-173.1
56,UZB,:uz: Uzbekistan 🏆,1708.9,30.0,0.0,-21.9,-37.0,-32.1,-36.8,-36.9,-36.0,-58.7,-38.3,-43.5,-44.3,0.6,-2.8,32.9,40.2,-6.4,2.6,7.8,-15.7,-13.5,-6.7,-28.0,-31.6,-29.8,-26.9,-4.2,-7.2,21.9,41.6,54.9,31.5,37.3,71.4,36.2,55.7,40.0,52.6,46.2,32.3,41.0,47.7,38.8,12.4,24.3,55.6,50.7,45.2,64.5,60.4,45.2,38.3,31.9,27.7,27.8,24.5,19.5,17.3,32.5,37.5,15.0,17.2,12.2,12.6,12.2,4.5,5.3,2.5,4.9,-2.0,10.7,11.5,17.6,23.7,29.1,41.8,41.7,62.1,67.8,77.4,76.2,67.7,74.1,88.3,91.4,105.7,105.0,104.8
57,GEO,:ge: Georgia,1705.4,-47.1,0.0,-28.1,-34.7,-30.8,-46.4,-36.7,-47.7,-31.0,-27.4,-18.7,-19.5,-19.6,-17.2,-32.9,-34.8,-31.1,-35.2,-42.0,-56.9,-79.0,-94.9,-90.6,-86.1,-69.9,-57.9,-38.3,-37.5,-62.2,-64.5,-61.2,-64.5,-46.2,-51.5,-48.3,-54.9,-61.7,-57.8,-55.9,-54.3,-64.5,-83.9,-80.6,-91.8,-74.9,-72.0,-73.9,-71.3,-79.1,-74.1,-81.2,-78.8,-59.2,-62.7,-52.1,-57.3,-43.1,-35.3,-49.7,-60.0,-49.8,-47.8,-48.5,-49.3,-44.5,-74.1,-61.5,-56.5,-85.6,-47.5,-39.8,-5.3,0.6,-5.8,-0.7,-0.2,-19.4,5.0,23.5,55.5,80.1,54.5,75.2,68.6,67.5,24.4,27.2,27.1
58,TUN,:tn: Tunisia 🏆,1704.5,26.6,0.0,12.9,40.1,45.9,39.6,29.8,5.7,-10.7,-15.6,-7.7,-8.3,-26.6,-22.0,-6.9,-28.7,-30.5,-25.5,-12.4,-6.6,2.7,-25.1,-30.5,-21.9,-51.8,-54.3,-60.1,-47.6,-46.9,-45.2,-43.1,-23.8,-26.4,-34.8,-50.5,-53.4,-49.6,-69.9,-66.4,-60.0,-41.6,-26.8,-47.3,-44.3,-61.2,-60.1,-62.0,-63.3,-56.4,-47.3,-61.8,-52.9,-39.6,-27.9,-21.9,-18.5,-13.8,-26.5,-26.1,-27.2,-40.4,-24.0,-26.5,-29.2,-31.9,-38.2,-22.0,-28.3,-4.4,-7.0,-15.1,13.1,4.5,30.7,38.6,21.0,30.8,19.9,-16.1,-27.1,-29.0,-83.7,-71.6,-70.9,-51.0,-48.3,-44.7,-45.9
59,ALB,:al: Albania,1700.8,-2.5,0.0,-20.7,-17.4,-16.8,-4.8,-12.8,-12.2,-14.4,-6.7,-1.3,14.0,16.3,-14.8,-13.5,-13.2,3.5,7.4,-14.1,-28.4,-11.1,-19.9,-14.7,-10.2,0.1,-11.9,-5.1,-17.9,-36.0,-44.6,-46.5,-35.7,-31.3,-33.4,-9.1,-7.7,-17.5,-22.7,-19.8,-21.1,6.0,14.0,20.8,27.6,30.1,35.5,33.8,46.7,48.2,16.7,8.3,29.5,30.3,27.1,21.7,5.0,3.4,-22.4,-23.1,-17.5,-3.0,-8.6,-7.6,-6.2,-8.6,5.1,-0.5,-0.1,8.8,4.7,5.6,-5.3,-12.8,-12.7,-11.5,6.7,38.1,40.5,30.4,51.2,53.2,48.9,50.2,43.8,42.4,58.4,47.7,46.9
60,BIH,:ba: Bosnia/Herzegovina 🏆,1697.4,59.8,0.0,-23.2,-1.0,21.9,19.0,18.6,7.3,-6.0,-30.0,-9.4,4.3,-32.2,-44.2,-48.8,-46.4,-16.4,2.6,30.6,40.2,48.4,42.1,46.3,40.7,28.6,36.1,41.4,34.5,57.7,68.6,67.1,61.2,98.2,113.8,133.5,149.4,124.9,123.2,111.6,119.3,89.4,68.7,71.8,80.7,69.7,70.5,82.1,88.9,100.0,83.3,87.4,79.5,57.7,57.9,60.3,63.8,78.4,89.0,76.7,54.1,33.5,24.8,22.9,20.9,22.5,-8.4,-7.0,-12.8,-10.2,-28.7,-34.4,-16.5,-28.2,-29.1,-31.8,-61.5,-78.5,-116.2,-115.4,-112.0,-101.6,-99.6,-75.2,-85.6,-76.0,-38.8,-14.4,-14.4
61,ISR,:il: Israel,1688.7,20.6,0.0,18.2,29.3,46.5,36.5,28.3,25.9,33.7,30.9,48.8,58.5,41.8,55.9,61.2,57.7,56.4,54.3,51.8,42.9,34.3,47.0,52.6,39.3,33.7,17.3,15.6,23.7,0.0,6.2,0.6,-3.5,-27.5,-6.2,21.5,25.6,-0.4,2.4,-7.4,-6.1,-8.4,24.2,-4.7,-16.1,-6.4,-32.3,-36.0,-40.4,-50.3,-17.4,-24.1,-57.4,-72.3,-68.8,-73.3,-74.0,-86.8,-56.6,-37.5,-39.1,-52.0,-67.4,-68.8,-70.2,-62.3,-43.7,-38.8,-36.7,-9.4,-35.5,-37.3,-31.9,-35.3,-40.7,-53.9,-54.6,-46.5,-49.5,-75.4,-70.1,-68.7,-40.9,-45.1,-25.9,-11.0,-25.2,-24.1,-24.3
62,NIR,:gb-nir: Northern Ireland,1683.0,36.1,0.0,-12.6,-14.5,23.2,7.9,11.4,7.9,16.4,38.2,69.5,69.5,47.1,79.5,80.6,79.8,77.6,55.0,74.3,77.5,62.9,70.8,66.7,62.1,73.9,66.7,53.0,32.9,14.1,-8.4,-13.0,-15.9,-28.6,-17.4,-35.1,-32.2,-36.5,-41.3,-38.4,-35.0,-12.3,10.0,19.6,22.5,32.3,51.6,55.7,77.1,80.6,85.4,97.4,103.8,117.6,93.9,93.6,83.8,76.2,54.2,65.4,80.3,70.1,65.5,63.1,60.8,43.3,26.8,11.6,13.7,40.3,32.0,31.2,0.4,-3.8,-4.6,-18.8,-36.5,-56.9,-52.0,-38.7,-35.7,-28.6,-3.6,-6.0,-0.9,14.3,33.9,30.3,31.4
63,GHA,:gh: Ghana 🏆,1678.6,27.7,0.0,3.5,30.4,33.2,61.1,27.6,75.5,79.7,90.7,98.8,98.5,91.8,95.1,100.4,72.2,51.3,43.2,42.6,75.4,69.9,42.0,41.5,66.4,66.5,47.9,73.0,72.2,65.4,78.2,36.2,35.2,30.4,38.0,40.9,56.6,52.8,63.2,57.4,63.0,54.7,42.5,67.7,72.7,78.1,49.6,43.3,45.2,26.0,1.7,-20.7,-10.7,0.5,4.5,5.1,15.4,0.2,11.4,14.1,-5.5,-4.2,2.6,3.3,3.7,4.2,-9.4,-12.2,-14.6,-30.2,-22.1,-60.0,-59.2,-57.2,-37.4,-33.0,-37.5,-33.8,-61.8,-92.0,-68.2,-91.7,-132.3,-97.4,-87.1,-81.5,-66.8,-67.2,-67.0
64,RSA,:za: South Africa 🏆,1677.3,-14.8,0.0,-1.1,-13.0,-50.6,-61.0,-98.6,-110.1,-111.4,-94.2,-86.4,-71.4,-92.9,-85.6,-78.6,-98.9,-105.6,-80.2,-78.6,-76.1,-82.2,-87.4,-77.9,-50.9,-43.6,-50.4,-36.3,-24.7,-35.9,-49.9,-54.3,-66.4,-61.2,-63.2,-71.6,-65.6,-74.4,-59.3,-64.9,-62.2,-43.0,-27.5,-38.6,-77.4,-92.3,-56.6,-53.7,-31.2,-40.5,-29.8,-32.5,-17.0,-73.1,-75.4,-65.9,-62.9,-71.6,-76.5,-67.3,-72.5,-65.2,-72.3,-73.0,-74.0,-75.1,-88.7,-108.2,-106.2,-84.1,-75.0,-82.9,-86.2,-88.4,-90.6,-90.7,-74.4,-98.5,-118.9,-71.7,-72.6,-83.4,-55.1,-43.0,-44.1,-40.8,-38.7,-58.6,-59.2
65,BFA,:bf: Burkina Faso,1675.4,17.1,0.0,-32.4,-18.1,-2.2,-2.5,-2.2,-2.1,-23.7,-4.8,-19.3,-66.9,-76.8,-74.1,-71.7,-41.1,-48.3,-28.8,-14.0,-13.6,-31.7,-19.9,-12.6,-12.6,-5.2,7.8,10.1,25.9,17.7,16.3,-29.3,-35.5,-40.5,-29.6,35.0,49.4,39.9,40.4,30.9,27.8,48.8,15.7,-18.4,-24.6,-39.3,-45.4,-31.9,-31.0,-31.3,-11.2,49.0,50.7,55.2,49.3,41.5,44.7,21.4,11.4,9.0,7.8,12.4,-9.0,-9.7,-9.5,-9.1,1.9,-2.7,-4.4,14.2,12.2,4.8,26.4,30.0,35.3,33.8,15.5,1.3,13.4,-17.4,-26.4,-5.2,-17.1,-6.0,-4.8,1.6,30.9,11.6,11.8
66,CRC,:cr: Costa Rica,1672.3,-35.8,0.0,-16.5,-32.6,3.0,1.6,3.6,-25.3,-23.7,-23.8,-6.6,-17.7,-14.8,-22.6,-28.8,-33.1,-4.0,28.6,34.1,58.1,-17.9,10.1,8.9,10.0,2.4,-4.2,0.2,-6.8,-8.3,-4.0,3.9,7.4,-9.0,22.5,21.7,55.6,64.7,56.8,48.1,116.3,116.5,131.2,119.3,115.0,90.3,93.8,95.7,95.3,104.3,136.5,92.2,73.0,89.3,50.9,49.6,49.8,34.2,42.6,30.7,16.8,9.9,-6.4,-10.7,-13.7,-16.5,-32.6,-33.0,-40.7,-50.5,-38.8,44.0,31.0,32.1,31.0,12.5,-15.5,-28.1,-54.7,-36.5,-17.0,-1.4,-4.6,-1.3,12.7,-7.9,-26.6,-37.9,-37.4
67,ISL,:is: Iceland,1667.4,35.6,0.0,-5.4,-16.1,-20.4,-22.5,-30.1,-30.1,-10.7,-36.2,-28.4,-55.7,-31.8,-87.5,-78.8,-81.1,-77.0,-59.8,-65.3,-74.2,-61.4,-62.1,-54.1,-52.1,-63.5,-72.3,-65.7,-77.4,-75.2,-74.1,-77.1,-74.2,-56.2,-47.5,-29.9,-51.5,-29.2,-15.8,-24.5,-19.5,5.7,47.4,61.4,69.1,75.5,47.2,44.4,102.9,93.8,102.9,100.3,109.7,102.7,116.2,101.6,74.1,47.1,40.6,33.4,47.5,32.0,37.1,39.5,35.2,26.4,10.4,-9.4,-7.5,-48.3,-51.8,-63.1,-64.0,-55.4,-59.7,-61.9,-71.0,-77.6,-81.6,-43.2,-35.3,-30.6,-32.6,-51.5,-43.7,-19.2,-15.9,-15.0,-15.4
68,JOR,:jo: Jordan 🏆,1657.7,15.3,0.0,1.1,-5.9,-9.2,-11.5,-23.3,-24.6,-16.3,12.9,12.5,10.5,17.4,11.2,14.5,8.7,42.1,29.2,7.1,5.8,-7.4,1.3,1.1,1.3,14.1,11.1,49.5,49.5,81.2,85.9,75.6,66.4,83.2,40.0,79.8,74.5,93.2,88.0,98.3,91.9,85.9,60.9,47.4,65.9,58.1,75.4,77.0,77.2,69.2,61.6,74.6,59.6,60.0,34.7,20.5,26.8,18.4,12.5,32.3,31.7,36.9,25.2,24.7,24.1,23.4,29.4,29.6,20.2,21.1,55.5,61.4,78.3,87.5,83.2,85.4,88.8,75.7,37.8,110.2,140.1,132.6,127.8,141.5,136.0,141.7,158.8,157.2,154.8
69,BOL,:bo: Bolivia,1656.4,7.6,0.0,11.3,1.5,-11.7,-2.2,0.9,4.5,8.0,14.9,24.7,40.1,46.5,29.3,43.3,44.8,58.3,67.8,58.3,64.2,44.4,68.9,63.7,64.6,64.2,56.0,49.4,48.5,38.5,50.3,49.4,52.2,57.5,77.2,75.2,62.6,51.8,64.8,65.0,64.8,59.2,68.0,67.3,76.9,70.1,65.3,58.4,45.7,46.5,35.8,73.1,74.6,91.3,99.7,90.0,80.1,80.4,82.0,72.2,54.3,50.9,50.6,50.8,51.4,51.7,39.7,42.4,56.2,56.5,101.7,53.8,55.3,53.6,55.0,59.8,58.8,38.7,44.3,46.6,29.2,74.7,71.5,67.8,76.7,93.0,84.8,75.3,76.2
70,IRQ,:iq: Iraq 🏆,1646.3,50.6,0.0,1.5,6.7,6.6,44.4,30.8,30.3,45.2,54.8,53.1,67.9,117.1,95.0,75.8,89.4,89.2,88.3,54.7,65.2,71.0,79.8,78.4,77.4,79.3,82.7,84.9,78.1,51.2,96.5,106.4,102.7,111.5,95.1,98.9,73.6,66.6,57.5,82.9,82.8,78.2,48.3,73.0,68.3,71.6,55.7,40.5,41.8,16.5,27.5,39.3,55.2,81.3,87.0,78.1,74.2,80.4,83.2,95.2,89.8,67.6,95.8,93.6,91.4,89.3,90.0,96.1,81.2,74.5,35.5,50.6,50.9,53.1,52.2,82.6,81.4,80.8,106.0,122.0,137.2,128.6,94.6,63.6,69.3,75.4,101.1,115.2,114.7
71,MKD,:mk: North Macedonia,1638.8,-30.1,0.0,-23.3,-17.8,-46.7,-18.2,-19.5,-2.0,14.7,27.3,35.2,24.7,9.0,36.1,38.6,41.6,60.1,40.7,38.0,43.5,29.9,38.9,40.9,50.7,32.1,25.3,18.2,3.6,2.2,-15.8,-21.8,-15.9,0.1,10.8,11.1,5.8,11.8,-9.8,-7.7,-19.3,-24.7,-33.1,-46.1,-45.3,-58.2,-57.6,-65.5,-65.3,-68.5,-81.0,-56.1,-48.6,-29.4,3.1,0.2,-1.1,6.0,-4.5,7.9,-16.4,-0.7,15.5,14.9,14.4,18.4,18.4,52.3,26.5,22.6,59.6,83.4,56.2,26.9,11.7,9.6,-9.5,11.8,15.0,5.4,-0.8,-0.3,19.8,24.1,38.2,34.6,4.9,-6.7,-7.9
72,HON,:hn: Honduras,1632.3,4.1,0.0,5.8,5.7,37.0,34.5,39.2,38.9,42.8,47.3,45.1,54.0,45.4,48.3,61.4,53.2,84.1,96.7,77.4,97.9,132.5,120.0,123.0,106.7,100.0,97.7,96.0,81.8,75.3,80.4,74.8,53.0,66.2,95.3,76.4,70.8,87.0,90.3,89.2,43.7,19.4,15.3,9.0,20.1,23.0,0.1,11.2,12.4,37.4,31.5,22.0,20.4,31.9,43.6,40.7,27.8,25.6,22.8,23.4,18.7,26.7,45.2,42.7,39.9,37.2,26.3,22.3,32.0,17.1,-35.1,-68.5,-50.8,-45.6,-44.8,-45.1,-55.2,-41.8,-12.3,-35.1,-8.9,-9.0,4.4,-0.5,-8.1,0.7,2.5,3.7,3.4
73,GUI,:gn: Guinea,1632.0,19.6,0.0,-3.1,-15.9,-24.7,-32.6,23.9,21.9,10.5,-6.2,6.5,12.8,22.6,21.8,10.8,-13.9,-11.1,-17.4,-37.2,-54.8,-67.4,-84.9,-87.6,-87.1,-56.8,-52.1,-62.8,-58.8,-64.8,-59.1,-31.0,-39.7,-38.6,-59.8,-61.8,-50.4,-55.5,-56.1,-49.2,-45.0,-51.5,-14.4,-29.2,-66.7,-66.7,-36.8,-43.6,-63.7,-59.0,-85.3,-76.4,-51.2,-65.2,-96.0,-99.0,-94.9,-91.0,-84.2,-80.1,-86.6,-99.3,-92.0,-89.2,-86.7,-84.2,-89.9,-92.3,-86.9,-87.8,-121.9,-134.7,-127.9,-128.3,-125.7,-107.6,-111.0,-112.3,-114.2,-91.7,-88.3,-108.9,-81.2,-111.4,-110.5,-91.5,-83.6,-91.3,-91.3
74,HAI,:ht: Haiti 🏆,1631.4,3.7,0.0,-0.6,-0.8,-0.6,0.3,1.2,1.8,24.0,4.3,46.5,60.6,59.3,62.2,62.8,57.4,1.7,-0.3,-10.4,-9.9,6.7,8.7,10.5,10.3,11.9,12.3,11.2,12.4,36.5,24.9,25.8,26.6,30.0,35.2,20.8,30.2,23.1,23.9,24.4,24.9,26.5,19.3,23.0,23.6,52.1,46.3,58.2,29.4,51.2,57.0,60.4,59.9,59.6,69.4,68.2,64.4,63.4,69.6,71.0,103.1,86.4,92.4,90.8,89.3,87.7,86.2,86.5,75.1,72.9,72.8,68.1,80.9,80.8,80.6,88.0,89.9,79.2,71.9,71.9,67.8,80.5,93.8,100.7,66.1,78.9,110.5,104.4,103.7
75,NZL,:nz: New Zealand 🏆,1630.1,-4.3,0.0,0.7,2.7,3.6,4.2,1.0,12.7,13.1,13.4,-6.1,0.0,0.7,13.9,14.0,13.9,32.8,2.8,-1.0,-0.5,9.8,29.7,29.1,88.3,87.6,81.3,83.4,75.2,75.0,74.8,68.9,27.7,49.0,62.8,63.3,64.4,67.8,49.0,48.4,49.3,46.9,43.3,44.4,46.0,42.6,50.4,51.7,51.2,52.4,54.0,60.0,55.5,46.5,59.7,57.9,49.5,51.0,52.3,53.3,54.0,54.4,47.6,48.2,48.7,49.1,49.2,49.0,48.5,47.6,68.9,84.0,78.9,70.0,68.9,68.1,69.6,68.3,64.8,65.8,81.6,81.3,99.7,111.5,117.5,107.3,109.5,107.0,105.8
76,KSA,:sa: Saudi Arabia 🏆,1628.0,3.5,0.0,28.6,67.6,88.4,57.6,66.8,75.4,111.9,114.0,112.9,120.0,161.1,147.1,121.3,142.9,145.7,113.7,132.0,128.9,112.7,122.9,123.0,132.9,134.9,128.5,64.6,67.3,73.3,72.2,67.0,69.3,35.8,41.4,47.0,47.2,25.1,59.3,56.6,41.0,39.5,36.1,34.9,35.8,41.1,59.1,64.3,62.8,70.9,90.3,118.4,115.2,119.0,114.5,110.2,115.7,112.7,106.8,101.6,101.4,49.4,85.5,86.0,86.3,86.7,88.8,107.8,129.2,144.0,169.7,158.3,151.1,154.2,161.0,119.0,118.3,108.2,125.4,117.4,99.4,97.3,60.6,83.5,96.1,105.8,97.7,87.0,87.6
77,FIN,:fi: Finland,1625.9,-4.7,0.0,15.2,-7.0,5.7,-29.1,-51.9,-47.1,-21.1,-22.3,-41.8,-41.5,-34.4,-19.1,-26.3,-35.8,-22.5,-40.8,-27.4,-58.0,-64.9,-40.2,-48.9,-57.5,-72.3,-80.1,-81.8,-106.6,-92.5,-91.2,-92.0,-85.5,-82.4,-83.1,-61.6,-55.3,-43.6,-55.1,-51.5,-61.0,-57.1,-85.9,-97.1,-118.4,-103.7,-97.4,-120.4,-117.6,-130.3,-136.6,-136.5,-148.9,-124.6,-102.2,-97.0,-98.9,-91.8,-94.8,-87.0,-68.0,-67.8,-82.8,-85.5,-88.2,-84.0,-66.4,-66.3,-61.8,-67.5,-53.9,-65.9,-80.1,-71.8,-72.6,-82.7,-65.5,-68.6,-100.8,-117.3,-116.6,-129.3,-154.9,-157.6,-142.6,-151.5,-177.1,-162.9,-162.1
78,CPV,:cv: Cape Verde 🏆,1619.1,30.9,0.0,25.0,3.4,0.1,-20.5,-19.7,-20.5,-34.2,-19.6,-27.4,-32.2,-40.9,-30.3,-29.6,-10.5,-15.2,-30.9,-17.1,-17.3,-10.5,-11.6,-13.2,-8.7,1.9,6.7,17.3,3.2,-9.8,-5.5,17.8,1.2,22.3,19.3,40.9,45.2,44.0,43.1,40.7,39.7,63.2,45.0,68.1,75.0,81.6,76.0,50.0,47.1,26.1,-2.6,3.7,-12.4,24.4,-10.7,-10.8,-5.5,-6.8,-11.5,-23.7,-22.9,-21.9,-14.2,-14.1,-14.1,-14.0,-20.9,13.0,9.5,-4.0,24.8,27.6,25.6,28.5,25.9,16.7,37.3,23.7,15.3,63.7,47.9,42.5,-1.3,15.1,24.7,44.5,52.7,46.2,45.4
79,ANG,:ao: Angola,1616.2,-18.8,0.0,-12.6,3.6,1.1,9.3,15.1,37.3,48.4,29.5,33.6,19.4,-13.8,-15.6,1.7,-17.3,-25.8,-22.2,-43.3,-48.4,-42.1,-46.2,-56.9,-58.2,-76.2,-68.5,-81.1,-79.9,-72.4,-57.8,-47.7,-57.5,-71.5,-66.6,-74.6,-82.4,-82.2,-82.0,-81.7,-70.5,-100.8,-84.4,-85.1,-73.4,-75.1,-93.0,-112.3,-126.0,-136.4,-133.7,-133.5,-139.8,-136.6,-133.7,-127.1,-138.1,-131.1,-110.0,-96.4,-86.0,-73.0,-105.1,-104.7,-104.2,-103.5,-101.8,-94.5,-93.7,-113.7,-103.1,-96.1,-93.4,-94.5,-89.0,-91.1,-82.7,-114.5,-119.0,-52.6,-60.6,-21.0,-26.3,-49.0,-41.5,-64.4,-66.9,-68.0,-68.7
80,JAM,:jm: Jamaica,1611.3,-25.3,0.0,4.1,2.5,-5.1,-13.8,-16.0,-27.5,-48.2,-44.7,-53.2,-73.7,-81.8,-74.6,-79.2,-64.7,-76.1,-34.9,-35.3,-38.0,-45.1,-46.1,-43.5,-52.7,-47.8,-37.4,-42.5,-21.4,-36.8,-42.7,-36.9,-50.4,-35.8,-51.8,-51.0,-84.6,-75.6,-95.4,-86.9,-92.9,-99.3,-93.9,-84.2,-76.5,-50.6,-63.3,-72.2,-85.9,-122.9,-113.8,-105.4,-119.2,-68.6,-72.6,-73.8,-62.6,-63.1,-61.7,-74.0,-56.8,-38.5,-41.4,-39.4,-39.0,-38.7,-40.3,-45.7,-42.6,-62.8,-33.2,-81.9,-70.8,-70.3,-66.9,-66.3,-52.4,-48.9,-29.6,-21.6,-64.7,-60.8,-64.9,-75.7,-92.1,-69.4,-88.0,-101.2,-101.7
81,GUA,:gt: Guatemala,1602.2,-0.4,0.0,33.8,18.9,27.3,44.8,39.4,39.9,33.3,29.3,28.6,26.7,25.1,27.0,25.6,38.5,65.3,46.7,24.2,23.8,25.8,26.1,32.0,26.0,40.4,43.3,32.0,40.3,51.3,84.8,91.1,89.4,100.2,98.2,68.5,58.1,48.2,48.2,48.0,47.9,69.7,69.1,65.7,54.2,25.6,36.2,59.8,52.4,73.7,73.6,73.3,72.8,72.0,71.4,70.8,70.0,68.5,59.4,62.2,60.0,80.2,93.7,84.3,83.7,81.1,82.4,78.7,97.8,81.3,81.8,87.8,101.0,91.5,91.0,91.6,93.9,102.6,86.2,82.3,87.7,87.0,86.8,81.3,79.0,72.2,88.9,80.7,80.8
82,UAE,:ae: Unit. Arab Emir.,1599.8,-4.4,0.0,-1.0,22.8,25.3,30.4,50.7,53.1,60.5,38.4,50.0,51.9,41.1,48.7,68.1,65.6,35.3,40.0,35.6,24.4,25.9,34.9,56.0,62.5,72.5,85.3,68.6,72.0,47.3,38.7,65.6,68.2,78.2,98.2,159.5,157.8,164.2,193.5,196.9,195.0,195.8,192.2,218.6,210.0,211.8,202.4,203.3,181.4,185.0,183.6,158.2,155.2,151.9,154.5,143.0,144.2,131.9,122.7,103.7,105.7,118.7,97.5,99.6,101.5,103.2,92.5,101.3,140.7,128.7,122.6,142.5,133.9,126.6,127.8,110.5,113.2,125.8,152.1,128.8,126.9,147.4,151.3,149.5,147.7,155.5,144.3,145.5,146.1
83,GAM,:gm: Gambia,1599.2,43.1,0.0,0.4,-1.5,-1.0,-0.6,-0.2,-0.4,12.7,11.5,-14.1,6.8,17.9,18.0,17.5,29.3,39.9,50.9,49.8,48.8,48.2,47.8,55.9,49.5,55.4,45.9,32.5,39.3,27.9,26.9,13.0,-8.4,-7.8,-4.1,-12.2,-29.9,-15.7,-15.1,-14.5,-13.8,-13.3,-12.9,-10.9,1.9,-5.5,-22.0,-36.6,-56.1,-58.1,-56.0,-49.5,-50.6,-48.5,-46.1,-45.0,-42.2,-35.1,-23.5,-7.1,9.4,-9.9,-10.6,-9.0,-7.2,-5.2,7.9,15.2,21.8,23.1,9.6,45.9,31.5,31.8,31.4,43.7,42.7,35.5,10.1,-14.6,-11.5,-16.4,3.7,5.7,11.5,52.3,48.8,49.2,50.1
84,BLR,:by: Belarus,1589.7,7.4,0.0,13.6,4.9,-33.1,-13.8,-17.3,-30.1,-37.1,-30.3,-26.5,-40.5,-51.5,-30.0,-26.8,-18.4,-11.7,-21.8,-22.5,2.0,-7.4,-6.8,-3.9,-3.5,24.1,28.6,5.8,12.8,-9.4,-9.7,-13.3,-17.2,-28.3,-19.2,-17.5,-20.1,-32.6,-22.9,-27.0,-21.4,-26.1,-50.5,-39.0,-43.3,-43.5,-32.3,-33.0,-34.6,-18.3,-43.5,-69.4,-57.7,-96.6,-103.7,-89.9,-96.5,-96.6,-86.0,-99.4,-112.6,-102.4,-118.2,-107.8,-109.7,-113.7,-111.8,-114.7,-122.4,-110.6,-144.5,-134.3,-153.9,-151.6,-152.5,-163.5,-149.7,-157.4,-111.7,-119.6,-135.0,-122.8,-125.8,-110.1,-110.4,-130.5,-110.2,-102.8,-103.6
85,BUL,:bg: Bulgaria,1584.4,0.1,0.0,-23.7,-42.3,-42.8,-31.1,-26.8,-28.9,-7.0,-14.1,-12.6,1.4,-10.9,14.0,18.2,15.7,7.6,-2.0,3.8,-1.4,-1.7,-16.9,-25.2,-31.0,-68.2,-54.9,-57.3,-55.6,-84.9,-107.3,-105.4,-100.7,-91.5,-86.1,-64.0,-54.3,-60.8,-89.8,-88.6,-91.5,-82.0,-118.5,-112.9,-116.7,-130.9,-132.8,-117.4,-137.6,-138.6,-148.1,-121.9,-135.2,-125.5,-131.7,-136.4,-138.5,-120.0,-132.8,-137.0,-161.8,-174.0,-175.8,-183.6,-184.3,-183.6,-213.0,-219.3,-217.5,-187.8,-205.1,-207.3,-228.5,-209.3,-202.3,-224.7,-217.2,-226.1,-229.0,-221.4,-213.3,-206.0,-219.2,-227.5,-234.3,-246.7,-244.1,-227.7,-226.5
86,SUR,:sr: Suriname,1579.0,29.1,0.0,0.6,1.1,1.6,2.1,3.2,4.1,5.0,1.3,3.1,4.9,7.2,9.9,-9.6,12.1,-13.2,-48.0,-44.7,-41.5,-38.2,-51.1,-47.5,-44.1,-40.7,-33.5,-30.4,-27.2,-23.8,-72.2,-68.3,-64.3,-61.5,-72.4,-68.0,-63.7,-59.4,-40.3,-35.5,-30.4,-29.3,-24.1,-20.0,-60.6,-55.4,-50.3,-54.0,-55.1,-50.4,-41.2,-29.8,-25.5,-21.4,-17.2,-13.4,-10.0,-17.6,-11.5,2.6,5.3,25.1,15.3,18.2,21.0,23.8,26.7,47.2,54.3,45.5,47.2,43.6,38.1,44.0,45.6,41.8,38.3,27.5,36.3,38.2,46.9,60.9,67.8,67.9,71.1,95.1,108.3,97.6,97.0
87,CUW,:cw: Curacao 🏆,1572.5,67.6,0.0,2.9,5.6,8.6,11.3,13.9,15.2,-27.6,-25.5,-24.1,-22.5,-20.5,-17.9,2.9,5.3,-1.1,-28.1,-26.0,-23.8,-21.1,-23.5,-20.8,-18.1,-15.1,-33.6,-30.6,-27.8,-72.2,-51.0,-47.8,-44.8,-53.2,-98.3,-93.8,-89.4,-85.1,-88.7,-84.0,-79.1,-64.2,-73.9,-111.1,-76.5,-76.6,-71.2,-68.4,-44.5,-38.8,-11.2,-6.6,10.7,-2.7,9.3,20.1,23.6,41.2,47.5,37.9,68.0,84.4,87.6,88.4,89.5,90.4,91.3,110.7,106.8,106.8,94.2,93.8,88.2,77.8,71.4,60.6,50.9,46.3,52.4,53.3,64.3,44.9,39.8,35.3,84.4,85.2,123.8,104.7,103.6
88,BEN,:bj: Benin,1571.8,2.0,0.0,0.7,-7.0,-9.3,-0.8,-17.4,-15.1,-10.9,8.5,18.9,48.8,50.9,78.1,61.7,90.2,98.3,88.4,91.3,85.6,87.6,121.7,98.9,99.4,81.9,106.7,103.6,84.3,83.6,60.2,65.9,74.5,75.0,70.1,63.9,58.9,67.3,63.6,63.8,66.2,56.5,43.4,44.5,51.1,52.5,50.6,59.1,63.0,52.7,53.3,50.4,54.4,61.7,66.1,66.8,67.3,72.0,61.8,67.1,84.1,115.0,113.1,111.0,108.7,106.5,103.0,92.7,75.3,87.1,78.0,88.8,61.5,47.5,47.5,38.7,47.3,37.1,22.4,26.8,59.9,58.0,75.5,59.2,59.6,82.4,62.5,60.7,60.7
89,LUX,:lu: Luxembourg,1566.7,-15.2,0.0,-5.5,-10.2,-26.0,-32.2,-28.1,-27.7,-4.7,7.7,18.6,8.2,5.2,48.7,50.1,53.4,77.4,83.6,67.3,64.6,61.0,67.6,67.0,69.2,60.5,79.1,87.5,85.6,96.5,88.3,97.6,89.0,105.8,79.2,83.2,95.4,120.0,105.1,109.4,116.4,126.9,114.3,111.1,109.5,120.4,121.5,120.0,118.6,117.4,132.7,130.4,129.2,171.9,169.3,169.3,180.2,200.6,183.4,190.1,192.0,185.6,183.9,185.8,188.0,193.0,193.9,212.1,210.5,213.2,208.2,202.4,205.6,219.5,223.9,218.5,238.1,239.7,253.2,245.7,241.7,218.8,213.3,219.7,220.5,202.5,186.7,204.2,204.8
90,GAB,:ga: Gabon,1566.1,-26.1,0.0,-11.1,-6.0,-18.4,-23.8,-40.3,-39.0,-20.5,-36.3,-40.5,-25.2,-18.6,-19.5,-19.5,-7.0,8.0,9.8,33.4,46.5,24.8,32.3,48.4,56.7,60.3,45.8,49.4,39.3,39.8,36.8,40.1,35.7,27.5,19.9,8.3,10.9,10.4,11.4,14.9,15.7,4.2,32.7,21.0,17.0,23.2,8.8,8.4,1.6,6.2,10.4,-2.8,-6.5,0.4,-21.7,-14.8,-13.0,-27.3,-38.1,-33.7,-32.0,-30.7,-2.5,-2.4,-2.5,-2.8,-16.1,-12.4,-13.0,-22.5,-20.4,-11.6,-5.0,-6.7,2.0,-10.6,-33.1,-41.8,-27.5,-34.6,-30.4,-29.4,-43.6,-26.8,-28.5,-23.1,-47.7,-53.6,-54.0
91,NIG,:ne: Niger,1561.6,33.1,0.0,0.4,0.8,1.1,1.0,0.8,0.5,9.0,6.7,-14.0,-14.0,-20.9,-16.8,-16.2,-42.7,-25.0,-25.6,-23.1,-20.7,-18.0,-15.0,-4.9,-5.4,-1.8,27.1,40.6,38.5,54.5,49.2,37.6,31.6,39.3,61.5,43.1,24.7,23.4,27.3,29.8,33.4,28.9,9.1,2.3,16.6,5.7,21.9,18.9,13.9,27.9,28.5,28.6,19.4,21.6,21.9,22.3,26.9,14.3,25.7,33.8,34.4,30.5,0.2,0.8,1.3,2.0,-1.1,-2.6,-11.5,-17.3,-12.6,-16.3,-2.6,-3.6,-10.2,1.5,-2.5,-17.0,3.5,5.5,6.0,8.7,51.8,58.6,63.4,72.0,99.4,92.2,91.5
92,KAZ,:kz: Kazakhstan,1559.6,15.7,0.0,-4.9,-18.5,-26.0,-7.3,-3.2,-2.2,26.7,-5.2,23.0,1.4,10.9,37.5,29.9,15.6,9.8,6.8,15.8,-8.4,6.1,-3.8,-4.7,-1.9,-5.8,-15.4,-10.1,3.2,5.3,9.2,14.5,16.1,14.2,12.6,20.2,20.3,27.5,21.9,24.8,22.8,28.9,21.4,12.4,12.3,31.6,50.5,57.8,65.2,68.3,47.4,31.6,24.1,3.0,1.2,10.1,19.4,2.1,7.3,22.8,28.2,38.8,19.8,21.5,23.1,26.6,0.3,18.6,14.4,37.4,0.6,-8.5,36.7,26.7,20.3,40.1,60.1,62.2,73.4,55.4,46.4,47.3,25.7,22.7,8.8,-3.3,28.6,38.3,38.7
93,MNE,:me: Montenegro,1555.2,-55.4,,,,,,,,,,,-66.9,-58.0,-42.4,-25.6,-12.8,12.8,30.9,28.5,48.8,41.5,69.0,68.7,64.2,107.7,141.9,142.5,139.2,125.8,111.4,114.0,118.3,133.4,151.2,167.9,139.9,146.5,108.7,114.1,109.6,118.7,110.3,110.2,100.5,118.0,94.3,89.2,87.7,96.2,122.1,114.3,124.7,152.5,134.0,131.1,123.9,131.4,118.6,106.2,83.0,65.8,40.5,40.0,39.4,60.1,53.5,52.5,46.6,37.5,42.7,43.3,70.7,50.2,46.7,51.6,51.1,50.1,46.8,56.5,47.4,31.3,36.2,33.5,24.1,2.3,-27.0,-24.2,-22.3
94,PLE,:ps: Palestine,1551.7,24.7,0.0,0.6,-21.0,-20.1,-31.2,-15.3,-20.4,-23.9,-32.4,-33.2,-37.7,-38.5,-68.7,-68.3,-67.7,-68.8,-65.3,-74.2,-71.6,-77.5,-69.9,-67.3,-59.6,-77.9,-75.1,-62.3,-56.8,-86.5,-87.2,-83.0,-60.0,-56.8,-39.5,-33.0,-33.8,-36.6,-35.2,-33.9,-11.7,-26.3,-5.1,-43.9,-9.9,2.6,28.5,31.6,32.6,28.4,30.5,42.6,62.2,56.9,71.1,66.3,61.3,44.9,44.5,48.6,49.7,64.0,37.1,48.4,49.9,51.5,53.0,44.7,88.3,81.8,65.4,66.2,93.7,93.7,93.9,100.3,95.9,88.5,83.5,100.6,81.0,85.0,88.2,97.0,111.5,111.3,122.3,122.0,121.7
95,SYR,:sy: Syria,1548.9,27.1,0.0,-3.7,-1.7,0.2,4.1,20.0,18.6,1.8,18.7,19.2,24.8,23.7,51.0,57.6,54.0,52.7,54.7,81.3,92.7,90.3,61.6,82.2,80.5,55.3,60.3,54.3,61.0,70.6,69.9,68.5,67.0,35.4,57.4,45.6,44.5,37.5,18.0,14.1,14.3,14.4,26.9,36.0,53.9,59.9,50.2,46.8,47.6,57.9,84.7,101.7,108.3,136.7,138.2,135.9,136.1,129.7,129.4,88.0,78.4,47.4,51.9,53.1,54.3,55.2,56.0,46.9,31.5,37.6,19.0,30.0,34.3,24.0,13.7,18.4,16.9,23.2,11.1,21.7,-5.5,15.1,13.8,12.6,8.6,4.1,33.9,40.4,40.3
96,LBY,:ly: Libya,1548.3,9.9,0.0,-5.6,7.9,-10.5,-9.8,-1.0,4.5,1.6,-0.3,-6.2,-8.8,1.2,14.9,16.4,29.9,54.1,41.6,36.9,34.9,32.9,30.2,27.5,26.1,29.2,33.3,37.8,22.3,29.0,33.4,49.0,89.6,101.0,89.6,89.6,94.4,80.6,79.3,76.4,44.9,38.0,36.6,35.1,34.4,26.8,57.4,38.7,44.2,61.8,39.7,37.2,44.3,58.8,61.9,59.9,58.4,64.8,68.4,56.9,55.5,56.1,54.4,52.7,50.9,49.4,16.7,-11.4,-20.3,11.8,-12.9,-13.9,-19.3,-17.0,-12.2,-23.7,-31.7,-31.9,-14.7,8.6,-0.5,-14.3,-1.1,-9.3,-9.0,17.6,2.7,1.2,0.9
97,SLE,:sl: Sierra Leone,1542.4,10.9,0.0,1.8,5.9,8.0,6.2,8.6,10.9,12.6,-1.9,-8.9,-38.4,-36.1,-62.4,-59.9,-57.8,-51.3,-53.2,-50.7,-56.8,-53.8,-50.9,-45.5,-43.6,-24.9,-24.0,-38.3,-32.5,-14.9,-3.4,-29.9,-26.8,-23.6,-9.5,-9.4,-14.2,-8.9,-7.4,-6.2,-16.6,-22.2,-33.5,-31.9,-39.5,-25.2,-29.8,-29.8,-26.3,-11.6,-11.9,-12.6,-11.2,-12.2,-13.7,-20.3,-22.4,-32.5,-34.0,-35.6,-37.2,-47.1,-60.7,-60.9,-61.1,-61.1,-46.1,-46.1,-31.7,-30.7,-38.0,-22.6,-21.8,-36.6,-36.8,-47.6,-49.5,-55.8,-63.8,-69.6,-66.2,-78.4,-83.5,-59.0,-57.6,-40.6,-51.4,-48.4,-47.4
98,QAT,:qa: Qatar 🏆,1541.8,-24.2,0.0,-1.0,-2.1,-6.7,-10.2,19.6,16.1,19.3,6.4,-14.5,-15.7,-31.1,-31.2,-13.7,12.1,10.7,-14.0,-19.3,4.4,3.8,11.1,8.4,8.5,10.6,12.0,27.1,28.0,0.9,13.5,27.3,23.8,16.6,3.4,-2.9,-20.2,-15.7,6.5,13.5,16.8,12.3,62.6,30.0,30.3,49.7,55.8,45.2,41.5,32.6,53.7,31.9,45.8,14.7,2.1,16.9,18.5,29.1,45.2,182.7,178.1,159.3,127.3,124.8,122.5,120.2,109.6,114.7,108.0,128.2,142.4,139.7,136.5,129.1,96.0,76.9,66.0,62.5,82.9,132.8,100.9,63.4,25.4,18.3,24.9,9.8,-7.2,-6.2,-5.8
99,UGA,:ug: Uganda,1539.9,8.6,0.0,2.4,1.9,1.2,35.3,34.9,34.5,36.4,33.5,39.7,49.5,51.7,53.9,50.9,67.2,44.6,51.6,92.3,90.3,88.5,124.1,125.4,122.5,132.4,131.9,144.1,144.9,126.4,128.5,105.6,123.3,109.3,131.6,108.2,105.2,95.1,92.2,87.2,69.2,100.1,81.8,89.4,92.6,87.7,124.9,109.9,113.0,102.6,108.5,94.0,113.1,123.1,112.8,106.7,90.2,79.5,108.4,84.9,104.0,99.7,115.8,113.0,110.1,107.4,73.1,56.5,53.0,53.9,68.8,55.4,40.5,34.5,33.6,35.3,29.9,44.4,26.6,22.8,16.4,34.2,32.4,24.5,19.4,42.9,33.9,33.3,32.9
100,ZAM,:zm: Zambia,1539.7,-21.6,0.0,12.1,22.7,22.7,62.0,53.2,48.0,68.0,61.0,62.7,62.9,88.4,77.1,83.7,52.2,65.3,58.4,43.9,23.8,17.9,49.7,76.1,70.9,75.4,47.6,70.0,80.1,66.7,58.3,143.5,152.0,143.5,125.8,91.3,85.9,89.6,65.5,65.6,61.3,47.0,72.9,62.6,37.8,49.7,46.9,45.6,9.4,3.2,8.0,7.9,-1.7,47.6,46.2,34.1,23.0,27.4,8.1,21.4,20.5,19.9,1.4,2.3,3.1,4.8,12.9,42.4,43.5,18.9,10.6,13.7,13.8,23.6,19.9,32.3,57.8,49.9,39.3,36.9,-13.6,-23.4,4.3,-0.4,-0.2,-9.9,-20.4,-22.3,-21.8
101,TRI,:tt: Trinidad & Tobago,1538.0,-25.8,0.0,-54.3,-36.6,-34.7,4.2,11.3,12.8,9.8,11.6,-12.0,-31.6,-30.2,-29.0,-27.4,-32.7,-11.2,10.3,11.6,-4.2,-16.3,-20.6,-20.0,-19.7,-29.2,-41.4,-40.8,-40.5,-30.8,-53.3,-47.5,-47.3,-51.6,-67.8,-76.9,-82.5,-54.7,-43.8,-44.6,-50.6,-51.4,-43.8,-49.2,-62.9,-19.6,2.6,-6.1,-18.1,-37.1,-50.0,-54.0,-55.3,-85.2,-70.0,-69.4,-73.0,-65.1,-68.0,-68.0,-94.3,-102.0,-118.4,-117.3,-116.4,-115.1,-113.6,-106.0,-109.3,-95.0,-94.1,-93.2,-101.7,-112.9,-111.4,-100.5,-94.0,-79.3,-64.5,-70.7,-76.3,-86.8,-77.4,-58.1,-63.4,-78.5,-78.5,-84.1,-83.7
102,OMA,:om: Oman,1537.6,-35.8,0.0,-2.0,3.8,1.6,-8.7,5.2,4.9,23.3,7.8,27.5,32.3,32.5,9.1,7.1,10.9,3.0,34.3,65.6,60.5,63.2,59.0,56.4,59.3,44.2,39.5,43.4,42.2,25.2,46.7,55.7,51.3,46.9,48.1,59.3,63.8,73.0,80.7,74.8,84.9,77.9,70.1,50.6,44.2,28.9,14.8,-3.0,-3.4,-8.0,-9.4,-1.0,-11.2,-6.2,-1.2,19.7,17.1,16.8,6.6,9.0,7.0,17.0,16.4,13.6,11.3,9.3,7.4,2.6,6.5,28.1,39.2,70.2,67.5,65.1,76.6,91.9,79.6,75.2,61.6,62.8,54.2,34.3,48.5,59.6,36.9,37.5,23.4,23.1,22.8
103,COM,:km: Comoros,1537.0,-6.9,,,,,,-63.5,-63.1,-63.8,-25.5,-24.0,-22.6,-28.5,-63.3,-60.9,-58.4,-55.9,-53.4,-51.3,-49.3,-47.2,-18.9,-16.7,-14.6,-12.3,-9.3,-11.2,4.7,7.9,-0.4,2.7,5.8,9.0,12.3,15.8,19.1,22.2,25.2,35.7,56.2,58.7,61.0,63.2,68.4,70.0,109.7,127.9,127.4,134.1,143.8,160.7,155.7,155.2,165.6,169.6,151.7,166.5,203.0,200.0,200.6,202.8,246.3,247.1,247.9,248.6,279.5,271.1,257.7,274.2,275.9,305.6,310.7,290.4,290.0,281.1,290.0,253.7,297.1,309.3,324.6,336.9,392.1,380.7,374.3,374.3,382.4,373.5,372.0
104,DOM,:do: Dominican Rep.,1535.7,-4.4,0.0,2.2,4.5,6.6,8.7,11.2,14.1,0.4,9.9,13.1,16.3,19.3,22.4,4.8,7.2,9.5,4.2,7.0,9.7,12.8,16.1,19.4,22.4,25.1,24.7,27.0,29.0,35.6,52.3,53.7,55.0,55.4,71.4,80.1,81.5,76.6,78.2,79.7,80.9,66.0,58.5,47.7,4.2,6.6,8.9,13.3,24.9,47.6,44.4,48.0,51.8,55.4,79.0,87.6,92.7,98.0,99.8,83.1,89.5,76.8,49.2,55.5,61.5,67.4,72.6,69.9,51.9,56.8,61.8,66.5,78.5,83.3,80.3,87.8,87.6,80.5,89.6,91.8,97.7,103.0,138.5,143.9,144.5,141.0,145.7,139.8,140.5
105,TOG,:tg: Togo,1534.4,-5.7,0.0,20.6,43.3,52.2,46.5,-2.1,-23.9,-33.5,-38.7,-26.3,-34.2,-28.5,-38.9,-43.6,-55.9,-64.7,-47.3,-23.5,-27.9,-36.7,-46.1,-45.3,-55.6,-81.6,-105.9,-115.7,-113.0,-105.4,-106.4,-111.6,-124.2,-117.7,-93.0,-77.7,-83.7,-75.2,-75.7,-76.3,-77.1,-93.6,-99.9,-103.0,-100.9,-102.7,-134.6,-133.1,-124.9,-122.0,-119.6,-132.7,-130.9,-131.4,-127.2,-124.5,-123.5,-126.9,-139.6,-143.2,-141.5,-137.0,-157.0,-154.5,-152.2,-150.1,-161.6,-173.6,-166.1,-185.2,-146.2,-135.9,-160.9,-159.7,-158.3,-156.5,-138.0,-127.4,-123.8,-121.3,-136.7,-135.7,-139.7,-147.7,-145.9,-150.3,-162.5,-153.5,-152.4
106,CHN,:cn: China,1534.2,14.2,0.0,-0.1,2.3,19.1,14.9,-8.8,-11.9,-24.9,-25.3,-23.3,-34.8,-45.5,-27.4,-43.9,-55.9,-55.6,-65.5,-64.9,-65.3,-60.8,-55.0,-28.1,-16.0,-25.7,-20.3,-12.1,-6.5,-15.4,-30.9,-14.6,-8.7,-13.3,-15.8,-23.9,-46.6,-17.1,-37.7,-54.7,-55.8,-51.0,-46.1,-26.0,-21.9,-42.9,-54.9,-38.1,-38.7,-37.9,-72.9,-53.6,-47.0,-21.2,-36.6,-57.6,-52.5,-55.9,-63.6,-92.6,-89.0,-75.5,-91.5,-89.0,-86.8,-84.8,-83.1,-81.8,-48.6,-69.5,-61.1,-99.3,-98.1,-97.4,-96.5,-96.2,-88.8,-98.5,-108.7,-134.9,-137.6,-162.5,-143.6,-151.6,-150.4,-152.2,-148.7,-137.5,-135.7
107,MOZ,:mz: Mozambique,1529.5,-41.8,0.0,1.7,-8.0,6.0,7.4,8.4,1.4,2.9,-6.0,9.7,40.4,43.2,43.0,39.2,38.1,67.8,76.5,86.8,73.8,79.1,81.9,49.3,46.9,42.8,42.5,23.9,17.7,10.0,22.0,17.8,1.9,17.0,5.3,1.7,-17.8,-3.6,-3.6,-3.2,-6.7,13.3,23.6,29.6,12.0,-3.2,11.8,18.6,20.5,20.5,15.8,22.6,4.8,4.3,10.3,9.8,10.9,7.1,-4.3,0.7,-10.4,4.3,31.1,30.0,28.9,27.7,-7.0,-27.4,-20.6,-16.0,-15.9,-19.4,-5.2,-1.0,-1.8,-10.9,9.4,10.9,14.7,27.2,47.6,75.2,82.1,87.8,82.2,70.2,59.0,45.1,45.0
108,ZIM,:zw: Zimbabwe,1529.2,-24.3,0.0,6.9,36.3,30.9,19.8,27.2,16.6,7.9,-9.0,-7.8,-23.3,-18.2,-18.3,-15.7,-20.3,-26.1,-46.4,-45.0,-50.1,-54.5,-79.8,-79.8,-77.3,-77.6,-79.9,-77.7,-63.0,-43.7,-56.8,-65.6,-68.9,-53.5,-61.6,-56.6,-72.3,-72.0,-70.5,-61.3,-75.1,-74.9,-74.8,-74.8,-74.8,-75.0,-74.3,-61.2,-40.8,-40.5,-31.6,-39.2,-5.3,10.8,-6.4,-12.0,-6.0,-3.3,6.0,14.1,-10.4,-43.0,-34.2,-34.4,-34.5,-34.7,-29.2,-39.6,-39.2,-67.2,-89.6,-82.8,-81.0,-79.5,-78.2,-77.1,-76.2,-77.1,-62.2,-65.9,-73.3,-71.1,-48.0,-34.5,-40.2,-66.6,-70.6,-59.2,-59.2
109,MAD,:mg: Madagascar,1527.4,36.7,0.0,-8.2,-7.7,-7.2,1.2,0.8,-26.8,-36.4,-35.7,-38.8,-41.0,-29.0,9.8,20.9,22.1,15.6,16.0,17.2,18.4,19.6,21.1,22.4,23.4,23.1,5.0,10.1,5.5,-0.5,-4.6,-27.0,-29.9,-28.2,-26.4,-24.5,-22.8,-21.0,-19.3,-17.2,1.0,3.0,5.2,7.4,32.6,23.4,43.2,34.6,11.0,23.2,24.6,28.3,77.1,77.8,83.3,80.8,72.4,81.9,79.2,79.8,128.6,109.4,137.4,137.6,138.3,138.8,142.3,110.2,111.3,88.9,83.3,84.9,75.8,71.4,72.7,30.8,39.1,44.7,70.5,60.4,81.8,82.2,60.0,66.3,62.5,91.3,99.2,103.8,102.7
110,EQG,:gq: Equatorial Guinea,1526.0,-58.2,0.0,7.8,10.4,12.9,15.5,59.4,62.9,74.0,77.3,100.4,100.9,129.0,128.7,131.5,138.8,137.9,130.0,125.0,119.4,121.6,124.0,126.5,129.0,132.1,124.2,138.4,141.9,142.9,142.7,152.6,148.9,144.2,162.0,165.9,167.7,167.3,172.3,175.2,179.1,181.5,183.7,200.9,197.8,171.0,184.0,174.3,172.8,184.6,186.6,187.7,183.3,178.5,181.6,182.6,181.2,185.3,158.6,184.7,185.2,164.5,152.6,153.7,154.7,155.5,179.9,185.7,184.5,181.2,221.4,244.8,237.9,232.5,229.1,246.6,257.4,255.2,250.1,281.2,275.3,256.4,244.8,237.9,233.2,214.2,175.0,178.5,178.3
111,ARM,:am: Armenia,1521.9,-8.5,0.0,-3.0,-18.1,-8.4,11.5,6.4,7.2,6.1,14.1,18.2,56.4,68.1,52.3,60.1,65.4,53.1,35.3,30.8,22.4,20.0,25.0,21.9,29.2,30.8,64.1,69.3,66.7,108.4,124.4,125.8,127.9,124.9,118.6,96.8,112.7,124.8,154.0,151.0,145.1,136.9,139.7,131.8,127.7,126.2,98.6,98.4,117.7,111.6,103.7,114.9,102.6,84.6,76.6,68.2,63.5,52.1,47.8,35.1,62.2,79.5,33.1,32.9,32.7,39.3,68.3,103.5,103.5,76.8,47.3,42.7,32.9,19.6,18.9,16.2,54.9,69.7,57.7,52.9,56.1,58.8,32.5,12.0,10.8,23.3,6.0,3.3,4.3
112,TAN,:tz: Tanzania,1518.8,-35.3,0.0,0.4,0.7,0.9,22.7,24.0,28.4,55.9,111.6,106.4,147.4,136.5,129.6,128.1,130.4,154.1,173.2,167.5,162.8,169.3,163.4,159.0,156.8,169.7,181.8,175.6,158.0,159.2,114.1,113.2,130.9,134.1,171.8,198.1,189.8,176.8,189.6,190.4,194.5,165.0,169.7,167.8,118.9,127.0,163.3,178.8,169.2,173.5,168.3,179.8,174.8,187.3,176.9,183.4,183.9,193.3,182.4,204.3,189.4,183.3,169.1,170.7,172.1,173.4,172.6,173.9,180.9,200.8,183.7,186.4,173.5,178.1,178.2,175.7,180.7,197.0,196.1,196.2,213.3,221.2,228.1,225.0,229.4,206.9,193.8,188.3,188.6
113,KEN,:ke: Kenya,1518.5,-18.5,0.0,-9.6,1.1,-6.5,-29.9,-28.4,-27.0,-55.5,-54.8,-46.7,-50.0,-32.0,-40.0,-38.0,6.5,10.8,14.8,21.4,25.0,14.5,-19.4,-29.8,-26.1,-13.2,-39.6,-32.8,-36.6,-28.9,-0.7,9.8,-6.9,-3.7,17.0,45.6,40.0,27.5,38.3,40.6,25.7,-0.1,-0.7,2.8,17.7,6.9,23.2,-3.2,7.2,17.8,32.3,38.8,34.6,37.7,44.4,37.4,8.9,28.9,43.1,43.7,48.1,33.5,26.3,26.6,26.8,27.0,8.2,30.0,30.6,29.4,12.9,14.4,15.7,17.1,18.5,19.7,4.8,4.5,15.5,39.2,41.1,57.3,34.6,18.4,18.5,2.4,-4.8,-0.1,0.3
114,NCA,:ni: Nicaragua,1509.0,-23.9,0.0,-1.7,-1.2,-0.7,-0.3,0.0,0.3,0.6,0.9,4.9,5.3,5.5,5.7,-11.5,-9.1,-6.7,-4.5,18.1,20.0,14.4,13.9,13.3,12.7,5.6,5.1,-0.6,3.7,24.1,18.0,36.1,35.2,37.3,39.3,37.8,39.8,41.6,43.6,46.1,48.6,48.2,46.8,62.0,104.3,122.7,149.7,154.3,156.5,153.6,152.9,172.2,173.9,181.5,163.6,170.1,172.0,180.0,171.5,178.9,145.3,119.0,102.3,106.5,109.1,111.6,120.5,133.8,146.9,152.6,149.8,152.7,160.9,157.4,159.8,170.4,169.5,193.9,205.7,198.9,221.1,224.1,213.1,213.6,204.9,203.7,188.6,189.2,189.9
115,SDN,:sd: Sudan,1506.0,-50.8,0.0,14.6,10.9,29.8,-6.9,-7.1,-6.6,1.1,53.7,65.9,81.4,96.3,113.2,54.8,62.1,74.4,89.5,75.6,58.0,56.5,43.0,41.8,27.2,42.3,58.2,63.1,84.6,106.4,114.1,118.0,122.4,121.2,77.6,64.7,60.1,27.9,66.5,67.2,67.9,36.3,40.3,38.8,46.5,41.6,7.2,26.2,27.1,24.4,25.9,27.4,4.6,6.3,7.7,8.8,9.8,7.6,31.4,6.5,7.8,23.5,30.5,37.3,38.3,55.6,68.8,97.5,100.9,72.6,53.7,53.3,48.4,55.1,53.0,63.2,42.3,36.8,64.2,61.7,108.6,104.1,107.7,107.2,105.3,91.3,57.6,55.2,55.2
116,SLV,:sv: El Salvador,1502.4,-43.4,0.0,-4.9,-5.2,-7.3,-7.7,-8.2,-8.7,-11.1,-16.7,-36.4,-32.5,-25.1,-25.1,7.3,30.5,83.7,89.4,96.5,128.3,138.8,122.9,117.2,117.5,111.8,109.9,108.4,124.2,137.6,170.7,160.1,160.5,152.4,138.4,132.3,131.0,123.7,122.3,120.6,118.7,121.0,111.4,111.3,108.9,119.9,104.6,87.2,76.9,61.2,63.3,78.9,78.2,90.7,97.9,98.9,105.9,97.3,92.0,124.2,116.8,108.4,109.7,108.3,109.0,109.5,104.0,86.1,127.7,130.8,120.4,127.3,120.0,115.8,111.3,111.7,114.3,95.5,98.6,95.9,87.2,98.5,75.2,77.1,60.5,67.0,25.0,32.2,34.7
117,FRO,:fo: Faroe Islands,1496.8,65.1,0.0,-0.6,-8.1,-28.8,-22.2,-22.9,-26.1,-59.3,-60.6,-61.9,-53.6,-50.2,-56.6,-60.5,-61.3,-55.0,-36.4,-27.6,-29.6,-1.6,-7.7,-11.5,-11.9,-27.1,-27.3,-28.3,-12.6,-18.8,-19.9,-21.2,-22.5,-23.6,-30.1,-42.8,-44.7,-45.4,-55.9,-56.6,-57.3,-63.1,-37.6,-31.1,-9.4,-18.7,-24.0,-18.7,-30.8,-17.5,0.2,-7.8,-11.3,-13.8,-10.6,-1.0,-2.5,-1.3,-21.8,-37.3,-44.7,-53.7,-61.9,-63.1,-64.4,-50.5,-43.0,-47.3,-41.2,-39.3,-35.2,-37.7,-33.3,-12.9,-15.1,-16.0,-36.4,-50.2,-32.8,-26.0,-44.6,-44.2,-20.7,-15.8,-17.4,-8.6,51.4,49.3,48.4
118,AZE,:az: Azerbaijan,1496.3,-2.5,0.0,-17.6,-28.8,-28.8,-29.5,-24.5,-16.5,-18.5,-22.6,-2.7,-5.9,0.2,-24.5,-22.6,-18.6,-22.4,-11.4,-6.0,-18.1,-28.9,18.7,31.0,30.3,23.3,33.1,21.6,11.9,21.8,14.0,7.0,2.9,11.8,26.5,20.4,13.9,32.7,51.9,51.6,49.9,34.2,17.9,26.6,32.7,40.8,26.7,22.8,14.1,13.2,27.2,28.1,19.0,13.9,4.2,1.1,6.0,1.4,1.8,6.5,-25.6,-8.7,-15.5,-14.4,-13.5,-10.7,-6.1,-3.8,-2.4,-7.9,-44.9,-53.5,-47.9,-12.2,1.7,-16.4,-18.1,-8.8,32.0,23.5,23.5,10.3,-23.2,-36.6,-35.8,-38.9,-47.4,-39.2,-38.1
119,MTN,:mr: Mauritania,1496.3,-10.7,0.0,1.5,3.0,4.5,6.0,7.5,8.6,30.5,30.4,33.8,38.6,38.2,48.3,49.6,-10.9,-18.1,-18.3,-15.9,-13.6,-11.5,-9.6,-7.8,-5.8,-6.6,-4.9,-3.4,-1.6,0.4,2.5,4.4,-10.4,-8.1,-5.8,10.3,10.7,24.5,30.4,31.5,48.0,34.1,36.7,45.9,52.5,77.1,81.8,99.0,103.0,117.3,115.8,118.7,129.2,122.7,116.8,125.2,126.4,148.6,145.3,144.2,133.2,144.8,167.8,166.5,165.2,163.7,136.8,160.1,164.6,139.7,118.7,102.3,130.2,142.0,141.4,133.8,153.6,159.6,139.5,150.9,120.7,116.2,123.3,113.0,107.8,110.0,96.5,101.8,102.6
120,LVA,:lv: Latvia,1492.0,7.6,0.0,11.8,-10.6,-14.2,-21.3,-21.5,-22.5,-29.4,-16.6,-49.4,-61.8,-52.9,-21.5,-10.2,-0.7,-2.8,-5.4,8.2,8.9,30.9,14.6,6.5,-0.8,-10.4,-23.8,-25.3,-40.9,-25.2,-25.9,-29.0,-4.0,-28.9,-29.0,-41.6,-65.1,-53.7,-71.1,-73.4,-64.0,-55.9,-79.2,-60.6,-64.9,-59.1,-68.6,-66.1,-60.1,-59.0,-104.8,-109.3,-121.0,-137.4,-134.2,-146.7,-142.1,-153.0,-167.5,-174.2,-206.9,-226.7,-204.2,-203.4,-202.6,-208.1,-196.4,-179.2,-175.9,-166.4,-138.1,-134.8,-112.8,-132.7,-129.8,-128.0,-134.4,-149.1,-141.4,-144.6,-154.6,-159.8,-179.0,-170.2,-159.5,-155.8,-163.3,-162.6,-161.4
121,RWA,:rw: Rwanda,1490.0,7.6,0.0,2.1,-3.0,-10.4,-25.8,-25.0,-24.3,-40.1,-38.8,-53.7,-39.6,-23.8,-15.5,-15.0,30.9,37.8,33.6,2.1,-9.1,-30.4,-9.9,-13.3,-15.0,-18.9,-52.4,-41.5,-57.8,-74.2,-7.4,-4.6,-36.1,-37.6,-35.4,-48.1,-41.3,-58.2,-68.8,-66.9,-38.6,-21.4,-22.6,-27.7,-14.2,-15.5,-34.9,-36.1,-58.6,-42.5,-43.5,-44.5,-51.1,-52.1,-46.3,-47.3,-48.4,-55.2,-63.5,-69.7,-70.2,-39.1,-61.6,-62.3,-62.9,-63.8,-58.8,-40.9,-23.3,-30.8,-73.8,-73.5,-69.2,-68.9,-68.0,-63.2,-86.6,-77.3,-57.6,-43.4,-41.6,-29.2,-26.8,-50.8,-52.2,-35.6,-61.2,-43.1,-43.5
122,EST,:ee: Estonia,1488.0,-24.8,0.0,4.3,15.3,35.0,45.9,43.3,46.0,26.1,30.3,5.2,0.9,8.8,9.3,15.8,9.1,-10.9,7.2,6.2,22.8,23.5,39.1,35.5,40.2,36.4,44.1,63.4,29.1,71.0,76.3,81.4,65.0,44.8,39.5,35.9,26.1,26.7,22.1,21.9,12.3,27.0,10.0,5.3,12.7,19.5,29.1,30.5,10.9,-6.3,-17.6,1.2,2.3,20.9,29.4,28.4,21.0,10.0,12.6,11.0,-11.4,-33.4,-36.6,-36.4,-36.0,-52.4,-53.1,-73.2,-44.9,-32.8,-13.3,-31.3,-24.6,-14.9,-10.9,1.3,-3.1,-27.8,-57.1,-66.4,-50.4,-55.8,-44.6,-31.4,-39.0,-52.4,-50.2,-56.9,-55.7
123,IDN,:id: Indonesia,1486.7,17.5,0.0,-14.0,-12.4,-10.8,-9.2,-7.9,-8.3,-31.8,-23.4,-25.0,-11.4,-5.8,-44.2,-40.8,-37.8,-19.2,-52.1,-19.7,-16.9,-14.2,-16.9,-15.7,-14.0,-11.9,-11.7,-9.1,-6.5,-5.1,-34.2,-54.0,-36.6,-35.3,-51.9,-56.4,-53.1,-41.9,-28.3,-19.5,-16.2,-13.5,-27.9,-25.8,-21.9,-17.8,-13.9,-9.8,-5.8,4.0,-1.8,-14.7,-10.9,-11.5,-3.2,-1.6,3.4,10.5,-14.1,-1.5,7.7,-37.6,-77.6,-71.0,-64.6,-58.4,-52.6,-47.0,-78.6,-72.3,-41.8,-31.6,-0.9,14.2,16.2,26.0,31.9,42.1,36.9,65.5,58.9,86.6,47.7,56.2,61.4,69.6,71.5,74.0,76.3
124,CYP,:cy: Cyprus,1485.8,26.0,0.0,4.9,5.5,10.7,8.3,5.9,6.5,-7.6,29.3,15.8,15.6,14.4,33.3,32.2,28.2,22.7,32.6,35.9,15.6,4.0,35.2,29.7,26.7,38.0,21.5,0.1,-2.0,-21.8,-43.8,-42.0,-42.8,-44.0,-63.7,-56.1,-51.5,-73.1,-80.6,-80.2,-78.7,-50.6,-49.1,-57.9,-51.7,-53.5,-37.0,-37.8,-38.7,-48.9,-62.2,-63.0,-70.6,-56.3,-70.7,-69.3,-76.5,-68.7,-69.3,-63.8,-58.5,-55.3,-69.8,-69.8,-69.9,-96.3,-111.5,-76.5,-80.6,-118.6,-141.8,-122.5,-125.7,-118.5,-114.3,-115.9,-122.0,-135.0,-148.6,-147.2,-144.6,-147.3,-157.3,-154.7,-152.0,-130.3,-128.8,-128.3,-127.7
125,BDI,:bi: Burundi,1484.7,11.0,0.0,1.0,2.1,3.3,-27.7,-25.8,-23.7,-24.5,-9.3,-16.7,-9.4,0.6,-7.7,-7.1,-18.6,-9.6,-26.9,-35.1,-33.2,-31.5,-46.1,-44.5,-43.3,-29.3,-28.3,-45.3,-29.1,-28.0,-33.6,-22.7,-26.3,-26.0,1.4,1.6,2.0,2.2,-6.8,-8.0,-12.1,-0.5,0.9,0.1,0.7,15.0,7.6,9.9,1.4,-10.1,-8.3,-9.9,-1.1,0.4,-1.6,-1.1,-0.9,11.0,35.2,31.6,1.2,-3.6,-86.0,-74.7,-74.8,-75.0,-37.3,-35.6,-36.1,-31.1,-32.1,-29.5,-30.1,-30.3,-34.9,-41.3,-26.6,-34.8,-25.8,-34.5,-27.3,-12.6,-35.0,-21.8,-14.4,-26.8,-47.9,-10.4,-10.8
126,LTU,:lt: Lithuania,1484.3,5.7,0.0,8.9,32.6,19.6,18.9,24.9,33.3,40.9,41.7,38.5,41.3,31.8,77.8,76.4,61.8,119.7,90.3,85.2,73.6,49.9,65.0,62.6,60.3,75.2,69.3,69.1,39.4,28.5,10.0,8.7,-13.6,-19.6,-19.6,-17.9,-23.8,-31.7,-17.9,-20.0,-15.2,-15.3,-29.1,-36.5,-51.5,-67.6,-62.4,-65.1,-53.7,-49.4,-42.0,-47.2,-51.3,-82.6,-80.8,-80.9,-96.6,-100.6,-122.5,-126.2,-128.6,-144.5,-145.6,-144.7,-143.8,-138.6,-114.8,-114.8,-140.4,-162.2,-147.9,-147.9,-178.4,-182.7,-188.4,-179.2,-172.7,-166.4,-135.8,-138.8,-127.5,-140.2,-150.1,-135.4,-136.1,-131.4,-137.1,-129.5,-128.1
127,BHR,:bh: Bahrain,1482.4,-45.4,0.0,31.6,29.2,7.7,12.5,-7.6,-10.0,-25.5,-15.7,-8.9,-23.1,-39.7,-33.7,20.4,22.4,31.9,18.9,64.2,75.6,92.8,82.1,46.9,46.4,45.6,15.3,10.3,9.9,29.0,45.4,64.2,25.9,17.4,19.0,7.6,5.8,1.6,-3.1,-4.5,-5.4,-1.2,-7.9,-4.9,-23.2,-22.7,-48.6,-28.7,-29.5,-27.4,-26.3,-46.1,-46.3,-39.1,-35.2,-29.5,-30.7,-35.4,-13.3,-25.4,-26.6,6.9,37.7,34.4,31.1,27.9,38.7,35.4,49.7,50.1,29.4,35.1,40.6,27.0,23.5,29.9,28.5,15.2,1.3,4.9,-2.5,9.1,18.5,11.5,-15.5,-16.0,-33.5,-34.1,-34.7
128,GNB,:gw: Guinea-Bissau,1477.4,-11.8,0.0,3.1,6.6,10.1,30.8,33.7,36.6,38.5,39.8,41.1,42.6,43.8,40.0,41.0,41.8,42.3,42.6,42.9,43.3,43.5,43.7,44.0,44.3,51.8,46.6,43.7,38.4,43.7,24.8,23.8,28.4,30.6,32.9,35.3,37.9,40.5,43.2,45.7,59.3,42.7,45.7,48.6,60.2,44.8,30.1,62.0,75.9,73.5,75.1,69.8,76.7,78.0,79.3,69.7,70.9,75.7,85.7,79.0,67.7,58.0,51.6,53.1,54.7,56.1,57.8,89.3,89.7,117.4,99.5,91.9,101.8,101.8,96.2,114.1,107.6,114.0,106.2,73.9,72.7,69.2,54.0,27.4,17.6,18.4,12.8,15.1,17.2
129,LBR,:lr: Liberia,1475.4,24.3,0.0,-11.2,-40.7,-46.1,-74.1,-72.9,-71.0,-76.8,-66.5,-62.2,-64.2,-75.6,-71.8,-59.2,-57.3,-66.8,-60.4,-57.8,-55.4,-52.9,-50.6,-48.3,-46.2,-48.5,-43.1,-47.4,-32.8,-39.9,-32.8,-30.3,-23.1,-5.3,-16.0,4.2,-4.4,-3.2,-2.1,-1.1,-20.9,-19.7,-18.5,-17.2,-18.0,-1.4,9.5,7.3,3.5,-4.7,-6.5,-6.6,-15.1,-14.2,-13.4,-12.5,-11.9,-9.2,1.2,4.1,3.8,13.8,4.1,4.5,4.6,4.8,4.8,4.9,6.7,15.8,15.2,-1.5,-1.7,-5.3,-4.8,-5.7,-5.1,-6.9,-33.5,-49.3,-42.7,-48.4,-54.0,-62.8,-60.2,-61.8,-38.0,-37.8,-36.9
130,THA,:th: Thailand,1475.0,8.9,0.0,-1.2,-2.5,-3.9,-5.3,4.1,2.7,1.3,13.5,-1.1,5.3,22.7,58.4,45.3,42.6,44.3,61.9,88.8,89.3,92.3,92.2,88.3,82.8,89.1,60.1,59.6,59.5,82.0,63.1,59.1,59.6,55.4,63.8,25.7,40.2,40.6,32.5,9.3,11.3,13.2,47.8,51.3,50.1,55.7,78.3,87.8,101.8,89.9,107.5,80.5,83.2,88.0,98.6,101.4,96.3,97.1,99.1,101.2,72.8,94.1,96.6,97.3,98.5,99.5,100.3,101.0,57.1,58.0,106.3,105.0,100.2,93.0,96.4,97.1,95.9,96.7,92.9,126.2,134.1,139.9,122.9,90.6,76.2,76.8,99.1,99.8,100.0
131,ETH,:et: Ethiopia,1468.9,-1.3,0.0,-5.7,-5.9,-6.1,63.5,62.4,61.3,70.5,38.6,39.4,43.0,21.4,26.1,25.2,38.9,39.4,40.0,40.6,41.3,42.3,39.8,41.1,42.3,8.6,60.5,54.7,53.0,57.8,48.9,44.5,80.7,72.6,73.0,68.6,86.7,100.0,89.4,89.6,89.9,73.8,73.4,74.0,67.4,65.9,13.6,14.7,28.0,22.6,23.3,23.9,14.5,6.9,11.3,11.9,12.4,19.7,-3.1,-2.3,-1.8,-3.8,14.2,15.3,16.5,17.4,17.5,50.9,50.8,62.7,73.8,67.5,79.4,73.1,73.0,59.7,58.9,72.3,62.7,52.9,45.6,54.0,46.6,56.3,56.3,40.9,50.7,54.8,55.0
132,GUY,:gy: Guyana,1457.1,19.9,0.0,7.4,10.1,18.5,26.2,38.2,38.1,113.0,135.0,122.3,123.0,123.7,124.5,119.7,88.1,72.5,64.3,64.4,54.5,54.4,75.4,74.7,73.8,74.0,80.3,79.6,87.4,100.3,131.0,119.9,99.5,103.0,71.5,72.2,73.0,73.8,74.6,74.8,74.6,34.1,34.6,39.2,28.0,28.6,28.9,54.2,52.2,52.5,41.9,42.0,41.9,42.0,36.0,36.6,37.0,37.2,50.2,46.2,39.1,30.3,54.3,54.0,53.8,53.3,52.7,46.4,15.8,9.6,9.4,29.4,10.5,12.3,13.8,22.5,23.1,31.5,81.8,84.0,86.0,73.9,66.4,77.1,82.1,82.8,91.4,97.3,97.5
133,LBN,:lb: Lebanon,1455.0,-3.9,0.0,-2.0,0.0,1.9,3.6,6.1,7.9,9.4,6.2,8.6,-11.9,-7.6,-6.0,-39.6,-69.5,-67.3,-65.1,-84.9,-82.7,-94.8,-100.8,-116.4,-112.9,-109.6,-106.6,-104.2,-102.1,-125.5,-54.8,-58.8,-79.1,-58.9,-60.0,-51.3,-48.8,-37.1,-35.9,-8.6,-7.0,-5.5,-11.2,-10.1,-22.9,-41.8,-14.4,-40.4,-39.4,-35.5,-34.7,-27.8,-22.1,-16.0,14.0,7.9,8.4,14.2,5.8,1.7,2.3,-25.9,-20.5,-19.7,-19.1,-18.6,-23.7,-26.7,-54.4,-37.8,-14.4,-41.8,-40.9,-40.1,-50.3,-52.1,-82.9,-79.6,-79.0,-101.1,-80.9,-73.8,-52.4,-46.1,-55.7,-44.1,-53.0,-50.7,-49.4
134,CUB,:cu: Cuba,1449.8,-45.2,0.0,27.2,26.3,11.1,10.7,10.2,9.8,24.4,45.3,41.0,23.3,22.4,21.5,19.8,39.3,1.2,4.4,5.7,6.9,7.6,8.5,9.6,11.1,12.5,39.9,28.1,-15.4,-13.0,-9.2,-10.6,-14.5,-27.9,17.3,18.7,20.1,7.4,8.1,10.5,10.6,3.4,-0.3,6.9,-5.9,-19.8,-39.8,-45.2,-43.7,-42.3,-42.7,-40.2,-37.7,-34.6,-31.6,-33.5,-30.4,-11.9,3.5,8.2,-21.5,-32.6,-34.0,-30.9,-28.0,-25.4,-23.0,-29.0,-22.0,-19.5,-12.6,-2.3,14.9,16.9,26.1,28.4,21.4,29.6,13.4,20.8,12.1,18.4,4.8,-9.9,-35.6,-33.6,-61.6,-55.3,-54.1
135,NAM,:na: Namibia,1447.8,-36.1,0.0,8.5,0.4,2.1,3.6,4.7,6.1,1.1,10.8,9.8,23.0,56.5,56.0,53.9,39.2,50.2,68.9,65.7,80.6,73.3,68.3,68.4,67.2,48.8,47.6,35.6,17.7,37.4,49.9,53.6,61.6,59.6,59.3,39.9,59.0,59.8,58.5,56.3,53.1,46.2,45.1,44.1,87.2,74.8,75.4,73.6,90.4,88.3,86.7,85.1,78.2,76.5,84.4,84.3,68.3,62.1,80.7,65.4,69.3,73.1,61.3,59.6,58.1,56.5,54.8,68.1,67.0,91.9,74.7,73.5,63.0,80.3,78.7,114.1,98.1,92.8,95.7,95.5,102.0,80.9,69.0,86.0,99.8,89.3,54.7,49.8,48.5
136,PUR,:pr: Puerto Rico,1445.3,5.5,0.0,2.0,3.9,5.8,7.6,9.3,11.0,13.2,16.6,20.0,23.3,26.5,29.5,69.2,77.9,78.3,78.6,78.7,78.9,81.3,85.3,89.1,92.7,96.1,78.8,81.7,85.0,77.1,109.8,96.1,102.7,116.5,109.3,112.9,116.5,119.2,121.5,124.0,125.3,116.1,117.9,113.8,98.7,101.6,104.4,99.7,109.0,79.3,61.4,64.7,71.6,75.6,79.8,83.8,87.8,85.4,80.8,62.5,66.5,51.8,43.9,47.8,51.4,54.7,57.9,62.9,100.9,104.3,107.6,110.5,125.2,128.0,130.7,135.3,144.6,169.0,147.2,130.9,154.8,142.0,140.3,139.7,142.6,145.1,145.4,145.0,146.5
137,CGO,":cg: Rep, Congo",1443.3,7.1,0.0,-23.5,5.8,-0.6,-10.0,-26.4,-24.4,-15.3,-10.6,4.0,-6.2,-7.6,-6.6,-5.1,-14.7,1.0,-13.1,-12.3,-11.7,-7.5,-5.0,-4.5,-4.0,-26.4,-22.8,-38.2,-39.5,-55.5,-53.6,-34.3,-44.5,-42.2,-46.4,-32.9,-34.4,-35.1,-33.8,-32.4,-29.1,2.1,-6.4,7.7,0.3,15.1,28.3,25.4,8.8,11.3,-6.0,-16.3,-22.4,-34.4,-35.7,-29.8,-30.7,-35.0,-33.0,-43.9,-44.6,-45.0,-30.4,-31.2,-32.0,-32.8,-44.4,-55.9,-52.7,-67.3,-88.4,-96.3,-92.6,-97.5,-95.4,-113.2,-121.2,-112.2,-117.2,-113.5,-123.2,-130.2,-162.1,-159.9,-157.9,-153.8,-154.2,-152.6,-151.6
138,VIE,:vn: Vietnam,1439.9,-16.8,0.0,-1.1,-1.2,-2.8,-4.4,-6.0,-7.5,-9.1,6.3,20.5,41.9,53.4,26.6,26.8,25.2,26.1,57.8,63.0,71.7,70.8,84.1,82.6,79.5,78.8,34.1,31.3,36.5,59.8,61.7,60.4,71.1,83.3,48.6,35.4,33.9,32.3,21.8,32.8,30.2,43.5,40.0,38.8,37.8,38.6,23.8,31.8,57.6,56.8,69.2,53.4,59.2,57.5,52.3,66.1,65.6,65.0,96.2,135.1,145.4,151.3,177.7,176.9,176.6,176.8,176.9,176.8,196.8,188.9,158.5,179.8,181.9,197.8,204.9,201.1,204.8,209.6,193.0,128.4,125.4,115.4,137.3,161.3,137.8,137.7,129.4,144.5,144.3
139,TJK,:tj: Tajikistan,1439.6,-2.1,0.0,-5.6,-15.3,-14.6,-13.2,-17.1,-2.1,-8.5,-8.4,-8.3,-8.3,-13.2,-52.0,-51.3,-67.6,-78.7,-77.5,-76.3,-75.1,-74.4,-79.0,-89.9,-93.4,-92.9,-97.5,-93.4,-92.6,-96.9,-123.7,-134.6,-133.1,-123.8,-126.5,-138.7,-138.2,-129.7,-115.6,-113.9,-113.2,-109.8,-108.3,-104.1,-128.6,-137.2,-129.8,-159.4,-147.8,-139.4,-126.5,-135.4,-151.7,-148.8,-149.6,-154.4,-152.8,-151.2,-164.1,-162.5,-164.9,-126.0,-147.3,-144.7,-142.1,-138.3,-136.4,-128.1,-105.2,-102.4,-101.0,-90.4,-73.9,-61.0,-54.0,-53.4,-57.6,-47.7,-15.6,12.6,3.1,-8.9,-27.9,-48.4,-50.1,-53.8,-41.8,-50.5,-49.4
140,MLT,:mt: Malta,1438.1,0.8,0.0,-1.2,-11.8,6.0,21.9,16.1,16.7,6.8,26.0,43.2,40.9,50.9,25.1,40.9,38.8,21.7,18.0,20.7,15.7,22.8,16.4,16.8,18.3,10.4,12.7,19.2,19.7,27.0,14.8,20.4,32.1,31.2,40.3,26.5,52.5,44.5,25.3,22.0,21.5,24.5,34.2,23.2,27.7,38.0,33.8,33.4,30.1,18.3,12.0,8.3,16.5,9.9,1.8,-6.9,-4.2,-11.0,-22.9,-8.1,-18.4,-8.9,-24.4,-21.5,-18.4,-21.3,10.8,25.2,22.3,52.7,12.9,30.5,20.3,27.2,31.3,34.3,44.3,35.2,36.7,42.1,36.0,33.9,40.6,35.9,26.2,34.6,52.1,36.8,37.2
141,PRK,:kp: North Korea,1435.7,-16.8,0.0,8.7,10.0,48.3,44.3,40.8,37.1,33.3,29.5,25.7,27.5,21.8,22.4,60.4,86.8,93.9,78.9,93.2,103.2,94.2,107.3,135.7,111.1,107.2,118.3,101.2,92.4,94.3,99.0,127.3,123.4,124.5,134.9,133.6,130.0,122.2,118.5,108.8,105.6,102.4,80.5,43.0,67.6,96.4,81.1,59.6,56.9,68.1,60.7,57.7,51.3,33.7,35.6,40.2,40.1,39.7,20.8,-40.4,-45.1,-11.0,-11.9,-12.7,-13.8,-14.8,-15.9,-17.5,-19.5,-21.3,-23.4,-25.4,-28.1,-31.0,-33.5,-36.2,-39.5,-42.8,-31.9,-27.4,-5.3,7.1,5.6,-3.9,-12.3,-15.3,-18.2,-21.0,-22.6
142,CTA,:cf: Cent. Afr. Rep.,1434.1,-35.2,0.0,-6.2,-6.2,-5.7,-5.2,3.8,5.1,6.5,8.1,-3.9,-2.4,-1.2,0.0,1.2,1.9,2.9,3.8,5.5,7.1,8.7,10.3,11.7,13.0,31.0,55.9,52.1,58.4,52.9,51.0,52.0,100.4,114.4,110.3,104.6,82.0,76.4,80.0,83.2,75.3,78.2,76.4,78.9,67.8,93.6,83.7,97.1,115.9,110.2,112.1,109.2,116.2,117.1,114.8,122.7,133.8,134.2,134.4,133.2,133.1,133.1,140.1,139.5,138.9,138.2,123.0,106.0,86.4,78.2,82.3,76.6,84.7,83.9,82.9,124.7,114.3,114.0,110.9,115.5,120.4,119.1,79.9,72.0,75.6,40.9,38.4,36.7,35.8
143,KGZ,:kg: Kyrgyzstan,1432.5,-15.9,0.0,1.0,2.0,3.0,3.8,4.6,-3.4,-2.9,-1.5,-18.6,-16.8,-34.9,-17.7,-15.7,-55.3,-53.2,-51.1,-57.3,-55.2,-54.2,-52.0,-60.9,-59.1,-57.4,-55.5,-81.2,-79.3,-95.8,-93.8,-92.1,-93.9,-92.2,-90.4,-87.9,-81.0,-79.5,-95.8,-93.9,-118.7,-122.6,-123.7,-121.5,-101.3,-82.6,-57.2,-37.7,-40.7,-38.2,-30.1,-38.2,-47.9,-51.4,-55.2,-31.7,-35.1,-25.9,-5.2,15.7,15.6,5.5,6.2,7.8,9.5,11.1,12.8,14.3,1.0,13.3,14.9,6.5,7.0,9.4,11.5,-5.8,-13.7,1.2,2.8,27.1,34.7,40.2,37.4,65.6,69.8,56.0,57.8,49.5,50.6
144,BOT,:bw: Botswana,1428.5,-45.8,0.0,4.0,24.4,38.8,31.4,29.7,50.5,30.6,44.2,55.3,49.9,65.9,69.5,75.6,93.0,70.0,55.7,57.7,55.4,51.6,43.6,52.7,51.7,107.3,134.1,142.6,135.8,126.1,136.2,103.5,98.1,84.1,67.5,61.3,74.8,70.6,69.8,75.5,72.7,94.5,80.1,73.9,60.9,63.8,98.7,80.1,90.8,92.0,90.9,82.8,63.3,57.8,60.6,62.2,95.5,94.9,87.0,73.7,79.7,63.3,70.6,69.3,68.2,66.8,75.7,54.1,52.4,58.0,56.6,55.4,64.0,88.5,83.5,61.4,69.9,71.1,73.3,72.2,78.9,42.2,88.5,82.5,80.8,71.4,44.2,36.8,35.8
145,MDA,:md: Moldova,1419.0,-47.2,0.0,13.2,8.9,20.6,33.7,33.6,31.0,28.3,20.8,5.2,10.2,37.9,81.6,83.8,81.2,50.1,37.5,28.9,37.7,43.8,35.1,39.4,34.2,53.2,58.9,59.6,45.2,18.2,28.4,30.3,20.4,4.3,17.7,5.2,13.0,1.9,39.0,39.9,47.8,37.9,24.7,15.2,12.2,1.7,-5.4,-5.0,-2.7,-13.0,-22.2,-20.4,-15.9,-27.6,-32.1,-38.2,-36.3,-49.3,-44.3,-55.7,-63.0,-79.9,-102.4,-99.3,-98.2,-87.1,-105.8,-133.8,-127.5,-134.1,-140.9,-136.1,-132.4,-110.8,-120.5,-104.9,-82.1,-62.3,-44.6,-38.0,-38.6,-31.4,-35.0,-62.4,-62.4,-93.2,-98.3,-110.0,-109.5
146,KUW,:kw: Kuwait,1414.6,-16.1,0.0,20.6,-18.3,-28.6,-31.5,-26.0,-26.8,5.9,9.9,-12.1,-3.9,-5.0,-6.2,-21.7,-19.2,-17.7,-14.0,15.4,7.7,7.6,24.0,44.5,41.4,54.5,121.3,67.9,65.5,103.2,62.2,55.7,51.4,36.4,20.5,68.3,65.5,69.5,67.3,64.8,55.1,42.9,42.9,15.5,32.2,46.2,34.1,33.6,32.8,30.1,27.8,27.6,27.3,27.2,16.7,9.8,20.9,21.4,23.2,11.8,11.1,6.5,8.2,7.0,6.5,5.9,5.1,-7.2,-30.6,-29.8,-33.6,-41.5,-69.7,-69.2,-60.2,-38.4,-32.4,-44.3,-49.7,-70.6,-71.0,-47.4,-62.6,-63.9,-88.0,-86.5,-79.8,-80.0,-80.1
147,MWI,:mw: Malawi,1400.4,-27.4,0.0,-8.1,-31.7,-14.8,9.2,9.4,29.8,12.5,19.0,19.3,7.4,-10.0,1.9,14.6,55.6,40.2,56.7,43.2,44.1,64.7,83.9,94.6,93.5,109.0,126.9,136.4,133.4,124.5,114.3,98.7,116.5,112.4,79.3,90.2,77.7,67.9,67.3,57.7,48.5,62.5,79.3,79.4,77.0,76.9,43.4,51.9,26.4,33.3,32.7,32.0,17.1,23.0,21.2,24.3,13.4,6.9,5.0,13.5,20.1,33.3,24.8,23.9,23.2,22.5,20.7,27.9,20.6,20.5,-5.7,25.7,31.7,23.2,22.4,-14.6,-11.7,18.6,33.4,14.1,17.8,-4.4,18.2,-3.2,-13.2,-5.8,-24.2,-30.8,-31.2
148,MAS,:my: Malaysia,1393.6,8.1,0.0,-10.6,-20.1,-21.1,-22.1,-19.4,-22.2,-35.7,-36.6,-18.5,-22.7,-57.3,-53.3,-52.0,-44.2,-39.2,-22.3,-41.9,-40.2,-11.1,-15.6,-5.6,-4.9,-7.2,33.1,40.6,42.3,16.4,13.9,15.3,33.9,24.8,16.2,3.2,3.2,3.6,4.0,17.2,21.0,11.1,24.7,19.5,-14.7,-35.3,-43.7,-50.3,-38.1,-42.9,-49.6,-42.9,-44.4,-46.2,-69.8,-68.3,-60.0,-53.8,-15.7,-21.9,-3.6,17.9,59.2,60.7,62.4,64.0,65.4,66.8,68.3,71.0,39.3,45.7,70.2,82.8,88.2,108.2,128.1,136.4,136.0,118.4,127.8,133.9,100.7,101.8,119.6,120.7,121.4,110.6,110.8
149,TKM,:tm: Turkmenistan,1353.4,-2.9,0.0,6.7,7.0,-0.2,0.0,0.2,-0.6,-1.5,-2.5,-3.3,-5.5,-3.8,2.2,-27.6,-50.3,-53.1,-40.4,-50.8,-22.1,-21.6,-39.0,-2.5,-2.1,-1.6,-0.9,-3.1,-2.4,-18.2,-17.6,-18.3,-17.7,-17.0,-7.8,-11.2,-10.2,-9.1,-8.1,-7.2,-57.4,-56.1,-54.9,-53.8,-69.0,-74.1,-68.7,-59.9,-58.8,-59.0,-73.5,-66.3,-76.7,-78.8,-82.2,-97.2,-95.9,-94.6,-91.2,-106.9,-102.6,-102.8,-83.1,-82.0,-81.0,-79.8,-78.6,-77.4,-65.9,-65.2,-64.4,-63.7,-81.9,-80.9,-79.9,-82.3,-84.8,-86.2,-93.2,-97.5,-105.5,-104.4,-103.4,-96.8,-76.7,-71.1,-99.7,-99.4,-99.0
150,LES,:ls: Lesotho,1349.6,-47.8,0.0,-7.7,-18.0,-18.6,-19.4,-20.2,-2.3,-14.0,-9.6,12.4,17.9,12.8,7.3,14.3,21.0,11.1,10.3,9.3,13.3,4.8,25.5,24.6,23.8,23.0,22.0,21.0,20.0,15.4,35.1,5.2,-5.4,-1.9,-5.7,5.1,-9.6,53.5,52.4,37.6,57.6,84.5,71.3,69.9,66.5,59.3,45.4,26.5,41.7,33.7,32.7,30.8,57.0,64.4,73.6,68.3,94.4,106.6,94.8,106.7,101.3,102.8,105.6,104.0,102.4,100.7,107.0,103.0,77.3,55.3,54.4,41.5,70.7,70.9,69.5,67.7,56.7,82.4,106.6,110.8,111.0,94.4,99.6,106.7,87.9,64.0,79.0,58.9,57.5
151,PHI,:ph: Philippines,1339.2,26.6,0.0,4.7,9.3,13.9,18.6,18.1,12.7,17.3,30.0,24.6,28.8,32.5,37.1,41.6,58.0,62.3,46.0,50.0,34.8,38.8,43.0,52.0,55.7,59.3,121.3,138.7,139.0,157.5,164.5,218.4,223.1,220.4,245.8,275.5,284.9,279.0,260.1,262.7,278.1,267.7,276.5,276.8,312.6,296.1,278.5,304.4,305.0,314.5,285.9,285.5,298.1,292.4,281.0,290.4,291.8,297.8,274.7,256.0,256.0,252.2,269.4,270.7,271.8,272.8,273.7,274.9,257.3,259.2,254.5,232.5,222.0,226.3,207.1,196.5,188.4,192.8,203.0,198.6,196.6,202.3,233.7,239.5,244.7,246.2,254.6,266.5,267.1
152,YEM,:ye: Yemen,1336.8,39.6,0.0,0.5,13.8,14.2,14.5,22.8,23.0,26.9,19.8,27.6,27.7,27.7,1.5,0.6,11.2,12.3,15.7,14.4,15.4,16.4,18.5,48.7,43.3,62.3,44.3,43.2,42.1,46.5,45.5,44.4,52.1,50.7,41.5,11.7,11.4,11.8,-17.7,-28.4,-24.2,-18.5,10.6,11.4,-7.4,-17.4,4.4,-7.9,8.4,8.8,9.1,20.2,10.5,17.9,4.7,1.8,2.3,3.0,4.0,-30.1,-29.1,17.2,7.7,8.2,8.7,9.3,9.6,10.0,-8.0,-6.5,-5.1,-3.7,-44.7,-42.9,-41.0,-44.6,-43.6,-42.5,-35.5,-36.4,-32.8,-30.2,-6.8,-20.1,-9.0,-7.1,18.8,20.2,20.9
153,VIN,:vc: St. Vincent/Grenadines,1328.1,38.3,0.0,-0.4,-3.1,-5.7,-8.4,-11.1,-14.5,-13.0,0.7,4.0,-6.6,-10.2,-13.8,-38.1,-60.7,-66.2,-69.8,-73.4,-77.0,-94.9,-98.1,-101.3,-103.2,-97.0,-109.9,-111.7,-109.7,-103.0,-136.6,-122.0,-129.9,-125.0,-96.1,-99.6,-131.8,-134.9,-138.0,-142.7,-138.2,-111.7,-102.7,-110.7,-86.3,-92.7,-112.3,-126.3,-135.1,-157.3,-158.2,-159.0,-168.8,-163.1,-163.8,-164.8,-166.1,-174.9,-195.8,-176.9,-179.5,-157.4,-130.8,-132.8,-134.7,-136.7,-138.7,-147.4,-164.5,-169.4,-169.7,-170.1,-197.2,-185.1,-199.5,-211.4,-211.7,-191.6,-182.4,-183.2,-183.6,-172.9,-149.9,-145.8,-125.9,-127.9,-96.0,-95.2,-96.6
154,SSD,:ss: South Sudan,1324.0,-24.1,,,,,,,,,,,,,,,,,,,,,,,,,,,,,,,-73.5,-68.5,-81.7,-83.4,-85.1,-86.9,-93.7,-101.6,-105.1,-106.4,-107.8,-109.2,-110.1,-83.4,-53.9,-63.7,-73.8,-85.9,-87.9,-102.8,-112.0,-112.6,-115.0,-114.8,-114.7,-121.6,-135.2,-134.6,-133.7,-111.9,-81.9,-81.9,-81.9,-82.0,-50.2,-48.2,-49.0,-49.2,-42.5,-37.1,-29.7,-29.5,-29.4,-9.8,-10.9,-7.9,1.3,-12.3,-15.2,-17.2,-12.7,4.5,3.2,6.1,-5.3,-19.5,-20.3
155,CHA,:td: Chad,1321.5,-56.1,0.0,15.8,9.9,10.1,10.2,15.0,15.0,-3.1,-10.4,-25.5,-21.5,-19.8,-19.5,-19.1,-14.2,-19.2,-13.9,-14.2,-14.5,-15.2,-15.3,-15.3,-12.6,-27.8,-28.8,-47.0,-56.7,-56.0,-43.5,-33.5,-41.5,-40.7,-39.7,-38.7,-38.1,-37.5,-37.1,-36.6,-32.3,-31.8,-31.4,-31.5,-22.4,-37.4,-15.2,-30.3,-29.9,-29.4,-28.9,-28.2,-27.9,-27.9,-27.8,-27.8,-28.1,-28.6,-28.9,-29.0,-29.1,-43.4,-46.3,-46.4,-46.7,-63.4,-57.6,-58.1,-58.9,-59.8,-60.3,-51.2,-51.5,-51.9,-52.2,-52.5,-52.8,-53.1,-75.9,-63.7,-87.1,-80.3,-73.7,-92.0,-91.2,-92.2,-111.1,-148.4,-147.9
156,NCL,:nc: New Caledonia,1316.1,7.9,,,,,,,,,,1.4,0.4,123.3,156.2,153.1,168.8,156.9,153.6,150.2,146.8,143.4,140.2,137.0,133.7,125.3,123.9,122.4,131.2,154.6,153.4,152.5,183.2,193.4,235.7,238.9,237.5,236.0,234.6,233.2,231.7,230.3,228.8,227.5,226.3,225.0,223.7,212.2,198.2,197.3,215.3,214.0,212.8,211.4,211.9,202.0,201.3,200.5,201.3,170.9,170.3,196.9,196.0,194.9,193.8,193.0,192.3,192.0,191.8,191.5,191.2,140.3,140.6,120.9,121.0,122.8,122.8,122.7,144.1,143.4,142.6,141.6,156.3,168.7,167.2,165.6,173.2,176.6,175.8
157,SWZ,:sz: Eswatini,1310.6,-57.1,0.0,-1.2,1.4,0.2,0.1,0.3,3.6,5.3,11.0,9.2,12.3,4.7,-8.3,-30.2,10.1,14.1,-2.1,-3.5,-10.3,-8.6,3.4,-0.5,-0.7,-7.5,-12.6,-26.3,-29.6,-16.2,-39.1,-39.5,-40.0,-40.8,-38.2,-41.6,-42.2,-55.2,-60.7,-47.7,-20.0,-15.6,-14.9,-23.0,37.9,39.2,61.7,46.8,121.5,110.4,107.4,105.0,103.9,90.5,88.3,82.4,71.4,50.9,30.2,25.7,22.4,-19.6,-33.4,-34.0,-34.8,-35.6,-29.6,-19.2,-3.1,41.6,39.7,65.0,70.7,78.8,76.3,81.0,60.3,77.9,52.8,56.7,48.7,49.1,37.7,44.2,39.2,27.6,27.4,-13.4,-14.0
158,SOM,:so: Somalia,1306.9,27.3,0.0,-0.1,-0.2,-0.3,-22.2,-22.2,-22.2,-22.1,-63.0,-62.5,-62.1,-61.7,-80.7,-80.5,-80.5,-79.7,-72.6,-56.6,-55.1,-53.6,-58.0,-55.7,-53.8,-51.9,-63.9,-62.5,-61.0,-59.3,-69.3,-67.2,-65.1,-63.0,-77.8,-75.8,-73.8,-71.4,-71.5,-69.0,-66.5,-64.5,-62.6,-61.0,-59.7,-58.4,-82.7,-80.9,-79.3,-77.9,-76.4,-74.9,-73.4,-71.3,-69.0,-66.5,-63.6,-60.9,-58.1,-55.2,-52.5,-26.8,-7.9,-4.7,-1.6,1.3,4.2,7.2,3.0,5.7,8.4,-6.6,-3.9,-1.3,1.1,3.3,5.5,7.8,11.2,7.1,4.5,6.6,8.6,23.2,24.3,16.5,48.8,50.8,51.2
159,ERI,:er: Eritrea,1306.7,35.8,0.0,0.5,0.9,1.0,4.2,4.1,3.5,28.2,18.1,0.8,25.4,32.2,45.6,46.6,47.4,47.8,48.1,48.4,48.7,49.0,46.4,46.4,46.1,45.6,45.1,44.5,43.9,34.8,26.5,25.8,25.0,24.1,15.7,14.8,13.9,13.0,-7.3,-7.8,-8.4,-9.1,-9.8,-10.4,-10.7,-11.1,-36.3,-36.4,-36.5,-36.3,-35.9,-35.4,-35.0,-35.3,-35.6,-35.7,-36.2,-37.0,-37.5,-38.2,-38.9,-54.7,-3.8,-10.7,-11.7,-12.7,-13.6,-14.6,-15.7,-16.8,-18.0,-18.7,-19.4,-20.3,-21.7,-23.5,-25.4,-27.5,-29.7,-31.8,-33.7,-35.4,-36.8,-37.6,-38.6,-39.5,-40.4,-1.8,-2.4
160,IND,:in: India,1304.9,-10.0,0.0,0.7,-12.1,-19.2,-18.8,-45.4,-45.8,-64.3,-68.6,-69.1,-69.7,-34.4,-35.0,-34.1,-37.9,1.9,2.1,-0.5,-0.3,6.2,5.2,-19.4,-21.1,-16.5,-41.5,-18.6,-17.5,-7.6,-8.0,-58.1,-55.5,-44.9,-48.6,-58.8,-57.0,-89.1,-83.9,-86.8,-84.6,-82.4,-84.8,-86.0,-103.7,-113.5,-106.0,-108.9,-90.2,-72.2,-70.3,-48.7,-33.1,-20.1,-25.4,-26.7,20.8,19.4,28.6,56.1,67.4,48.3,26.8,27.9,29.0,30.2,31.3,29.6,36.8,38.5,32.8,30.1,49.9,42.4,44.1,53.8,71.4,75.4,75.0,29.1,38.2,20.9,25.9,17.5,7.0,32.9,-1.1,7.9,8.4
161,GRN,:gd: Grenada,1304.3,26.0,0.0,-9.7,-9.6,-9.5,-9.6,-9.7,-9.5,-19.8,-33.4,-32.9,-32.5,-32.4,-32.6,-2.7,1.2,-5.4,20.6,5.0,-1.0,-21.7,-23.0,-24.3,-25.9,-22.9,-7.4,-9.7,-59.6,-108.5,-113.5,-119.0,-119.8,-121.2,-118.8,-120.5,-110.2,-112.0,-114.1,-116.4,-124.5,-126.0,-127.8,-133.5,-126.4,-144.6,-146.3,-145.3,-160.5,-161.9,-163.0,-164.2,-167.4,-178.2,-172.0,-179.6,-180.3,-199.9,-207.0,-185.1,-185.3,-161.0,-149.4,-150.1,-150.7,-151.5,-151.9,-160.7,-190.5,-199.2,-199.0,-203.2,-192.3,-203.3,-188.0,-198.4,-196.3,-191.8,-201.9,-202.0,-201.1,-211.7,-181.8,-180.9,-149.5,-150.2,-136.0,-151.2,-154.8
162,HKG,:hk: Hong Kong,1298.4,-16.5,0.0,20.5,20.7,20.8,21.2,1.7,2.5,19.6,20.0,20.7,8.6,9.2,-4.8,-4.0,-2.2,-0.4,10.8,-2.5,-1.0,25.9,6.7,-14.9,-15.3,-15.8,-13.8,-21.0,-23.3,-48.6,-24.3,-14.2,-14.1,-19.1,-38.4,-7.0,-13.4,-9.3,-30.1,-40.5,-38.0,-39.9,-47.5,-47.6,-29.8,-13.0,7.7,6.6,-15.6,-13.3,-9.3,-18.6,-8.8,-8.9,-11.7,-16.5,-15.4,-14.4,-1.0,-0.5,-15.6,-26.9,-25.8,-25.1,-24.5,-24.0,-23.9,-22.9,-29.3,-27.8,-26.4,-25.1,-39.2,-44.4,-43.0,-48.7,-51.7,-44.0,-77.7,-74.5,-63.4,-45.8,-23.3,-23.9,-20.7,-3.1,-34.3,-40.6,-39.5
163,AND,:ad: Andorra,1298.0,23.3,0.0,18.9,13.2,39.7,19.0,17.9,16.9,11.0,-3.9,2.9,2.2,-3.6,-8.8,-13.1,-16.2,-20.7,-21.1,-21.7,-27.8,-44.6,-55.8,-55.8,-56.4,-45.8,-56.1,-50.3,-40.8,-46.0,-50.4,-51.2,-49.6,-63.1,-62.1,-63.8,-64.6,-60.0,-63.2,-73.1,-74.1,-68.5,-85.3,-87.3,-94.6,-95.9,-94.1,-94.7,-92.3,-91.4,-86.9,-70.8,-40.1,-41.0,-49.2,-41.9,-39.4,-20.4,-18.9,-35.5,-37.7,-23.5,8.2,6.2,4.1,-0.3,-39.2,-43.7,-51.4,-31.6,-15.0,-6.3,-11.6,7.1,1.3,12.8,24.7,30.1,4.8,11.4,7.7,-6.0,-4.0,-15.3,-1.3,10.7,14.2,8.4,8.1
164,BER,:bm: Bermuda,1295.2,-5.2,0.0,-0.9,-6.5,-7.8,-9.5,-11.3,-13.1,6.7,4.9,-15.7,-18.4,-21.1,-29.3,-53.2,-21.2,-45.9,-47.5,-49.1,-50.7,-52.8,-54.1,-54.9,-55.8,-56.7,-57.6,-58.7,-60.3,-58.9,-27.6,-30.0,-32.4,-43.6,-47.1,-49.9,-51.9,-53.8,-55.1,-55.9,-56.6,-57.3,-58.1,-21.5,-16.5,-17.9,-19.2,-33.5,-44.6,-45.5,-46.3,-50.6,-44.4,-44.7,-54.4,-57.8,-58.2,-75.2,-61.2,-44.4,-18.6,-5.6,-0.6,-4.0,-5.9,-7.9,-9.8,-9.0,-53.4,-41.3,-43.6,-45.9,-63.2,-65.5,-67.8,-87.5,-89.6,-102.7,-95.7,-105.3,-122.5,-115.7,-112.1,-115.3,-78.2,-91.3,-117.2,-120.4,-122.2
165,MRI,:mu: Mauritius,1283.1,-2.1,0.0,6.8,7.1,7.4,-1.0,-0.9,-39.5,-29.6,-46.3,-61.8,-69.9,-71.8,-71.0,-79.8,-93.3,-148.9,-153.4,-152.6,-152.5,-152.5,-168.2,-167.5,-166.8,-167.6,-175.6,-178.5,-177.7,-189.6,-189.4,-187.1,-184.9,-182.7,-180.9,-178.7,-176.4,-165.5,-162.8,-160.2,-174.8,-171.9,-169.2,-161.3,-174.8,-136.5,-137.3,-135.4,-156.6,-154.7,-153.3,-169.4,-154.9,-158.9,-165.8,-161.7,-163.9,-166.1,-165.8,-158.8,-156.5,-172.4,-204.7,-218.6,-218.4,-218.1,-217.7,-217.4,-217.2,-216.8,-216.7,-251.8,-251.3,-266.8,-266.2,-265.6,-260.5,-211.2,-201.2,-213.5,-191.9,-191.8,-196.4,-186.1,-186.3,-195.1,-187.4,-188.4,-188.3
166,SGP,:sg: Singapore,1276.7,54.0,0.0,36.4,50.2,49.4,51.1,72.7,73.4,93.8,62.1,74.0,75.3,73.2,121.3,145.7,140.3,139.8,140.4,140.5,139.9,137.0,142.9,115.9,114.5,113.4,99.4,100.6,107.6,107.0,71.5,59.9,42.6,37.2,70.4,53.9,64.9,41.0,38.3,26.1,24.9,22.4,-13.0,-26.3,19.0,15.7,0.7,-16.3,-22.8,-37.4,-45.0,-38.6,-67.4,-61.3,-75.3,-85.8,-84.8,-75.3,-54.6,-40.2,-46.3,-25.0,-9.1,-8.9,-8.6,-8.3,-8.1,-7.7,-35.3,-34.6,-39.6,-18.4,-8.4,-14.8,-3.6,-10.0,-14.9,-16.3,-39.1,-34.4,-49.3,-48.6,-60.2,-68.9,-55.0,-58.3,-17.3,-14.9,-14.6
167,ARU,:aw: Aruba,1253.6,29.4,0.0,2.1,4.2,6.5,8.7,10.8,12.6,14.3,15.6,15.5,15.4,15.1,16.0,-10.0,-8.9,2.6,4.0,5.7,7.5,9.5,11.6,13.6,14.1,15.6,9.1,10.8,12.4,6.1,21.1,22.9,24.5,37.3,38.8,40.3,41.8,43.3,38.6,26.7,30.0,31.7,33.3,44.6,24.1,28.1,29.3,18.7,20.0,21.2,22.3,23.4,24.3,25.0,25.6,26.2,26.7,43.4,12.2,3.5,4.2,0.8,-12.6,-11.9,-11.3,-10.9,-10.9,-41.3,-36.8,-36.9,-42.2,-42.4,-45.8,-46.2,-39.7,-44.2,-44.3,-37.0,-17.8,-20.2,-23.4,-21.4,-30.8,-24.7,-32.1,-31.9,-12.3,4.9,4.8
168,STP,:st: Sao Tome/Principe,1235.4,3.1,0.0,-0.7,-1.4,-2.2,-3.1,-3.9,-4.7,-5.5,-6.4,-7.1,-7.9,-8.8,-9.8,-10.9,-11.9,-13.3,-14.8,-16.2,-17.7,-19.1,-20.4,-21.7,-21.8,-21.8,-21.7,-21.7,-21.8,-21.0,-13.1,40.8,42.3,42.7,43.1,42.8,43.2,43.9,44.6,45.5,46.0,47.3,48.5,49.5,41.4,36.1,53.5,67.6,68.3,72.2,71.8,69.0,68.6,68.4,68.1,67.8,67.5,66.9,66.2,65.2,64.1,65.0,90.3,88.7,87.1,85.6,86.2,78.1,76.3,74.6,73.2,88.5,62.9,61.6,60.2,68.9,72.9,63.6,55.0,66.5,58.5,57.2,56.2,58.8,57.9,51.7,66.8,61.9,61.4
169,BLZ,:bz: Belize,1227.6,2.8,0.0,-10.1,-11.5,-12.8,-14.3,-15.8,-17.3,-18.8,-20.4,-25.7,-27.0,-28.4,-29.9,2.4,4.3,3.2,2.0,6.9,5.7,4.4,2.1,-0.3,-2.8,-1.2,-4.3,-4.4,3.4,35.7,34.0,31.1,28.1,25.1,22.1,56.9,59.5,48.7,45.6,42.7,39.7,36.7,33.9,19.0,70.9,74.8,73.1,71.4,70.0,68.6,62.8,67.6,66.8,65.7,64.8,70.6,71.3,85.3,71.5,68.8,67.8,51.5,42.7,42.0,41.3,40.5,39.7,51.8,39.6,38.5,37.3,26.3,17.7,17.0,16.3,13.1,12.7,2.6,-16.8,0.9,-20.1,-13.4,-14.9,-23.8,-37.8,-38.4,-15.7,-20.8,-21.3
170,SKN,:kn: St. Kitts & Nevis,1224.8,-56.0,0.0,-2.6,-5.3,-8.0,-10.7,-13.4,-16.1,-9.4,-12.1,-14.7,-17.4,-20.2,-15.1,-55.3,-62.1,-66.1,-60.9,-61.3,-61.7,-47.8,-47.4,-47.0,-46.6,-46.4,-22.8,-22.6,-11.7,2.9,-1.4,4.1,2.3,0.7,-5.2,-6.2,-7.3,-8.2,-9.3,-10.2,-11.2,2.5,1.7,22.7,30.5,29.1,28.8,54.4,65.4,67.5,58.9,57.0,50.0,47.6,47.4,43.7,37.7,41.8,37.8,30.8,29.2,30.6,24.9,23.3,21.7,20.1,18.2,49.2,28.4,25.6,22.8,14.1,14.6,11.8,9.2,11.0,3.1,-22.8,-31.2,-29.0,-38.6,-29.5,-41.5,-43.6,-89.3,-91.3,-116.9,-111.8,-113.0
171,LCA,:lc: Saint Lucia,1211.4,-32.0,0.0,-2.4,-5.0,-7.5,-10.1,-12.6,-15.1,-35.8,-55.9,-57.9,-59.9,-62.0,-64.3,-90.4,-115.6,-117.6,-119.7,-121.8,-123.9,-126.0,-128.0,-130.0,-132.1,-157.7,-145.0,-147.0,-149.0,-167.8,-186.4,-188.0,-188.4,-188.0,-163.8,-163.2,-146.1,-145.7,-142.2,-147.7,-117.7,-87.6,-89.3,-93.7,-98.8,-98.6,-98.6,-98.7,-99.1,-99.7,-100.5,-101.8,-103.0,-104.7,-105.9,-106.6,-107.4,-83.2,-83.5,-103.5,-104.4,-110.8,-130.7,-131.5,-132.3,-133.1,-134.1,-135.0,-136.1,-137.2,-138.4,-139.3,-129.8,-130.9,-136.9,-127.3,-128.7,-115.1,-110.5,-112.5,-112.3,-83.8,-109.5,-111.9,-114.2,-116.3,-135.2,-144.4,-145.3
172,FIJ,:fj: Fiji,1206.2,-47.7,0.0,-1.3,-2.7,3.8,2.4,0.8,-0.7,-2.2,-3.8,-5.3,-6.7,21.0,-26.9,-27.2,-26.3,-24.9,6.6,6.9,7.1,7.1,6.8,6.5,6.2,6.1,5.9,5.7,5.4,5.3,5.2,4.9,7.4,8.3,9.1,9.7,10.1,10.5,10.6,10.1,9.6,9.0,8.5,7.9,8.1,16.8,8.7,10.0,-8.7,-8.1,-7.6,-12.5,-14.8,-8.5,-11.4,-13.0,-13.1,-28.5,-28.2,-5.3,-7.1,0.3,-0.2,-0.5,-0.5,-0.7,-1.1,-1.4,-1.8,-2.4,-3.0,3.4,3.2,8.8,8.7,-23.0,-22.7,-22.2,-22.8,-12.5,-13.8,-10.0,5.0,-5.6,-4.9,-26.9,-53.5,-53.0,-52.9
173,BRB,:bb: Barbados,1193.6,-29.8,0.0,-6.3,-6.8,-7.0,-6.7,-6.5,-6.3,2.2,4.0,4.4,5.3,5.8,5.5,4.5,-31.0,-23.7,-14.8,-1.7,-2.1,-2.6,-3.0,-3.6,-4.3,-37.6,-41.3,-41.8,-54.2,-71.8,-113.7,-113.7,-113.9,-123.4,-123.3,-123.1,-122.7,-122.5,-122.3,-126.0,-125.8,-121.8,-115.8,-130.3,-118.2,-117.2,-117.5,-117.2,-117.1,-117.0,-117.0,-119.3,-137.5,-141.0,-131.3,-131.8,-133.4,-139.6,-141.2,-141.4,-141.8,-155.1,-142.3,-147.4,-147.8,-148.3,-149.1,-146.4,-143.5,-163.0,-163.9,-187.2,-200.4,-201.2,-202.1,-183.6,-183.8,-204.6,-243.4,-243.0,-248.8,-237.3,-228.2,-228.3,-241.5,-241.1,-257.6,-260.0,-259.6
174,MSR,:ms: Montserrat,1187.1,-2.3,0.0,1.9,3.7,5.5,7.2,8.9,10.6,12.3,13.9,15.5,16.2,16.2,16.2,37.7,37.1,36.5,35.8,35.0,34.2,33.4,32.7,32.8,33.3,33.9,20.8,21.6,12.3,13.5,14.6,15.3,15.8,46.4,46.8,47.3,47.7,48.1,48.7,50.2,62.9,64.4,66.0,100.6,101.4,102.2,103.1,103.9,104.5,105.1,105.7,106.4,106.8,107.1,107.4,107.7,107.7,114.2,166.5,184.7,183.4,208.0,248.5,246.4,244.6,242.6,240.6,270.7,311.8,303.4,300.4,297.2,317.5,314.8,312.2,312.5,309.9,316.1,335.7,332.5,328.9,310.1,308.2,305.5,310.7,308.0,305.5,303.0,301.5
175,DJI,:dj: Djibouti,1185.6,11.6,0.0,-0.4,-0.9,-1.4,-29.6,-29.9,-30.1,-30.3,-80.9,-80.5,-80.2,-80.0,-78.6,-78.8,-98.6,-104.6,-104.4,-94.2,-94.4,-94.6,-100.6,-99.8,-98.9,-98.1,-97.4,-96.6,-95.9,-95.1,-98.0,-97.2,-96.5,-95.8,-95.0,-94.3,-93.6,-93.7,-94.2,-94.5,-94.9,-95.2,-95.5,-95.8,-100.0,-98.1,-120.4,-117.4,-116.4,-118.7,-118.3,-106.4,-106.7,-107.1,-107.3,-106.3,-105.4,-104.6,-103.8,-102.9,-102.1,-53.2,-5.8,-7.3,-8.7,-10.1,-11.5,-11.7,-0.7,-7.4,-13.7,-22.3,-22.5,-23.0,-23.4,-23.4,5.1,4.7,8.9,33.4,53.7,52.6,51.4,35.1,34.0,25.2,35.2,46.8,46.1
176,GIB,:gi: Gibraltar,1184.8,-18.9,,,,,,,,,,,,,,,,,,,,,,,,,,,,,,,,,,,,,,,,,,,,,,,-78.4,-82.0,-93.9,-97.4,-92.6,-101.7,-119.0,-110.6,-111.9,-118.5,-91.9,-86.6,-83.5,-88.6,-88.2,-89.6,-91.0,-90.0,-78.7,-88.6,-89.4,-93.8,-112.4,-107.9,-97.4,-95.9,-80.1,-74.3,-68.9,-74.7,-92.9,-88.6,-79.5,-75.4,-66.9,-68.9,-75.0,-78.9,-88.6,-87.8,-88.1
177,TAH,:pf: Tahiti,1179.2,-7.0,0.0,1.0,2.0,3.0,3.3,3.6,4.7,5.8,6.9,18.3,18.9,-77.8,-76.6,-75.7,-75.1,-84.5,-83.8,-83.5,-83.1,-82.8,-82.4,-81.8,-81.2,-74.4,-73.9,-73.5,-82.9,-89.2,-89.8,-90.9,-12.9,-57.4,-70.1,-65.3,-80.6,-82.8,-85.0,-87.1,-89.2,-91.4,-93.7,-96.5,-99.4,-102.4,-105.4,-108.2,-90.4,-92.8,-107.5,-106.7,-109.0,-111.3,-113.9,-107.7,-110.6,-113.5,-116.3,-119.1,-130.7,-128.6,-131.4,-134.2,-137.0,-139.8,-142.6,-145.4,-148.2,-151.1,-153.9,-166.0,-168.5,-171.1,-172.7,-175.7,-176.9,-166.7,-152.6,-154.2,-147.4,-149.2,-132.7,-150.9,-152.6,-154.4,-156.1,-157.8,-158.9
178,ATG,:ag: Antigua & Barbuda,1178.8,-7.6,0.0,8.2,9.3,10.3,9.6,0.6,1.5,2.0,-4.1,-2.1,-0.2,1.6,0.6,27.7,23.1,51.9,67.5,68.7,83.9,84.8,84.8,84.6,84.7,86.1,89.5,89.1,91.8,122.8,145.2,118.7,129.5,114.8,103.3,102.0,100.6,99.1,97.6,96.3,95.1,103.1,105.5,94.9,70.5,80.1,72.2,65.7,69.6,67.7,60.8,59.1,57.3,55.9,54.7,62.5,50.0,23.4,39.9,50.0,49.1,27.1,14.0,13.2,12.0,10.7,9.4,6.3,4.5,3.6,2.6,1.6,-1.7,-2.6,-3.5,-19.0,-19.8,-52.5,-70.6,-71.4,-92.6,-116.8,-138.0,-138.5,-134.6,-135.3,-146.1,-146.3,-146.5
179,PNG,:pg: Papua New Guinea,1175.9,3.7,0.0,0.4,0.7,0.9,1.1,1.3,1.5,1.7,1.8,2.0,2.2,1.5,1.6,1.4,1.2,1.6,1.9,2.3,2.6,2.9,3.1,2.7,2.4,3.5,4.8,6.0,7.1,10.9,12.1,13.2,25.0,25.7,26.7,27.9,29.2,30.6,32.0,33.8,35.5,36.1,28.7,30.5,32.2,34.1,36.0,38.5,73.2,74.9,69.3,67.6,39.0,40.8,42.5,43.7,44.6,45.7,47.2,48.7,50.1,77.3,78.3,79.2,80.0,80.5,80.9,81.3,81.5,81.0,80.8,98.2,98.1,114.1,113.2,112.2,100.8,99.9,49.3,39.0,23.9,23.4,20.6,19.6,18.5,17.4,24.3,23.3,22.7
180,LIE,:li: Liechtenstein,1172.1,-10.7,0.0,8.1,7.9,45.6,58.1,59.6,57.5,60.1,49.5,55.7,72.4,66.5,77.9,64.0,62.7,61.1,57.4,52.6,63.6,72.3,39.9,39.9,39.8,46.8,46.6,50.3,75.9,85.3,79.6,75.1,75.8,54.2,26.7,32.3,43.6,38.4,30.7,29.0,22.9,18.7,53.9,39.8,40.9,21.2,18.0,12.8,10.2,-1.1,-9.1,-24.3,-22.3,-34.2,-33.8,-50.7,-49.9,-41.0,-54.0,-62.3,-70.9,-58.4,-61.5,-60.3,-59.3,-53.5,-80.7,-99.3,-110.6,-79.6,-106.4,-116.0,-135.6,-154.7,-163.4,-176.1,-169.5,-162.4,-155.7,-160.3,-154.6,-164.2,-182.9,-190.6,-191.3,-202.4,-202.7,-201.4,-201.2
181,SOL,:sb: Solomon Islands,1165.5,-39.6,0.0,-3.3,-6.7,-7.8,-11.2,-14.5,-17.9,-21.3,-24.7,-27.9,-31.1,-43.4,-46.6,-49.4,-49.9,-64.6,-65.1,-66.6,-68.0,-69.5,-70.9,-72.3,-73.5,-74.1,-74.7,-75.0,-75.4,-68.7,-69.1,-70.0,-69.0,-58.7,-102.8,-114.4,-114.8,-115.2,-116.1,-117.9,-119.4,-120.8,-122.3,-123.7,-125.4,-127.1,-129.0,-130.5,-122.9,-122.9,-123.8,-124.0,-92.0,-86.2,-86.2,-88.4,-90.8,-82.7,-84.8,-73.6,-79.0,-89.2,-91.4,-93.2,-94.8,-96.5,-98.2,-99.8,-101.4,-103.2,-104.9,-81.0,-81.4,-76.2,-76.9,-51.5,-54.3,-55.3,-22.6,-34.1,-52.2,-72.1,-92.8,-93.4,-94.0,-94.3,-113.6,-133.3,-133.4
182,MYA,:mm: Myanmar,1157.8,22.2,0.0,-14.3,-15.4,-16.5,-17.7,-18.9,-20.1,14.2,12.7,12.5,11.1,17.2,-2.6,-4.4,-6.4,-1.1,8.3,7.5,17.1,16.3,15.4,9.0,7.4,5.2,-14.0,-66.3,-88.9,-78.5,-79.8,-81.2,-82.7,-81.8,-97.8,-87.2,-95.2,-93.4,-94.6,-95.7,-90.4,-59.8,-69.7,-70.3,-80.1,-84.6,-84.1,-63.2,-49.1,-46.3,-50.8,-49.3,-28.6,-21.2,-9.4,-31.9,-26.9,-24.5,-30.6,-38.5,-27.2,-44.8,-39.3,-36.5,-33.6,-30.8,-28.2,-26.0,-73.0,-72.2,-92.6,-90.5,-112.9,-108.9,-125.9,-112.7,-107.2,-105.2,-118.5,-111.8,-119.5,-117.3,-112.5,-99.5,-94.0,-88.3,-98.6,-77.2,-76.4
183,AFG,:af: Afghanistan,1154.7,-25.5,0.0,-0.5,-1.2,-1.8,-10.3,-10.9,1.8,1.2,0.6,0.0,-0.6,-1.3,11.7,10.6,31.5,19.9,12.3,12.2,12.2,12.3,-9.8,-9.5,-9.2,-8.7,-3.2,18.2,33.1,54.8,97.3,97.4,97.5,97.7,97.9,119.2,120.6,173.0,172.6,172.3,210.9,210.2,209.6,202.6,204.3,193.4,238.9,245.9,244.2,240.5,241.4,253.7,236.8,231.2,258.1,256.7,255.6,257.6,254.2,242.6,246.2,239.2,247.6,246.1,244.5,242.9,241.4,239.7,250.0,248.3,255.9,254.3,232.4,230.7,229.1,227.8,222.6,218.3,207.4,240.6,259.4,256.1,232.8,217.6,220.1,222.9,210.6,192.2,190.8
184,DMA,:dm: Dominica,1148.7,-8.0,0.0,-2.0,-4.1,-12.0,-19.3,-21.3,-23.3,-37.9,-39.6,-41.4,-43.1,-44.9,-46.9,-35.3,-37.6,-45.2,-47.5,-49.9,-52.3,-54.7,-47.2,-49.5,-51.9,-21.8,7.9,4.8,1.7,-24.2,-38.8,-41.5,-44.2,-34.2,-36.9,-39.6,-42.3,-45.0,-50.8,-51.4,-84.0,-90.6,-92.5,-111.5,-96.5,-98.6,-100.6,-86.0,-88.2,-90.4,-92.7,-95.0,-75.2,-70.3,-72.9,-75.4,-71.0,-62.6,-69.1,-53.6,-56.0,-61.2,-60.9,-62.8,-64.7,-66.6,-68.7,-60.2,-46.1,-48.3,-50.5,-52.8,-69.9,-71.9,-73.8,-84.8,-86.5,-76.7,-81.8,-83.7,-80.1,-69.1,-88.9,-90.4,-90.6,-92.2,-93.7,-96.8,-98.0
185,VAN,:vu: Vanuatu,1136.8,32.1,0.0,-2.4,-4.9,-7.4,-10.0,-12.5,-15.0,-17.5,-20.0,-22.4,-24.8,22.5,17.6,14.3,-8.0,2.4,-1.0,-4.3,-7.7,-11.0,-14.3,-17.4,-20.6,-23.9,-27.2,-29.7,-32.8,-18.1,-21.3,-24.6,-47.7,-48.8,-49.0,-49.3,-49.6,-49.8,-50.2,-50.9,-51.7,-52.5,-53.2,-53.9,-54.8,-55.7,-47.0,-37.4,-37.0,-36.6,-36.1,-36.0,-36.1,-32.4,-22.0,-22.7,-23.8,-25.0,-27.8,-35.0,-33.3,-15.4,-16.7,-17.8,-18.6,-19.6,-20.9,-22.3,-23.7,-25.8,-28.2,-43.0,-43.6,-51.7,-52.6,-47.9,-41.8,-43.1,-56.1,-79.1,-63.3,-64.7,-89.5,-90.6,-92.1,-93.5,-56.5,-58.3,-59.4
186,BAN,:bd: Bangladesh,1131.8,14.0,0.0,-1.3,-2.7,-4.1,23.3,10.9,4.6,-3.7,-15.9,-17.1,-18.4,-32.9,-27.6,-28.8,-49.5,-50.2,-47.4,-48.2,-45.4,-46.5,-39.6,-35.7,-37.4,-38.8,-40.6,-36.6,-18.2,2.2,-25.7,-27.7,-29.7,-30.6,-29.9,-11.4,-13.0,-31.6,-32.9,-29.2,-30.4,-32.0,-34.6,-33.3,-43.5,-51.1,-90.7,-99.5,-111.0,-138.4,-159.4,-157.3,-155.1,-153.1,-151.2,-147.2,-145.3,-153.1,-146.4,-134.5,-126.3,-119.9,-90.2,-85.2,-80.3,-75.4,-68.2,-67.7,-64.3,-63.6,-54.7,-62.2,-53.6,-49.8,-46.5,-37.5,-15.7,-9.5,4.2,0.5,-6.7,-11.2,-15.9,-1.0,-7.6,-4.8,18.2,13.4,14.1
187,TPE,:tw: Taiwan,1119.8,-57.4,0.0,-27.4,-25.8,-24.2,-22.8,-30.7,-48.9,-48.0,-51.2,-46.8,-11.3,-8.6,-18.5,-15.7,-44.0,-40.3,-36.7,-33.4,-31.9,-43.5,-40.6,-42.7,-39.8,-37.0,-32.0,-69.3,-62.3,-37.6,-53.1,-57.6,-54.8,-65.5,-84.0,-115.7,-112.1,-108.2,-93.9,-90.3,-86.8,-97.8,-119.0,-129.5,-129.9,-130.0,-115.3,-115.0,-140.7,-129.9,-120.5,-114.4,-86.8,-91.2,-51.2,-36.8,-46.2,-34.6,-42.6,-44.3,-31.7,-53.2,-81.0,-77.8,-74.7,-71.6,-68.7,-64.9,-78.8,-74.7,-78.4,-74.7,-70.9,-67.3,-47.8,-44.3,-24.4,-25.6,-16.8,-34.2,-37.7,-34.4,-20.2,-22.9,-40.4,-43.6,-55.7,-80.6,-78.6
188,SEY,:sc: Seychelles,1096.7,-15.6,0.0,-1.6,-2.9,-4.1,-5.4,-5.7,16.8,25.8,43.2,36.4,7.4,11.1,11.8,12.1,11.7,35.3,29.6,29.7,29.8,30.3,-2.5,-1.5,-0.6,0.6,1.8,3.1,4.4,20.1,-18.9,-28.5,-27.5,-26.5,-25.5,-24.5,-23.5,-40.6,-30.7,-30.4,-30.2,-32.8,-32.6,-32.3,-24.2,-28.4,-31.5,-13.4,-32.1,-25.9,-25.8,-25.8,-42.5,-42.4,-42.4,-39.7,-20.4,-23.8,-35.1,-27.3,-24.3,-37.0,-60.0,-59.5,-59.5,-59.6,-59.8,-60.2,-60.8,-83.1,-84.5,-79.3,-79.7,-78.9,-80.3,-80.4,-82.0,-89.5,-110.2,-111.6,-108.5,-102.7,-104.1,-117.7,-118.9,-133.1,-151.7,-134.0,-134.0
189,CAM,:kh: Cambodia,1096.2,10.8,0.0,0.5,0.9,3.0,3.0,5.3,-0.9,1.8,19.0,21.1,16.3,17.7,27.3,29.4,21.1,6.0,-4.4,-2.5,9.1,10.9,12.3,13.4,14.4,15.1,30.7,12.0,27.9,8.6,10.4,12.0,13.5,18.5,-27.9,-46.4,-45.0,-43.7,-38.0,-36.9,-35.9,-31.4,-8.1,5.4,-6.5,-11.3,2.9,-6.5,28.4,39.3,54.0,44.2,60.5,62.7,59.6,68.0,69.1,62.6,47.6,39.2,80.5,96.3,72.1,72.8,73.3,73.6,73.5,73.5,59.2,61.5,84.5,86.5,89.6,82.8,110.6,114.9,107.5,119.5,105.2,106.6,108.8,90.5,111.4,110.1,111.1,112.1,120.2,121.0,121.3
190,SMR,:sm: San Marino,1086.7,-16.9,0.0,15.0,15.2,8.3,7.9,8.0,8.2,-5.2,-6.9,6.5,8.1,16.1,11.6,12.5,12.0,14.6,12.7,7.1,-10.8,-19.7,-21.0,-20.7,-20.8,-23.5,-42.8,-44.0,-36.5,-42.7,-46.4,-45.5,-44.8,-57.2,-55.7,-63.6,-61.1,-70.2,-80.2,-78.4,-79.1,-78.0,-59.7,-62.0,-58.2,-52.0,-52.2,-50.6,-52.8,-49.4,-53.1,-70.8,-70.6,-74.7,-87.5,-85.8,-84.2,-88.9,-85.1,-85.6,-93.5,-97.1,-106.8,-105.0,-103.2,-108.1,-100.2,-94.1,-93.8,-110.4,-131.2,-127.9,-119.0,-123.6,-117.4,-107.5,-112.8,-110.9,-82.4,-85.3,-90.4,-75.3,-62.9,-66.0,-55.4,-67.7,-87.2,-83.2,-82.8
191,CAY,:ky: Cayman Islands,1079.2,-15.6,0.0,-1.0,-2.1,-3.2,-4.4,-5.6,-6.8,-69.6,-70.0,-70.5,-71.0,-71.6,-72.4,-73.9,-75.0,-68.8,-72.4,-73.6,-77.5,-78.6,-79.6,-80.8,-82.0,-83.2,-76.2,-77.4,-78.6,-80.8,-83.9,-85.1,-86.5,-87.8,-89.2,-90.4,-91.6,-92.9,-94.2,-95.2,-96.3,-97.4,-98.5,-86.9,-95.9,-97.0,-98.0,-99.1,-100.4,-101.8,-103.1,-104.3,-105.6,-107.0,-108.3,-109.4,-110.6,-118.5,-118.9,-139.0,-134.5,-108.9,-118.6,-119.7,-120.8,-121.3,-121.6,-137.5,-134.5,-134.7,-134.9,-135.2,-160.1,-160.2,-160.3,-165.0,-165.1,-174.9,-183.0,-186.0,-166.6,-177.3,-160.8,-160.7,-164.9,-165.2,-173.0,-176.0,-176.3
192,SRI,:lk: Sri Lanka,1068.4,53.0,0.0,-1.3,-2.8,-4.2,-41.4,-42.5,-34.1,-35.2,-36.2,-39.4,-40.4,-41.5,-45.3,-46.2,-19.6,-59.3,-59.5,-62.8,-46.4,-39.9,-42.5,-51.0,-50.6,-50.0,-49.4,-48.9,-61.4,-73.2,-86.2,-85.6,-92.1,-91.7,-91.2,-92.4,-91.6,-117.1,-115.9,-114.7,-113.6,-105.2,-103.3,-156.2,-154.6,-153.6,-156.7,-170.6,-169.5,-168.0,-194.6,-192.9,-191.4,-190.1,-188.8,-187.4,-186.1,-172.5,-178.7,-177.6,-188.5,-184.4,-191.2,-196.9,-195.7,-194.4,-193.4,-192.6,-179.6,-178.6,-172.3,-171.6,-167.7,-166.9,-166.0,-165.2,-164.6,-164.2,-157.9,-149.3,-161.5,-141.3,-129.1,-109.7,-83.5,-106.6,-84.3,-56.4,-56.6
193,NEP,:np: Nepal,1065.7,-6.6,0.0,-0.4,-0.8,-1.3,2.6,2.0,5.1,4.6,4.0,3.4,2.8,2.1,9.8,6.8,41.2,67.5,58.7,84.3,82.2,80.1,96.8,94.5,92.2,89.8,87.4,82.5,78.8,96.3,97.5,64.3,62.2,67.4,65.2,44.3,42.5,57.1,52.5,47.9,42.9,41.2,35.8,37.6,35.9,40.7,20.4,49.0,49.6,47.6,64.0,58.9,64.8,62.4,70.2,72.2,71.2,72.5,73.8,83.6,85.5,105.7,104.7,104.3,104.0,103.7,97.1,100.5,123.4,119.2,128.4,143.6,121.6,128.9,133.3,124.1,132.3,131.3,111.4,99.6,110.4,110.4,124.2,135.4,127.7,125.9,141.7,128.7,128.2
194,PAK,:pk: Pakistan,1055.6,-6.1,0.0,2.6,12.8,15.4,-0.5,-10.3,6.3,-3.0,1.5,4.0,5.2,5.4,17.4,18.7,-16.4,-15.3,-19.5,-24.4,8.8,7.1,14.6,16.1,17.5,18.6,19.6,26.6,6.7,3.7,3.9,6.3,8.6,10.6,6.3,22.3,24.3,22.1,30.4,32.1,34.2,36.3,33.2,45.3,46.6,47.9,49.1,50.4,51.3,52.0,52.7,53.5,53.9,54.4,54.7,55.3,55.7,49.6,51.0,51.5,12.1,13.0,14.0,15.1,16.1,17.4,18.7,20.1,21.3,22.3,23.4,24.5,25.3,26.0,21.7,17.6,-20.2,-18.9,-15.7,-25.8,-27.6,-26.0,-24.5,-20.7,-23.1,-21.1,-19.5,-27.6,-26.0
195,VGB,:vg: Brit. Virgin Islands,1025.4,73.7,0.0,-0.4,-0.9,-1.4,-1.9,-2.5,-3.1,-3.7,-4.3,-4.8,-5.4,-6.1,-6.8,2.4,1.2,-4.8,-6.1,-7.4,-8.7,-10.0,-21.0,-22.1,-23.3,-20.0,-56.3,-57.2,-58.1,-106.9,-107.1,-107.5,-108.0,-142.9,-142.9,-142.9,-143.0,-143.1,-143.2,-143.1,-166.6,-174.9,-174.4,-163.5,-163.2,-163.0,-162.7,-179.3,-179.0,-178.7,-178.5,-178.4,-178.4,-178.4,-178.4,-178.3,-178.3,-178.3,-179.9,-178.0,-177.9,-177.8,-193.9,-193.7,-193.6,-193.5,-193.4,-196.5,-208.2,-208.0,-207.7,-214.1,-201.0,-200.3,-199.6,-196.6,-196.0,-181.8,-170.5,-162.7,-163.6,-163.8,-167.1,-167.4,-158.5,-158.8,-116.9,-97.4,-97.9
196,LAO,:la: Laos,1014.6,30.9,0.0,0.1,0.1,0.1,-0.1,-0.2,-0.3,-0.5,29.4,5.4,5.4,3.7,3.5,3.0,2.3,1.5,0.0,0.4,0.7,1.1,1.8,2.5,3.2,3.8,14.3,13.0,-2.0,14.4,14.7,15.0,15.4,32.4,44.4,45.3,39.6,40.2,39.0,39.9,36.4,37.5,27.7,28.8,27.2,29.8,6.5,7.9,-10.8,-21.8,-13.7,-11.9,-10.6,-8.9,-19.0,-26.6,-24.8,-22.3,-54.0,-52.8,-56.1,-55.0,-54.0,-53.1,-52.1,-50.2,-47.5,-45.0,-42.5,-39.7,-52.0,-49.8,-48.3,-63.2,-58.7,-59.3,-56.2,-53.4,-48.7,-46.1,-43.1,-40.4,-0.3,-10.1,6.3,9.5,6.2,21.2,22.9
197,BAH,:bs: Bahamas,1009.2,-84.2,0.0,0.9,1.7,2.6,3.3,4.0,4.6,21.3,18.3,18.8,19.3,19.7,20.0,-5.2,-21.5,-21.1,-20.9,-20.7,-20.6,-20.5,-20.3,-20.2,-20.1,-20.0,-20.0,-20.0,-20.1,49.2,48.5,47.8,46.9,46.0,45.1,44.4,43.5,42.7,41.8,41.2,40.4,39.7,39.0,4.9,4.6,4.3,3.9,3.5,2.9,2.3,1.7,1.1,0.5,-0.2,-0.9,-1.4,-1.9,-13.0,-45.0,-47.6,-47.6,-47.6,-31.5,-31.8,-32.1,-32.3,-32.7,-60.6,-59.6,-59.6,-59.6,-58.6,-56.7,-55.7,-54.8,-60.3,-60.2,-65.3,-73.7,-73.6,-79.9,-87.6,-92.0,-91.8,-115.9,-114.8,-157.6,-176.6,-175.9
198,MDV,:mv: Maldives,1008.4,-14.9,0.0,-3.8,-7.8,-11.8,24.7,20.4,16.1,11.8,7.5,3.4,-0.7,-4.9,17.1,13.2,49.1,45.7,42.4,40.3,42.7,38.9,68.9,63.6,58.1,52.6,43.8,72.7,61.3,58.5,72.8,67.8,62.3,70.0,64.5,64.2,58.9,77.6,63.0,57.7,62.9,57.6,52.4,40.8,33.3,35.7,20.9,-1.6,-21.9,-2.8,-7.3,-20.3,-16.3,-26.5,-42.0,-34.7,-39.1,-29.1,-38.3,-42.7,-47.2,-43.5,-27.5,-29.7,-31.7,-33.8,-36.0,-38.0,-29.9,-32.2,-46.0,-40.2,-35.4,-15.6,-23.8,-21.5,-28.9,-32.4,-42.0,-44.5,-47.0,-49.4,-45.2,-55.1,-75.9,-55.5,-68.9,-69.7,-71.4
199,MNG,:mn: Mongolia,1002.1,3.5,0.0,21.0,21.8,22.6,23.3,23.9,24.6,25.2,25.8,26.5,38.5,39.1,33.7,34.0,33.9,33.9,33.7,24.9,22.0,22.1,22.3,22.4,22.4,22.4,22.3,42.0,59.9,55.2,55.0,54.7,54.4,54.0,53.6,37.3,37.4,37.4,37.4,37.4,37.4,17.2,17.6,17.8,17.9,18.0,18.0,18.2,17.5,11.7,4.3,4.4,4.5,4.5,1.8,7.3,7.6,19.0,34.4,34.3,30.1,53.1,63.0,62.5,62.0,61.5,62.0,49.6,83.5,84.4,85.3,89.1,118.4,118.5,118.5,117.6,128.4,128.3,114.3,119.9,119.0,93.7,82.8,84.0,85.0,86.0,86.9,87.7,88.2
200,GUM,:gu: Guam,999.7,10.2,0.0,-38.1,-34.7,-31.4,-28.2,-25.3,-25.9,-22.8,-19.7,-16.9,-40.4,-37.3,-34.3,-31.7,-47.4,-44.2,-40.2,-15.2,-11.5,-10.5,-5.2,-0.3,4.6,9.4,14.2,18.8,23.5,23.1,27.6,31.8,36.7,80.2,103.5,129.7,133.3,136.9,146.5,162.3,163.7,167.8,200.9,213.8,263.7,282.8,285.8,295.1,296.1,297.2,293.5,294.7,295.5,296.9,298.4,300.0,301.4,284.4,285.8,286.8,271.5,234.9,221.3,222.9,224.3,225.6,226.8,227.7,221.0,221.0,206.2,206.3,206.4,206.3,206.8,207.4,208.0,208.4,213.6,213.3,213.3,213.3,215.0,215.6,216.2,216.6,217.0,226.3,226.3
201,VIR,:vi: U.S. Virgin Islands,953.3,11.6,0.0,1.9,3.8,5.6,7.4,9.0,10.6,3.5,-2.6,-0.9,0.9,2.5,3.9,6.1,7.2,8.2,9.2,10.0,10.7,11.5,12.4,13.2,13.9,14.5,15.2,15.8,19.2,45.1,6.6,7.3,7.8,8.8,10.7,12.6,14.4,16.2,18.0,19.4,8.8,9.6,10.3,33.0,33.4,33.7,34.1,35.8,20.5,20.9,22.3,24.3,26.1,27.9,29.5,30.9,32.2,28.8,24.2,46.7,46.9,33.6,29.3,29.5,29.7,30.7,31.8,28.9,-9.3,-7.6,-5.9,-4.5,3.6,5.5,7.4,1.2,2.6,5.8,-4.6,-11.7,-11.8,-15.0,-30.1,-29.7,-29.3,-25.4,-26.5,-18.1,-17.9
202,AIA,:ai: Anguilla,941.6,-4.2,0.0,0.1,0.0,0.0,-0.1,-0.2,-0.3,-13.3,-13.2,-13.1,-13.1,-13.2,-13.4,-32.6,-32.9,-31.4,-31.8,-32.4,-32.9,-33.4,-33.9,-34.4,-34.9,-39.9,-46.3,-46.8,-50.2,-48.6,-49.0,-49.5,-50.0,-54.3,-56.8,-57.2,-57.7,-58.2,-58.6,-59.0,-59.3,-76.1,-76.1,-74.3,-74.4,-74.6,-74.8,-83.6,-83.7,-82.5,-81.4,-80.4,-79.4,-78.6,-77.7,-76.8,-76.0,-75.3,-63.9,-84.9,-84.0,-89.6,-93.8,-94.1,-94.4,-94.7,-95.1,-92.1,-103.7,-103.9,-104.1,-97.7,-77.8,-78.4,-78.9,-79.4,-79.9,-80.4,-80.9,-72.4,-86.1,-65.6,-74.2,-74.9,-82.0,-82.5,-76.7,-75.2,-75.5
203,TLS,:tl: Timor-Leste,934.6,9.2,,,,,,-68.6,-69.0,-69.3,-117.2,-117.0,-116.8,-116.7,-113.7,-113.9,-114.3,-114.2,-112.9,-112.8,-112.8,-112.8,-113.0,-113.2,-113.4,-112.2,-135.4,-133.5,-127.5,-139.7,-137.6,-135.6,-134.2,-132.1,-76.1,-74.6,-73.1,-71.6,-70.2,-68.8,-67.5,-66.1,-46.9,-45.9,-44.8,-48.5,-64.6,-69.8,-76.3,-74.9,-87.0,-85.9,-85.1,-84.2,-86.0,-84.8,-83.6,-73.4,-61.1,-60.5,-72.7,-71.6,-70.7,-69.9,-69.4,-69.2,-69.0,-68.9,-68.5,-68.3,-69.9,-68.7,-67.8,-68.7,-67.8,-66.8,-65.8,-65.0,-73.9,-72.7,-71.6,-45.1,-28.5,-16.8,-0.9,-0.5,-6.0,-7.4,-7.2
204,TCA,:tc: Turks and Caicos,918.3,-1.5,0.0,0.4,0.7,1.0,1.2,1.4,1.6,32.5,32.4,32.3,32.1,31.8,31.4,54.7,53.7,52.7,51.6,50.5,49.3,48.2,47.1,46.0,46.4,46.7,47.1,47.4,47.6,-21.2,-21.4,-21.9,-22.5,-23.1,-23.7,-24.1,-24.7,-25.2,-25.7,-26.1,-4.4,-4.9,-5.4,-27.6,-26.9,-26.2,-25.4,-24.9,-24.6,-24.6,-24.3,-23.2,-22.2,-21.2,-20.1,-21.0,-19.8,-28.8,-22.2,-35.5,-34.6,-33.6,-32.7,-32.0,-31.8,-32.4,-33.1,-67.6,-78.8,-77.4,-76.0,-74.8,-69.4,-68.3,-67.1,-49.1,-48.2,-72.4,-79.2,-87.8,-87.2,-114.8,-105.2,-104.6,-104.1,-107.0,-106.4,-106.0,-105.8
205,MAC,:mo: Macau,910.3,-1.3,0.0,0.7,1.4,2.0,2.6,3.2,8.7,4.7,5.3,6.0,-22.1,-21.1,-39.3,-38.6,-61.1,-60.2,-68.9,-80.5,-100.0,-98.7,-97.4,-96.1,-95.0,-93.8,-110.5,-100.1,-106.8,-120.8,-122.8,-121.4,-120.0,-143.3,-141.6,-133.2,-131.6,-129.9,-127.3,-124.5,-121.6,-101.1,-90.7,-101.4,-98.7,-95.8,-100.1,-87.8,-84.7,-83.1,-60.1,-49.4,-63.0,-66.9,-55.6,-48.3,-46.5,-44.9,-43.2,-41.8,-30.1,-29.7,-29.5,-29.6,-29.8,-29.9,-29.5,-28.5,-27.1,-25.8,-24.6,-23.5,-22.6,-21.6,-20.8,-20.3,-24.8,-44.5,-46.2,-44.7,-43.3,-79.5,-84.4,-82.9,-83.0,-81.6,-80.0,-84.2,-83.2
206,SAM,:ws: Samoa,906.8,6.3,0.0,0.5,0.9,1.3,1.6,1.9,2.2,2.5,2.7,3.0,3.3,9.3,9.4,9.8,10.8,11.9,12.7,13.2,13.7,14.2,14.7,15.2,15.6,14.9,14.3,13.6,12.9,5.4,-14.0,-14.4,-70.2,-69.9,-69.7,-69.6,-69.5,-69.4,-69.3,-69.0,-68.8,-68.6,-68.4,-68.2,-68.1,-54.2,-54.1,-54.2,-88.5,-86.8,-85.0,-83.5,-82.6,-82.7,-82.7,-82.6,-82.5,-82.5,-82.5,-82.4,-81.5,-99.2,-97.3,-95.7,-94.2,-92.6,-91.1,-89.7,-88.4,-88.3,-86.9,-84.5,-82.1,-79.8,-77.4,-75.0,-73.5,-72.2,-38.1,-19.5,-27.9,-22.2,-38.7,-37.1,-35.6,-34.1,-32.6,-30.9,-30.0
207,BRU,:bn: Brunei,887.0,-32.7,0.0,0.4,0.6,0.9,1.1,1.3,-0.3,0.0,-4.9,-4.7,-4.5,-4.4,-4.4,-4.4,-18.8,-18.6,-3.3,-3.4,-49.8,-49.3,-48.2,-47.4,-46.6,-45.9,-45.2,-44.6,-44.8,-45.1,-45.4,-45.7,-46.0,-52.2,-37.5,-37.9,-38.4,-38.8,-39.3,-39.6,-39.9,-40.3,-64.4,-50.4,-54.4,-54.6,-65.1,-65.3,-65.7,-66.0,-71.1,-71.3,-70.3,-68.7,-67.1,-65.5,-64.0,-71.0,-69.1,-67.4,-61.8,-60.1,-59.0,-58.0,-57.1,-56.1,-55.0,-53.6,-51.9,-50.1,-48.4,-46.7,-47.5,-51.9,-68.8,-66.9,-65.0,-71.9,-82.0,-60.5,-45.6,-6.3,-21.6,-24.3,-25.6,-24.4,-41.6,-57.2,-56.3
208,BHU,:bt: Bhutan,835.2,12.5,0.0,-0.9,-1.9,-2.8,-15.8,-16.7,-14.8,-15.6,-16.5,-17.3,-18.1,-19.1,-20.2,-21.0,46.8,45.7,44.6,43.5,27.9,26.8,-5.2,-6.1,-7.1,-8.1,-9.1,-28.0,-29.4,-30.8,-52.8,-54.0,-55.3,-56.6,-58.0,-59.2,-60.3,-79.4,-80.3,-81.1,-81.9,-82.7,-83.5,-33.3,-45.4,-59.6,-64.6,-61.7,-61.2,-49.0,-26.1,-36.6,-47.6,-43.6,-45.8,-59.0,-64.7,-77.9,-78.9,-78.2,-61.0,-64.4,-64.0,-61.5,-58.9,-56.3,-54.0,-52.0,-50.5,-48.9,-47.4,-46.2,-44.9,-43.5,-42.2,-29.1,-28.1,-13.6,22.3,18.1,18.8,26.2,27.1,43.1,40.0,40.5,38.3,55.8,55.9
209,COK,:ck: Cook Islands,814.1,2.5,0.0,0.2,0.3,0.3,0.3,0.3,0.3,0.2,0.2,0.2,0.1,-10.7,-10.8,-11.1,-11.7,-12.3,-13.0,-13.6,6.1,5.4,4.7,3.9,3.0,2.1,1.1,0.2,-0.7,-17.0,-48.4,-48.8,-49.3,-49.8,-50.3,-50.8,-51.2,-51.7,-52.2,-52.5,-52.8,-53.2,-53.5,-53.8,-54.2,-33.0,-33.5,-34.2,-35.0,-35.8,-35.1,-34.2,-33.2,-32.3,-31.3,-30.3,-29.3,-28.4,-27.4,-26.4,-25.4,-24.3,-23.1,-21.9,-20.6,-19.3,-18.5,-17.6,-16.8,-16.8,-16.3,-14.2,-13.1,-12.3,-11.5,-10.8,-10.9,-22.3,-25.5,-22.5,-22.0,-60.9,-60.2,-59.7,-59.3,-59.0,-58.5,-57.5,-57.0
210,TGA,:to: Tonga,780.2,5.6,0.0,0.1,0.1,0.1,0.0,-0.1,-0.2,-0.3,-0.4,-0.5,-0.6,-10.2,-10.3,-10.8,-11.4,-12.1,-12.9,-13.6,-34.8,-35.2,-35.5,-36.0,-36.5,-37.1,-37.7,-38.3,-38.9,-39.5,-54.1,-54.6,-55.1,-55.7,-56.2,-56.7,-57.2,-57.7,-58.2,-58.6,-59.0,-59.4,-59.7,-60.1,-60.6,-167.0,-166.2,-165.5,-165.0,-164.6,-164.2,-163.7,-163.3,-163.0,-174.6,-174.0,-173.5,-173.0,-172.5,-171.9,-171.4,-198.6,-197.8,-197.0,-196.3,-195.6,-194.9,-194.3,-193.7,-193.2,-192.7,-192.1,-191.6,-191.1,-190.6,-190.1,-189.4,-187.7,-175.4,-193.8,-191.7,-161.5,-159.8,-158.3,-156.9,-155.5,-154.0,-152.6,-151.9
211,ASA,:as: American Samoa,715.3,-11.7,0.0,2.8,5.6,8.3,11.0,13.5,16.0,18.5,21.0,23.4,25.8,-53.5,-50.4,-47.7,-44.9,-41.3,-37.8,-34.6,-31.5,-28.3,-25.2,-22.1,-19.2,-17.3,-15.3,-13.5,-11.7,-28.6,37.2,38.4,39.6,40.8,41.9,43.1,44.2,45.3,46.4,47.6,48.8,49.9,51.1,52.2,53.2,117.3,117.8,118.1,118.3,118.4,118.5,118.7,118.8,118.8,118.9,119.1,119.2,119.3,119.4,119.6,119.7,90.7,91.2,91.6,92.0,92.4,92.7,93.0,93.2,93.4,93.6,93.8,93.9,94.1,94.2,94.4,94.6,94.8,46.9,47.6,48.2,55.4,56.1,56.7,57.2,57.7,58.3,44.9,45.3