id,player,position,price,team,abbr,4_Pts,4_PtsCond,4_PPlay,4_xMins,4_xG,4_xA,4_TeamXG,4_TeamXGA,4_PCleanSheet,5_Pts,5_PtsCond,5_PPlay,5_xMins,5_xG,5_xA,5_TeamXG,5_TeamXGA,5_PCleanSheet,6_Pts,6_PtsCond,6_PPlay,6_xMins,6_xG,6_xA,6_TeamXG,6_TeamXGA,6_PCleanSheet,7_Pts,7_PtsCond,7_PPlay,7_xMins,7_xG,7_xA,7_TeamXG,7_TeamXGA,7_PCleanSheet,8_Pts,8_PtsCond,8_PPlay,8_xMins,8_xG,8_xA,8_TeamXG,8_TeamXGA,8_PCleanSheet,ko_total
38,Lionel Messi,FWD,10.0,Argentina,ARG,9.048,9.048,1.0,78.54,1.069,0.567,3.053,0.536,0.585,6.42,7.277,0.882,78.54,0.801,0.425,2.286,0.68,0.507,4.421,5.942,0.744,78.54,0.598,0.317,1.707,0.86,0.423,3.079,5.715,0.539,78.54,0.564,0.299,1.609,0.967,0.38,3.067,5.693,0.539,78.54,0.56,0.297,1.6,0.997,0.369,26.04
30,Nahuel Molina,DEF,4.4,Argentina,ARG,6.816,6.816,1.0,76.56,0.062,0.096,3.053,0.536,0.585,5.3,6.007,0.882,76.56,0.046,0.072,2.286,0.68,0.507,3.854,5.179,0.744,76.56,0.034,0.054,1.707,0.86,0.423,2.582,4.792,0.539,76.56,0.032,0.051,1.609,0.967,0.38,2.529,4.694,0.539,76.56,0.032,0.05,1.6,0.997,0.369,21.08
28,Cristian Romero,DEF,4.9,Argentina,ARG,5.58,5.58,1.0,83.34,0.083,0.064,3.053,0.536,0.585,4.347,4.926,0.882,83.34,0.062,0.048,2.286,0.68,0.507,3.175,4.267,0.744,83.34,0.047,0.036,1.707,0.86,0.423,2.135,3.963,0.539,83.34,0.044,0.034,1.609,0.967,0.38,2.093,3.885,0.539,83.34,0.044,0.033,1.6,0.997,0.369,17.33
55,Thiago Almada,MID,6.5,Argentina,ARG,5.557,5.557,1.0,70.92,0.231,0.267,3.053,0.536,0.585,4.206,4.767,0.882,70.92,0.173,0.2,2.286,0.68,0.507,3.075,4.133,0.744,70.92,0.129,0.149,1.707,0.86,0.423,2.152,3.995,0.539,70.92,0.122,0.141,1.609,0.967,0.38,2.141,3.974,0.539,70.92,0.121,0.14,1.6,0.997,0.369,17.13
500,Kylian Mbappé,FWD,10.5,France,FRA,6.118,6.118,1.0,83.63,0.616,0.347,2.167,0.711,0.491,4.367,5.294,0.825,83.63,0.492,0.277,1.733,1.07,0.343,2.895,5.279,0.548,83.63,0.49,0.276,1.726,0.899,0.407,1.861,4.788,0.389,83.63,0.417,0.235,1.467,1.091,0.336,1.858,4.782,0.389,83.63,0.416,0.234,1.464,1.091,0.336,17.1
50,Rodrigo De Paul,MID,5.9,Argentina,ARG,5.52,5.52,1.0,80.33,0.191,0.326,3.053,0.536,0.585,4.183,4.741,0.882,80.33,0.143,0.244,2.286,0.68,0.507,3.062,4.115,0.744,80.33,0.107,0.182,1.707,0.86,0.423,2.143,3.979,0.539,80.33,0.101,0.172,1.609,0.967,0.38,2.133,3.958,0.539,80.33,0.1,0.171,1.6,0.997,0.369,17.04
1092,Lamine Yamal,MID,10.0,Spain,ESP,6.002,6.002,1.0,77.83,0.386,0.416,2.237,0.83,0.436,3.997,5.08,0.787,77.83,0.293,0.315,1.696,0.976,0.377,2.989,5.573,0.536,77.83,0.342,0.368,1.979,0.872,0.418,2.008,4.957,0.405,77.83,0.283,0.305,1.64,1.072,0.342,1.915,4.729,0.405,77.83,0.26,0.28,1.504,1.103,0.332,16.91
1338,Lautaro Martínez,FWD,8.8,Argentina,ARG,5.895,5.895,1.0,55.69,0.684,0.161,3.053,0.536,0.585,4.168,4.725,0.882,55.69,0.512,0.12,2.286,0.68,0.507,2.842,3.819,0.744,55.69,0.383,0.09,1.707,0.86,0.423,1.974,3.663,0.539,55.69,0.361,0.085,1.609,0.967,0.38,1.965,3.648,0.539,55.69,0.359,0.084,1.6,0.997,0.369,16.84
1318,Lisandro Martínez,DEF,4.6,Argentina,ARG,5.255,5.255,1.0,73.1,0.047,0.041,3.053,0.536,0.585,4.131,4.683,0.882,73.1,0.035,0.03,2.286,0.68,0.507,3.039,4.085,0.744,73.1,0.026,0.023,1.707,0.86,0.423,2.042,3.791,0.539,73.1,0.025,0.021,1.609,0.967,0.38,2.001,3.715,0.539,73.1,0.025,0.021,1.6,0.997,0.369,16.47
1274,Christian Pulisic,MID,7.0,USA,USA,7.309,7.309,1.0,78.46,0.501,0.327,2.132,0.864,0.422,4.731,6.079,0.778,78.46,0.375,0.245,1.596,1.033,0.356,2.454,4.86,0.505,78.46,0.262,0.171,1.115,1.551,0.212,0.996,5.112,0.195,78.46,0.286,0.187,1.218,1.459,0.232,0.954,4.893,0.195,78.46,0.264,0.173,1.126,1.506,0.222,16.44
501,Ousmane Dembélé,MID,10.0,France,FRA,5.873,5.873,1.0,72.22,0.446,0.235,2.167,0.711,0.491,4.164,5.048,0.825,72.22,0.357,0.188,1.733,1.07,0.343,2.797,5.1,0.548,72.22,0.355,0.187,1.726,0.899,0.407,1.798,4.626,0.389,72.22,0.302,0.159,1.467,1.091,0.336,1.796,4.621,0.389,72.22,0.301,0.159,1.464,1.091,0.336,16.43
855,Erling Haaland,FWD,10.5,Norway,NOR,7.085,7.085,1.0,84.34,0.926,0.151,1.893,0.927,0.396,4.335,5.899,0.735,84.34,0.71,0.116,1.452,1.346,0.26,2.297,5.979,0.384,84.34,0.725,0.118,1.481,1.153,0.316,1.219,5.372,0.227,84.34,0.614,0.1,1.255,1.416,0.243,1.265,5.574,0.227,84.34,0.651,0.106,1.331,1.365,0.255,16.2
57,Enzo Fernández,MID,7.5,Argentina,ARG,5.144,5.144,1.0,80.78,0.214,0.2,3.053,0.536,0.585,3.924,4.447,0.882,80.78,0.16,0.149,2.286,0.68,0.507,2.893,3.888,0.744,80.78,0.12,0.112,1.707,0.86,0.423,2.027,3.763,0.539,80.78,0.113,0.105,1.609,0.967,0.38,2.017,3.744,0.539,80.78,0.112,0.105,1.6,0.997,0.369,16.0
492,Theo Hernández,DEF,5.0,France,FRA,5.889,5.889,1.0,87.34,0.058,0.048,2.167,0.711,0.491,3.742,4.536,0.825,87.34,0.047,0.038,1.733,1.07,0.343,2.785,5.079,0.548,87.34,0.047,0.038,1.726,0.899,0.407,1.706,4.391,0.389,87.34,0.04,0.032,1.467,1.091,0.336,1.706,4.389,0.389,87.34,0.039,0.032,1.464,1.091,0.336,15.83
517,Michael Olise,MID,9.5,France,FRA,5.495,5.495,1.0,69.35,0.283,0.435,2.167,0.711,0.491,3.915,4.746,0.825,69.35,0.227,0.348,1.733,1.07,0.343,2.632,4.799,0.548,69.35,0.226,0.346,1.726,0.899,0.407,1.698,4.37,0.389,69.35,0.192,0.294,1.467,1.091,0.336,1.696,4.365,0.389,69.35,0.191,0.294,1.464,1.091,0.336,15.44
45,Emiliano Martínez,GK,5.0,Argentina,ARG,4.805,4.805,1.0,87.51,0.0,0.0,3.053,0.536,0.585,3.835,4.346,0.882,87.51,0.0,0.0,2.286,0.68,0.507,2.852,3.833,0.744,87.51,0.0,0.0,1.707,0.86,0.423,1.915,3.554,0.539,87.51,0.0,0.0,1.609,0.967,0.38,1.875,3.479,0.539,87.51,0.0,0.0,1.6,0.997,0.369,15.28
1254,Malik Tillman,MID,6.1,USA,USA,6.695,6.695,1.0,77.73,0.435,0.231,2.132,0.864,0.422,4.367,5.611,0.778,77.73,0.326,0.173,1.596,1.033,0.356,2.286,4.527,0.505,77.73,0.228,0.121,1.115,1.551,0.212,0.926,4.75,0.195,77.73,0.248,0.132,1.218,1.459,0.232,0.888,4.557,0.195,77.73,0.23,0.122,1.126,1.506,0.222,15.16
468,Harry Kane,FWD,10.5,England,ENG,6.474,6.474,1.0,79.8,0.834,0.102,1.944,0.79,0.454,3.868,5.034,0.768,79.8,0.565,0.069,1.318,1.099,0.333,2.246,5.349,0.42,79.8,0.624,0.076,1.455,1.11,0.33,1.23,4.92,0.25,79.8,0.544,0.067,1.269,1.171,0.31,1.305,5.222,0.25,79.8,0.6,0.073,1.4,1.119,0.327,15.12
1102,Marcos Llorente,DEF,5.5,Spain,ESP,4.917,4.917,1.0,65.75,0.028,0.073,2.237,0.83,0.436,3.425,4.352,0.787,65.75,0.021,0.055,1.696,0.976,0.377,2.535,4.726,0.536,65.75,0.025,0.065,1.979,0.872,0.418,1.647,4.066,0.405,65.75,0.02,0.054,1.64,1.072,0.342,1.601,3.953,0.405,65.75,0.019,0.049,1.504,1.103,0.332,14.12
494,Dayot Upamecano,DEF,5.3,France,FRA,5.099,5.099,1.0,85.61,0.042,0.041,2.167,0.711,0.491,3.256,3.947,0.825,85.61,0.034,0.033,1.733,1.07,0.343,2.424,4.421,0.548,85.61,0.034,0.033,1.726,0.899,0.407,1.491,3.836,0.389,85.61,0.029,0.028,1.467,1.091,0.336,1.49,3.835,0.389,85.61,0.029,0.028,1.464,1.091,0.336,13.76
505,Désiré Doué,MID,7.5,France,FRA,4.797,4.797,1.0,63.94,0.22,0.131,2.167,0.711,0.491,3.468,4.203,0.825,63.94,0.176,0.105,1.733,1.07,0.343,2.336,4.259,0.548,63.94,0.175,0.104,1.726,0.899,0.407,1.523,3.919,0.389,63.94,0.149,0.089,1.467,1.091,0.336,1.522,3.916,0.389,63.94,0.149,0.089,1.464,1.091,0.336,13.65
56,Alexis Mac Allister,MID,6.6,Argentina,ARG,4.266,4.266,1.0,76.17,0.136,0.148,3.053,0.536,0.585,3.331,3.776,0.882,76.17,0.102,0.111,2.286,0.68,0.507,2.513,3.378,0.744,76.17,0.076,0.083,1.707,0.86,0.423,1.768,3.281,0.539,76.17,0.072,0.078,1.609,0.967,0.38,1.759,3.264,0.539,76.17,0.071,0.078,1.6,0.997,0.369,13.64
748,Raúl Jiménez,FWD,7.0,Mexico,MEX,6.094,6.094,1.0,74.99,0.546,0.128,2.163,0.735,0.479,3.897,4.759,0.819,74.99,0.358,0.084,1.42,1.0,0.368,1.987,4.016,0.495,74.99,0.258,0.061,1.021,1.535,0.216,0.663,3.763,0.176,74.99,0.224,0.053,0.889,1.613,0.199,0.708,4.023,0.176,74.99,0.259,0.061,1.025,1.482,0.227,13.35
256,Luis Díaz,MID,8.1,Colombia,COL,6.143,6.143,1.0,83.88,0.515,0.205,1.737,0.822,0.44,3.596,4.966,0.724,83.88,0.367,0.146,1.239,1.128,0.324,1.826,4.75,0.384,83.88,0.343,0.137,1.157,1.267,0.282,0.846,4.82,0.175,83.88,0.351,0.14,1.183,1.216,0.296,0.832,4.744,0.175,83.88,0.342,0.136,1.152,1.25,0.286,13.24
742,Jesús Gallardo,DEF,4.7,Mexico,MEX,6.242,6.242,1.0,73.24,0.08,0.118,2.163,0.735,0.479,4.063,4.962,0.819,73.24,0.052,0.078,1.42,1.0,0.368,1.648,3.33,0.495,73.24,0.038,0.056,1.021,1.535,0.216,0.543,3.084,0.176,73.24,0.033,0.049,0.889,1.613,0.199,0.608,3.452,0.176,73.24,0.038,0.056,1.025,1.482,0.227,13.1
1088,Marc Cucurella,DEF,5.1,Spain,ESP,4.54,4.54,1.0,86.93,0.053,0.085,2.237,0.83,0.436,3.151,4.005,0.787,86.93,0.04,0.065,1.696,0.976,0.377,2.334,4.352,0.536,86.93,0.047,0.075,1.979,0.872,0.418,1.52,3.754,0.405,86.93,0.039,0.063,1.64,1.072,0.342,1.476,3.644,0.405,86.93,0.035,0.057,1.504,1.103,0.332,13.02
847,Julian Ryerson,DEF,4.2,Norway,NOR,5.907,5.907,1.0,84.13,0.032,0.314,1.893,0.927,0.396,3.24,4.409,0.735,84.13,0.024,0.241,1.452,1.346,0.26,1.894,4.93,0.384,84.13,0.025,0.246,1.481,1.153,0.316,0.927,4.083,0.227,84.13,0.021,0.208,1.255,1.416,0.243,0.968,4.264,0.227,84.13,0.022,0.221,1.331,1.365,0.255,12.94
1366,Raphinha,MID,8.2,Brazil,BRA,5.31,5.31,1.0,80.98,0.396,0.196,1.743,1.051,0.35,3.353,4.903,0.684,80.98,0.348,0.172,1.535,1.22,0.295,1.951,4.957,0.394,80.98,0.35,0.173,1.543,1.091,0.336,1.074,4.451,0.241,80.98,0.292,0.145,1.288,1.336,0.263,1.15,4.764,0.241,80.98,0.331,0.164,1.459,1.255,0.285,12.84
466,John Stones,DEF,4.6,England,ENG,5.524,5.524,1.0,80.8,0.043,0.06,1.944,0.79,0.454,3.318,4.318,0.768,80.8,0.029,0.041,1.318,1.099,0.333,1.818,4.331,0.42,80.8,0.032,0.045,1.455,1.11,0.33,1.024,4.095,0.25,80.8,0.028,0.039,1.269,1.171,0.31,1.071,4.286,0.25,80.8,0.031,0.043,1.4,1.119,0.327,12.76
1430,Jules Koundé,DEF,5.4,France,FRA,4.703,4.703,1.0,82.68,0.039,0.058,2.167,0.711,0.491,3.021,3.662,0.825,82.68,0.032,0.046,1.733,1.07,0.343,2.242,4.088,0.548,82.68,0.031,0.046,1.726,0.899,0.407,1.383,3.558,0.389,82.68,0.027,0.039,1.467,1.091,0.336,1.382,3.557,0.389,82.68,0.027,0.039,1.464,1.091,0.336,12.73
270,James Rodríguez,MID,6.5,Colombia,COL,5.839,5.839,1.0,71.12,0.21,0.407,1.737,0.822,0.44,3.479,4.805,0.724,71.12,0.15,0.29,1.239,1.128,0.324,1.771,4.608,0.384,71.12,0.14,0.271,1.157,1.267,0.282,0.82,4.672,0.175,71.12,0.143,0.277,1.183,1.216,0.296,0.808,4.603,0.175,71.12,0.139,0.27,1.152,1.25,0.286,12.72
542,Joshua Kimmich,DEF,5.5,Germany,GER,6.163,6.163,1.0,83.28,0.237,0.307,2.094,0.955,0.385,3.06,4.085,0.749,83.28,0.158,0.205,1.397,1.515,0.22,1.742,5.031,0.346,83.28,0.189,0.244,1.666,1.212,0.298,0.883,4.213,0.21,83.28,0.163,0.21,1.436,1.473,0.229,0.851,4.06,0.21,83.28,0.155,0.2,1.365,1.508,0.221,12.7
1429,William Saliba,DEF,5.3,France,FRA,4.645,4.645,1.0,87.62,0.043,0.031,2.167,0.711,0.491,2.983,3.615,0.825,87.62,0.034,0.025,1.733,1.07,0.343,2.216,4.042,0.548,87.62,0.034,0.025,1.726,0.899,0.407,1.367,3.518,0.389,87.62,0.029,0.021,1.467,1.091,0.336,1.367,3.518,0.389,87.62,0.029,0.021,1.464,1.091,0.336,12.58
741,César Montes,DEF,4.7,Mexico,MEX,5.98,5.98,1.0,79.99,0.065,0.081,2.163,0.735,0.479,3.915,4.781,0.819,79.99,0.042,0.053,1.42,1.0,0.368,1.58,3.193,0.495,79.99,0.031,0.038,1.021,1.535,0.216,0.522,2.963,0.176,79.99,0.027,0.033,0.889,1.613,0.199,0.583,3.314,0.176,79.99,0.031,0.039,1.025,1.482,0.227,12.58
1093,Ferran Torres,FWD,7.8,Spain,ESP,4.506,4.506,1.0,57.92,0.5,0.073,2.237,0.83,0.436,2.905,3.692,0.787,57.92,0.379,0.055,1.696,0.976,0.377,2.21,4.12,0.536,57.92,0.442,0.065,1.979,0.872,0.418,1.461,3.607,0.405,57.92,0.367,0.054,1.64,1.072,0.342,1.376,3.398,0.405,57.92,0.336,0.049,1.504,1.103,0.332,12.46
1086,Aymeric Laporte,DEF,5.5,Spain,ESP,4.325,4.325,1.0,84.31,0.041,0.04,2.237,0.83,0.436,3.023,3.842,0.787,84.31,0.031,0.03,1.696,0.976,0.377,2.232,4.162,0.536,84.31,0.037,0.035,1.979,0.872,0.418,1.457,3.596,0.405,84.31,0.03,0.029,1.64,1.072,0.342,1.417,3.499,0.405,84.31,0.028,0.027,1.504,1.103,0.332,12.45
1998,Fabián Ruiz,MID,6.8,Spain,ESP,4.249,4.249,1.0,75.67,0.126,0.178,2.237,0.83,0.436,2.963,3.765,0.787,75.67,0.095,0.135,1.696,0.976,0.377,2.161,4.03,0.536,75.67,0.111,0.157,1.979,0.872,0.418,1.493,3.687,0.405,75.67,0.092,0.131,1.64,1.072,0.342,1.445,3.568,0.405,75.67,0.085,0.12,1.504,1.103,0.332,12.31
939,Bruno Fernandes,MID,8.5,Portugal,POR,5.379,5.379,1.0,85.32,0.309,0.369,1.901,0.876,0.417,3.262,4.442,0.734,85.32,0.224,0.267,1.376,1.214,0.297,1.797,4.512,0.398,85.32,0.231,0.275,1.419,1.203,0.3,0.948,4.384,0.216,85.32,0.219,0.261,1.344,1.243,0.289,0.925,4.275,0.216,85.32,0.208,0.248,1.279,1.268,0.281,12.31
463,Ezri Konsa,DEF,4.8,England,ENG,5.291,5.291,1.0,70.47,0.031,0.026,1.944,0.79,0.454,3.19,4.152,0.768,70.47,0.021,0.018,1.318,1.099,0.333,1.741,4.147,0.42,70.47,0.023,0.02,1.455,1.11,0.33,0.983,3.934,0.25,70.47,0.02,0.017,1.269,1.171,0.31,1.027,4.11,0.25,70.47,0.023,0.019,1.4,1.119,0.327,12.23
1089,Pau Cubarsí,DEF,5.0,Spain,ESP,4.241,4.241,1.0,70.93,0.036,0.024,2.237,0.83,0.436,2.973,3.779,0.787,70.93,0.027,0.018,1.696,0.976,0.377,2.192,4.088,0.536,70.93,0.032,0.021,1.979,0.872,0.418,1.432,3.535,0.405,70.93,0.027,0.018,1.64,1.072,0.342,1.395,3.443,0.405,70.93,0.024,0.016,1.504,1.103,0.332,12.23
1573,Cristiano Ronaldo,FWD,10.0,Portugal,POR,5.28,5.28,1.0,79.51,0.622,0.057,1.901,0.876,0.417,3.213,4.375,0.734,79.51,0.45,0.041,1.376,1.214,0.297,1.771,4.448,0.398,79.51,0.464,0.043,1.419,1.203,0.3,0.934,4.32,0.216,79.51,0.44,0.04,1.344,1.243,0.289,0.91,4.207,0.216,79.51,0.418,0.038,1.279,1.268,0.281,12.11
740,Johan Vásquez,DEF,4.7,Mexico,MEX,5.691,5.691,1.0,81.75,0.053,0.046,2.163,0.735,0.479,3.749,4.578,0.819,81.75,0.035,0.03,1.42,1.0,0.368,1.506,3.044,0.495,81.75,0.025,0.022,1.021,1.535,0.216,0.498,2.831,0.176,81.75,0.022,0.019,0.889,1.613,0.199,0.557,3.164,0.176,81.75,0.025,0.022,1.025,1.482,0.227,12.0
758,Brian Gutiérrez,MID,5.0,Mexico,MEX,5.397,5.397,1.0,72.43,0.232,0.253,2.163,0.735,0.479,3.541,4.324,0.819,72.43,0.152,0.166,1.42,1.0,0.368,1.801,3.64,0.495,72.43,0.109,0.119,1.021,1.535,0.216,0.606,3.444,0.176,72.43,0.095,0.104,0.889,1.613,0.199,0.644,3.657,0.176,72.43,0.11,0.12,1.025,1.482,0.227,11.99
1094,Mikel Oyarzabal,FWD,8.1,Spain,ESP,4.137,4.137,1.0,64.94,0.352,0.126,2.237,0.83,0.436,2.848,3.62,0.787,64.94,0.267,0.096,1.696,0.976,0.377,2.087,3.891,0.536,64.94,0.311,0.111,1.979,0.872,0.418,1.445,3.567,0.405,64.94,0.258,0.092,1.64,1.072,0.342,1.392,3.437,0.405,64.94,0.236,0.085,1.504,1.103,0.332,11.91
744,Israel Reyes,DEF,4.0,Mexico,MEX,5.612,5.612,1.0,65.49,0.031,0.055,2.163,0.735,0.479,3.71,4.53,0.819,65.49,0.021,0.036,1.42,1.0,0.368,1.486,3.004,0.495,65.49,0.015,0.026,1.021,1.535,0.216,0.492,2.797,0.176,65.49,0.013,0.023,0.889,1.613,0.199,0.55,3.125,0.176,65.49,0.015,0.026,1.025,1.482,0.227,11.85
1709,Reece James,DEF,5.2,England,ENG,5.088,5.088,1.0,71.0,0.049,0.165,1.944,0.79,0.454,3.052,3.972,0.768,71.0,0.033,0.112,1.318,1.099,0.333,1.683,4.009,0.42,71.0,0.037,0.123,1.455,1.11,0.33,0.944,3.777,0.25,71.0,0.032,0.108,1.269,1.171,0.31,0.99,3.961,0.25,71.0,0.036,0.119,1.4,1.119,0.327,11.76
1259,Chris Richards,DEF,4.1,USA,USA,5.33,5.33,1.0,82.73,0.062,0.039,2.132,0.864,0.422,3.587,4.609,0.778,82.73,0.046,0.03,1.596,1.033,0.356,1.56,3.09,0.505,82.73,0.032,0.021,1.115,1.551,0.212,0.65,3.337,0.195,82.73,0.035,0.023,1.218,1.459,0.232,0.623,3.198,0.195,82.73,0.033,0.021,1.126,1.506,0.222,11.75
506,Mike Maignan,GK,5.0,France,FRA,4.253,4.253,1.0,88.12,0.0,0.0,2.167,0.711,0.491,2.724,3.302,0.825,88.12,0.0,0.0,1.733,1.07,0.343,2.045,3.73,0.548,88.12,0.0,0.0,1.726,0.899,0.407,1.264,3.253,0.389,88.12,0.0,0.0,1.467,1.091,0.336,1.264,3.253,0.389,88.12,0.0,0.0,1.464,1.091,0.336,11.55
1104,Rodri,MID,7.5,Spain,ESP,3.935,3.935,1.0,67.53,0.173,0.031,2.237,0.83,0.436,2.769,3.519,0.787,67.53,0.131,0.023,1.696,0.976,0.377,2.01,3.747,0.536,67.53,0.153,0.027,1.979,0.872,0.418,1.397,3.448,0.405,67.53,0.127,0.022,1.64,1.072,0.342,1.356,3.347,0.405,67.53,0.116,0.021,1.504,1.103,0.332,11.47
1267,Folarin Balogun,FWD,6.0,USA,USA,4.93,4.93,1.0,71.15,0.368,0.139,2.132,0.864,0.422,3.287,4.224,0.778,71.15,0.275,0.104,1.596,1.033,0.356,1.805,3.575,0.505,71.15,0.192,0.073,1.115,1.551,0.212,0.724,3.715,0.195,71.15,0.21,0.079,1.218,1.459,0.232,0.699,3.589,0.195,71.15,0.194,0.073,1.126,1.506,0.222,11.44
1258,Antonee Robinson,DEF,5.0,USA,USA,5.176,5.176,1.0,78.46,0.041,0.043,2.132,0.864,0.422,3.495,4.491,0.778,78.46,0.031,0.032,1.596,1.033,0.356,1.518,3.006,0.505,78.46,0.021,0.023,1.115,1.551,0.212,0.632,3.245,0.195,78.46,0.023,0.025,1.218,1.459,0.232,0.607,3.113,0.195,78.46,0.022,0.023,1.126,1.506,0.222,11.43
510,Adrien Rabiot,MID,6.4,France,FRA,3.951,3.951,1.0,65.26,0.14,0.076,2.167,0.711,0.491,2.902,3.517,0.825,65.26,0.112,0.061,1.733,1.07,0.343,1.961,3.576,0.548,65.26,0.112,0.061,1.726,0.899,0.407,1.295,3.333,0.389,65.26,0.095,0.052,1.467,1.091,0.336,1.295,3.331,0.389,65.26,0.095,0.052,1.464,1.091,0.336,11.4
1099,Unai Simón,GK,5.0,Spain,ESP,3.915,3.915,1.0,88.93,0.0,0.0,2.237,0.83,0.436,2.779,3.532,0.787,88.93,0.0,0.0,1.696,0.976,0.377,2.038,3.799,0.536,88.93,0.0,0.0,1.979,0.872,0.418,1.335,3.296,0.405,88.93,0.0,0.0,1.64,1.072,0.342,1.306,3.224,0.405,88.93,0.0,0.0,1.504,1.103,0.332,11.37
252,Johan Mojica,DEF,3.9,Colombia,COL,5.413,5.413,1.0,84.61,0.04,0.068,1.737,0.822,0.44,3.085,4.26,0.724,84.61,0.028,0.049,1.239,1.128,0.324,1.478,3.844,0.384,84.61,0.027,0.045,1.157,1.267,0.282,0.7,3.992,0.175,84.61,0.027,0.046,1.183,1.216,0.296,0.682,3.887,0.175,84.61,0.026,0.045,1.152,1.25,0.286,11.36
1106,Pedri,MID,8.1,Spain,ESP,3.894,3.894,1.0,60.27,0.104,0.279,2.237,0.83,0.436,2.74,3.482,0.787,60.27,0.079,0.211,1.696,0.976,0.377,1.989,3.708,0.536,60.27,0.092,0.247,1.979,0.872,0.418,1.382,3.411,0.405,60.27,0.076,0.204,1.64,1.072,0.342,1.341,3.312,0.405,60.27,0.07,0.187,1.504,1.103,0.332,11.35
528,Kai Havertz,FWD,7.8,Germany,GER,5.053,5.053,1.0,75.61,0.53,0.134,2.094,0.955,0.385,3.023,4.037,0.749,75.61,0.354,0.089,1.397,1.515,0.22,1.534,4.429,0.346,75.61,0.422,0.107,1.666,1.212,0.298,0.858,4.094,0.21,75.61,0.364,0.092,1.436,1.473,0.229,0.837,3.99,0.21,75.61,0.346,0.087,1.365,1.508,0.221,11.31
1261,Tim Ream,DEF,3.9,USA,USA,5.103,5.103,1.0,82.66,0.037,0.034,2.132,0.864,0.422,3.452,4.435,0.778,82.66,0.027,0.025,1.596,1.033,0.356,1.497,2.965,0.505,82.66,0.019,0.018,1.115,1.551,0.212,0.624,3.2,0.195,82.66,0.021,0.019,1.218,1.459,0.232,0.599,3.072,0.195,82.66,0.019,0.018,1.126,1.506,0.222,11.28
250,Dávinson Sánchez,DEF,4.3,Colombia,COL,5.353,5.353,1.0,85.24,0.055,0.023,1.737,0.822,0.44,3.05,4.211,0.724,85.24,0.039,0.017,1.239,1.128,0.324,1.46,3.797,0.384,85.24,0.036,0.016,1.157,1.267,0.282,0.692,3.945,0.175,85.24,0.037,0.016,1.183,1.216,0.296,0.674,3.841,0.175,85.24,0.036,0.016,1.152,1.25,0.286,11.23
249,Jhon Lucumí,DEF,4.3,Colombia,COL,5.303,5.303,1.0,84.62,0.047,0.025,1.737,0.822,0.44,3.023,4.175,0.724,84.62,0.034,0.018,1.239,1.128,0.324,1.446,3.763,0.384,84.62,0.032,0.017,1.157,1.267,0.282,0.686,3.909,0.175,84.62,0.032,0.017,1.183,1.216,0.296,0.668,3.807,0.175,84.62,0.031,0.017,1.152,1.25,0.286,11.13
190,Lucas Paquetá,MID,6.5,Brazil,BRA,4.552,4.552,1.0,64.32,0.209,0.126,1.743,1.051,0.35,2.904,4.245,0.684,64.32,0.184,0.111,1.535,1.22,0.295,1.691,4.296,0.394,64.32,0.185,0.112,1.543,1.091,0.336,0.943,3.909,0.241,64.32,0.155,0.093,1.288,1.336,0.263,1.0,4.142,0.241,64.32,0.175,0.106,1.459,1.255,0.285,11.09
168,Douglas Santos,DEF,4.3,Brazil,BRA,4.66,4.66,1.0,80.71,0.043,0.062,1.743,1.051,0.35,2.805,4.1,0.684,80.71,0.038,0.054,1.535,1.22,0.295,1.76,4.47,0.394,80.71,0.038,0.055,1.543,1.091,0.336,0.895,3.707,0.241,80.71,0.032,0.045,1.288,1.336,0.263,0.961,3.981,0.241,80.71,0.036,0.052,1.459,1.255,0.285,11.08
850,David Møller Wolfe,DEF,4.0,Norway,NOR,5.06,5.06,1.0,82.13,0.036,0.078,1.893,0.927,0.396,2.725,3.708,0.735,82.13,0.027,0.06,1.452,1.346,0.26,1.628,4.236,0.384,82.13,0.028,0.061,1.481,1.153,0.316,0.788,3.47,0.227,82.13,0.024,0.051,1.255,1.416,0.243,0.822,3.62,0.227,82.13,0.025,0.055,1.331,1.365,0.255,11.02
1684,Martin Ødegaard,MID,7.7,Norway,NOR,4.691,4.691,1.0,81.86,0.085,0.402,1.893,0.927,0.396,2.972,4.044,0.735,81.86,0.065,0.308,1.452,1.346,0.26,1.589,4.135,0.384,81.86,0.067,0.314,1.481,1.153,0.316,0.861,3.795,0.227,81.86,0.057,0.266,1.255,1.416,0.243,0.885,3.897,0.227,81.86,0.06,0.282,1.331,1.365,0.255,11.0
921,Renato Veiga,DEF,4.3,Portugal,POR,4.999,4.999,1.0,73.55,0.034,0.023,1.901,0.876,0.417,2.826,3.849,0.734,73.55,0.025,0.017,1.376,1.214,0.297,1.549,3.889,0.398,73.55,0.026,0.017,1.419,1.203,0.3,0.814,3.765,0.216,73.55,0.024,0.016,1.344,1.243,0.289,0.797,3.683,0.216,73.55,0.023,0.016,1.279,1.268,0.281,10.98
856,Alexander Sørloth,FWD,6.8,Norway,NOR,4.656,4.656,1.0,74.74,0.352,0.069,1.893,0.927,0.396,2.985,4.062,0.735,74.74,0.27,0.053,1.452,1.346,0.26,1.576,4.102,0.384,74.74,0.276,0.054,1.481,1.153,0.316,0.861,3.793,0.227,74.74,0.234,0.046,1.255,1.416,0.243,0.884,3.896,0.227,74.74,0.248,0.049,1.331,1.365,0.255,10.96
916,Nuno Mendes,DEF,5.8,Portugal,POR,4.985,4.985,1.0,87.19,0.07,0.235,1.901,0.876,0.417,2.819,3.839,0.734,87.19,0.051,0.17,1.376,1.214,0.297,1.549,3.89,0.398,87.19,0.052,0.176,1.419,1.203,0.3,0.813,3.757,0.216,87.19,0.049,0.167,1.344,1.243,0.289,0.792,3.662,0.216,87.19,0.047,0.158,1.279,1.268,0.281,10.96
457,Nico O'Reilly,DEF,4.7,England,ENG,4.712,4.712,1.0,79.29,0.069,0.069,1.944,0.79,0.454,2.842,3.699,0.768,79.29,0.047,0.047,1.318,1.099,0.333,1.563,3.723,0.42,79.29,0.051,0.052,1.455,1.11,0.33,0.879,3.517,0.25,79.29,0.045,0.045,1.269,1.171,0.31,0.921,3.683,0.25,79.29,0.049,0.05,1.4,1.119,0.327,10.92
802,Jan Paul van Hecke,DEF,4.3,Netherlands,NED,4.533,4.533,1.0,67.25,0.028,0.035,1.328,1.016,0.362,3.195,5.306,0.602,67.25,0.042,0.052,2.003,0.84,0.432,1.567,3.379,0.464,67.25,0.028,0.034,1.316,1.437,0.238,0.758,3.521,0.215,67.25,0.027,0.034,1.294,1.376,0.253,0.737,3.425,0.215,67.25,0.026,0.032,1.227,1.407,0.245,10.79
804,Cody Gakpo,FWD,7.7,Netherlands,NED,4.088,4.088,1.0,77.87,0.27,0.246,1.328,1.016,0.362,3.102,5.15,0.602,77.87,0.407,0.371,2.003,0.84,0.432,1.887,4.07,0.464,77.87,0.268,0.244,1.316,1.437,0.238,0.869,4.035,0.215,77.87,0.263,0.24,1.294,1.376,0.253,0.846,3.93,0.215,77.87,0.25,0.227,1.227,1.407,0.245,10.79
167,Danilo,DEF,4.3,Brazil,BRA,4.516,4.516,1.0,78.68,0.035,0.042,1.743,1.051,0.35,2.716,3.971,0.684,78.68,0.031,0.037,1.535,1.22,0.295,1.709,4.342,0.394,78.68,0.031,0.038,1.543,1.091,0.336,0.868,3.597,0.241,78.68,0.026,0.031,1.288,1.336,0.263,0.931,3.858,0.241,78.68,0.029,0.036,1.459,1.255,0.285,10.74
1264,Alexander Freeman,DEF,4.0,USA,USA,4.872,4.872,1.0,81.62,0.094,0.079,2.132,0.864,0.422,3.261,4.19,0.778,81.62,0.07,0.059,1.596,1.033,0.356,1.438,2.849,0.505,81.62,0.049,0.041,1.115,1.551,0.212,0.599,3.073,0.195,81.62,0.054,0.045,1.218,1.459,0.232,0.573,2.942,0.195,81.62,0.05,0.042,1.126,1.506,0.222,10.74
1474,Edson Álvarez,MID,6.0,Mexico,MEX,4.76,4.76,1.0,79.42,0.194,0.17,2.163,0.735,0.479,3.185,3.889,0.819,79.42,0.127,0.111,1.42,1.0,0.368,1.642,3.32,0.495,79.42,0.091,0.08,1.021,1.535,0.216,0.557,3.163,0.176,79.42,0.08,0.07,0.889,1.613,0.199,0.587,3.335,0.176,79.42,0.092,0.08,1.025,1.482,0.227,10.73
846,Kristoffer Ajer,DEF,4.3,Norway,NOR,4.868,4.868,1.0,83.54,0.034,0.034,1.893,0.927,0.396,2.61,3.552,0.735,83.54,0.026,0.026,1.452,1.346,0.26,1.568,4.08,0.384,83.54,0.027,0.026,1.481,1.153,0.316,0.757,3.334,0.227,83.54,0.023,0.022,1.255,1.416,0.243,0.789,3.476,0.227,83.54,0.024,0.024,1.331,1.365,0.255,10.59
1361,Bruno Guimarães,MID,6.8,Brazil,BRA,4.292,4.292,1.0,80.46,0.136,0.189,1.743,1.051,0.35,2.746,4.015,0.684,80.46,0.12,0.167,1.535,1.22,0.295,1.6,4.065,0.394,80.46,0.121,0.168,1.543,1.091,0.336,0.897,3.716,0.241,80.46,0.101,0.14,1.288,1.336,0.263,0.947,3.924,0.241,80.46,0.114,0.159,1.459,1.255,0.285,10.48
469,Bukayo Saka,MID,9.5,England,ENG,4.299,4.299,1.0,74.45,0.152,0.21,1.944,0.79,0.454,2.763,3.596,0.768,74.45,0.103,0.142,1.318,1.099,0.333,1.562,3.72,0.42,74.45,0.114,0.157,1.455,1.11,0.33,0.881,3.526,0.25,74.45,0.099,0.137,1.269,1.171,0.31,0.916,3.666,0.25,74.45,0.109,0.151,1.4,1.119,0.327,10.42
1570,Rúben Dias,DEF,5.0,Portugal,POR,4.725,4.725,1.0,88.87,0.051,0.037,1.901,0.876,0.417,2.683,3.653,0.734,88.87,0.037,0.027,1.376,1.214,0.297,1.471,3.693,0.398,88.87,0.038,0.028,1.419,1.203,0.3,0.773,3.575,0.216,88.87,0.036,0.026,1.344,1.243,0.289,0.756,3.496,0.216,88.87,0.034,0.025,1.279,1.268,0.281,10.41
259,Luis Suárez,FWD,5.7,Colombia,COL,4.708,4.708,1.0,70.13,0.283,0.183,1.737,0.822,0.44,2.872,3.966,0.724,70.13,0.202,0.131,1.239,1.128,0.324,1.477,3.842,0.384,70.13,0.188,0.122,1.157,1.267,0.282,0.681,3.881,0.175,70.13,0.193,0.125,1.183,1.216,0.296,0.673,3.834,0.175,70.13,0.188,0.121,1.152,1.25,0.286,10.41
1271,Matt Freese,GK,4.2,USA,USA,4.667,4.667,1.0,81.85,0.0,0.0,2.132,0.864,0.422,3.192,4.101,0.778,81.85,0.0,0.0,1.596,1.033,0.356,1.374,2.72,0.505,81.85,0.0,0.0,1.115,1.551,0.212,0.572,2.935,0.195,81.85,0.0,0.0,1.218,1.459,0.232,0.551,2.826,0.195,81.85,0.0,0.0,1.126,1.506,0.222,10.36
917,João Cancelo,DEF,5.3,Portugal,POR,4.674,4.674,1.0,77.13,0.084,0.1,1.901,0.876,0.417,2.653,3.613,0.734,77.13,0.061,0.072,1.376,1.214,0.297,1.457,3.658,0.398,77.13,0.062,0.074,1.419,1.203,0.3,0.765,3.537,0.216,77.13,0.059,0.07,1.344,1.243,0.289,0.747,3.452,0.216,77.13,0.056,0.067,1.279,1.268,0.281,10.3
1255,Weston McKennie,MID,6.1,USA,USA,4.352,4.352,1.0,77.46,0.159,0.149,2.132,0.864,0.422,2.969,3.815,0.778,77.46,0.119,0.111,1.596,1.033,0.356,1.637,3.242,0.505,77.46,0.083,0.078,1.115,1.551,0.212,0.654,3.355,0.195,77.46,0.091,0.085,1.218,1.459,0.232,0.635,3.261,0.195,77.46,0.084,0.079,1.126,1.506,0.222,10.25
852,Torbjørn Heggem,DEF,3.7,Norway,NOR,4.714,4.714,1.0,74.65,0.023,0.019,1.893,0.927,0.396,2.519,3.428,0.735,74.65,0.018,0.014,1.452,1.346,0.26,1.52,3.956,0.384,74.65,0.018,0.015,1.481,1.153,0.316,0.732,3.226,0.227,74.65,0.015,0.013,1.255,1.416,0.243,0.763,3.362,0.227,74.65,0.016,0.013,1.331,1.365,0.255,10.25
797,Micky van de Ven,DEF,5.1,Netherlands,NED,4.279,4.279,1.0,66.04,0.035,0.028,1.328,1.016,0.362,3.016,5.007,0.602,66.04,0.052,0.043,2.003,0.84,0.432,1.487,3.206,0.464,66.04,0.034,0.028,1.316,1.437,0.238,0.719,3.338,0.215,66.04,0.034,0.028,1.294,1.376,0.253,0.699,3.248,0.215,66.04,0.032,0.026,1.227,1.407,0.245,10.2
2031,Sergiño Dest,DEF,4.3,USA,USA,4.607,4.607,1.0,78.42,0.046,0.12,2.132,0.864,0.422,3.102,3.986,0.778,78.42,0.034,0.09,1.596,1.033,0.356,1.368,2.708,0.505,78.42,0.024,0.063,1.115,1.551,0.212,0.569,2.92,0.195,78.42,0.026,0.069,1.218,1.459,0.232,0.546,2.799,0.195,78.42,0.024,0.063,1.126,1.506,0.222,10.19
752,Roberto Alvarado,FWD,5.3,Mexico,MEX,4.486,4.486,1.0,75.28,0.186,0.273,2.163,0.735,0.479,3.004,3.669,0.819,75.28,0.122,0.18,1.42,1.0,0.368,1.591,3.216,0.495,75.28,0.088,0.129,1.021,1.535,0.216,0.539,3.063,0.176,75.28,0.076,0.112,0.889,1.613,0.199,0.567,3.22,0.176,75.28,0.088,0.13,1.025,1.482,0.227,10.19
262,Camilo Vargas,GK,4.3,Colombia,COL,4.816,4.816,1.0,87.23,0.0,0.0,1.737,0.822,0.44,2.762,3.815,0.724,87.23,0.0,0.0,1.239,1.128,0.324,1.316,3.423,0.384,87.23,0.0,0.0,1.157,1.267,0.282,0.625,3.563,0.175,87.23,0.0,0.0,1.183,1.216,0.296,0.609,3.468,0.175,87.23,0.0,0.0,1.152,1.25,0.286,10.13
523,Jonathan Tah,DEF,5.3,Germany,GER,4.939,4.939,1.0,78.17,0.052,0.039,2.094,0.955,0.385,2.408,3.216,0.749,78.17,0.034,0.026,1.397,1.515,0.22,1.403,4.053,0.346,78.17,0.041,0.031,1.666,1.212,0.298,0.697,3.325,0.21,78.17,0.035,0.027,1.436,1.473,0.229,0.676,3.223,0.21,78.17,0.034,0.026,1.365,1.508,0.221,10.12
188,Casemiro,MID,6.3,Brazil,BRA,4.139,4.139,1.0,83.88,0.184,0.076,1.743,1.051,0.35,2.652,3.877,0.684,83.88,0.162,0.067,1.535,1.22,0.295,1.545,3.926,0.394,83.88,0.163,0.067,1.543,1.091,0.336,0.868,3.597,0.241,83.88,0.136,0.056,1.288,1.336,0.263,0.915,3.791,0.241,83.88,0.154,0.064,1.459,1.255,0.285,10.12
173,Vinícius Júnior,MID,10.0,Brazil,BRA,4.137,4.137,1.0,82.81,0.209,0.178,1.743,1.051,0.35,2.647,3.869,0.684,82.81,0.184,0.157,1.535,1.22,0.295,1.542,3.919,0.394,82.81,0.185,0.157,1.543,1.091,0.336,0.865,3.584,0.241,82.81,0.154,0.131,1.288,1.336,0.263,0.913,3.782,0.241,82.81,0.175,0.149,1.459,1.255,0.285,10.1
543,Florian Wirtz,MID,7.5,Germany,GER,4.402,4.402,1.0,75.75,0.21,0.252,2.094,0.955,0.385,2.671,3.566,0.749,75.75,0.14,0.168,1.397,1.515,0.22,1.351,3.903,0.346,75.75,0.167,0.201,1.666,1.212,0.298,0.758,3.613,0.21,75.75,0.144,0.173,1.436,1.473,0.229,0.742,3.537,0.21,75.75,0.137,0.164,1.365,1.508,0.221,9.92
529,Leroy Sané,MID,7.4,Germany,GER,4.383,4.383,1.0,66.73,0.182,0.125,2.094,0.955,0.385,2.674,3.57,0.749,66.73,0.121,0.084,1.397,1.515,0.22,1.35,3.9,0.346,66.73,0.145,0.1,1.666,1.212,0.298,0.758,3.617,0.21,66.73,0.125,0.086,1.436,1.473,0.229,0.743,3.542,0.21,66.73,0.119,0.082,1.365,1.508,0.221,9.91
795,Denzel Dumfries,DEF,5.7,Netherlands,NED,4.084,4.084,1.0,83.86,0.064,0.069,1.328,1.016,0.362,2.934,4.872,0.602,83.86,0.096,0.103,2.003,0.84,0.432,1.466,3.161,0.464,83.86,0.063,0.068,1.316,1.437,0.238,0.704,3.271,0.215,83.86,0.062,0.067,1.294,1.376,0.253,0.684,3.176,0.215,83.86,0.059,0.063,1.227,1.407,0.245,9.87
248,Daniel Muñoz,DEF,4.6,Colombia,COL,4.681,4.681,1.0,84.92,0.082,0.057,1.737,0.822,0.44,2.678,3.699,0.724,84.92,0.058,0.041,1.239,1.128,0.324,1.29,3.356,0.384,84.92,0.055,0.038,1.157,1.267,0.282,0.61,3.478,0.175,84.92,0.056,0.039,1.183,1.216,0.296,0.595,3.39,0.175,84.92,0.054,0.038,1.152,1.25,0.286,9.85
925,Pedro Neto,MID,6.4,Portugal,POR,4.191,4.191,1.0,68.18,0.118,0.183,1.901,0.876,0.417,2.642,3.597,0.734,68.18,0.085,0.133,1.376,1.214,0.297,1.449,3.639,0.398,68.18,0.088,0.137,1.419,1.203,0.3,0.77,3.56,0.216,68.18,0.083,0.129,1.344,1.243,0.289,0.755,3.493,0.216,68.18,0.079,0.123,1.279,1.268,0.281,9.81
515,Aurélien Tchouaméni,MID,6.5,France,FRA,3.312,3.312,1.0,82.88,0.069,0.058,2.167,0.711,0.491,2.476,3.002,0.825,82.88,0.055,0.046,1.733,1.07,0.343,1.68,3.063,0.548,82.88,0.055,0.046,1.726,0.899,0.407,1.125,2.895,0.389,82.88,0.046,0.039,1.467,1.091,0.336,1.125,2.894,0.389,82.88,0.046,0.039,1.464,1.091,0.336,9.72
859,Ørjan Nyland,GK,4.2,Norway,NOR,4.447,4.447,1.0,85.25,0.0,0.0,1.893,0.927,0.396,2.362,3.215,0.735,85.25,0.0,0.0,1.452,1.346,0.26,1.438,3.742,0.384,85.25,0.0,0.0,1.481,1.153,0.316,0.69,3.041,0.227,85.25,0.0,0.0,1.255,1.416,0.243,0.719,3.166,0.227,85.25,0.0,0.0,1.331,1.365,0.255,9.66
816,Tijjani Reijnders,MID,6.5,Netherlands,NED,3.703,3.703,1.0,75.28,0.129,0.07,1.328,1.016,0.362,2.667,4.429,0.602,75.28,0.194,0.105,2.003,0.84,0.432,1.654,3.567,0.464,75.28,0.128,0.069,1.316,1.437,0.238,0.767,3.56,0.215,75.28,0.125,0.068,1.294,1.376,0.253,0.751,3.487,0.215,75.28,0.119,0.064,1.227,1.407,0.245,9.54
491,Jude Bellingham,MID,8.3,England,ENG,3.868,3.868,1.0,80.26,0.158,0.155,1.944,0.79,0.454,2.53,3.293,0.768,80.26,0.107,0.105,1.318,1.099,0.333,1.423,3.389,0.42,80.26,0.119,0.116,1.455,1.11,0.33,0.808,3.233,0.25,80.26,0.103,0.101,1.269,1.171,0.31,0.836,3.346,0.25,80.26,0.114,0.111,1.4,1.119,0.327,9.46
477,Jordan Pickford,GK,4.8,England,ENG,4.025,4.025,1.0,87.63,0.0,0.0,1.944,0.79,0.454,2.484,3.233,0.768,87.63,0.0,0.0,1.318,1.099,0.333,1.347,3.208,0.42,87.63,0.0,0.0,1.455,1.11,0.33,0.767,3.068,0.25,87.63,0.0,0.0,1.269,1.171,0.31,0.797,3.187,0.25,87.63,0.0,0.0,1.4,1.119,0.327,9.42
488,Declan Rice,MID,7.0,England,ENG,3.84,3.84,1.0,76.16,0.113,0.236,1.944,0.79,0.454,2.515,3.273,0.768,76.16,0.077,0.16,1.318,1.099,0.333,1.414,3.367,0.42,76.16,0.085,0.176,1.455,1.11,0.33,0.804,3.215,0.25,76.16,0.074,0.154,1.269,1.171,0.31,0.831,3.325,0.25,76.16,0.082,0.17,1.4,1.119,0.327,9.4
164,Gabriel Magalhães,DEF,5.5,Brazil,BRA,3.944,3.944,1.0,85.36,0.054,0.072,1.743,1.051,0.35,2.384,3.485,0.684,85.36,0.048,0.063,1.535,1.22,0.295,1.488,3.781,0.394,85.36,0.048,0.063,1.543,1.091,0.336,0.762,3.156,0.241,85.36,0.04,0.053,1.288,1.336,0.263,0.817,3.386,0.241,85.36,0.046,0.06,1.459,1.255,0.285,9.4
526,Nico Schlotterbeck,DEF,5.3,Germany,GER,4.558,4.558,1.0,73.09,0.072,0.051,2.094,0.955,0.385,2.246,2.999,0.749,73.09,0.048,0.034,1.397,1.515,0.22,1.3,3.755,0.346,73.09,0.057,0.041,1.666,1.212,0.298,0.65,3.098,0.21,73.09,0.049,0.035,1.436,1.473,0.229,0.63,3.003,0.21,73.09,0.047,0.033,1.365,1.508,0.221,9.38
1572,Bernardo Silva,MID,7.8,Portugal,POR,3.986,3.986,1.0,77.6,0.104,0.161,1.901,0.876,0.417,2.53,3.445,0.734,77.6,0.075,0.116,1.376,1.214,0.297,1.387,3.483,0.398,77.6,0.077,0.12,1.419,1.203,0.3,0.738,3.411,0.216,77.6,0.073,0.114,1.344,1.243,0.289,0.725,3.351,0.216,77.6,0.07,0.108,1.279,1.268,0.281,9.37
863,Antonio Nusa,MID,6.1,Norway,NOR,3.929,3.929,1.0,75.34,0.135,0.101,1.893,0.927,0.396,2.531,3.445,0.735,75.34,0.103,0.078,1.452,1.346,0.26,1.354,3.524,0.384,75.34,0.105,0.079,1.481,1.153,0.316,0.742,3.27,0.227,75.34,0.089,0.067,1.255,1.416,0.243,0.759,3.343,0.227,75.34,0.095,0.071,1.331,1.365,0.255,9.32
796,Virgil van Dijk,DEF,5.5,Netherlands,NED,3.852,3.852,1.0,86.91,0.05,0.022,1.328,1.016,0.362,2.722,4.52,0.602,86.91,0.076,0.034,2.003,0.84,0.432,1.359,2.93,0.464,86.91,0.05,0.022,1.316,1.437,0.238,0.655,3.044,0.215,86.91,0.049,0.022,1.294,1.376,0.253,0.637,2.961,0.215,86.91,0.047,0.021,1.227,1.407,0.245,9.22
2033,Tyler Adams,MID,5.3,USA,USA,3.831,3.831,1.0,71.91,0.118,0.103,2.132,0.864,0.422,2.661,3.419,0.778,71.91,0.088,0.077,1.596,1.033,0.356,1.495,2.96,0.505,71.91,0.062,0.054,1.115,1.551,0.212,0.594,3.048,0.195,71.91,0.067,0.059,1.218,1.459,0.232,0.58,2.977,0.195,71.91,0.062,0.054,1.126,1.506,0.222,9.16
757,Raúl Rangel,GK,3.9,Mexico,MEX,4.182,4.182,1.0,85.7,0.0,0.0,2.163,0.735,0.479,2.843,3.472,0.819,85.7,0.0,0.0,1.42,1.0,0.368,1.152,2.328,0.495,85.7,0.0,0.0,1.021,1.535,0.216,0.385,2.184,0.176,85.7,0.0,0.0,0.889,1.613,0.199,0.427,2.426,0.176,85.7,0.0,0.0,1.025,1.482,0.227,8.99
937,João Neves,MID,6.5,Portugal,POR,3.753,3.753,1.0,68.56,0.199,0.047,1.901,0.876,0.417,2.397,3.265,0.734,68.56,0.144,0.034,1.376,1.214,0.297,1.313,3.298,0.398,68.56,0.149,0.035,1.419,1.203,0.3,0.7,3.234,0.216,68.56,0.141,0.033,1.344,1.243,0.289,0.688,3.181,0.216,68.56,0.134,0.032,1.279,1.268,0.281,8.85
165,Marquinhos,DEF,5.2,Brazil,BRA,3.699,3.699,1.0,86.01,0.037,0.031,1.743,1.051,0.35,2.237,3.27,0.684,86.01,0.033,0.027,1.535,1.22,0.295,1.403,3.564,0.394,86.01,0.033,0.027,1.543,1.091,0.336,0.718,2.975,0.241,86.01,0.027,0.023,1.288,1.336,0.263,0.768,3.181,0.241,86.01,0.031,0.026,1.459,1.255,0.285,8.83
1149,Breel Embolo,FWD,7.5,Switzerland,SUI,4.727,4.727,1.0,75.41,0.368,0.063,1.222,1.189,0.305,2.357,4.69,0.503,75.41,0.363,0.062,1.204,1.315,0.269,0.994,4.269,0.233,75.41,0.303,0.052,1.007,1.717,0.18,0.356,4.562,0.078,75.41,0.344,0.059,1.144,1.482,0.227,0.359,4.594,0.078,75.41,0.349,0.059,1.159,1.505,0.222,8.79
486,Elliot Anderson,MID,6.5,England,ENG,3.523,3.523,1.0,74.5,0.081,0.09,1.944,0.79,0.454,2.354,3.064,0.768,74.5,0.055,0.061,1.318,1.099,0.333,1.316,3.135,0.42,74.5,0.061,0.067,1.455,1.11,0.33,0.753,3.014,0.25,74.5,0.053,0.059,1.269,1.171,0.31,0.775,3.102,0.25,74.5,0.058,0.065,1.4,1.119,0.327,8.72
2040,Frenkie de Jong,MID,7.0,Netherlands,NED,3.396,3.396,1.0,79.06,0.047,0.137,1.328,1.016,0.362,2.39,3.969,0.602,79.06,0.072,0.207,2.003,0.84,0.432,1.513,3.263,0.464,79.06,0.047,0.136,1.316,1.437,0.238,0.702,3.261,0.215,79.06,0.046,0.134,1.294,1.376,0.253,0.69,3.203,0.215,79.06,0.044,0.127,1.227,1.407,0.245,8.69
1602,Aleksandar Pavlovic,MID,5.5,Germany,GER,3.762,3.762,1.0,70.3,0.141,0.057,2.094,0.955,0.385,2.357,3.147,0.749,70.3,0.094,0.038,1.397,1.515,0.22,1.177,3.399,0.346,70.3,0.112,0.046,1.666,1.212,0.298,0.667,3.182,0.21,70.3,0.097,0.039,1.436,1.473,0.229,0.656,3.127,0.21,70.3,0.092,0.037,1.365,1.508,0.221,8.62
809,Bart Verbruggen,GK,4.7,Netherlands,NED,3.648,3.648,1.0,87.14,0.0,0.0,1.328,1.016,0.362,2.496,4.145,0.602,87.14,0.0,0.0,2.003,0.84,0.432,1.232,2.656,0.464,87.14,0.0,0.0,1.316,1.437,0.238,0.6,2.786,0.215,87.14,0.0,0.0,1.294,1.376,0.253,0.585,2.719,0.215,87.14,0.0,0.0,1.227,1.407,0.245,8.56
1600,Jamal Musiala,MID,8.0,Germany,GER,3.696,3.696,1.0,75.74,0.156,0.125,2.094,0.955,0.385,2.318,3.094,0.749,75.74,0.104,0.083,1.397,1.515,0.22,1.157,3.341,0.346,75.74,0.124,0.099,1.666,1.212,0.298,0.656,3.129,0.21,75.74,0.107,0.085,1.436,1.473,0.229,0.645,3.076,0.21,75.74,0.102,0.081,1.365,1.508,0.221,8.47
247,Richard Ríos,MID,4.7,Colombia,COL,3.74,3.74,1.0,69.05,0.121,0.074,1.737,0.822,0.44,2.36,3.259,0.724,69.05,0.086,0.053,1.239,1.128,0.324,1.213,3.156,0.384,69.05,0.081,0.049,1.157,1.267,0.282,0.56,3.19,0.175,69.05,0.082,0.05,1.183,1.216,0.296,0.554,3.157,0.175,69.05,0.08,0.049,1.152,1.25,0.286,8.43
1569,Diogo Costa,GK,4.9,Portugal,POR,3.79,3.79,1.0,89.85,0.0,0.0,1.901,0.876,0.417,2.183,2.973,0.734,89.85,0.0,0.0,1.376,1.214,0.297,1.194,2.998,0.398,89.85,0.0,0.0,1.419,1.203,0.3,0.63,2.911,0.216,89.85,0.0,0.0,1.344,1.243,0.289,0.618,2.857,0.216,89.85,0.0,0.0,1.279,1.268,0.281,8.41
812,Ryan Gravenberch,MID,6.1,Netherlands,NED,3.207,3.207,1.0,74.73,0.072,0.057,1.328,1.016,0.362,2.226,3.695,0.602,74.73,0.108,0.086,2.003,0.84,0.432,1.426,3.076,0.464,74.73,0.071,0.057,1.316,1.437,0.238,0.662,3.077,0.215,74.73,0.07,0.056,1.294,1.376,0.253,0.652,3.027,0.215,74.73,0.066,0.053,1.227,1.407,0.245,8.17
763,Álvaro Fidalgo,MID,6.4,Mexico,MEX,3.444,3.444,1.0,72.43,0.098,0.039,2.163,0.735,0.479,2.461,3.005,0.819,72.43,0.065,0.026,1.42,1.0,0.368,1.324,2.675,0.495,72.43,0.046,0.019,1.021,1.535,0.216,0.458,2.6,0.176,72.43,0.04,0.016,0.889,1.613,0.199,0.473,2.689,0.176,72.43,0.047,0.019,1.025,1.482,0.227,8.16
226,Jonathan David,FWD,7.0,Canada,CAN,4.584,4.584,1.0,74.62,0.313,0.11,1.472,0.922,0.398,2.432,3.635,0.669,74.62,0.194,0.068,0.912,1.642,0.194,0.728,3.586,0.203,74.62,0.188,0.066,0.884,1.995,0.136,0.183,3.561,0.051,74.62,0.185,0.065,0.869,1.885,0.152,0.18,3.507,0.051,74.62,0.178,0.063,0.838,1.893,0.151,8.11
2020,Brahim Díaz,MID,6.4,Morocco,MAR,4.095,4.095,1.0,80.87,0.218,0.174,1.016,1.328,0.265,2.006,5.044,0.398,80.87,0.31,0.248,1.447,0.825,0.438,1.106,4.018,0.275,80.87,0.212,0.17,0.989,1.44,0.237,0.408,3.985,0.102,80.87,0.206,0.165,0.962,1.373,0.253,0.402,3.922,0.102,80.87,0.199,0.159,0.928,1.376,0.253,8.02
183,Alisson Becker,GK,5.0,Brazil,BRA,3.348,3.348,1.0,87.71,0.0,0.0,1.743,1.051,0.35,2.025,2.96,0.684,87.71,0.0,0.0,1.535,1.22,0.295,1.28,3.253,0.394,87.71,0.0,0.0,1.543,1.091,0.336,0.655,2.715,0.241,87.71,0.0,0.0,1.288,1.336,0.263,0.697,2.886,0.241,87.71,0.0,0.0,1.459,1.255,0.285,8.0
936,Vitinha,MID,6.4,Portugal,POR,3.342,3.342,1.0,80.24,0.118,0.072,1.901,0.876,0.417,2.179,2.967,0.734,80.24,0.086,0.052,1.376,1.214,0.297,1.191,2.991,0.398,80.24,0.088,0.054,1.419,1.203,0.3,0.637,2.943,0.216,80.24,0.084,0.051,1.344,1.243,0.289,0.628,2.904,0.216,80.24,0.08,0.048,1.279,1.268,0.281,7.98
412,Enner Valencia,FWD,5.9,Ecuador,ECU,4.285,4.285,1.0,71.02,0.301,0.058,1.184,1.193,0.303,2.095,4.192,0.5,71.02,0.289,0.055,1.134,1.185,0.306,0.908,3.855,0.236,71.02,0.243,0.047,0.952,1.532,0.216,0.326,4.064,0.08,71.02,0.271,0.052,1.065,1.348,0.26,0.329,4.103,0.08,71.02,0.276,0.053,1.086,1.359,0.257,7.94
1683,Fredrik Aursnes,MID,6.5,Norway,NOR,3.295,3.295,1.0,72.14,0.076,0.062,1.893,0.927,0.396,2.17,2.953,0.735,72.14,0.058,0.047,1.452,1.346,0.26,1.161,3.022,0.384,72.14,0.059,0.048,1.481,1.153,0.316,0.645,2.843,0.227,72.14,0.05,0.041,1.255,1.416,0.243,0.656,2.891,0.227,72.14,0.053,0.043,1.331,1.365,0.255,7.93
227,Cyle Larin,FWD,6.2,Canada,CAN,4.393,4.393,1.0,61.0,0.3,0.084,1.472,0.922,0.398,2.349,3.511,0.669,61.0,0.186,0.052,0.912,1.642,0.194,0.704,3.466,0.203,61.0,0.18,0.051,0.884,1.995,0.136,0.176,3.443,0.051,61.0,0.177,0.05,0.869,1.885,0.152,0.174,3.393,0.051,61.0,0.171,0.048,0.838,1.893,0.151,7.8
269,Jhon Arias,MID,6.3,Colombia,COL,3.402,3.402,1.0,70.36,0.082,0.066,1.737,0.822,0.44,2.183,3.014,0.724,70.36,0.058,0.047,1.239,1.128,0.324,1.125,2.927,0.384,70.36,0.054,0.044,1.157,1.267,0.282,0.519,2.956,0.175,70.36,0.056,0.045,1.183,1.216,0.296,0.514,2.929,0.175,70.36,0.054,0.044,1.152,1.25,0.286,7.74
265,Jefferson Lerma,MID,4.9,Colombia,COL,3.396,3.396,1.0,77.9,0.085,0.059,1.737,0.822,0.44,2.179,3.01,0.724,77.9,0.061,0.042,1.239,1.128,0.324,1.124,2.923,0.384,77.9,0.057,0.039,1.157,1.267,0.282,0.518,2.952,0.175,77.9,0.058,0.04,1.183,1.216,0.296,0.513,2.925,0.175,77.9,0.057,0.039,1.152,1.25,0.286,7.73
187,Danilo,MID,5.6,Brazil,BRA,3.115,3.115,1.0,78.68,0.063,0.056,1.743,1.051,0.35,2.032,2.97,0.684,78.68,0.055,0.049,1.535,1.22,0.295,1.187,3.015,0.394,78.68,0.055,0.049,1.543,1.091,0.336,0.683,2.831,0.241,78.68,0.046,0.041,1.288,1.336,0.263,0.707,2.928,0.241,78.68,0.052,0.047,1.459,1.255,0.285,7.72
2044,Crysencio Summerville,MID,5.3,Netherlands,NED,3.032,3.032,1.0,72.14,0.087,0.049,1.328,1.016,0.362,2.073,3.442,0.602,72.14,0.132,0.073,2.003,0.84,0.432,1.345,2.902,0.464,72.14,0.087,0.048,1.316,1.437,0.238,0.626,2.905,0.215,72.14,0.085,0.047,1.294,1.376,0.253,0.617,2.864,0.215,72.14,0.081,0.045,1.227,1.407,0.245,7.69
2052,Piero Hincapié,DEF,4.7,Ecuador,ECU,4.149,4.149,1.0,83.71,0.034,0.054,1.184,1.193,0.303,2.074,4.149,0.5,83.71,0.033,0.052,1.134,1.185,0.306,0.754,3.198,0.236,83.71,0.028,0.043,0.952,1.532,0.216,0.296,3.687,0.08,83.71,0.031,0.049,1.065,1.348,0.26,0.295,3.669,0.08,83.71,0.032,0.049,1.086,1.359,0.257,7.57
1967,Stephen Eustaquio,MID,5.0,Canada,CAN,4.285,4.285,1.0,78.73,0.106,0.228,1.472,0.922,0.398,2.265,3.385,0.669,78.73,0.066,0.141,0.912,1.642,0.194,0.669,3.292,0.203,78.73,0.064,0.137,0.884,1.995,0.136,0.169,3.289,0.051,78.73,0.062,0.135,0.869,1.885,0.152,0.166,3.248,0.051,78.73,0.06,0.13,0.838,1.893,0.151,7.55
759,Érik Lira,MID,5.6,Mexico,MEX,3.131,3.131,1.0,70.96,0.059,0.038,2.163,0.735,0.479,2.291,2.798,0.819,70.96,0.038,0.025,1.42,1.0,0.368,1.25,2.526,0.495,70.96,0.028,0.018,1.021,1.535,0.216,0.435,2.469,0.176,70.96,0.024,0.016,0.889,1.613,0.199,0.447,2.538,0.176,70.96,0.028,0.018,1.025,1.482,0.227,7.55
841,Sander Berge,MID,4.7,Norway,NOR,3.118,3.118,1.0,82.83,0.047,0.072,1.893,0.927,0.396,2.07,2.817,0.735,82.83,0.036,0.055,1.452,1.346,0.26,1.108,2.883,0.384,82.83,0.037,0.057,1.481,1.153,0.316,0.618,2.725,0.227,82.83,0.031,0.048,1.255,1.416,0.243,0.628,2.766,0.227,82.83,0.033,0.051,1.331,1.365,0.255,7.54
221,Derek Cornelius,DEF,4.0,Canada,CAN,4.92,4.92,1.0,73.59,0.033,0.045,1.472,0.922,0.398,1.888,2.823,0.669,73.59,0.02,0.028,0.912,1.642,0.194,0.431,2.12,0.203,73.59,0.02,0.027,0.884,1.995,0.136,0.119,2.318,0.051,73.59,0.019,0.027,0.869,1.885,0.152,0.117,2.292,0.051,73.59,0.019,0.026,0.838,1.893,0.151,7.48
1963,Alistair Johnston,DEF,4.0,Canada,CAN,4.922,4.922,1.0,74.0,0.033,0.045,1.472,0.922,0.398,1.89,2.824,0.669,74.0,0.02,0.028,0.912,1.642,0.194,0.431,2.121,0.203,74.0,0.02,0.027,0.884,1.995,0.136,0.119,2.319,0.051,74.0,0.019,0.027,0.869,1.885,0.152,0.118,2.293,0.051,74.0,0.019,0.026,0.838,1.893,0.151,7.48
404,Joel Ordóñez,DEF,3.9,Ecuador,ECU,4.079,4.079,1.0,82.0,0.04,0.027,1.184,1.193,0.303,2.04,4.082,0.5,82.0,0.039,0.025,1.134,1.185,0.306,0.739,3.138,0.236,82.0,0.032,0.021,0.952,1.532,0.216,0.291,3.622,0.08,82.0,0.036,0.024,1.065,1.348,0.26,0.289,3.603,0.08,82.0,0.037,0.024,1.086,1.359,0.257,7.44
1158,Rubén Vargas,MID,6.8,Switzerland,SUI,4.006,4.006,1.0,70.76,0.087,0.217,1.222,1.189,0.305,1.984,3.947,0.503,70.76,0.086,0.214,1.204,1.315,0.269,0.837,3.593,0.233,70.76,0.072,0.179,1.007,1.717,0.18,0.299,3.825,0.078,70.76,0.082,0.203,1.144,1.482,0.227,0.3,3.84,0.078,70.76,0.083,0.206,1.159,1.505,0.222,7.43
2016,Issa Diop,DEF,4.5,Morocco,MAR,3.657,3.657,1.0,78.61,0.031,0.031,1.016,1.328,0.265,2.122,5.336,0.398,78.61,0.044,0.044,1.447,0.825,0.438,0.927,3.368,0.275,78.61,0.03,0.03,0.989,1.44,0.237,0.361,3.523,0.102,78.61,0.029,0.029,0.962,1.373,0.253,0.359,3.502,0.102,78.61,0.028,0.028,0.928,1.376,0.253,7.43
2013,Chadi Riad,DEF,3.9,Morocco,MAR,3.653,3.653,1.0,77.69,0.03,0.031,1.016,1.328,0.265,2.12,5.329,0.398,77.69,0.043,0.044,1.447,0.825,0.438,0.926,3.363,0.275,77.69,0.029,0.03,0.989,1.44,0.237,0.361,3.518,0.102,77.69,0.029,0.029,0.962,1.373,0.253,0.358,3.498,0.102,77.69,0.028,0.028,0.928,1.376,0.253,7.42
1598,Manuel Neuer,GK,5.0,Germany,GER,3.583,3.583,1.0,82.0,0.0,0.0,2.094,0.955,0.385,1.771,2.364,0.749,82.0,0.0,0.0,1.397,1.515,0.22,1.031,2.979,0.346,82.0,0.0,0.0,1.666,1.212,0.298,0.512,2.444,0.21,82.0,0.0,0.0,1.436,1.473,0.229,0.499,2.378,0.21,82.0,0.0,0.0,1.365,1.508,0.221,7.4
220,Richie Laryea,DEF,3.9,Canada,CAN,4.865,4.865,1.0,72.02,0.028,0.041,1.472,0.922,0.398,1.864,2.786,0.669,72.02,0.018,0.025,0.912,1.642,0.194,0.423,2.084,0.203,72.02,0.017,0.024,0.884,1.995,0.136,0.117,2.283,0.051,72.02,0.017,0.024,0.869,1.885,0.152,0.116,2.258,0.051,72.02,0.016,0.023,0.838,1.893,0.151,7.38
805,Donyell Malen,FWD,6.1,Netherlands,NED,2.756,2.756,1.0,56.93,0.23,0.066,1.328,1.016,0.362,2.177,3.615,0.602,56.93,0.346,0.099,2.003,0.84,0.432,1.271,2.741,0.464,56.93,0.228,0.065,1.316,1.437,0.238,0.584,2.712,0.215,56.93,0.224,0.064,1.294,1.376,0.253,0.565,2.626,0.215,56.93,0.212,0.061,1.227,1.407,0.245,7.35
1601,Felix Nmecha,MID,5.6,Germany,GER,3.143,3.143,1.0,61.22,0.087,0.079,2.094,0.955,0.385,2.042,2.726,0.749,61.22,0.058,0.053,1.397,1.515,0.22,1.005,2.901,0.346,61.22,0.069,0.063,1.666,1.212,0.298,0.577,2.75,0.21,61.22,0.06,0.054,1.436,1.473,0.229,0.569,2.716,0.21,61.22,0.057,0.051,1.365,1.508,0.221,7.34
672,Ayase Ueda,FWD,7.0,Japan,JPN,4.628,4.628,1.0,75.71,0.369,0.038,1.051,1.743,0.175,1.54,4.873,0.316,75.71,0.405,0.042,1.154,1.54,0.214,0.628,4.852,0.129,75.71,0.402,0.042,1.145,1.365,0.255,0.255,4.434,0.057,75.71,0.34,0.035,0.97,1.714,0.18,0.274,4.766,0.057,75.71,0.389,0.04,1.109,1.578,0.206,7.32
1135,Granit Xhaka,MID,6.2,Switzerland,SUI,3.949,3.949,1.0,84.16,0.16,0.084,1.222,1.189,0.305,1.955,3.89,0.503,84.16,0.158,0.083,1.204,1.315,0.269,0.825,3.543,0.233,84.16,0.132,0.069,1.007,1.717,0.18,0.294,3.77,0.078,84.16,0.15,0.079,1.144,1.482,0.227,0.295,3.785,0.078,84.16,0.152,0.08,1.159,1.505,0.222,7.32
225,Luc De Fougerolles,DEF,3.5,Canada,CAN,4.775,4.775,1.0,74.68,0.021,0.034,1.472,0.922,0.398,1.824,2.726,0.669,74.68,0.013,0.021,0.912,1.642,0.194,0.411,2.025,0.203,74.68,0.012,0.02,0.884,1.995,0.136,0.114,2.225,0.051,74.68,0.012,0.02,0.869,1.885,0.152,0.113,2.202,0.051,74.68,0.012,0.019,0.838,1.893,0.151,7.24
1141,Manuel Akanji,DEF,5.0,Switzerland,SUI,4.081,4.081,1.0,86.33,0.042,0.021,1.222,1.189,0.305,1.878,3.737,0.503,86.33,0.042,0.02,1.204,1.315,0.269,0.638,2.738,0.233,86.33,0.035,0.017,1.007,1.717,0.18,0.258,3.306,0.078,86.33,0.04,0.019,1.144,1.482,0.227,0.254,3.258,0.078,86.33,0.04,0.019,1.159,1.505,0.222,7.11
138,Kevin De Bruyne,MID,7.5,Belgium,BEL,4.002,4.48,0.893,79.52,0.289,0.143,1.475,1.15,0.317,1.944,3.652,0.532,79.52,0.2,0.099,1.019,1.849,0.157,0.626,3.833,0.163,79.52,0.217,0.108,1.108,1.573,0.207,0.238,3.82,0.062,79.52,0.218,0.108,1.111,1.654,0.191,0.236,3.794,0.062,79.52,0.215,0.106,1.096,1.681,0.186,7.05
1143,Nico Elvedi,DEF,4.3,Switzerland,SUI,4.044,4.044,1.0,82.2,0.031,0.033,1.222,1.189,0.305,1.86,3.7,0.503,82.2,0.031,0.033,1.204,1.315,0.269,0.63,2.707,0.233,82.2,0.026,0.027,1.007,1.717,0.18,0.255,3.27,0.078,82.2,0.029,0.031,1.144,1.482,0.227,0.252,3.222,0.078,82.2,0.03,0.031,1.159,1.505,0.222,7.04
430,Moisés Caicedo,MID,6.8,Ecuador,ECU,3.722,3.722,1.0,84.96,0.077,0.172,1.184,1.193,0.303,1.832,3.666,0.5,84.96,0.074,0.165,1.134,1.185,0.306,0.793,3.366,0.236,84.96,0.062,0.138,0.952,1.532,0.216,0.284,3.54,0.08,84.96,0.069,0.155,1.065,1.348,0.26,0.286,3.562,0.08,84.96,0.071,0.158,1.086,1.359,0.257,6.92
1142,Ricardo Rodríguez,DEF,4.5,Switzerland,SUI,3.973,3.973,1.0,77.93,0.025,0.029,1.222,1.189,0.305,1.824,3.629,0.503,77.93,0.025,0.028,1.204,1.315,0.269,0.616,2.647,0.233,77.93,0.021,0.024,1.007,1.717,0.18,0.25,3.203,0.078,77.93,0.024,0.027,1.144,1.482,0.227,0.246,3.153,0.078,77.93,0.024,0.027,1.159,1.505,0.222,6.91
413,Gonzalo Plata,FWD,5.6,Ecuador,ECU,3.718,3.718,1.0,72.0,0.173,0.117,1.184,1.193,0.303,1.823,3.648,0.5,72.0,0.165,0.112,1.134,1.185,0.306,0.8,3.393,0.236,72.0,0.139,0.094,0.952,1.532,0.216,0.285,3.551,0.08,72.0,0.155,0.105,1.065,1.348,0.26,0.288,3.581,0.08,72.0,0.158,0.107,1.086,1.359,0.257,6.91
39,Julián Alvarez,FWD,8.6,Argentina,ARG,2.199,2.199,1.0,34.91,0.149,0.152,3.053,0.536,0.585,1.674,1.898,0.882,34.91,0.111,0.114,2.286,0.68,0.507,1.243,1.67,0.744,34.91,0.083,0.085,1.707,0.86,0.423,0.879,1.632,0.539,34.91,0.078,0.08,1.609,0.967,0.38,0.877,1.628,0.539,34.91,0.078,0.08,1.6,0.997,0.369,6.87
137,Youri Tielemans,MID,6.1,Belgium,BEL,3.88,4.344,0.893,68.34,0.176,0.142,1.475,1.15,0.317,1.903,3.577,0.532,68.34,0.122,0.098,1.019,1.849,0.157,0.612,3.747,0.163,68.34,0.132,0.107,1.108,1.573,0.207,0.233,3.733,0.062,68.34,0.133,0.107,1.111,1.654,0.191,0.231,3.709,0.062,68.34,0.131,0.105,1.096,1.681,0.186,6.86
792,Ismael Saibari,MID,6.8,Morocco,MAR,3.508,3.508,1.0,68.94,0.17,0.074,1.016,1.328,0.265,1.674,4.208,0.398,68.94,0.242,0.106,1.447,0.825,0.438,0.949,3.446,0.275,68.94,0.165,0.072,0.989,1.44,0.237,0.351,3.429,0.102,68.94,0.161,0.07,0.962,1.373,0.253,0.347,3.387,0.102,68.94,0.155,0.068,0.928,1.376,0.253,6.83
2012,Achraf Hakimi,DEF,6.0,Morocco,MAR,3.345,3.345,1.0,84.87,0.036,0.119,1.016,1.328,0.265,1.909,4.8,0.398,84.87,0.052,0.17,1.447,0.825,0.438,0.854,3.103,0.275,84.87,0.035,0.116,0.989,1.44,0.237,0.33,3.221,0.102,84.87,0.034,0.113,0.962,1.373,0.253,0.327,3.194,0.102,84.87,0.033,0.109,0.928,1.376,0.253,6.76
68,Nestory Irankunda,FWD,5.1,Australia,AUS,4.641,4.641,1.0,62.25,0.287,0.161,1.189,1.328,0.265,1.622,3.522,0.46,62.25,0.161,0.09,0.668,2.233,0.107,0.306,4.014,0.076,62.25,0.216,0.121,0.894,1.621,0.198,0.09,3.927,0.023,62.25,0.206,0.115,0.854,1.852,0.157,0.091,3.98,0.023,62.25,0.212,0.119,0.878,1.841,0.159,6.75
235,Maxime Crépeau,GK,4.0,Canada,CAN,4.465,4.465,1.0,80.85,0.0,0.0,1.472,0.922,0.398,1.686,2.52,0.669,80.85,0.0,0.0,0.912,1.642,0.194,0.37,1.822,0.203,80.85,0.0,0.0,0.884,1.995,0.136,0.104,2.026,0.051,80.85,0.0,0.0,0.869,1.885,0.152,0.103,2.01,0.051,80.85,0.0,0.0,0.838,1.893,0.151,6.73
2043,Memphis Depay,FWD,7.4,Netherlands,NED,2.528,2.528,1.0,40.13,0.167,0.129,1.328,1.016,0.362,1.979,3.286,0.602,40.13,0.251,0.195,2.003,0.84,0.432,1.166,2.515,0.464,40.13,0.165,0.128,1.316,1.437,0.238,0.536,2.489,0.215,40.13,0.162,0.126,1.294,1.376,0.253,0.52,2.414,0.215,40.13,0.154,0.119,1.227,1.407,0.245,6.73
423,Hernán Galíndez,GK,4.2,Ecuador,ECU,3.627,3.627,1.0,85.59,0.0,0.0,1.184,1.193,0.303,1.824,3.65,0.5,85.59,0.0,0.0,1.134,1.185,0.306,0.652,2.766,0.236,85.59,0.0,0.0,0.952,1.532,0.216,0.258,3.211,0.08,85.59,0.0,0.0,1.065,1.348,0.26,0.256,3.183,0.08,85.59,0.0,0.0,1.086,1.359,0.257,6.62
1997,Mikel Merino,MID,6.2,Spain,ESP,2.3,2.3,1.0,31.26,0.147,0.049,2.237,0.83,0.436,1.565,1.989,0.787,31.26,0.111,0.037,1.696,0.976,0.377,1.154,2.152,0.536,31.26,0.13,0.043,1.979,0.872,0.418,0.793,1.957,0.405,31.26,0.108,0.036,1.64,1.072,0.342,0.761,1.878,0.405,31.26,0.099,0.033,1.504,1.103,0.332,6.57
1526,Leandro Trossard,MID,6.6,Belgium,BEL,3.692,4.133,0.893,65.64,0.141,0.154,1.475,1.15,0.317,1.824,3.428,0.532,65.64,0.097,0.106,1.019,1.849,0.157,0.586,3.586,0.163,65.64,0.106,0.116,1.108,1.573,0.207,0.223,3.573,0.062,65.64,0.106,0.116,1.111,1.654,0.191,0.221,3.55,0.062,65.64,0.105,0.114,1.096,1.681,0.186,6.55
114,Maxim De Cuyper,DEF,4.7,Belgium,BEL,4.123,4.616,0.893,65.45,0.062,0.124,1.475,1.15,0.317,1.465,2.752,0.532,65.45,0.043,0.086,1.019,1.849,0.157,0.549,3.361,0.163,65.45,0.047,0.093,1.108,1.573,0.207,0.199,3.194,0.062,65.45,0.047,0.093,1.111,1.654,0.191,0.195,3.13,0.062,65.45,0.046,0.092,1.096,1.681,0.186,6.53
1597,Mohamed Salah,MID,10.0,Egypt,EGY,4.18,4.18,1.0,87.63,0.244,0.16,1.055,1.436,0.238,1.633,3.971,0.411,87.63,0.225,0.148,0.974,1.727,0.178,0.478,3.65,0.131,87.63,0.189,0.124,0.818,1.945,0.143,0.12,3.737,0.032,87.63,0.2,0.131,0.864,1.926,0.146,0.117,3.671,0.032,87.63,0.191,0.126,0.827,1.916,0.147,6.53
2053,Willian Pacho,DEF,4.4,Ecuador,ECU,3.574,3.574,1.0,87.0,0.027,0.03,1.184,1.193,0.303,1.79,3.581,0.5,87.0,0.026,0.028,1.134,1.185,0.306,0.65,2.76,0.236,87.0,0.022,0.024,0.952,1.532,0.216,0.255,3.18,0.08,87.0,0.025,0.027,1.065,1.348,0.26,0.254,3.162,0.08,87.0,0.025,0.027,1.086,1.359,0.257,6.52
1151,Dan Ndoye,FWD,6.8,Switzerland,SUI,3.488,3.488,1.0,82.39,0.15,0.099,1.222,1.189,0.305,1.743,3.468,0.503,82.39,0.148,0.098,1.204,1.315,0.269,0.753,3.235,0.233,82.39,0.123,0.082,1.007,1.717,0.18,0.265,3.396,0.078,82.39,0.14,0.093,1.144,1.482,0.227,0.267,3.414,0.078,82.39,0.142,0.094,1.159,1.505,0.222,6.52
2014,Noussair Mazraoui,DEF,4.4,Morocco,MAR,3.205,3.205,1.0,84.1,0.023,0.033,1.016,1.328,0.265,1.843,4.634,0.398,84.1,0.033,0.047,1.447,0.825,0.438,0.813,2.953,0.275,84.1,0.022,0.032,0.989,1.44,0.237,0.317,3.09,0.102,84.1,0.022,0.031,0.962,1.373,0.253,0.315,3.074,0.102,84.1,0.021,0.03,0.928,1.376,0.253,6.49
80,Connor Metcalfe,MID,5.3,Australia,AUS,4.364,4.364,1.0,76.97,0.151,0.2,1.189,1.328,0.265,1.524,3.311,0.46,76.97,0.085,0.112,0.668,2.233,0.107,0.29,3.794,0.076,76.97,0.114,0.15,0.894,1.621,0.198,0.084,3.684,0.023,76.97,0.109,0.143,0.854,1.852,0.157,0.085,3.728,0.023,76.97,0.112,0.147,0.878,1.841,0.159,6.35
228,Tajon Buchanan,FWD,5.5,Canada,CAN,3.455,3.455,1.0,64.18,0.189,0.036,1.472,0.922,0.398,1.949,2.912,0.669,64.18,0.117,0.022,0.912,1.642,0.194,0.586,2.885,0.203,64.18,0.113,0.022,0.884,1.995,0.136,0.147,2.87,0.051,64.18,0.112,0.021,0.869,1.885,0.152,0.146,2.84,0.051,64.18,0.108,0.021,0.838,1.893,0.151,6.28
2021,Azzedine Ounahi,MID,6.2,Morocco,MAR,3.228,3.228,1.0,63.25,0.087,0.057,1.016,1.328,0.265,1.511,3.799,0.398,63.25,0.125,0.081,1.447,0.825,0.438,0.874,3.175,0.275,63.25,0.085,0.055,0.989,1.44,0.237,0.324,3.166,0.102,63.25,0.083,0.054,0.962,1.373,0.253,0.321,3.133,0.102,63.25,0.08,0.052,0.928,1.376,0.253,6.26
445,Omar Marmoush,FWD,7.8,Egypt,EGY,3.979,3.979,1.0,69.15,0.227,0.097,1.055,1.436,0.238,1.576,3.833,0.411,69.15,0.21,0.089,0.974,1.727,0.178,0.465,3.55,0.131,69.15,0.176,0.075,0.818,1.945,0.143,0.116,3.634,0.032,69.15,0.186,0.079,0.864,1.926,0.146,0.114,3.567,0.032,69.15,0.178,0.076,0.827,1.916,0.147,6.25
125,Jérémy Doku,MID,7.5,Belgium,BEL,3.505,3.924,0.893,79.22,0.196,0.143,1.475,1.15,0.317,1.739,3.268,0.532,79.22,0.136,0.099,1.019,1.849,0.157,0.558,3.415,0.163,79.22,0.148,0.107,1.108,1.573,0.207,0.212,3.402,0.062,79.22,0.148,0.108,1.111,1.654,0.191,0.211,3.381,0.062,79.22,0.146,0.106,1.096,1.681,0.186,6.22
174,Matheus Cunha,FWD,7.3,Brazil,BRA,2.561,2.561,1.0,54.71,0.196,0.098,1.743,1.051,0.35,1.627,2.378,0.684,54.71,0.173,0.087,1.535,1.22,0.295,0.939,2.385,0.394,54.71,0.174,0.087,1.543,1.091,0.336,0.521,2.159,0.241,54.71,0.145,0.073,1.288,1.336,0.263,0.558,2.311,0.241,54.71,0.164,0.082,1.459,1.255,0.285,6.21
1138,Remo Freuler,MID,5.9,Switzerland,SUI,3.307,3.307,1.0,84.98,0.073,0.088,1.222,1.189,0.305,1.637,3.257,0.503,84.98,0.072,0.087,1.204,1.315,0.269,0.701,3.01,0.233,84.98,0.061,0.073,1.007,1.717,0.18,0.247,3.167,0.078,84.98,0.069,0.082,1.144,1.482,0.227,0.248,3.175,0.078,84.98,0.07,0.083,1.159,1.505,0.222,6.14
1137,Michel Aebischer,MID,5.9,Switzerland,SUI,3.299,3.299,1.0,71.55,0.053,0.12,1.222,1.189,0.305,1.633,3.249,0.503,71.55,0.052,0.118,1.204,1.315,0.269,0.699,3.003,0.233,71.55,0.044,0.099,1.007,1.717,0.18,0.247,3.16,0.078,71.55,0.049,0.112,1.144,1.482,0.227,0.247,3.167,0.078,71.55,0.05,0.114,1.159,1.505,0.222,6.12
912,Julio Enciso,MID,6.6,Paraguay,PAR,4.173,4.18,0.999,82.61,0.154,0.176,0.933,1.795,0.166,1.197,4.355,0.275,82.61,0.166,0.19,1.005,1.642,0.194,0.42,4.455,0.094,82.61,0.169,0.194,1.027,1.394,0.248,0.156,4.166,0.037,82.61,0.151,0.173,0.915,1.663,0.19,0.155,4.137,0.037,82.61,0.148,0.17,0.9,1.65,0.192,6.1
1153,Gregor Kobel,GK,4.7,Switzerland,SUI,3.456,3.456,1.0,84.84,0.0,0.0,1.222,1.189,0.305,1.576,3.135,0.503,84.84,0.0,0.0,1.204,1.315,0.269,0.524,2.252,0.233,84.84,0.0,0.0,1.007,1.717,0.18,0.214,2.746,0.078,84.84,0.0,0.0,1.144,1.482,0.227,0.21,2.695,0.078,84.84,0.0,0.0,1.159,1.505,0.222,5.98
1458,Takefusa Kubo,MID,7.0,Japan,JPN,3.771,3.771,1.0,64.25,0.071,0.221,1.051,1.743,0.175,1.251,3.96,0.316,64.25,0.078,0.243,1.154,1.54,0.214,0.516,3.988,0.129,64.25,0.077,0.241,1.145,1.365,0.255,0.21,3.658,0.057,64.25,0.065,0.204,0.97,1.714,0.18,0.223,3.887,0.057,64.25,0.075,0.234,1.109,1.578,0.206,5.97
121,Brandon Mechele,DEF,3.9,Belgium,BEL,3.801,4.256,0.893,67.94,0.046,0.028,1.475,1.15,0.317,1.31,2.461,0.532,67.94,0.032,0.019,1.019,1.849,0.157,0.501,3.065,0.163,67.94,0.035,0.021,1.108,1.573,0.207,0.18,2.888,0.062,67.94,0.035,0.021,1.111,1.654,0.191,0.176,2.827,0.062,67.94,0.034,0.021,1.096,1.681,0.186,5.97
2019,Neil El Aynaoui,MID,5.6,Morocco,MAR,3.011,3.011,1.0,87.63,0.059,0.057,1.016,1.328,0.265,1.389,3.493,0.398,87.63,0.084,0.081,1.447,0.825,0.438,0.816,2.963,0.275,87.63,0.058,0.056,0.989,1.44,0.237,0.303,2.96,0.102,87.63,0.056,0.054,0.962,1.373,0.253,0.301,2.935,0.102,87.63,0.054,0.052,0.928,1.376,0.253,5.82
229,Liam Millar,FWD,5.1,Canada,CAN,3.105,3.105,1.0,61.5,0.088,0.105,1.472,0.922,0.398,1.801,2.693,0.669,61.5,0.054,0.065,0.912,1.642,0.194,0.543,2.671,0.203,61.5,0.053,0.063,0.884,1.995,0.136,0.136,2.661,0.051,61.5,0.052,0.062,0.869,1.885,0.152,0.135,2.637,0.051,61.5,0.05,0.06,0.838,1.893,0.151,5.72
77,Paul Okon,MID,4.7,Australia,AUS,3.893,3.893,1.0,74.89,0.147,0.101,1.189,1.328,0.265,1.397,3.035,0.46,74.89,0.083,0.057,0.668,2.233,0.107,0.262,3.431,0.076,74.89,0.111,0.076,0.894,1.621,0.198,0.076,3.336,0.023,74.89,0.106,0.073,0.854,1.852,0.157,0.077,3.371,0.023,74.89,0.109,0.075,0.878,1.841,0.159,5.7
429,Pedro Vite,MID,5.2,Ecuador,ECU,3.043,3.043,1.0,76.43,0.059,0.056,1.184,1.193,0.303,1.507,3.015,0.5,76.43,0.057,0.053,1.134,1.185,0.306,0.663,2.813,0.236,76.43,0.048,0.045,0.952,1.532,0.216,0.235,2.926,0.08,76.43,0.053,0.05,1.065,1.348,0.26,0.236,2.936,0.08,76.43,0.054,0.051,1.086,1.359,0.257,5.68
334,Ivan Perisic,FWD,5.4,Croatia,CRO,3.509,3.911,0.897,64.1,0.147,0.198,1.057,1.456,0.233,1.329,3.882,0.342,64.1,0.145,0.194,1.039,1.579,0.206,0.488,3.966,0.123,64.1,0.151,0.204,1.088,1.566,0.209,0.18,3.862,0.047,64.1,0.143,0.192,1.028,1.632,0.196,0.178,3.834,0.047,64.1,0.141,0.189,1.012,1.639,0.194,5.68
447,Trezeguet,FWD,5.6,Egypt,EGY,3.602,3.602,1.0,73.67,0.165,0.103,1.055,1.436,0.238,1.432,3.483,0.411,73.67,0.152,0.095,0.974,1.727,0.178,0.427,3.253,0.131,73.67,0.128,0.08,0.818,1.945,0.143,0.106,3.322,0.032,73.67,0.135,0.084,0.864,1.926,0.146,0.104,3.267,0.032,73.67,0.129,0.081,0.827,1.916,0.147,5.67
129,Charles De Ketelaere,MID,5.6,Belgium,BEL,3.159,3.537,0.893,63.44,0.093,0.103,1.475,1.15,0.317,1.601,3.008,0.532,63.44,0.064,0.071,1.019,1.849,0.157,0.511,3.131,0.163,63.44,0.07,0.078,1.108,1.573,0.207,0.194,3.116,0.062,63.44,0.07,0.078,1.111,1.654,0.191,0.193,3.099,0.062,63.44,0.069,0.077,1.096,1.681,0.186,5.66
333,Andrej Kramaric,FWD,6.2,Croatia,CRO,3.489,3.888,0.897,70.12,0.229,0.073,1.057,1.456,0.233,1.321,3.859,0.342,70.12,0.226,0.072,1.039,1.579,0.206,0.485,3.943,0.123,70.12,0.236,0.075,1.088,1.566,0.209,0.179,3.839,0.047,70.12,0.223,0.071,1.028,1.632,0.196,0.177,3.811,0.047,70.12,0.22,0.07,1.012,1.639,0.194,5.65
684,Ritsu Doan,DEF,5.1,Japan,JPN,3.419,3.419,1.0,64.47,0.101,0.056,1.051,1.743,0.175,1.249,3.953,0.316,64.47,0.111,0.061,1.154,1.54,0.214,0.563,4.351,0.129,64.47,0.11,0.061,1.145,1.365,0.255,0.195,3.392,0.057,64.47,0.093,0.051,0.97,1.714,0.18,0.219,3.821,0.057,64.47,0.106,0.059,1.109,1.578,0.206,5.64
1073,Oswin Appollis,FWD,4.9,South Africa,RSA,4.172,4.172,1.0,75.04,0.242,0.119,0.922,1.472,0.23,1.196,3.615,0.331,75.04,0.177,0.087,0.676,2.065,0.127,0.206,3.562,0.058,75.04,0.171,0.084,0.653,2.426,0.088,0.029,3.545,0.008,75.04,0.169,0.084,0.646,2.313,0.099,0.029,3.495,0.008,75.04,0.164,0.081,0.625,2.358,0.095,5.63
428,Alan Franco,MID,5.6,Ecuador,ECU,2.985,2.985,1.0,80.2,0.05,0.059,1.184,1.193,0.303,1.479,2.959,0.5,80.2,0.048,0.056,1.134,1.185,0.306,0.652,2.767,0.236,80.2,0.04,0.047,0.952,1.532,0.216,0.231,2.874,0.08,80.2,0.045,0.053,1.065,1.348,0.26,0.232,2.883,0.08,80.2,0.046,0.054,1.086,1.359,0.257,5.58
2010,Yassine Bounou,GK,4.7,Morocco,MAR,2.733,2.733,1.0,88.34,0.0,0.0,1.016,1.328,0.265,1.562,3.928,0.398,88.34,0.0,0.0,1.447,0.825,0.438,0.69,2.507,0.275,88.34,0.0,0.0,0.989,1.44,0.237,0.271,2.641,0.102,88.34,0.0,0.0,0.962,1.373,0.253,0.27,2.635,0.102,88.34,0.0,0.0,0.928,1.376,0.253,5.53
58,Jordan Bos,DEF,4.0,Australia,AUS,4.105,4.105,1.0,60.54,0.053,0.091,1.189,1.328,0.265,0.88,1.911,0.46,60.54,0.03,0.051,0.668,2.233,0.107,0.245,3.214,0.076,60.54,0.04,0.068,0.894,1.621,0.198,0.062,2.718,0.023,60.54,0.038,0.065,0.854,1.852,0.157,0.063,2.757,0.023,60.54,0.039,0.067,0.878,1.841,0.159,5.36
1071,Lyle Foster,FWD,5.4,South Africa,RSA,3.875,3.875,1.0,83.66,0.22,0.084,0.922,1.472,0.23,1.122,3.391,0.331,83.66,0.161,0.061,0.676,2.065,0.127,0.194,3.345,0.058,83.66,0.156,0.059,0.653,2.426,0.088,0.028,3.33,0.008,83.66,0.154,0.059,0.646,2.313,0.099,0.027,3.287,0.008,83.66,0.149,0.057,0.625,2.358,0.095,5.25
750,Julián Quiñones,FWD,5.6,Mexico,MEX,2.308,2.308,1.0,16.81,0.18,0.027,2.163,0.735,0.479,1.528,1.866,0.819,16.81,0.118,0.018,1.42,1.0,0.368,0.804,1.625,0.495,16.81,0.085,0.013,1.021,1.535,0.216,0.272,1.545,0.176,16.81,0.074,0.011,0.889,1.613,0.199,0.287,1.628,0.176,16.81,0.085,0.013,1.025,1.482,0.227,5.2
2002,Harry Souttar,DEF,4.1,Australia,AUS,3.994,3.994,1.0,88.06,0.057,0.057,1.189,1.328,0.265,0.848,1.842,0.46,88.06,0.032,0.032,0.668,2.233,0.107,0.239,3.127,0.076,88.06,0.043,0.043,0.894,1.621,0.198,0.06,2.633,0.023,88.06,0.041,0.041,0.854,1.852,0.157,0.061,2.67,0.023,88.06,0.042,0.042,0.878,1.841,0.159,5.2
1485,Santiago Giménez,FWD,6.8,Mexico,MEX,2.304,2.304,1.0,18.86,0.172,0.043,2.163,0.735,0.479,1.525,1.862,0.819,18.86,0.113,0.028,1.42,1.0,0.368,0.803,1.623,0.495,18.86,0.081,0.02,1.021,1.535,0.216,0.272,1.543,0.176,18.86,0.071,0.018,0.889,1.613,0.199,0.286,1.625,0.176,18.86,0.081,0.021,1.025,1.482,0.227,5.19
474,Anthony Gordon,MID,7.0,England,ENG,2.137,2.137,1.0,57.24,0.099,0.119,1.944,0.79,0.454,1.362,1.773,0.768,57.24,0.067,0.081,1.318,1.099,0.333,0.778,1.853,0.42,57.24,0.074,0.089,1.455,1.11,0.33,0.436,1.744,0.25,57.24,0.064,0.078,1.269,1.171,0.31,0.455,1.821,0.25,57.24,0.071,0.086,1.4,1.119,0.327,5.17
2000,Nico Williams,MID,7.8,Spain,ESP,1.751,1.751,1.0,29.76,0.076,0.049,2.237,0.83,0.436,1.235,1.57,0.787,29.76,0.058,0.037,1.696,0.976,0.377,0.893,1.665,0.536,29.76,0.067,0.044,1.979,0.872,0.418,0.628,1.551,0.405,29.76,0.056,0.036,1.64,1.072,0.342,0.61,1.506,0.405,29.76,0.051,0.033,1.504,1.103,0.332,5.12
1674,Ayyoub Bouaddi,MID,5.5,Morocco,MAR,2.649,2.649,1.0,72.33,0.032,0.027,1.016,1.328,0.265,1.186,2.983,0.398,72.33,0.045,0.038,1.447,0.825,0.438,0.719,2.611,0.275,72.33,0.031,0.026,0.989,1.44,0.237,0.268,2.617,0.102,72.33,0.03,0.025,0.962,1.373,0.253,0.267,2.603,0.102,72.33,0.029,0.025,0.928,1.376,0.253,5.09
72,Jacob Italiano,DEF,4.2,Australia,AUS,3.883,3.883,1.0,81.17,0.062,0.022,1.189,1.328,0.265,0.817,1.774,0.46,81.17,0.035,0.012,0.668,2.233,0.107,0.232,3.04,0.076,81.17,0.047,0.016,0.894,1.621,0.198,0.058,2.548,0.023,81.17,0.045,0.016,0.854,1.852,0.157,0.059,2.582,0.023,81.17,0.046,0.016,0.878,1.841,0.159,5.05
751,Alexis Vega,FWD,5.3,Mexico,MEX,2.205,2.205,1.0,27.46,0.077,0.223,2.163,0.735,0.479,1.468,1.792,0.819,27.46,0.051,0.146,1.42,1.0,0.368,0.777,1.57,0.495,27.46,0.037,0.105,1.021,1.535,0.216,0.263,1.497,0.176,27.46,0.032,0.092,0.889,1.613,0.199,0.277,1.573,0.176,27.46,0.037,0.106,1.025,1.482,0.227,4.99
346,Luka Modric,MID,6.2,Croatia,CRO,3.093,3.447,0.897,68.12,0.088,0.109,1.057,1.456,0.233,1.164,3.401,0.342,68.12,0.087,0.108,1.039,1.579,0.206,0.425,3.458,0.123,68.12,0.091,0.113,1.088,1.566,0.209,0.157,3.378,0.047,68.12,0.086,0.106,1.028,1.632,0.196,0.156,3.358,0.047,68.12,0.084,0.105,1.012,1.639,0.194,4.99
136,Amadou Onana,MID,5.9,Belgium,BEL,2.733,3.06,0.893,72.77,0.079,0.025,1.475,1.15,0.317,1.423,2.673,0.532,72.77,0.054,0.017,1.019,1.849,0.157,0.452,2.768,0.163,72.77,0.059,0.019,1.108,1.573,0.207,0.172,2.753,0.062,72.77,0.059,0.019,1.111,1.654,0.191,0.171,2.741,0.062,72.77,0.058,0.019,1.096,1.681,0.186,4.95
433,Zizo,MID,4.3,Egypt,EGY,3.141,3.141,1.0,65.44,0.061,0.087,1.055,1.436,0.238,1.239,3.013,0.411,65.44,0.056,0.081,0.974,1.727,0.178,0.373,2.847,0.131,65.44,0.047,0.068,0.818,1.945,0.143,0.092,2.889,0.032,65.44,0.05,0.072,0.864,1.926,0.146,0.091,2.859,0.032,65.44,0.048,0.068,0.827,1.916,0.147,4.94
432,Marwan Attia,MID,4.3,Egypt,EGY,3.139,3.139,1.0,80.34,0.075,0.064,1.055,1.436,0.238,1.238,3.011,0.411,80.34,0.069,0.059,0.974,1.727,0.178,0.373,2.845,0.131,80.34,0.058,0.05,0.818,1.945,0.143,0.092,2.887,0.032,80.34,0.061,0.053,0.864,1.926,0.146,0.091,2.857,0.032,80.34,0.059,0.05,0.827,1.916,0.147,4.93
1084,Martín Zubimendi,MID,6.1,Spain,ESP,1.68,1.68,1.0,38.09,0.075,0.029,2.237,0.83,0.436,1.193,1.516,0.787,38.09,0.057,0.022,1.696,0.976,0.377,0.859,1.602,0.536,38.09,0.066,0.026,1.979,0.872,0.418,0.607,1.499,0.405,38.09,0.055,0.021,1.64,1.072,0.342,0.591,1.458,0.405,38.09,0.05,0.02,1.504,1.103,0.332,4.93
440,Ramy Rabia,DEF,3.6,Egypt,EGY,3.368,3.368,1.0,87.16,0.027,0.033,1.055,1.436,0.238,1.108,2.695,0.411,87.16,0.025,0.031,0.974,1.727,0.178,0.29,2.214,0.131,87.16,0.021,0.026,0.818,1.945,0.143,0.072,2.267,0.032,87.16,0.022,0.027,0.864,1.926,0.146,0.073,2.272,0.032,87.16,0.021,0.026,0.827,1.916,0.147,4.91
439,Mohamed Hany,DEF,3.6,Egypt,EGY,3.352,3.352,1.0,83.37,0.026,0.032,1.055,1.436,0.238,1.102,2.679,0.411,83.37,0.024,0.029,0.974,1.727,0.178,0.289,2.201,0.131,83.37,0.02,0.025,0.818,1.945,0.143,0.072,2.253,0.032,83.37,0.021,0.026,0.864,1.926,0.146,0.072,2.259,0.032,83.37,0.02,0.025,0.827,1.916,0.147,4.89
307,Yan Diomande,FWD,5.9,Côte d'Ivoire,CIV,3.551,3.551,1.0,72.35,0.144,0.122,0.879,1.952,0.142,0.895,3.65,0.245,72.35,0.153,0.13,0.938,1.84,0.159,0.249,3.668,0.068,72.35,0.155,0.131,0.948,1.558,0.21,0.079,3.426,0.023,72.35,0.132,0.112,0.806,1.93,0.145,0.085,3.644,0.023,72.35,0.153,0.129,0.934,1.78,0.169,4.86
60,Alessandro Circati,DEF,3.9,Australia,AUS,3.746,3.746,1.0,84.42,0.044,0.025,1.189,1.328,0.265,0.78,1.694,0.46,84.42,0.025,0.014,0.668,2.233,0.107,0.224,2.935,0.076,84.42,0.033,0.019,0.894,1.621,0.198,0.056,2.447,0.023,84.42,0.032,0.018,0.854,1.852,0.157,0.057,2.479,0.023,84.42,0.032,0.019,0.878,1.841,0.159,4.86
437,Mohamed Abdelmonem,DEF,4.0,Egypt,EGY,3.337,3.337,1.0,79.95,0.025,0.03,1.055,1.436,0.238,1.096,2.666,0.411,79.95,0.023,0.028,0.974,1.727,0.178,0.287,2.189,0.131,79.95,0.019,0.024,0.818,1.945,0.143,0.072,2.241,0.032,79.95,0.02,0.025,0.864,1.926,0.146,0.072,2.247,0.032,79.95,0.019,0.024,0.827,1.916,0.147,4.86
913,Diego Gómez,MID,6.8,Paraguay,PAR,3.325,3.33,0.999,73.84,0.077,0.117,0.933,1.795,0.166,0.947,3.445,0.275,73.84,0.083,0.126,1.005,1.642,0.194,0.332,3.526,0.094,73.84,0.084,0.129,1.027,1.394,0.248,0.125,3.332,0.037,73.84,0.075,0.115,0.915,1.663,0.19,0.124,3.316,0.037,73.84,0.074,0.113,0.9,1.65,0.192,4.85
325,Josip Stanisic,DEF,4.3,Croatia,CRO,3.091,3.445,0.897,79.92,0.029,0.057,1.057,1.456,0.233,1.08,3.156,0.342,79.92,0.029,0.056,1.039,1.579,0.206,0.394,3.208,0.123,79.92,0.03,0.058,1.088,1.566,0.209,0.141,3.036,0.047,79.92,0.029,0.055,1.028,1.632,0.196,0.14,3.013,0.047,79.92,0.028,0.054,1.012,1.639,0.194,4.85
1250,Sebastian Berhalter,MID,4.7,USA,USA,2.05,2.05,1.0,34.82,0.063,0.183,2.132,0.864,0.422,1.39,1.787,0.778,34.82,0.047,0.137,1.596,1.033,0.356,0.783,1.55,0.505,34.82,0.033,0.096,1.115,1.551,0.212,0.312,1.601,0.195,34.82,0.036,0.105,1.218,1.459,0.232,0.303,1.555,0.195,34.82,0.033,0.097,1.126,1.506,0.222,4.84
434,Hamdi Fathy,MID,4.4,Egypt,EGY,3.077,3.077,1.0,74.75,0.07,0.06,1.055,1.436,0.238,1.214,2.954,0.411,74.75,0.064,0.055,0.974,1.727,0.178,0.367,2.797,0.131,74.75,0.054,0.046,0.818,1.945,0.143,0.091,2.836,0.032,74.75,0.057,0.049,0.864,1.926,0.146,0.09,2.808,0.032,74.75,0.055,0.047,0.827,1.916,0.147,4.84
1986,Jordan Ayew,FWD,5.3,Ghana,GHA,4.001,4.002,1.0,79.91,0.195,0.148,0.667,2.188,0.112,0.676,4.147,0.163,79.91,0.21,0.159,0.718,2.142,0.117,0.118,4.009,0.03,79.91,0.196,0.149,0.67,2.431,0.088,0.019,4.062,0.005,79.91,0.201,0.153,0.688,2.311,0.099,0.02,4.129,0.005,79.91,0.208,0.158,0.712,2.228,0.108,4.83
902,Antonio Sanabria,FWD,6.5,Paraguay,PAR,3.314,3.319,0.999,62.34,0.161,0.046,0.933,1.795,0.166,0.939,3.418,0.275,62.34,0.174,0.05,1.005,1.642,0.194,0.325,3.448,0.094,62.34,0.177,0.051,1.027,1.394,0.248,0.123,3.295,0.037,62.34,0.158,0.045,0.915,1.663,0.19,0.123,3.274,0.037,62.34,0.155,0.045,0.9,1.65,0.192,4.82
61,Cameron Burgess,DEF,3.8,Australia,AUS,3.687,3.687,1.0,85.69,0.035,0.03,1.189,1.328,0.265,0.764,1.66,0.46,85.69,0.019,0.017,0.668,2.233,0.107,0.221,2.891,0.076,85.69,0.026,0.023,0.894,1.621,0.198,0.055,2.404,0.023,85.69,0.025,0.022,0.854,1.852,0.157,0.056,2.435,0.023,85.69,0.026,0.022,0.878,1.841,0.159,4.78
322,Franck Kessie,MID,5.9,Côte d'Ivoire,CIV,3.476,3.476,1.0,77.85,0.142,0.047,0.879,1.952,0.142,0.878,3.579,0.245,77.85,0.151,0.05,0.938,1.84,0.159,0.247,3.647,0.068,77.85,0.153,0.05,0.948,1.558,0.21,0.078,3.37,0.023,77.85,0.13,0.043,0.806,1.93,0.145,0.083,3.584,0.023,77.85,0.151,0.05,0.934,1.78,0.169,4.76
1105,Dani Olmo,MID,7.7,Spain,ESP,1.613,1.613,1.0,19.8,0.057,0.053,2.237,0.83,0.436,1.153,1.465,0.787,19.8,0.043,0.04,1.696,0.976,0.377,0.827,1.542,0.536,19.8,0.051,0.047,1.979,0.872,0.418,0.587,1.45,0.405,19.8,0.042,0.039,1.64,1.072,0.342,0.572,1.412,0.405,19.8,0.038,0.035,1.504,1.103,0.332,4.75
42,Nico González,MID,5.6,Argentina,ARG,1.389,1.389,1.0,19.78,0.038,0.029,3.053,0.536,0.585,1.14,1.292,0.882,19.78,0.028,0.022,2.286,0.68,0.507,0.906,1.218,0.744,19.78,0.021,0.016,1.707,0.86,0.423,0.649,1.205,0.539,19.78,0.02,0.015,1.609,0.967,0.38,0.649,1.204,0.539,19.78,0.02,0.015,1.6,0.997,0.369,4.73
435,Emam Ashour,MID,4.6,Egypt,EGY,3.0,3.0,1.0,67.76,0.063,0.054,1.055,1.436,0.238,1.185,2.882,0.411,67.76,0.058,0.05,0.974,1.727,0.178,0.359,2.736,0.131,67.76,0.049,0.042,0.818,1.945,0.143,0.089,2.772,0.032,67.76,0.052,0.044,0.864,1.926,0.146,0.088,2.747,0.032,67.76,0.049,0.042,0.827,1.916,0.147,4.72
665,Hiroki Ito,DEF,3.9,Japan,JPN,2.817,2.817,1.0,79.09,0.027,0.061,1.051,1.743,0.175,1.042,3.299,0.316,79.09,0.029,0.067,1.154,1.54,0.214,0.48,3.707,0.129,79.09,0.029,0.067,1.145,1.365,0.255,0.163,2.836,0.057,79.09,0.025,0.057,0.97,1.714,0.18,0.183,3.191,0.057,79.09,0.028,0.065,1.109,1.578,0.206,4.69
107,Marcel Sabitzer,MID,6.8,Austria,AUT,3.311,3.892,0.851,84.86,0.152,0.124,0.907,2.094,0.123,0.879,4.172,0.211,84.86,0.173,0.141,1.029,1.744,0.175,0.295,4.336,0.068,84.86,0.187,0.152,1.113,1.698,0.183,0.097,4.082,0.024,84.86,0.167,0.136,0.995,1.91,0.148,0.095,3.985,0.024,84.86,0.159,0.129,0.945,1.939,0.144,4.68
2004,Jackson Irvine,MID,5.6,Australia,AUS,3.121,3.121,1.0,60.03,0.08,0.046,1.189,1.328,0.265,1.193,2.592,0.46,60.03,0.045,0.026,0.668,2.233,0.107,0.217,2.844,0.076,60.03,0.06,0.035,0.894,1.621,0.198,0.063,2.774,0.023,60.03,0.057,0.033,0.854,1.852,0.157,0.064,2.794,0.023,60.03,0.059,0.034,0.878,1.841,0.159,4.66
330,Luka Vuskovic,DEF,3.7,Croatia,CRO,2.974,3.315,0.897,67.0,0.037,0.014,1.057,1.456,0.233,1.036,3.026,0.342,67.0,0.036,0.013,1.039,1.579,0.206,0.378,3.073,0.123,67.0,0.038,0.014,1.088,1.566,0.209,0.135,2.906,0.047,67.0,0.036,0.013,1.028,1.632,0.196,0.134,2.885,0.047,67.0,0.035,0.013,1.012,1.639,0.194,4.66
1536,Josko Gvardiol,DEF,5.0,Croatia,CRO,2.942,3.279,0.897,80.11,0.041,0.045,1.057,1.456,0.233,1.029,3.007,0.342,80.11,0.04,0.044,1.039,1.579,0.206,0.376,3.058,0.123,80.11,0.042,0.046,1.088,1.566,0.209,0.135,2.893,0.047,80.11,0.039,0.043,1.028,1.632,0.196,0.134,2.871,0.047,80.11,0.039,0.043,1.012,1.639,0.194,4.62
1537,Mateo Kovacic,MID,6.0,Croatia,CRO,2.856,3.184,0.897,75.75,0.079,0.068,1.057,1.456,0.233,1.075,3.142,0.342,75.75,0.077,0.067,1.039,1.579,0.206,0.392,3.187,0.123,75.75,0.081,0.071,1.088,1.566,0.209,0.145,3.121,0.047,75.75,0.077,0.067,1.028,1.632,0.196,0.144,3.105,0.047,75.75,0.075,0.066,1.012,1.639,0.194,4.61
471,Marcus Rashford,MID,7.5,England,ENG,1.833,1.833,1.0,15.32,0.089,0.043,1.944,0.79,0.454,1.204,1.567,0.768,15.32,0.06,0.029,1.318,1.099,0.333,0.682,1.625,0.42,15.32,0.067,0.032,1.455,1.11,0.33,0.386,1.545,0.25,15.32,0.058,0.028,1.269,1.171,0.31,0.4,1.601,0.25,15.32,0.064,0.031,1.4,1.119,0.327,4.5
1431,Bradley Barcola,MID,8.0,France,FRA,1.499,1.499,1.0,14.71,0.058,0.013,2.167,0.711,0.491,1.155,1.4,0.825,14.71,0.046,0.01,1.733,1.07,0.343,0.767,1.398,0.548,14.71,0.046,0.01,1.726,0.899,0.407,0.52,1.339,0.389,14.71,0.039,0.009,1.467,1.091,0.336,0.52,1.338,0.389,14.71,0.039,0.009,1.464,1.091,0.336,4.46
532,Nick Woltemade,FWD,7.2,Germany,GER,1.929,1.929,1.0,23.9,0.118,0.038,2.094,0.955,0.385,1.215,1.623,0.749,23.9,0.079,0.026,1.397,1.515,0.22,0.603,1.742,0.346,23.9,0.094,0.031,1.666,1.212,0.298,0.344,1.64,0.21,23.9,0.081,0.026,1.436,1.473,0.229,0.337,1.609,0.21,23.9,0.077,0.025,1.365,1.508,0.221,4.43
326,Josip Sutalo,DEF,4.3,Croatia,CRO,2.835,3.16,0.897,84.21,0.017,0.015,1.057,1.456,0.233,0.983,2.873,0.342,84.21,0.017,0.015,1.039,1.579,0.206,0.358,2.913,0.123,84.21,0.018,0.016,1.088,1.566,0.209,0.128,2.754,0.047,84.21,0.017,0.015,1.028,1.632,0.196,0.127,2.736,0.047,84.21,0.017,0.015,1.012,1.639,0.194,4.43
1063,Aubrey Modiba,DEF,3.7,South Africa,RSA,3.569,3.569,1.0,88.63,0.028,0.095,0.922,1.472,0.23,0.729,2.202,0.331,88.63,0.021,0.07,0.676,2.065,0.127,0.093,1.6,0.058,88.63,0.02,0.067,0.653,2.426,0.088,0.015,1.77,0.008,88.63,0.02,0.067,0.646,2.313,0.099,0.014,1.683,0.008,88.63,0.019,0.065,0.625,2.358,0.095,4.42
1124,Viktor Gyökeres,FWD,7.8,Sweden,SWE,3.484,3.484,1.0,84.42,0.211,0.057,0.737,2.223,0.108,0.669,3.832,0.175,84.42,0.261,0.071,0.915,1.966,0.14,0.178,3.798,0.047,84.42,0.256,0.07,0.898,2.125,0.119,0.039,3.585,0.011,84.42,0.225,0.062,0.789,2.221,0.109,0.042,3.854,0.011,84.42,0.265,0.072,0.926,2.007,0.134,4.41
95,Marko Arnautovic,FWD,6.0,Austria,AUT,3.13,3.679,0.851,64.94,0.212,0.052,0.907,2.094,0.123,0.821,3.896,0.211,64.94,0.24,0.059,1.029,1.744,0.175,0.275,4.044,0.068,64.94,0.26,0.064,1.113,1.698,0.183,0.092,3.836,0.024,64.94,0.232,0.057,0.995,1.91,0.148,0.089,3.748,0.024,64.94,0.221,0.055,0.945,1.939,0.144,4.41
1522,Thibaut Courtois,GK,4.9,Belgium,BEL,2.784,3.116,0.893,81.75,0.0,0.0,1.475,1.15,0.317,0.947,1.78,0.532,81.75,0.0,0.0,1.019,1.849,0.157,0.369,2.257,0.163,81.75,0.0,0.0,1.108,1.573,0.207,0.131,2.11,0.062,81.75,0.0,0.0,1.111,1.654,0.191,0.129,2.064,0.062,81.75,0.0,0.0,1.096,1.681,0.186,4.36
451,Mohamed El Shenawy,GK,3.6,Egypt,EGY,2.991,2.991,1.0,86.05,0.0,0.0,1.055,1.436,0.238,0.962,2.34,0.411,86.05,0.0,0.0,0.974,1.727,0.178,0.251,1.912,0.131,86.05,0.0,0.0,0.818,1.945,0.143,0.062,1.949,0.032,86.05,0.0,0.0,0.864,1.926,0.146,0.063,1.967,0.032,86.05,0.0,0.0,0.827,1.916,0.147,4.33
257,Jhon Córdoba,FWD,6.1,Colombia,COL,1.911,1.911,1.0,22.78,0.118,0.033,1.737,0.822,0.44,1.197,1.653,0.724,22.78,0.084,0.024,1.239,1.128,0.324,0.619,1.61,0.384,22.78,0.079,0.022,1.157,1.267,0.282,0.285,1.624,0.175,22.78,0.08,0.022,1.183,1.216,0.296,0.282,1.607,0.175,22.78,0.078,0.022,1.152,1.25,0.286,4.29
502,Marcus Thuram,FWD,7.5,France,FRA,1.435,1.435,1.0,10.14,0.054,0.021,2.167,0.711,0.491,1.113,1.349,0.825,10.14,0.043,0.017,1.733,1.07,0.343,0.739,1.347,0.548,10.14,0.043,0.017,1.726,0.899,0.407,0.503,1.295,0.389,10.14,0.036,0.014,1.467,1.091,0.336,0.503,1.295,0.389,10.14,0.036,0.014,1.464,1.091,0.336,4.29
48,Leandro Paredes,MID,5.6,Argentina,ARG,1.216,1.216,1.0,14.92,0.012,0.039,3.053,0.536,0.585,1.025,1.162,0.882,14.92,0.009,0.029,2.286,0.68,0.507,0.834,1.121,0.744,14.92,0.007,0.022,1.707,0.86,0.423,0.6,1.114,0.539,14.92,0.007,0.02,1.609,0.967,0.38,0.6,1.113,0.539,14.92,0.007,0.02,1.6,0.997,0.369,4.27
666,Shogo Taniguchi,DEF,3.9,Japan,JPN,2.556,2.556,1.0,75.15,0.018,0.02,1.051,1.743,0.175,0.953,3.016,0.316,75.15,0.02,0.022,1.154,1.54,0.214,0.444,3.431,0.129,75.15,0.02,0.022,1.145,1.365,0.255,0.149,2.595,0.057,75.15,0.017,0.019,0.97,1.714,0.18,0.168,2.919,0.057,75.15,0.019,0.021,1.109,1.578,0.206,4.27
663,Tsuyoshi Watanabe,DEF,4.3,Japan,JPN,2.547,2.547,1.0,69.86,0.021,0.013,1.051,1.743,0.175,0.95,3.006,0.316,69.86,0.023,0.015,1.154,1.54,0.214,0.443,3.421,0.129,69.86,0.022,0.014,1.145,1.365,0.255,0.148,2.587,0.057,69.86,0.019,0.012,0.97,1.714,0.18,0.167,2.909,0.057,69.86,0.022,0.014,1.109,1.578,0.206,4.26
1454,Ko Itakura,DEF,4.5,Japan,JPN,2.528,2.528,1.0,61.72,0.019,0.012,1.051,1.743,0.175,0.944,2.986,0.316,61.72,0.021,0.013,1.154,1.54,0.214,0.44,3.401,0.129,61.72,0.021,0.013,1.145,1.365,0.255,0.147,2.57,0.057,61.72,0.018,0.011,0.97,1.714,0.18,0.166,2.89,0.057,61.72,0.02,0.012,1.109,1.578,0.206,4.23
1269,Max Arfsten,FWD,4.4,USA,USA,1.751,1.751,1.0,33.43,0.076,0.075,2.132,0.864,0.422,1.216,1.563,0.778,33.43,0.057,0.056,1.596,1.033,0.356,0.704,1.394,0.505,33.43,0.04,0.039,1.115,1.551,0.212,0.279,1.43,0.195,33.43,0.043,0.043,1.218,1.459,0.232,0.272,1.398,0.195,33.43,0.04,0.039,1.126,1.506,0.222,4.22
74,Mathew Ryan,GK,4.1,Australia,AUS,3.263,3.263,1.0,88.06,0.0,0.0,1.189,1.328,0.265,0.649,1.41,0.46,88.06,0.0,0.0,0.668,2.233,0.107,0.196,2.565,0.076,88.06,0.0,0.0,0.894,1.621,0.198,0.048,2.089,0.023,88.06,0.0,0.0,0.854,1.852,0.157,0.048,2.111,0.023,88.06,0.0,0.0,0.878,1.841,0.159,4.2
1326,Giovani Lo Celso,MID,6.2,Argentina,ARG,1.186,1.186,1.0,7.62,0.014,0.025,3.053,0.536,0.585,1.005,1.139,0.882,7.62,0.01,0.019,2.286,0.68,0.507,0.821,1.104,0.744,7.62,0.008,0.014,1.707,0.86,0.423,0.591,1.098,0.539,7.62,0.007,0.013,1.609,0.967,0.38,0.591,1.097,0.539,7.62,0.007,0.013,1.6,0.997,0.369,4.19
41,Giuliano Simeone,MID,5.6,Argentina,ARG,1.183,1.183,1.0,6.44,0.015,0.02,3.053,0.536,0.585,1.003,1.137,0.882,6.44,0.012,0.015,2.286,0.68,0.507,0.82,1.102,0.744,6.44,0.009,0.011,1.707,0.86,0.423,0.591,1.097,0.539,6.44,0.008,0.01,1.609,0.967,0.38,0.59,1.096,0.539,6.44,0.008,0.01,1.6,0.997,0.369,4.19
146,Ermedin Demirovic,FWD,6.2,Bosnia and Herzegovina,BIH,3.251,3.251,1.0,85.28,0.155,0.041,0.831,2.287,0.102,0.672,3.461,0.194,85.28,0.181,0.048,0.974,1.744,0.175,0.192,3.05,0.063,85.28,0.129,0.034,0.694,2.514,0.081,0.027,3.131,0.009,85.28,0.139,0.037,0.749,2.436,0.087,0.027,3.067,0.009,85.28,0.131,0.035,0.706,2.488,0.083,4.17
81,Aiden O'Neill,MID,5.4,Australia,AUS,2.745,2.745,1.0,68.28,0.046,0.024,1.189,1.328,0.265,1.095,2.378,0.46,68.28,0.026,0.013,0.668,2.233,0.107,0.195,2.559,0.076,68.28,0.034,0.018,0.894,1.621,0.198,0.057,2.502,0.023,68.28,0.033,0.017,0.854,1.852,0.157,0.057,2.514,0.023,68.28,0.034,0.017,0.878,1.841,0.159,4.15
324,Petar Sucic,MID,4.2,Croatia,CRO,2.556,2.849,0.897,69.33,0.051,0.044,1.057,1.456,0.233,0.963,2.812,0.342,69.33,0.05,0.043,1.039,1.579,0.206,0.35,2.843,0.123,69.33,0.052,0.045,1.088,1.566,0.209,0.13,2.795,0.047,69.33,0.049,0.043,1.028,1.632,0.196,0.13,2.784,0.047,69.33,0.049,0.042,1.012,1.639,0.194,4.13
1060,Thalente Mbatha,MID,4.9,South Africa,RSA,3.03,3.03,1.0,67.98,0.066,0.058,0.922,1.472,0.23,0.899,2.717,0.331,67.98,0.048,0.043,0.676,2.065,0.127,0.154,2.659,0.058,67.98,0.046,0.041,0.653,2.426,0.088,0.022,2.663,0.008,67.98,0.046,0.041,0.646,2.313,0.099,0.022,2.64,0.008,67.98,0.044,0.039,0.625,2.358,0.095,4.13
682,Daichi Kamada,MID,5.8,Japan,JPN,2.614,2.614,1.0,60.76,0.053,0.024,1.051,1.743,0.175,0.852,2.696,0.316,60.76,0.059,0.027,1.154,1.54,0.214,0.354,2.733,0.129,60.76,0.058,0.026,1.145,1.365,0.255,0.148,2.585,0.057,60.76,0.049,0.022,0.97,1.714,0.18,0.153,2.669,0.057,60.76,0.056,0.026,1.109,1.578,0.206,4.12
659,Kaishu Sano,MID,4.9,Japan,JPN,2.613,2.613,1.0,71.62,0.033,0.036,1.051,1.743,0.175,0.851,2.694,0.316,71.62,0.036,0.039,1.154,1.54,0.214,0.354,2.732,0.129,71.62,0.036,0.039,1.145,1.365,0.255,0.148,2.584,0.057,71.62,0.03,0.033,0.97,1.714,0.18,0.153,2.668,0.057,71.62,0.035,0.038,1.109,1.578,0.206,4.12
338,Dominik Livakovic,GK,4.5,Croatia,CRO,2.641,2.943,0.897,86.49,0.0,0.0,1.057,1.456,0.233,0.91,2.658,0.342,86.49,0.0,0.0,1.039,1.579,0.206,0.33,2.687,0.123,86.49,0.0,0.0,1.088,1.566,0.209,0.118,2.541,0.047,86.49,0.0,0.0,1.028,1.632,0.196,0.118,2.526,0.047,86.49,0.0,0.0,1.012,1.639,0.194,4.12
309,Elye Wahi,FWD,5.9,Côte d'Ivoire,CIV,2.999,2.999,1.0,69.99,0.121,0.035,0.879,1.952,0.142,0.751,3.064,0.245,69.99,0.129,0.038,0.938,1.84,0.159,0.209,3.076,0.068,69.99,0.13,0.038,0.948,1.558,0.21,0.068,2.917,0.023,69.99,0.111,0.032,0.806,1.93,0.145,0.071,3.06,0.023,69.99,0.128,0.037,0.934,1.78,0.169,4.1
1065,Khuliso Mudau,DEF,3.6,South Africa,RSA,3.315,3.315,1.0,90.0,0.029,0.037,0.922,1.472,0.23,0.664,2.006,0.331,90.0,0.021,0.027,0.676,2.065,0.127,0.082,1.408,0.058,90.0,0.02,0.026,0.653,2.426,0.088,0.013,1.581,0.008,90.0,0.02,0.026,0.646,2.313,0.099,0.012,1.499,0.008,90.0,0.019,0.025,0.625,2.358,0.095,4.09
1067,Mbekezeli Mbokazi,DEF,3.5,South Africa,RSA,3.315,3.315,1.0,90.0,0.029,0.037,0.922,1.472,0.23,0.664,2.006,0.331,90.0,0.021,0.027,0.676,2.065,0.127,0.082,1.408,0.058,90.0,0.02,0.026,0.653,2.426,0.088,0.013,1.581,0.008,90.0,0.02,0.026,0.646,2.313,0.099,0.012,1.499,0.008,90.0,0.019,0.025,0.625,2.358,0.095,4.09
777,Ayoub El Kaabi,FWD,5.9,Morocco,MAR,2.092,2.092,1.0,42.54,0.15,0.021,1.016,1.328,0.265,1.011,2.542,0.398,42.54,0.214,0.03,1.447,0.825,0.438,0.568,2.063,0.275,42.54,0.146,0.02,0.989,1.44,0.237,0.208,2.034,0.102,42.54,0.142,0.02,0.962,1.373,0.253,0.205,1.998,0.102,42.54,0.137,0.019,0.928,1.376,0.253,4.08
1066,Nkosinathi Sibisi,DEF,3.6,South Africa,RSA,3.293,3.293,1.0,85.09,0.027,0.035,0.922,1.472,0.23,0.658,1.989,0.331,85.09,0.02,0.026,0.676,2.065,0.127,0.081,1.391,0.058,85.09,0.019,0.025,0.653,2.426,0.088,0.013,1.564,0.008,85.09,0.019,0.024,0.646,2.313,0.099,0.012,1.484,0.008,85.09,0.018,0.024,0.625,2.358,0.095,4.06
1520,Alexander Isak,FWD,8.0,Sweden,SWE,3.2,3.2,1.0,71.75,0.144,0.057,0.737,2.223,0.108,0.608,3.481,0.175,71.75,0.179,0.07,0.915,1.966,0.14,0.162,3.454,0.047,71.75,0.176,0.069,0.898,2.125,0.119,0.036,3.282,0.011,71.75,0.154,0.061,0.789,2.221,0.109,0.038,3.498,0.011,71.75,0.181,0.071,0.926,2.007,0.134,4.04
310,Amad Diallo,FWD,5.9,Côte d'Ivoire,CIV,2.928,2.928,1.0,73.54,0.068,0.096,0.879,1.952,0.142,0.733,2.988,0.245,73.54,0.072,0.102,0.938,1.84,0.159,0.203,2.999,0.068,73.54,0.073,0.103,0.948,1.558,0.21,0.066,2.853,0.023,73.54,0.062,0.088,0.806,1.93,0.145,0.069,2.985,0.023,73.54,0.072,0.102,0.934,1.78,0.169,4.0
896,Fabián Balbuena,DEF,4.0,Paraguay,PAR,2.617,2.621,0.999,84.35,0.027,0.04,0.933,1.795,0.166,0.815,2.967,0.275,84.35,0.03,0.043,1.005,1.642,0.194,0.334,3.545,0.094,84.35,0.03,0.044,1.027,1.394,0.248,0.108,2.884,0.037,84.35,0.027,0.039,0.915,1.663,0.19,0.109,2.904,0.037,84.35,0.026,0.038,0.9,1.65,0.192,3.98
899,Juan José Cáceres,DEF,3.8,Paraguay,PAR,2.599,2.603,0.999,80.69,0.026,0.038,0.933,1.795,0.166,0.81,2.948,0.275,80.69,0.028,0.041,1.005,1.642,0.194,0.332,3.526,0.094,80.69,0.029,0.042,1.027,1.394,0.248,0.107,2.866,0.037,80.69,0.026,0.037,0.915,1.663,0.19,0.108,2.887,0.037,80.69,0.025,0.037,0.9,1.65,0.192,3.96
895,Omar Alderete,DEF,4.1,Paraguay,PAR,2.599,2.603,0.999,88.09,0.032,0.026,0.933,1.795,0.166,0.81,2.948,0.275,88.09,0.035,0.028,1.005,1.642,0.194,0.332,3.527,0.094,88.09,0.036,0.029,1.027,1.394,0.248,0.107,2.866,0.037,88.09,0.032,0.026,0.915,1.663,0.19,0.108,2.887,0.037,88.09,0.031,0.025,0.9,1.65,0.192,3.96
1082,Álex Baena,MID,6.0,Spain,ESP,1.309,1.309,1.0,14.08,0.022,0.044,2.237,0.83,0.436,0.971,1.234,0.787,14.08,0.017,0.033,1.696,0.976,0.377,0.683,1.273,0.536,14.08,0.02,0.039,1.979,0.872,0.418,0.497,1.227,0.405,14.08,0.016,0.032,1.64,1.072,0.342,0.489,1.208,0.405,14.08,0.015,0.03,1.504,1.103,0.332,3.95
51,Nico Paz,MID,5.9,Argentina,ARG,1.092,1.092,1.0,2.31,0.009,0.006,3.053,0.536,0.585,0.943,1.069,0.882,2.31,0.007,0.005,2.286,0.68,0.507,0.782,1.051,0.744,2.31,0.005,0.003,1.707,0.86,0.423,0.565,1.048,0.539,2.31,0.005,0.003,1.609,0.967,0.38,0.565,1.048,0.539,2.31,0.005,0.003,1.6,0.997,0.369,3.95
54,Exequiel Palacios,MID,6.0,Argentina,ARG,1.091,1.091,1.0,6.1,0.005,0.016,3.053,0.536,0.585,0.943,1.068,0.882,6.1,0.004,0.012,2.286,0.68,0.507,0.782,1.051,0.744,6.1,0.003,0.009,1.707,0.86,0.423,0.565,1.048,0.539,6.1,0.003,0.008,1.609,0.967,0.38,0.565,1.048,0.539,6.1,0.003,0.008,1.6,0.997,0.369,3.95
723,Son Heung-Min,FWD,7.4,Korea Republic,KOR,2.773,4.36,0.636,87.92,0.27,0.122,0.974,1.787,0.167,0.844,4.177,0.202,87.92,0.248,0.112,0.895,1.801,0.165,0.218,3.801,0.057,87.92,0.203,0.092,0.734,2.09,0.124,0.042,3.94,0.011,87.92,0.219,0.099,0.793,1.987,0.137,0.041,3.844,0.011,87.92,0.208,0.094,0.752,2.016,0.133,3.92
894,Júnior Alonso,DEF,4.1,Paraguay,PAR,2.557,2.56,0.999,88.69,0.025,0.031,0.933,1.795,0.166,0.798,2.902,0.275,88.69,0.027,0.033,1.005,1.642,0.194,0.328,3.48,0.094,88.69,0.028,0.034,1.027,1.394,0.248,0.106,2.825,0.037,88.69,0.025,0.03,0.915,1.663,0.19,0.107,2.846,0.037,88.69,0.024,0.03,0.9,1.65,0.192,3.9
677,Zion Suzuki,GK,4.3,Japan,JPN,2.308,2.308,1.0,85.0,0.0,0.0,1.051,1.743,0.175,0.868,2.747,0.316,85.0,0.0,0.0,1.154,1.54,0.214,0.41,3.167,0.129,85.0,0.0,0.0,1.145,1.365,0.255,0.136,2.367,0.057,85.0,0.0,0.0,0.97,1.714,0.18,0.153,2.659,0.057,85.0,0.0,0.0,1.109,1.578,0.206,3.88
893,Gustavo Gómez,DEF,4.6,Paraguay,PAR,2.538,2.541,0.999,90.0,0.026,0.026,0.933,1.795,0.166,0.792,2.882,0.275,90.0,0.028,0.028,1.005,1.642,0.194,0.326,3.461,0.094,90.0,0.028,0.028,1.027,1.394,0.248,0.105,2.806,0.037,90.0,0.025,0.025,0.915,1.663,0.19,0.106,2.828,0.037,90.0,0.025,0.025,0.9,1.65,0.192,3.87
148,Jovo Lukic,FWD,5.6,Bosnia and Herzegovina,BIH,2.982,2.982,1.0,69.99,0.11,0.047,0.831,2.287,0.102,0.611,3.147,0.194,69.99,0.129,0.055,0.974,1.744,0.175,0.177,2.823,0.063,69.99,0.092,0.039,0.694,2.514,0.081,0.025,2.887,0.009,69.99,0.099,0.042,0.749,2.436,0.087,0.025,2.837,0.009,69.99,0.093,0.04,0.706,2.488,0.083,3.82
1114,Yasin Ayari,MID,5.3,Sweden,SWE,3.008,3.008,1.0,74.15,0.041,0.119,0.737,2.223,0.108,0.568,3.25,0.175,74.15,0.051,0.148,0.915,1.966,0.14,0.15,3.209,0.047,74.15,0.05,0.145,0.898,2.125,0.119,0.034,3.069,0.011,74.15,0.044,0.127,0.789,2.221,0.109,0.036,3.258,0.011,74.15,0.052,0.149,0.926,2.007,0.134,3.8
416,Alan Minda,FWD,4.9,Ecuador,ECU,2.041,2.041,1.0,48.4,0.122,0.068,1.184,1.193,0.303,0.998,1.997,0.5,48.4,0.116,0.065,1.134,1.185,0.306,0.433,1.84,0.236,48.4,0.098,0.055,0.952,1.532,0.216,0.156,1.937,0.08,48.4,0.109,0.061,1.065,1.348,0.26,0.157,1.956,0.08,48.4,0.112,0.062,1.086,1.359,0.257,3.78
540,Leon Goretzka,MID,6.1,Germany,GER,1.617,1.617,1.0,28.21,0.062,0.041,2.094,0.955,0.385,1.058,1.413,0.749,28.21,0.041,0.027,1.397,1.515,0.22,0.516,1.492,0.346,28.21,0.049,0.033,1.666,1.212,0.298,0.299,1.424,0.21,28.21,0.043,0.028,1.436,1.473,0.229,0.294,1.403,0.21,28.21,0.041,0.027,1.365,1.508,0.221,3.78
323,Seko Fofana,MID,6.8,Côte d'Ivoire,CIV,2.755,2.755,1.0,63.1,0.049,0.046,0.879,1.952,0.142,0.69,2.812,0.245,63.1,0.052,0.049,0.938,1.84,0.159,0.195,2.871,0.068,63.1,0.053,0.05,0.948,1.558,0.21,0.063,2.707,0.023,63.1,0.045,0.042,0.806,1.93,0.145,0.065,2.819,0.023,63.1,0.052,0.049,0.934,1.78,0.169,3.77
1320,Facundo Medina,DEF,4.0,Argentina,ARG,1.232,1.232,1.0,53.34,0.027,0.054,3.053,0.536,0.585,0.951,1.077,0.882,53.34,0.021,0.04,2.286,0.68,0.507,0.68,0.914,0.744,53.34,0.015,0.03,1.707,0.86,0.423,0.452,0.839,0.539,53.34,0.014,0.028,1.609,0.967,0.38,0.441,0.819,0.539,53.34,0.014,0.028,1.6,0.997,0.369,3.76
1126,Benjamin Nygren,FWD,4.9,Sweden,SWE,2.98,2.98,1.0,69.1,0.104,0.055,0.737,2.223,0.108,0.561,3.21,0.175,69.1,0.129,0.068,0.915,1.966,0.14,0.149,3.188,0.047,69.1,0.127,0.067,0.898,2.125,0.119,0.033,3.047,0.011,69.1,0.111,0.059,0.789,2.221,0.109,0.035,3.225,0.011,69.1,0.131,0.069,0.926,2.007,0.134,3.76
150,Esmir Bajraktarevic,FWD,4.7,Bosnia and Herzegovina,BIH,2.928,2.928,1.0,62.88,0.065,0.1,0.831,2.287,0.102,0.599,3.083,0.194,62.88,0.076,0.118,0.974,1.744,0.175,0.175,2.778,0.063,62.88,0.054,0.084,0.694,2.514,0.081,0.025,2.838,0.009,62.88,0.058,0.09,0.749,2.436,0.087,0.024,2.791,0.009,62.88,0.055,0.085,0.706,2.488,0.083,3.75
103,Konrad Laimer,MID,5.8,Austria,AUT,2.669,3.137,0.851,79.58,0.073,0.091,0.907,2.094,0.123,0.699,3.321,0.211,79.58,0.083,0.104,1.029,1.744,0.175,0.232,3.42,0.068,79.58,0.089,0.112,1.113,1.698,0.183,0.078,3.258,0.024,79.58,0.08,0.1,0.995,1.91,0.148,0.076,3.2,0.024,79.58,0.076,0.095,0.945,1.939,0.144,3.75
34,Nicolás Tagliafico,DEF,4.3,Argentina,ARG,1.228,1.228,1.0,34.24,0.022,0.05,3.053,0.536,0.585,0.948,1.074,0.882,34.24,0.017,0.038,2.286,0.68,0.507,0.679,0.912,0.744,34.24,0.012,0.028,1.707,0.86,0.423,0.451,0.837,0.539,34.24,0.012,0.026,1.609,0.967,0.38,0.44,0.817,0.539,34.24,0.012,0.026,1.6,0.997,0.369,3.75
808,Wout Weghorst,FWD,5.5,Netherlands,NED,1.45,1.45,1.0,14.75,0.058,0.017,1.328,1.016,0.362,1.009,1.676,0.602,14.75,0.087,0.025,2.003,0.84,0.432,0.67,1.446,0.464,14.75,0.057,0.017,1.316,1.437,0.238,0.31,1.438,0.215,14.75,0.056,0.016,1.294,1.376,0.253,0.305,1.416,0.215,14.75,0.053,0.016,1.227,1.407,0.245,3.74
9,Mohammed Amoura,FWD,6.2,Algeria,ALG,2.673,4.001,0.668,83.75,0.248,0.071,0.883,2.002,0.135,0.721,4.195,0.172,83.75,0.274,0.078,0.973,1.747,0.174,0.223,4.149,0.054,83.75,0.268,0.076,0.951,1.884,0.152,0.061,4.058,0.015,83.75,0.256,0.073,0.909,1.97,0.14,0.06,3.985,0.015,83.75,0.246,0.07,0.876,1.974,0.139,3.74
1062,Yaya Sithole,MID,5.1,South Africa,RSA,2.736,2.736,1.0,82.34,0.041,0.038,0.922,1.472,0.23,0.827,2.5,0.331,82.34,0.03,0.028,0.676,2.065,0.127,0.142,2.449,0.058,82.34,0.029,0.027,0.653,2.426,0.088,0.02,2.455,0.008,82.34,0.028,0.026,0.646,2.313,0.099,0.02,2.439,0.008,82.34,0.027,0.025,0.625,2.358,0.095,3.74
31,Nicolás Otamendi,DEF,4.4,Argentina,ARG,1.227,1.227,1.0,35.56,0.033,0.017,3.053,0.536,0.585,0.948,1.074,0.882,35.56,0.025,0.013,2.286,0.68,0.507,0.679,0.912,0.744,35.56,0.018,0.01,1.707,0.86,0.423,0.451,0.837,0.539,35.56,0.017,0.009,1.609,0.967,0.38,0.44,0.817,0.539,35.56,0.017,0.009,1.6,0.997,0.369,3.74
161,Benjamin Tahirovic,MID,5.3,Bosnia and Herzegovina,BIH,2.902,2.902,1.0,71.61,0.047,0.089,0.831,2.287,0.102,0.604,3.111,0.194,71.61,0.055,0.104,0.974,1.744,0.175,0.173,2.752,0.063,71.61,0.039,0.074,0.694,2.514,0.081,0.025,2.811,0.009,71.61,0.042,0.08,0.749,2.436,0.087,0.024,2.766,0.009,71.61,0.04,0.075,0.706,2.488,0.083,3.73
1992,Antoine Semenyo,FWD,7.2,Ghana,GHA,3.071,3.073,1.0,75.11,0.13,0.037,0.667,2.188,0.112,0.514,3.152,0.163,75.11,0.14,0.04,0.718,2.142,0.117,0.091,3.076,0.03,75.11,0.131,0.037,0.67,2.431,0.088,0.015,3.105,0.005,75.11,0.135,0.038,0.688,2.311,0.099,0.015,3.142,0.005,75.11,0.139,0.04,0.712,2.228,0.108,3.71
1041,Nicolas Jackson,FWD,6.7,Senegal,SEN,2.092,4.381,0.477,67.08,0.314,0.061,1.136,1.204,0.3,0.988,4.311,0.229,67.08,0.304,0.06,1.101,1.282,0.277,0.385,3.888,0.099,67.08,0.247,0.048,0.892,1.603,0.201,0.121,4.021,0.03,67.08,0.265,0.052,0.958,1.496,0.224,0.119,3.953,0.03,67.08,0.255,0.05,0.924,1.505,0.222,3.7
43,José Manuel López,FWD,5.3,Argentina,ARG,1.0,1.0,1.0,0.01,0.0,0.0,3.053,0.536,0.585,0.883,1.0,0.882,0.01,0.0,0.0,2.286,0.68,0.507,0.744,1.0,0.744,0.01,0.0,0.0,1.707,0.86,0.423,0.539,1.0,0.539,0.01,0.0,0.0,1.609,0.967,0.38,0.539,1.0,0.539,0.01,0.0,0.0,1.6,0.997,0.369,3.7
512,Manu Koné,MID,6.1,France,FRA,1.21,1.21,1.0,19.13,0.019,0.018,2.167,0.711,0.491,0.964,1.168,0.825,19.13,0.016,0.015,1.733,1.07,0.343,0.64,1.167,0.548,19.13,0.015,0.015,1.726,0.899,0.407,0.444,1.142,0.389,19.13,0.013,0.012,1.467,1.091,0.336,0.444,1.142,0.389,19.13,0.013,0.012,1.464,1.091,0.336,3.7
2022,Bilal El Khannouss,MID,6.2,Morocco,MAR,1.901,1.901,1.0,59.0,0.075,0.101,1.016,1.328,0.265,0.907,2.28,0.398,59.0,0.107,0.144,1.447,0.825,0.438,0.517,1.877,0.275,59.0,0.073,0.098,0.989,1.44,0.237,0.19,1.853,0.102,59.0,0.071,0.095,0.962,1.373,0.253,0.187,1.823,0.102,59.0,0.069,0.092,0.928,1.376,0.253,3.7
53,Valentín Barco,MID,6.2,Argentina,ARG,1.0,1.0,1.0,0.01,0.0,0.0,3.053,0.536,0.585,0.882,1.0,0.882,0.01,0.0,0.0,2.286,0.68,0.507,0.744,1.0,0.744,0.01,0.0,0.0,1.707,0.86,0.423,0.539,1.0,0.539,0.01,0.0,0.0,1.609,0.967,0.38,0.539,1.0,0.539,0.01,0.0,0.0,1.6,0.997,0.369,3.7
1710,Eberechi Eze,MID,8.0,England,ENG,1.452,1.452,1.0,14.88,0.045,0.031,1.944,0.79,0.454,1.004,1.307,0.768,14.88,0.031,0.021,1.318,1.099,0.333,0.562,1.339,0.42,14.88,0.034,0.023,1.455,1.11,0.33,0.324,1.296,0.25,14.88,0.029,0.02,1.269,1.171,0.31,0.332,1.326,0.25,14.88,0.032,0.023,1.4,1.119,0.327,3.67
475,Morgan Rogers,MID,7.2,England,ENG,1.444,1.444,1.0,20.57,0.043,0.034,1.944,0.79,0.454,1.0,1.302,0.768,20.57,0.029,0.023,1.318,1.099,0.333,0.56,1.333,0.42,20.57,0.032,0.025,1.455,1.11,0.33,0.323,1.29,0.25,20.57,0.028,0.022,1.269,1.171,0.31,0.33,1.32,0.25,20.57,0.031,0.024,1.4,1.119,0.327,3.66
1369,Neymar,MID,7.2,Brazil,BRA,1.469,1.469,1.0,18.86,0.049,0.028,1.743,1.051,0.35,0.967,1.413,0.684,18.86,0.043,0.024,1.535,1.22,0.295,0.557,1.415,0.394,18.86,0.043,0.024,1.543,1.091,0.336,0.325,1.347,0.241,18.86,0.036,0.02,1.288,1.336,0.263,0.336,1.393,0.241,18.86,0.041,0.023,1.459,1.255,0.285,3.65
1616,Andrés Cubas,MID,4.7,Paraguay,PAR,2.505,2.509,0.999,87.6,0.029,0.022,0.933,1.795,0.166,0.704,2.562,0.275,87.6,0.032,0.024,1.005,1.642,0.194,0.247,2.625,0.094,87.6,0.032,0.024,1.027,1.394,0.248,0.095,2.526,0.037,87.6,0.029,0.022,0.915,1.663,0.19,0.094,2.523,0.037,87.6,0.028,0.021,0.9,1.65,0.192,3.64
1248,Federico Valverde,MID,7.5,Uruguay,URU,1.879,4.805,0.391,83.72,0.215,0.209,1.293,1.215,0.297,0.961,4.588,0.21,83.72,0.197,0.192,1.183,1.258,0.284,0.431,4.384,0.098,83.72,0.182,0.177,1.095,1.41,0.244,0.181,4.305,0.042,83.72,0.176,0.172,1.06,1.463,0.232,0.177,4.201,0.042,83.72,0.168,0.163,1.007,1.481,0.227,3.63
1521,Alexander Bernhardsson,FWD,4.9,Sweden,SWE,2.872,2.872,1.0,65.18,0.091,0.051,0.737,2.223,0.108,0.537,3.076,0.175,65.18,0.112,0.064,0.915,1.966,0.14,0.143,3.056,0.047,65.18,0.11,0.063,0.898,2.125,0.119,0.032,2.931,0.011,65.18,0.097,0.055,0.789,2.221,0.109,0.034,3.089,0.011,65.18,0.114,0.065,0.926,2.007,0.134,3.62
476,Noni Madueke,FWD,6.1,England,ENG,1.417,1.417,1.0,18.64,0.047,0.03,1.944,0.79,0.454,0.986,1.283,0.768,18.64,0.032,0.02,1.318,1.099,0.333,0.551,1.312,0.42,18.64,0.035,0.023,1.455,1.11,0.33,0.318,1.272,0.25,18.64,0.031,0.02,1.269,1.171,0.31,0.325,1.301,0.25,18.64,0.034,0.022,1.4,1.119,0.327,3.6
509,N'Golo Kanté,MID,5.1,France,FRA,1.163,1.163,1.0,13.91,0.015,0.013,2.167,0.711,0.491,0.932,1.13,0.825,13.91,0.012,0.011,1.733,1.07,0.343,0.62,1.13,0.548,13.91,0.012,0.011,1.726,0.899,0.407,0.431,1.11,0.389,13.91,0.01,0.009,1.467,1.091,0.336,0.431,1.11,0.389,13.91,0.01,0.009,1.464,1.091,0.336,3.58
762,Orbelín Pineda,MID,6.2,Mexico,MEX,1.469,1.469,1.0,10.1,0.055,0.012,2.163,0.735,0.479,1.072,1.309,0.819,10.1,0.036,0.008,1.42,1.0,0.368,0.605,1.222,0.495,10.1,0.026,0.006,1.021,1.535,0.216,0.21,1.193,0.176,10.1,0.022,0.005,0.889,1.613,0.199,0.215,1.223,0.176,10.1,0.026,0.006,1.025,1.482,0.227,3.57
1035,El Hadji Malick Diouf,DEF,4.1,Senegal,SEN,2.076,4.347,0.477,85.17,0.022,0.131,1.136,1.204,0.3,0.944,4.118,0.229,85.17,0.022,0.127,1.101,1.282,0.277,0.319,3.219,0.099,85.17,0.018,0.103,0.892,1.603,0.201,0.105,3.501,0.03,85.17,0.019,0.111,0.958,1.496,0.224,0.104,3.458,0.03,85.17,0.018,0.107,0.924,1.505,0.222,3.55
1077,Ronwen Williams,GK,4.5,South Africa,RSA,2.906,2.906,1.0,90.0,0.0,0.0,0.922,1.472,0.23,0.561,1.695,0.331,90.0,0.0,0.0,0.676,2.065,0.127,0.064,1.104,0.058,90.0,0.0,0.0,0.653,2.426,0.088,0.011,1.281,0.008,90.0,0.0,0.0,0.646,2.313,0.099,0.01,1.21,0.008,90.0,0.0,0.0,0.625,2.358,0.095,3.55
181,Endrick,FWD,5.5,Brazil,BRA,1.426,1.426,1.0,13.68,0.037,0.056,1.743,1.051,0.35,0.941,1.376,0.684,13.68,0.033,0.049,1.535,1.22,0.295,0.542,1.378,0.394,13.68,0.033,0.049,1.543,1.091,0.336,0.317,1.315,0.241,13.68,0.028,0.041,1.288,1.336,0.263,0.328,1.357,0.241,13.68,0.031,0.047,1.459,1.255,0.285,3.55
1081,Yéremy Pino,MID,5.9,Spain,ESP,1.155,1.155,1.0,9.51,0.016,0.01,2.237,0.83,0.436,0.879,1.117,0.787,9.51,0.012,0.007,1.696,0.976,0.377,0.61,1.137,0.536,9.51,0.014,0.009,1.979,0.872,0.418,0.451,1.114,0.405,9.51,0.011,0.007,1.64,1.072,0.342,0.447,1.104,0.405,9.51,0.011,0.007,1.504,1.103,0.332,3.54
516,Rayan Cherki,MID,8.0,France,FRA,1.147,1.147,1.0,4.39,0.009,0.028,2.167,0.711,0.491,0.922,1.117,0.825,4.39,0.007,0.023,1.733,1.07,0.343,0.613,1.117,0.548,4.39,0.007,0.023,1.726,0.899,0.407,0.427,1.099,0.389,4.39,0.006,0.019,1.467,1.091,0.336,0.427,1.099,0.389,4.39,0.006,0.019,1.464,1.091,0.336,3.54
176,Gabriel Martinelli,MID,6.5,Brazil,BRA,1.416,1.416,1.0,23.91,0.03,0.058,1.743,1.051,0.35,0.935,1.366,0.684,23.91,0.027,0.051,1.535,1.22,0.295,0.539,1.368,0.394,23.91,0.027,0.051,1.543,1.091,0.336,0.316,1.308,0.241,23.91,0.023,0.043,1.288,1.336,0.263,0.325,1.348,0.241,23.91,0.026,0.048,1.459,1.255,0.285,3.53
1477,Luis Chávez,MID,6.3,Mexico,MEX,1.438,1.438,1.0,16.95,0.041,0.036,2.163,0.735,0.479,1.054,1.288,0.819,16.95,0.027,0.024,1.42,1.0,0.368,0.597,1.207,0.495,16.95,0.02,0.017,1.021,1.535,0.216,0.208,1.18,0.176,16.95,0.017,0.015,0.889,1.613,0.199,0.213,1.208,0.176,16.95,0.02,0.017,1.025,1.482,0.227,3.51
1432,Jean-Philippe Mateta,FWD,6.5,France,FRA,1.135,1.135,1.0,4.78,0.019,0.002,2.167,0.711,0.491,0.914,1.108,0.825,4.78,0.015,0.001,1.733,1.07,0.343,0.607,1.108,0.548,4.78,0.015,0.001,1.726,0.899,0.407,0.424,1.091,0.389,4.78,0.013,0.001,1.467,1.091,0.336,0.424,1.091,0.389,4.78,0.013,0.001,1.464,1.091,0.336,3.5
1095,Borja Iglesias,FWD,6.8,Spain,ESP,1.134,1.134,1.0,3.54,0.018,0.003,2.237,0.83,0.436,0.867,1.101,0.787,3.54,0.013,0.003,1.696,0.976,0.377,0.6,1.118,0.536,3.54,0.016,0.003,1.979,0.872,0.418,0.445,1.098,0.405,3.54,0.013,0.003,1.64,1.072,0.342,0.441,1.09,0.405,3.54,0.012,0.002,1.504,1.103,0.332,3.49
1574,Rafael Leão,MID,7.8,Portugal,POR,1.407,1.407,1.0,17.79,0.043,0.022,1.901,0.876,0.417,0.951,1.295,0.734,17.79,0.031,0.016,1.376,1.214,0.297,0.519,1.304,0.398,17.79,0.032,0.016,1.419,1.203,0.3,0.279,1.288,0.216,17.79,0.03,0.015,1.344,1.243,0.289,0.276,1.274,0.216,17.79,0.029,0.015,1.279,1.268,0.281,3.43
514,Maghnes Akliouche,MID,6.4,France,FRA,1.104,1.104,1.0,3.59,0.008,0.014,2.167,0.711,0.491,0.894,1.083,0.825,3.59,0.006,0.011,1.733,1.07,0.343,0.594,1.083,0.548,3.59,0.006,0.011,1.726,0.899,0.407,0.416,1.07,0.389,3.59,0.005,0.01,1.467,1.091,0.336,0.416,1.07,0.389,3.59,0.005,0.01,1.464,1.091,0.336,3.42
427,Kendry Páez,MID,5.2,Ecuador,ECU,1.835,1.835,1.0,24.56,0.082,0.061,1.184,1.193,0.303,0.899,1.799,0.5,24.56,0.079,0.059,1.134,1.185,0.306,0.394,1.672,0.236,24.56,0.066,0.049,0.952,1.532,0.216,0.141,1.751,0.08,24.56,0.074,0.055,1.065,1.348,0.26,0.142,1.766,0.08,24.56,0.075,0.056,1.086,1.359,0.257,3.41
1266,Ricardo Pepi,FWD,5.9,USA,USA,1.351,1.351,1.0,5.25,0.048,0.005,2.132,0.864,0.422,0.983,1.263,0.778,5.25,0.036,0.004,1.596,1.033,0.356,0.598,1.184,0.505,5.25,0.025,0.002,1.115,1.551,0.212,0.234,1.201,0.195,5.25,0.028,0.003,1.218,1.459,0.232,0.231,1.186,0.195,5.25,0.026,0.003,1.126,1.506,0.222,3.4
1236,Darwin Núñez,FWD,7.5,Uruguay,URU,1.758,4.495,0.391,75.24,0.312,0.091,1.293,1.215,0.297,0.899,4.293,0.21,75.24,0.285,0.083,1.183,1.258,0.284,0.406,4.13,0.098,75.24,0.264,0.077,1.095,1.41,0.244,0.171,4.065,0.042,75.24,0.256,0.074,1.06,1.463,0.232,0.167,3.965,0.042,75.24,0.243,0.071,1.007,1.481,0.227,3.4
924,João Félix,FWD,6.5,Portugal,POR,1.393,1.393,1.0,9.26,0.046,0.024,1.901,0.876,0.417,0.944,1.285,0.734,9.26,0.033,0.017,1.376,1.214,0.297,0.515,1.294,0.398,9.26,0.034,0.018,1.419,1.203,0.3,0.277,1.279,0.216,9.26,0.033,0.017,1.344,1.243,0.289,0.274,1.265,0.216,9.26,0.031,0.016,1.279,1.268,0.281,3.4
11,Riyad Mahrez,MID,6.5,Algeria,ALG,2.432,3.641,0.668,74.96,0.121,0.118,0.883,2.002,0.135,0.658,3.827,0.172,74.96,0.133,0.13,0.973,1.747,0.174,0.202,3.77,0.054,74.96,0.13,0.128,0.951,1.884,0.152,0.056,3.688,0.015,74.96,0.124,0.122,0.909,1.97,0.14,0.055,3.633,0.015,74.96,0.12,0.117,0.876,1.974,0.139,3.4
1476,Gilberto Mora,MID,4.5,Mexico,MEX,1.375,1.375,1.0,12.93,0.041,0.017,2.163,0.735,0.479,1.021,1.247,0.819,12.93,0.027,0.011,1.42,1.0,0.368,0.583,1.178,0.495,12.93,0.019,0.008,1.021,1.535,0.216,0.203,1.155,0.176,12.93,0.017,0.007,0.889,1.613,0.199,0.207,1.178,0.176,12.93,0.019,0.008,1.025,1.482,0.227,3.39
414,John Yeboah,MID,5.1,Ecuador,ECU,1.826,1.826,1.0,51.19,0.075,0.078,1.184,1.193,0.303,0.895,1.791,0.5,51.19,0.071,0.075,1.134,1.185,0.306,0.392,1.665,0.236,51.19,0.06,0.063,0.952,1.532,0.216,0.14,1.743,0.08,51.19,0.067,0.07,1.065,1.348,0.26,0.141,1.758,0.08,51.19,0.068,0.072,1.086,1.359,0.257,3.39
1696,Sadio Mané,MID,7.6,Senegal,SEN,1.916,4.014,0.477,85.02,0.232,0.107,1.136,1.204,0.3,0.903,3.938,0.229,85.02,0.225,0.103,1.101,1.282,0.277,0.352,3.546,0.099,85.02,0.182,0.084,0.892,1.603,0.201,0.11,3.668,0.03,85.02,0.196,0.09,0.958,1.496,0.224,0.109,3.615,0.03,85.02,0.189,0.087,0.924,1.505,0.222,3.39
1982,Caleb Yirenkyi,MID,4.7,Ghana,GHA,2.798,2.799,1.0,77.68,0.058,0.047,0.667,2.188,0.112,0.466,2.855,0.163,77.68,0.062,0.05,0.718,2.142,0.117,0.082,2.777,0.03,77.68,0.058,0.047,0.67,2.431,0.088,0.013,2.807,0.005,77.68,0.06,0.048,0.688,2.311,0.099,0.013,2.84,0.005,77.68,0.062,0.05,0.712,2.228,0.108,3.37
156,Amar Memic,MID,4.7,Bosnia and Herzegovina,BIH,2.605,2.605,1.0,68.14,0.029,0.056,0.831,2.287,0.102,0.537,2.764,0.194,68.14,0.034,0.066,0.974,1.744,0.175,0.157,2.503,0.063,68.14,0.024,0.047,0.694,2.514,0.081,0.022,2.542,0.009,68.14,0.026,0.051,0.749,2.436,0.087,0.022,2.512,0.009,68.14,0.024,0.048,0.706,2.488,0.083,3.34
511,Warren Zaïre-Emery,MID,6.1,France,FRA,1.067,1.067,1.0,4.63,0.006,0.006,2.167,0.711,0.491,0.869,1.054,0.825,4.63,0.005,0.005,1.733,1.07,0.343,0.578,1.054,0.548,4.63,0.005,0.005,1.726,0.899,0.407,0.406,1.046,0.389,4.63,0.004,0.004,1.467,1.091,0.336,0.406,1.046,0.389,4.63,0.004,0.004,1.464,1.091,0.336,3.33
610,Mehdi Taremi,FWD,6.1,IR Iran,IRN,2.477,4.534,0.546,85.62,0.317,0.092,0.854,1.778,0.169,0.668,4.238,0.158,85.62,0.278,0.081,0.749,2.13,0.119,0.135,4.17,0.032,85.62,0.27,0.078,0.725,2.07,0.126,0.027,4.206,0.006,85.62,0.274,0.08,0.738,2.143,0.117,0.026,4.121,0.006,85.62,0.263,0.076,0.708,2.141,0.118,3.33
845,Patrick Berg,MID,5.6,Norway,NOR,1.324,1.324,1.0,22.05,0.031,0.025,1.893,0.927,0.396,0.917,1.248,0.735,22.05,0.024,0.019,1.452,1.346,0.26,0.482,1.253,0.384,22.05,0.024,0.02,1.481,1.153,0.316,0.276,1.215,0.227,22.05,0.021,0.017,1.255,1.416,0.243,0.279,1.228,0.227,22.05,0.022,0.018,1.331,1.365,0.255,3.28
736,Lee Kang-In,MID,6.1,Korea Republic,KOR,2.311,3.633,0.636,84.13,0.093,0.156,0.974,1.787,0.167,0.711,3.516,0.202,84.13,0.085,0.143,0.895,1.801,0.165,0.186,3.239,0.057,84.13,0.07,0.117,0.734,2.09,0.124,0.036,3.339,0.011,84.13,0.076,0.127,0.793,1.987,0.137,0.035,3.275,0.011,84.13,0.072,0.12,0.752,2.016,0.133,3.28
1037,Kalidou Koulibaly,DEF,4.9,Senegal,SEN,1.916,4.012,0.477,85.86,0.028,0.041,1.136,1.204,0.3,0.869,3.789,0.229,85.86,0.028,0.04,1.101,1.282,0.277,0.292,2.942,0.099,85.86,0.022,0.032,0.892,1.603,0.201,0.097,3.207,0.03,85.86,0.024,0.035,0.958,1.496,0.224,0.096,3.174,0.03,85.86,0.023,0.033,0.924,1.505,0.222,3.27
1983,Thomas Partey,MID,6.2,Ghana,GHA,2.702,2.703,1.0,86.07,0.053,0.034,0.667,2.188,0.112,0.449,2.753,0.163,86.07,0.057,0.037,0.718,2.142,0.117,0.079,2.681,0.03,86.07,0.054,0.034,0.67,2.431,0.088,0.013,2.709,0.005,86.07,0.055,0.035,0.688,2.311,0.099,0.013,2.738,0.005,86.07,0.057,0.037,0.712,2.228,0.108,3.26
531,Deniz Undav,FWD,6.6,Germany,GER,1.354,1.354,1.0,5.39,0.045,0.014,2.094,0.955,0.385,0.926,1.237,0.749,5.39,0.03,0.01,1.397,1.515,0.22,0.444,1.282,0.346,5.39,0.036,0.011,1.666,1.212,0.298,0.261,1.244,0.21,5.39,0.031,0.01,1.436,1.473,0.229,0.258,1.232,0.21,5.39,0.029,0.009,1.365,1.508,0.221,3.24
10,Amine Gouiri,FWD,6.2,Algeria,ALG,2.311,3.46,0.668,70.81,0.15,0.093,0.883,2.002,0.135,0.62,3.602,0.172,70.81,0.165,0.103,0.973,1.747,0.174,0.192,3.569,0.054,70.81,0.161,0.1,0.951,1.884,0.152,0.053,3.502,0.015,70.81,0.154,0.096,0.909,1.97,0.14,0.052,3.448,0.015,70.81,0.149,0.092,0.876,1.974,0.139,3.23
538,Pascal Groß,MID,5.6,Germany,GER,1.348,1.348,1.0,18.59,0.022,0.056,2.094,0.955,0.385,0.923,1.232,0.749,18.59,0.015,0.037,1.397,1.515,0.22,0.442,1.277,0.346,18.59,0.018,0.045,1.666,1.212,0.298,0.26,1.238,0.21,18.59,0.015,0.039,1.436,1.473,0.229,0.257,1.227,0.21,18.59,0.015,0.037,1.365,1.508,0.221,3.23
1253,Brenden Aaronson,MID,5.7,USA,USA,1.268,1.268,1.0,11.03,0.024,0.025,2.132,0.864,0.422,0.934,1.201,0.778,11.03,0.018,0.019,1.596,1.033,0.356,0.576,1.14,0.505,11.03,0.013,0.013,1.115,1.551,0.212,0.225,1.153,0.195,11.03,0.014,0.015,1.218,1.459,0.232,0.222,1.142,0.195,11.03,0.013,0.013,1.126,1.506,0.222,3.22
230,Tani Oluwaseyi,FWD,4.9,Canada,CAN,1.778,1.778,1.0,27.3,0.087,0.059,1.472,0.922,0.398,0.993,1.484,0.669,27.3,0.054,0.037,0.912,1.642,0.194,0.298,1.469,0.203,27.3,0.052,0.036,0.884,1.995,0.136,0.075,1.461,0.051,27.3,0.051,0.035,0.869,1.885,0.152,0.074,1.445,0.051,27.3,0.049,0.034,0.838,1.893,0.151,3.22
1256,Giovanni Reyna,MID,5.5,USA,USA,1.264,1.264,1.0,11.05,0.025,0.022,2.132,0.864,0.422,0.932,1.198,0.778,11.05,0.019,0.017,1.596,1.033,0.356,0.575,1.138,0.505,11.05,0.013,0.012,1.115,1.551,0.212,0.224,1.151,0.195,11.05,0.014,0.013,1.218,1.459,0.232,0.222,1.14,0.195,11.05,0.013,0.012,1.126,1.506,0.222,3.22
1034,Moussa Niakhaté,DEF,4.3,Senegal,SEN,1.876,3.929,0.477,88.24,0.022,0.035,1.136,1.204,0.3,0.85,3.708,0.229,88.24,0.021,0.034,1.101,1.282,0.277,0.285,2.875,0.099,88.24,0.017,0.027,0.892,1.603,0.201,0.094,3.135,0.03,88.24,0.018,0.029,0.958,1.496,0.224,0.093,3.104,0.03,88.24,0.018,0.028,0.924,1.505,0.222,3.2
1987,Iñaki Williams,FWD,5.9,Ghana,GHA,2.656,2.657,1.0,72.6,0.055,0.058,0.667,2.188,0.112,0.441,2.706,0.163,72.6,0.059,0.062,0.718,2.142,0.117,0.078,2.66,0.03,72.6,0.055,0.058,0.67,2.431,0.088,0.013,2.678,0.005,72.6,0.056,0.059,0.688,2.311,0.099,0.013,2.7,0.005,72.6,0.058,0.061,0.712,2.228,0.108,3.2
1988,Ernest Nuamah,MID,5.0,Ghana,GHA,2.655,2.656,1.0,61.34,0.046,0.037,0.667,2.188,0.112,0.441,2.702,0.163,61.34,0.049,0.04,0.718,2.142,0.117,0.078,2.634,0.03,61.34,0.046,0.037,0.67,2.431,0.088,0.013,2.66,0.005,61.34,0.047,0.038,0.688,2.311,0.099,0.013,2.688,0.005,61.34,0.049,0.039,0.712,2.228,0.108,3.2
111,Xaver Schlager,MID,5.5,Austria,AUT,2.259,2.655,0.851,64.1,0.053,0.023,0.907,2.094,0.123,0.585,2.777,0.211,64.1,0.06,0.026,1.029,1.744,0.175,0.193,2.834,0.068,64.1,0.065,0.028,1.113,1.698,0.183,0.065,2.731,0.024,64.1,0.058,0.025,0.995,1.91,0.148,0.064,2.698,0.024,64.1,0.055,0.024,0.945,1.939,0.144,3.17
1323,Gonzalo Montiel,DEF,4.3,Argentina,ARG,1.007,1.007,1.0,9.3,0.01,0.014,3.053,0.536,0.585,0.802,0.909,0.882,9.3,0.007,0.01,2.286,0.68,0.507,0.587,0.788,0.744,9.3,0.005,0.008,1.707,0.86,0.423,0.388,0.72,0.539,9.3,0.005,0.007,1.609,0.967,0.38,0.378,0.701,0.539,9.3,0.005,0.007,1.6,0.997,0.369,3.16
1711,Ollie Watkins,FWD,7.9,England,ENG,1.218,1.218,1.0,5.79,0.028,0.007,1.944,0.79,0.454,0.882,1.148,0.768,5.79,0.019,0.005,1.318,1.099,0.333,0.488,1.163,0.42,5.79,0.021,0.005,1.455,1.11,0.33,0.286,1.142,0.25,5.79,0.018,0.005,1.269,1.171,0.31,0.289,1.157,0.25,5.79,0.02,0.005,1.4,1.119,0.327,3.16
303,Guéla Doué,DEF,3.9,Côte d'Ivoire,CIV,2.238,2.238,1.0,74.65,0.022,0.054,0.879,1.952,0.142,0.605,2.467,0.245,74.65,0.023,0.057,0.938,1.84,0.159,0.206,3.031,0.068,74.65,0.024,0.058,0.948,1.558,0.21,0.052,2.242,0.023,74.65,0.02,0.049,0.806,1.93,0.145,0.06,2.577,0.023,74.65,0.023,0.057,0.934,1.78,0.169,3.16
1999,Gavi,MID,6.5,Spain,ESP,1.001,1.001,1.0,0.03,0.0,0.0,2.237,0.83,0.436,0.787,1.0,0.787,0.03,0.0,0.0,1.696,0.976,0.377,0.537,1.001,0.536,0.03,0.0,0.0,1.979,0.872,0.418,0.405,1.0,0.405,0.03,0.0,0.0,1.64,1.072,0.342,0.405,1.0,0.405,0.03,0.0,0.0,1.504,1.103,0.332,3.14
903,Ramón Sosa,FWD,5.3,Paraguay,PAR,2.147,2.15,0.999,59.37,0.14,0.063,0.933,1.795,0.166,0.615,2.238,0.275,59.37,0.151,0.068,1.005,1.642,0.194,0.213,2.264,0.094,59.37,0.154,0.069,1.027,1.394,0.248,0.08,2.129,0.037,59.37,0.137,0.062,0.915,1.663,0.19,0.079,2.11,0.037,59.37,0.135,0.061,0.9,1.65,0.192,3.13
1682,Thelo Aasgaard,MID,5.5,Norway,NOR,1.249,1.249,1.0,5.42,0.029,0.006,1.893,0.927,0.396,0.875,1.191,0.735,5.42,0.022,0.005,1.452,1.346,0.26,0.459,1.195,0.384,5.42,0.023,0.005,1.481,1.153,0.316,0.265,1.165,0.227,5.42,0.019,0.004,1.255,1.416,0.243,0.267,1.175,0.227,5.42,0.02,0.005,1.331,1.365,0.255,3.12
300,Wilfried Singo,DEF,4.4,Côte d'Ivoire,CIV,2.205,2.205,1.0,69.73,0.024,0.021,0.879,1.952,0.142,0.598,2.437,0.245,69.73,0.025,0.022,0.938,1.84,0.159,0.205,3.027,0.068,69.73,0.026,0.022,0.948,1.558,0.21,0.051,2.22,0.023,69.73,0.022,0.019,0.806,1.93,0.145,0.059,2.553,0.023,69.73,0.025,0.022,0.934,1.78,0.169,3.12
934,Rúben Neves,MID,5.9,Portugal,POR,1.251,1.251,1.0,18.07,0.023,0.022,1.901,0.876,0.417,0.868,1.182,0.734,18.07,0.017,0.016,1.376,1.214,0.297,0.473,1.188,0.398,18.07,0.017,0.016,1.419,1.203,0.3,0.255,1.178,0.216,18.07,0.016,0.015,1.344,1.243,0.289,0.253,1.169,0.216,18.07,0.016,0.015,1.279,1.268,0.281,3.1
844,Morten Thorsby,MID,5.6,Norway,NOR,1.236,1.236,1.0,16.07,0.023,0.018,1.893,0.927,0.396,0.868,1.181,0.735,16.07,0.017,0.014,1.452,1.346,0.26,0.455,1.185,0.384,16.07,0.018,0.014,1.481,1.153,0.316,0.263,1.157,0.227,16.07,0.015,0.012,1.255,1.416,0.243,0.265,1.166,0.227,16.07,0.016,0.013,1.331,1.365,0.255,3.09
106,Nicolas Seiwald,MID,5.6,Austria,AUT,2.192,2.577,0.851,85.36,0.031,0.042,0.907,2.094,0.123,0.566,2.688,0.211,85.36,0.035,0.048,1.029,1.744,0.175,0.186,2.738,0.068,85.36,0.038,0.052,1.113,1.698,0.183,0.063,2.645,0.024,85.36,0.034,0.046,0.995,1.91,0.148,0.062,2.616,0.024,85.36,0.032,0.044,0.945,1.939,0.144,3.07
124,Romelu Lukaku,FWD,7.4,Belgium,BEL,1.699,1.902,0.893,22.95,0.119,0.028,1.475,1.15,0.317,0.865,1.626,0.532,22.95,0.082,0.02,1.019,1.849,0.157,0.274,1.68,0.163,22.95,0.089,0.021,1.108,1.573,0.207,0.105,1.681,0.062,22.95,0.089,0.021,1.111,1.654,0.191,0.104,1.672,0.062,22.95,0.088,0.021,1.096,1.681,0.186,3.05
1968,Jacob Shaffelburg,MID,5.2,Canada,CAN,1.674,1.674,1.0,40.07,0.068,0.045,1.472,0.922,0.398,0.949,1.419,0.669,40.07,0.042,0.028,0.912,1.642,0.194,0.286,1.406,0.203,40.07,0.041,0.027,0.884,1.995,0.136,0.072,1.399,0.051,40.07,0.04,0.027,0.869,1.885,0.152,0.071,1.385,0.051,40.07,0.039,0.026,0.838,1.893,0.151,3.05
177,Luiz Henrique,FWD,6.1,Brazil,BRA,1.207,1.207,1.0,17.81,0.021,0.021,1.743,1.051,0.35,0.809,1.183,0.684,17.81,0.018,0.019,1.535,1.22,0.295,0.466,1.184,0.394,17.81,0.018,0.019,1.543,1.091,0.336,0.278,1.153,0.241,17.81,0.015,0.016,1.288,1.336,0.263,0.283,1.174,0.241,17.81,0.017,0.018,1.459,1.255,0.285,3.04
843,Oscar Bobb,MID,5.1,Norway,NOR,1.217,1.217,1.0,11.11,0.016,0.03,1.893,0.927,0.396,0.857,1.166,0.735,11.11,0.012,0.023,1.452,1.346,0.26,0.449,1.17,0.384,11.11,0.012,0.024,1.481,1.153,0.316,0.26,1.144,0.227,11.11,0.01,0.02,1.255,1.416,0.243,0.262,1.152,0.227,11.11,0.011,0.021,1.331,1.365,0.255,3.04
2042,Justin Kluivert,MID,6.5,Netherlands,NED,1.194,1.194,1.0,19.38,0.021,0.009,1.328,1.016,0.362,0.779,1.293,0.602,19.38,0.031,0.014,2.003,0.84,0.432,0.553,1.193,0.464,19.38,0.021,0.009,1.316,1.437,0.238,0.256,1.189,0.215,19.38,0.02,0.009,1.294,1.376,0.253,0.254,1.18,0.215,19.38,0.019,0.009,1.227,1.407,0.245,3.04
1473,César Huerta,MID,6.3,Mexico,MEX,1.195,1.195,1.0,7.53,0.018,0.016,2.163,0.735,0.479,0.924,1.128,0.819,7.53,0.012,0.011,1.42,1.0,0.368,0.54,1.092,0.495,7.53,0.009,0.008,1.021,1.535,0.216,0.19,1.08,0.176,7.53,0.008,0.007,0.889,1.613,0.199,0.192,1.092,0.176,7.53,0.009,0.008,1.025,1.482,0.227,3.04
304,Emmanuel Agbadou,DEF,3.9,Côte d'Ivoire,CIV,2.127,2.127,1.0,68.97,0.016,0.018,0.879,1.952,0.142,0.577,2.354,0.245,68.97,0.017,0.02,0.938,1.84,0.159,0.2,2.944,0.068,68.97,0.018,0.02,0.948,1.558,0.21,0.05,2.148,0.023,68.97,0.015,0.017,0.806,1.93,0.145,0.057,2.47,0.023,68.97,0.017,0.02,0.934,1.78,0.169,3.01
332,Ante Budimir,FWD,6.8,Croatia,CRO,1.854,2.067,0.897,54.05,0.148,0.018,1.057,1.456,0.233,0.701,2.049,0.342,54.05,0.145,0.018,1.039,1.579,0.206,0.258,2.098,0.123,54.05,0.152,0.019,1.088,1.566,0.209,0.095,2.038,0.047,54.05,0.144,0.018,1.028,1.632,0.196,0.094,2.022,0.047,54.05,0.141,0.017,1.012,1.639,0.194,3.0
1603,Jamie Leweling,MID,6.4,Germany,GER,1.234,1.234,1.0,7.77,0.021,0.022,2.094,0.955,0.385,0.866,1.156,0.749,7.77,0.014,0.015,1.397,1.515,0.22,0.411,1.186,0.346,7.77,0.017,0.017,1.666,1.212,0.298,0.243,1.161,0.21,7.77,0.015,0.015,1.436,1.473,0.229,0.242,1.153,0.21,7.77,0.014,0.014,1.365,1.508,0.221,3.0
305,Ghislain Konan,DEF,4.0,Côte d'Ivoire,CIV,2.109,2.109,1.0,83.75,0.013,0.02,0.879,1.952,0.142,0.573,2.335,0.245,83.75,0.014,0.021,0.938,1.84,0.159,0.198,2.925,0.068,83.75,0.014,0.021,0.948,1.558,0.21,0.049,2.132,0.023,83.75,0.012,0.018,0.806,1.93,0.145,0.057,2.452,0.023,83.75,0.014,0.021,0.934,1.78,0.169,2.99
1230,Guillermo Varela,DEF,4.2,Uruguay,URU,1.567,4.006,0.391,64.0,0.019,0.064,1.293,1.215,0.297,0.807,3.852,0.21,64.0,0.018,0.059,1.183,1.258,0.284,0.338,3.436,0.098,64.0,0.016,0.054,1.095,1.41,0.244,0.139,3.297,0.042,64.0,0.016,0.053,1.06,1.463,0.232,0.136,3.235,0.042,64.0,0.015,0.05,1.007,1.481,0.227,2.99
1604,Maximilian Beier,FWD,6.5,Germany,GER,1.23,1.23,1.0,5.77,0.027,0.014,2.094,0.955,0.385,0.864,1.153,0.749,5.77,0.018,0.01,1.397,1.515,0.22,0.41,1.183,0.346,5.77,0.021,0.011,1.666,1.212,0.298,0.243,1.158,0.21,5.77,0.018,0.01,1.436,1.473,0.229,0.241,1.15,0.21,5.77,0.017,0.009,1.365,1.508,0.221,2.99
1229,Mathías Olivera,DEF,4.3,Uruguay,URU,1.546,3.953,0.391,74.21,0.033,0.026,1.293,1.215,0.297,0.797,3.803,0.21,74.21,0.03,0.024,1.183,1.258,0.284,0.333,3.389,0.098,74.21,0.028,0.022,1.095,1.41,0.244,0.137,3.251,0.042,74.21,0.027,0.021,1.06,1.463,0.232,0.134,3.191,0.042,74.21,0.025,0.02,1.007,1.481,0.227,2.95
1085,Pedro Porro,DEF,5.5,Spain,ESP,1.058,1.058,1.0,27.79,0.015,0.069,2.237,0.83,0.436,0.702,0.893,0.787,27.79,0.011,0.053,1.696,0.976,0.377,0.534,0.996,0.536,27.79,0.013,0.061,1.979,0.872,0.418,0.333,0.823,0.405,27.79,0.011,0.051,1.64,1.072,0.342,0.317,0.783,0.405,27.79,0.01,0.047,1.504,1.103,0.332,2.94
485,Kobbie Mainoo,MID,6.1,England,ENG,1.118,1.118,1.0,10.69,0.01,0.013,1.944,0.79,0.454,0.83,1.08,0.768,10.69,0.007,0.009,1.318,1.099,0.333,0.457,1.088,0.42,10.69,0.007,0.01,1.455,1.11,0.33,0.269,1.077,0.25,10.69,0.006,0.008,1.269,1.171,0.31,0.271,1.085,0.25,10.69,0.007,0.009,1.4,1.119,0.327,2.94
923,Gonçalo Ramos,FWD,7.5,Portugal,POR,1.177,1.177,1.0,6.06,0.023,0.006,1.901,0.876,0.417,0.828,1.128,0.734,6.06,0.017,0.004,1.376,1.214,0.297,0.451,1.132,0.398,6.06,0.017,0.004,1.419,1.203,0.3,0.243,1.125,0.216,6.06,0.016,0.004,1.344,1.243,0.289,0.242,1.119,0.216,6.06,0.015,0.004,1.279,1.268,0.281,2.94
242,Mathieu Choinière,MID,5.3,Canada,CAN,1.597,1.597,1.0,30.78,0.041,0.089,1.472,0.922,0.398,0.917,1.37,0.669,30.78,0.026,0.055,0.912,1.642,0.194,0.276,1.359,0.203,30.78,0.025,0.054,0.884,1.995,0.136,0.069,1.353,0.051,30.78,0.024,0.053,0.869,1.885,0.152,0.069,1.34,0.051,30.78,0.024,0.051,0.838,1.893,0.151,2.93
1116,Jesper Karlström,MID,5.6,Sweden,SWE,2.339,2.339,1.0,72.68,0.02,0.015,0.737,2.223,0.108,0.424,2.426,0.175,72.68,0.024,0.019,0.915,1.966,0.14,0.112,2.4,0.047,72.68,0.024,0.018,0.898,2.125,0.119,0.026,2.355,0.011,72.68,0.021,0.016,0.789,2.221,0.109,0.026,2.424,0.011,72.68,0.025,0.019,0.926,2.007,0.134,2.93
670,Daizen Maeda,MID,5.0,Japan,JPN,1.846,1.846,1.0,56.08,0.088,0.049,1.051,1.743,0.175,0.609,1.928,0.316,56.08,0.097,0.053,1.154,1.54,0.214,0.249,1.921,0.129,56.08,0.096,0.053,1.145,1.365,0.255,0.102,1.781,0.057,56.08,0.082,0.045,0.97,1.714,0.18,0.109,1.892,0.057,56.08,0.093,0.051,1.109,1.578,0.206,2.92
806,Noa Lang,FWD,5.9,Netherlands,NED,1.153,1.153,1.0,6.74,0.018,0.008,1.328,1.016,0.362,0.741,1.23,0.602,6.74,0.028,0.012,2.003,0.84,0.432,0.534,1.151,0.464,6.74,0.018,0.008,1.316,1.437,0.238,0.247,1.149,0.215,6.74,0.018,0.008,1.294,1.376,0.253,0.246,1.141,0.215,6.74,0.017,0.007,1.227,1.407,0.245,2.92
807,Brian Brobbey,FWD,5.7,Netherlands,NED,1.152,1.152,1.0,8.23,0.02,0.005,1.328,1.016,0.362,0.74,1.229,0.602,8.23,0.03,0.007,2.003,0.84,0.432,0.534,1.151,0.464,8.23,0.02,0.005,1.316,1.437,0.238,0.247,1.148,0.215,8.23,0.019,0.005,1.294,1.376,0.253,0.246,1.141,0.215,8.23,0.018,0.005,1.227,1.407,0.245,2.92
1051,Édouard Mendy,GK,4.5,Senegal,SEN,1.717,3.596,0.477,90.0,0.0,0.0,1.136,1.204,0.3,0.775,3.383,0.229,90.0,0.0,0.0,1.101,1.282,0.277,0.258,2.604,0.099,90.0,0.0,0.0,0.892,1.603,0.201,0.086,2.847,0.03,90.0,0.0,0.0,0.958,1.496,0.224,0.085,2.826,0.03,90.0,0.0,0.0,0.924,1.505,0.222,2.92
928,Francisco Conceição,MID,5.7,Portugal,POR,1.168,1.168,1.0,9.01,0.016,0.014,1.901,0.876,0.417,0.824,1.122,0.734,9.01,0.011,0.01,1.376,1.214,0.297,0.448,1.125,0.398,9.01,0.012,0.011,1.419,1.203,0.3,0.242,1.119,0.216,9.01,0.011,0.01,1.344,1.243,0.289,0.241,1.113,0.216,9.01,0.011,0.01,1.279,1.268,0.281,2.92
27,Farès Chaïbi,MID,6.2,Algeria,ALG,2.091,3.13,0.668,71.04,0.048,0.128,0.883,2.002,0.135,0.562,3.267,0.172,71.04,0.053,0.141,0.973,1.747,0.174,0.173,3.222,0.054,71.04,0.052,0.138,0.951,1.884,0.152,0.048,3.163,0.015,71.04,0.05,0.132,0.909,1.97,0.14,0.047,3.126,0.015,71.04,0.048,0.127,0.876,1.974,0.139,2.92
2034,Haji Wright,FWD,5.3,USA,USA,1.121,1.121,1.0,2.06,0.017,0.001,2.132,0.864,0.422,0.849,1.091,0.778,2.06,0.013,0.001,1.596,1.033,0.356,0.537,1.063,0.505,2.06,0.009,0.001,1.115,1.551,0.212,0.208,1.069,0.195,2.06,0.01,0.001,1.218,1.459,0.232,0.207,1.064,0.195,2.06,0.009,0.001,1.126,1.506,0.222,2.92
1478,Luis Romo,MID,5.5,Mexico,MEX,1.126,1.126,1.0,9.85,0.011,0.012,2.163,0.735,0.479,0.886,1.082,0.819,9.85,0.007,0.008,1.42,1.0,0.368,0.524,1.059,0.495,9.85,0.005,0.006,1.021,1.535,0.216,0.185,1.052,0.176,9.85,0.005,0.005,0.889,1.613,0.199,0.187,1.06,0.176,9.85,0.005,0.006,1.025,1.482,0.227,2.91
926,Trincão,FWD,5.9,Portugal,POR,1.157,1.157,1.0,6.12,0.016,0.016,1.901,0.876,0.417,0.818,1.114,0.734,6.12,0.011,0.011,1.376,1.214,0.297,0.445,1.117,0.398,6.12,0.012,0.012,1.419,1.203,0.3,0.24,1.111,0.216,6.12,0.011,0.011,1.344,1.243,0.289,0.239,1.106,0.216,6.12,0.011,0.011,1.279,1.268,0.281,2.9
857,Andreas Schjelderup,FWD,6.2,Norway,NOR,1.15,1.15,1.0,7.54,0.016,0.012,1.893,0.927,0.396,0.819,1.115,0.735,7.54,0.012,0.01,1.452,1.346,0.26,0.429,1.117,0.384,7.54,0.013,0.01,1.481,1.153,0.316,0.25,1.099,0.227,7.54,0.011,0.008,1.255,1.416,0.243,0.251,1.105,0.227,7.54,0.011,0.009,1.331,1.365,0.255,2.9
724,Hwang Hee-Chan,FWD,6.1,Korea Republic,KOR,2.033,3.197,0.636,69.1,0.149,0.037,0.974,1.787,0.167,0.627,3.102,0.202,69.1,0.137,0.034,0.895,1.801,0.165,0.167,2.908,0.057,69.1,0.112,0.028,0.734,2.09,0.124,0.032,2.98,0.011,69.1,0.121,0.031,0.793,1.987,0.137,0.032,2.93,0.011,69.1,0.115,0.029,0.752,2.016,0.133,2.89
2023,Soufiane Rahimi,FWD,5.6,Morocco,MAR,1.494,1.494,1.0,14.65,0.066,0.013,1.016,1.328,0.265,0.677,1.701,0.398,14.65,0.093,0.019,1.447,0.825,0.438,0.408,1.481,0.275,14.65,0.064,0.013,0.989,1.44,0.237,0.15,1.468,0.102,14.65,0.062,0.012,0.962,1.373,0.253,0.149,1.451,0.102,14.65,0.06,0.012,0.928,1.376,0.253,2.88
178,Igor Thiago,FWD,5.9,Brazil,BRA,1.131,1.131,1.0,3.21,0.018,0.002,1.743,1.051,0.35,0.763,1.115,0.684,3.21,0.016,0.002,1.535,1.22,0.295,0.439,1.116,0.394,3.21,0.016,0.002,1.543,1.091,0.336,0.265,1.097,0.241,3.21,0.013,0.001,1.288,1.336,0.263,0.268,1.109,0.241,3.21,0.015,0.002,1.459,1.255,0.285,2.87
267,Juan Fernando Quintero,MID,5.6,Colombia,COL,1.203,1.203,1.0,6.63,0.014,0.03,1.737,0.822,0.44,0.829,1.145,0.724,6.63,0.01,0.021,1.239,1.128,0.324,0.437,1.136,0.384,6.63,0.01,0.02,1.157,1.267,0.282,0.2,1.139,0.175,6.63,0.01,0.02,1.183,1.216,0.296,0.199,1.135,0.175,6.63,0.009,0.02,1.152,1.25,0.286,2.87
1140,Fabian Rieder,MID,6.2,Switzerland,SUI,1.525,1.525,1.0,33.95,0.04,0.069,1.222,1.189,0.305,0.763,1.517,0.503,33.95,0.039,0.068,1.204,1.315,0.269,0.334,1.433,0.233,33.95,0.033,0.057,1.007,1.717,0.18,0.116,1.491,0.078,33.95,0.037,0.065,1.144,1.482,0.227,0.117,1.498,0.078,33.95,0.038,0.066,1.159,1.505,0.222,2.86
482,Jordan Henderson,MID,5.1,England,ENG,1.081,1.081,1.0,6.85,0.006,0.01,1.944,0.79,0.454,0.81,1.055,0.768,6.85,0.004,0.007,1.318,1.099,0.333,0.445,1.061,0.42,6.85,0.005,0.007,1.455,1.11,0.33,0.263,1.053,0.25,6.85,0.004,0.006,1.269,1.171,0.31,0.265,1.058,0.25,6.85,0.005,0.007,1.4,1.119,0.327,2.86
147,Edin Dzeko,FWD,6.1,Bosnia and Herzegovina,BIH,2.228,2.228,1.0,53.21,0.164,0.036,0.831,2.287,0.102,0.473,2.436,0.194,53.21,0.192,0.042,0.974,1.744,0.175,0.127,2.029,0.063,53.21,0.137,0.03,0.694,2.514,0.081,0.019,2.109,0.009,53.21,0.148,0.032,0.749,2.436,0.087,0.018,2.047,0.009,53.21,0.139,0.03,0.706,2.488,0.083,2.86
1265,Timothy Weah,MID,5.8,USA,USA,1.087,1.087,1.0,5.64,0.008,0.007,2.132,0.864,0.422,0.829,1.065,0.778,5.64,0.006,0.005,1.596,1.033,0.356,0.528,1.045,0.505,5.64,0.004,0.004,1.115,1.551,0.212,0.205,1.05,0.195,5.64,0.005,0.004,1.218,1.459,0.232,0.204,1.046,0.195,5.64,0.004,0.004,1.126,1.506,0.222,2.85
1231,Sebastián Cáceres,DEF,4.2,Uruguay,URU,1.493,3.818,0.391,72.82,0.02,0.018,1.293,1.215,0.297,0.771,3.679,0.21,72.82,0.019,0.017,1.183,1.258,0.284,0.322,3.273,0.098,72.82,0.017,0.016,1.095,1.41,0.244,0.132,3.139,0.042,72.82,0.017,0.015,1.06,1.463,0.232,0.13,3.084,0.042,72.82,0.016,0.014,1.007,1.481,0.227,2.85
415,Kevin Rodríguez,FWD,4.9,Ecuador,ECU,1.523,1.523,1.0,20.46,0.068,0.017,1.184,1.193,0.303,0.75,1.501,0.5,20.46,0.065,0.016,1.134,1.185,0.306,0.335,1.421,0.236,20.46,0.055,0.014,0.952,1.532,0.216,0.118,1.471,0.08,20.46,0.061,0.015,1.065,1.348,0.26,0.119,1.48,0.08,20.46,0.062,0.016,1.086,1.359,0.257,2.84
1054,Krépin Diatta,MID,6.1,Senegal,SEN,1.592,3.334,0.477,87.26,0.037,0.155,1.136,1.204,0.3,0.752,3.281,0.229,87.26,0.036,0.15,1.101,1.282,0.277,0.299,3.019,0.099,87.26,0.029,0.121,0.892,1.603,0.201,0.093,3.1,0.03,87.26,0.031,0.13,0.958,1.496,0.224,0.092,3.068,0.03,87.26,0.03,0.126,0.924,1.505,0.222,2.83
1712,Ivan Toney,FWD,7.5,England,ENG,1.065,1.065,1.0,1.01,0.009,0.002,1.944,0.79,0.454,0.802,1.044,0.768,1.01,0.006,0.001,1.318,1.099,0.333,0.44,1.049,0.42,1.01,0.006,0.001,1.455,1.11,0.33,0.261,1.043,0.25,1.01,0.006,0.001,1.269,1.171,0.31,0.262,1.047,0.25,1.01,0.006,0.001,1.4,1.119,0.327,2.83
46,Gerónimo Rulli,GK,4.5,Argentina,ARG,0.879,0.879,1.0,2.51,0.0,0.0,3.053,0.536,0.585,0.718,0.813,0.882,2.51,0.0,0.0,2.286,0.68,0.507,0.534,0.717,0.744,2.51,0.0,0.0,1.707,0.86,0.423,0.352,0.653,0.539,2.51,0.0,0.0,1.609,0.967,0.38,0.342,0.634,0.539,2.51,0.0,0.0,1.6,0.997,0.369,2.82
47,Juan Musso,GK,4.3,Argentina,ARG,0.879,0.879,1.0,0.01,0.0,0.0,3.053,0.536,0.585,0.718,0.813,0.882,0.01,0.0,0.0,2.286,0.68,0.507,0.534,0.717,0.744,0.01,0.0,0.0,1.707,0.86,0.423,0.352,0.653,0.539,0.01,0.0,0.0,1.609,0.967,0.38,0.342,0.634,0.539,0.01,0.0,0.0,1.6,0.997,0.369,2.82
519,Angelo Stiller,MID,5.8,Germany,GER,1.151,1.151,1.0,7.88,0.01,0.024,2.094,0.955,0.385,0.824,1.1,0.749,7.88,0.007,0.016,1.397,1.515,0.22,0.388,1.12,0.346,7.88,0.008,0.019,1.666,1.212,0.298,0.231,1.103,0.21,7.88,0.007,0.016,1.436,1.473,0.229,0.23,1.098,0.21,7.88,0.006,0.015,1.365,1.508,0.221,2.82
29,Marcos Senesi,DEF,4.7,Argentina,ARG,0.879,0.879,1.0,0.01,0.0,0.0,3.053,0.536,0.585,0.718,0.813,0.882,0.01,0.0,0.0,2.286,0.68,0.507,0.534,0.717,0.744,0.01,0.0,0.0,1.707,0.86,0.423,0.352,0.653,0.539,0.01,0.0,0.0,1.609,0.967,0.38,0.342,0.634,0.539,0.01,0.0,0.0,1.6,0.997,0.369,2.82
1157,Denis Zakaria,MID,6.1,Switzerland,SUI,1.5,1.5,1.0,53.54,0.053,0.026,1.222,1.189,0.305,0.75,1.493,0.503,53.54,0.052,0.025,1.204,1.315,0.269,0.329,1.412,0.233,53.54,0.044,0.021,1.007,1.717,0.18,0.115,1.468,0.078,53.54,0.05,0.024,1.144,1.482,0.227,0.115,1.474,0.078,53.54,0.051,0.024,1.159,1.505,0.222,2.81
85,David Alaba,DEF,4.6,Austria,AUT,1.868,2.196,0.851,74.67,0.024,0.074,0.907,2.094,0.123,0.615,2.919,0.211,74.67,0.027,0.084,1.029,1.744,0.175,0.208,3.061,0.068,74.67,0.029,0.09,1.113,1.698,0.183,0.062,2.577,0.024,74.67,0.026,0.081,0.995,1.91,0.148,0.06,2.495,0.024,74.67,0.025,0.077,0.945,1.939,0.144,2.81
669,Junya Ito,MID,5.0,Japan,JPN,1.781,1.781,1.0,27.64,0.062,0.097,1.051,1.743,0.175,0.587,1.857,0.316,27.64,0.068,0.107,1.154,1.54,0.214,0.24,1.851,0.129,27.64,0.067,0.106,1.145,1.365,0.255,0.099,1.721,0.057,27.64,0.057,0.09,0.97,1.714,0.18,0.105,1.824,0.057,27.64,0.065,0.102,1.109,1.578,0.206,2.81
817,Quinten Timber,MID,6.8,Netherlands,NED,1.11,1.11,1.0,11.12,0.008,0.015,1.328,1.016,0.362,0.702,1.165,0.602,11.12,0.012,0.022,2.003,0.84,0.432,0.514,1.109,0.464,11.12,0.008,0.015,1.316,1.437,0.238,0.238,1.107,0.215,11.12,0.008,0.014,1.294,1.376,0.253,0.237,1.101,0.215,11.12,0.008,0.014,1.227,1.407,0.245,2.8
271,Jorge Carrascal,MID,6.1,Colombia,COL,1.168,1.168,1.0,7.89,0.017,0.011,1.737,0.822,0.44,0.811,1.12,0.724,7.89,0.012,0.008,1.239,1.128,0.324,0.427,1.112,0.384,7.89,0.011,0.007,1.157,1.267,0.282,0.195,1.114,0.175,7.89,0.012,0.007,1.183,1.216,0.296,0.195,1.111,0.175,7.89,0.011,0.007,1.152,1.25,0.286,2.8
1032,Pape Gueye,MID,5.9,Senegal,SEN,1.576,3.301,0.477,76.96,0.1,0.045,1.136,1.204,0.3,0.745,3.249,0.229,76.96,0.096,0.044,1.101,1.282,0.277,0.296,2.991,0.099,76.96,0.078,0.035,0.892,1.603,0.201,0.092,3.07,0.03,76.96,0.084,0.038,0.958,1.496,0.224,0.091,3.039,0.03,76.96,0.081,0.037,0.924,1.505,0.222,2.8
96,Michael Gregoritsch,FWD,6.0,Austria,AUT,1.972,2.318,0.851,55.03,0.177,0.037,0.907,2.094,0.123,0.525,2.491,0.211,55.03,0.2,0.042,1.029,1.744,0.175,0.177,2.61,0.068,55.03,0.217,0.045,1.113,1.698,0.183,0.058,2.443,0.024,55.03,0.194,0.04,0.995,1.91,0.148,0.057,2.373,0.024,55.03,0.184,0.038,0.945,1.939,0.144,2.79
864,Kristian Thorstvedt,MID,6.2,Norway,NOR,1.101,1.101,1.0,7.81,0.01,0.008,1.893,0.927,0.396,0.792,1.078,0.735,7.81,0.007,0.006,1.452,1.346,0.26,0.415,1.079,0.384,7.81,0.008,0.006,1.481,1.153,0.316,0.242,1.067,0.227,7.81,0.006,0.005,1.255,1.416,0.243,0.243,1.071,0.227,7.81,0.007,0.006,1.331,1.365,0.255,2.79
1549,Hwang In-Beom,MID,5.8,Korea Republic,KOR,1.954,3.072,0.636,90.0,0.038,0.125,0.974,1.787,0.167,0.606,2.998,0.202,90.0,0.035,0.115,0.895,1.801,0.165,0.161,2.81,0.057,90.0,0.029,0.094,0.734,2.09,0.124,0.031,2.878,0.011,90.0,0.031,0.102,0.793,1.987,0.137,0.031,2.836,0.011,90.0,0.029,0.097,0.752,2.016,0.133,2.78
1087,Alejandro Grimaldo,DEF,4.9,Spain,ESP,0.993,0.993,1.0,14.06,0.014,0.045,2.237,0.83,0.436,0.664,0.843,0.787,14.06,0.01,0.034,1.696,0.976,0.377,0.503,0.938,0.536,14.06,0.012,0.04,1.979,0.872,0.418,0.314,0.775,0.405,14.06,0.01,0.033,1.64,1.072,0.342,0.299,0.739,0.405,14.06,0.009,0.031,1.504,1.103,0.332,2.77
246,Kevin Castaño,MID,4.3,Colombia,COL,1.148,1.148,1.0,19.16,0.015,0.011,1.737,0.822,0.44,0.801,1.106,0.724,19.16,0.01,0.008,1.239,1.128,0.324,0.422,1.099,0.384,19.16,0.01,0.007,1.157,1.267,0.282,0.193,1.101,0.175,19.16,0.01,0.007,1.183,1.216,0.296,0.193,1.098,0.175,19.16,0.01,0.007,1.152,1.25,0.286,2.76
179,Rayan,FWD,5.6,Brazil,BRA,1.081,1.081,1.0,3.21,0.011,0.002,1.743,1.051,0.35,0.733,1.071,0.684,3.21,0.01,0.002,1.535,1.22,0.295,0.422,1.072,0.394,3.21,0.01,0.002,1.543,1.091,0.336,0.256,1.06,0.241,3.21,0.008,0.001,1.288,1.336,0.263,0.258,1.068,0.241,3.21,0.009,0.001,1.459,1.255,0.285,2.75
737,Lee Jae-Sung,MID,6.2,Korea Republic,KOR,1.933,3.04,0.636,76.08,0.08,0.05,0.974,1.787,0.167,0.6,2.968,0.202,76.08,0.073,0.046,0.895,1.801,0.165,0.16,2.784,0.057,76.08,0.06,0.038,0.734,2.09,0.124,0.031,2.85,0.011,76.08,0.065,0.041,0.793,1.987,0.137,0.03,2.81,0.011,76.08,0.062,0.039,0.752,2.016,0.133,2.75
268,Jaminton Campaz,MID,5.5,Colombia,COL,1.138,1.138,1.0,5.0,0.01,0.019,1.737,0.822,0.44,0.795,1.098,0.724,5.0,0.007,0.013,1.239,1.128,0.324,0.42,1.092,0.384,5.0,0.007,0.013,1.157,1.267,0.282,0.192,1.094,0.175,5.0,0.007,0.013,1.183,1.216,0.296,0.191,1.091,0.175,5.0,0.007,0.012,1.152,1.25,0.286,2.74
1599,Nadiem Amiri,MID,6.3,Germany,GER,1.108,1.108,1.0,5.45,0.011,0.006,2.094,0.955,0.385,0.803,1.072,0.749,5.45,0.008,0.004,1.397,1.515,0.22,0.376,1.086,0.346,5.45,0.009,0.005,1.666,1.212,0.298,0.225,1.074,0.21,5.45,0.008,0.004,1.436,1.473,0.229,0.224,1.071,0.21,5.45,0.007,0.004,1.365,1.508,0.221,2.74
1224,Manuel Ugarte,MID,5.9,Uruguay,URU,1.398,3.575,0.391,78.6,0.112,0.083,1.293,1.215,0.297,0.724,3.456,0.21,78.6,0.103,0.076,1.183,1.258,0.284,0.328,3.331,0.098,78.6,0.095,0.07,1.095,1.41,0.244,0.138,3.284,0.042,78.6,0.092,0.068,1.06,1.463,0.232,0.136,3.228,0.042,78.6,0.088,0.065,1.007,1.481,0.227,2.72
1582,Zeki Amdouni,FWD,4.9,Switzerland,SUI,1.447,1.447,1.0,15.96,0.057,0.018,1.222,1.189,0.305,0.724,1.441,0.503,15.96,0.056,0.018,1.204,1.315,0.269,0.319,1.369,0.233,15.96,0.047,0.015,1.007,1.717,0.18,0.111,1.419,0.078,15.96,0.053,0.017,1.144,1.482,0.227,0.111,1.425,0.078,15.96,0.054,0.017,1.159,1.505,0.222,2.71
754,Armando González,FWD,4.4,Mexico,MEX,1.019,1.019,1.0,0.3,0.003,0.0,2.163,0.735,0.479,0.829,1.013,0.819,0.3,0.002,0.0,1.42,1.0,0.368,0.499,1.009,0.495,0.3,0.001,0.0,1.021,1.535,0.216,0.177,1.008,0.176,0.3,0.001,0.0,0.889,1.613,0.199,0.178,1.009,0.176,0.3,0.001,0.0,1.025,1.482,0.227,2.7
753,Guillermo Martínez,FWD,4.7,Mexico,MEX,1.012,1.012,1.0,0.3,0.002,0.0,2.163,0.735,0.479,0.826,1.008,0.819,0.3,0.001,0.0,1.42,1.0,0.368,0.498,1.006,0.495,0.3,0.001,0.0,1.021,1.535,0.216,0.177,1.005,0.176,0.3,0.001,0.0,0.889,1.613,0.199,0.177,1.006,0.176,0.3,0.001,0.0,1.025,1.482,0.227,2.69
738,Obed Vargas,MID,4.7,Mexico,MEX,1.005,1.005,1.0,0.3,0.001,0.0,2.163,0.735,0.479,0.822,1.003,0.819,0.3,0.0,0.0,1.42,1.0,0.368,0.496,1.002,0.495,0.3,0.0,0.0,1.021,1.535,0.216,0.176,1.002,0.176,0.3,0.0,0.0,0.889,1.613,0.199,0.176,1.002,0.176,0.3,0.0,0.0,1.025,1.482,0.227,2.68
2039,Mats Wieffer,MID,4.8,Netherlands,NED,1.064,1.064,1.0,6.7,0.006,0.007,1.328,1.016,0.362,0.661,1.097,0.602,6.7,0.008,0.01,2.003,0.84,0.432,0.493,1.064,0.464,6.7,0.005,0.007,1.316,1.437,0.238,0.229,1.062,0.215,6.7,0.005,0.007,1.294,1.376,0.253,0.228,1.059,0.215,6.7,0.005,0.006,1.227,1.407,0.245,2.68
862,Jens Petter Hauge,MID,5.9,Norway,NOR,1.04,1.04,1.0,2.71,0.004,0.003,1.893,0.927,0.396,0.757,1.031,0.735,2.71,0.003,0.002,1.452,1.346,0.26,0.396,1.031,0.384,2.71,0.003,0.002,1.481,1.153,0.316,0.233,1.026,0.227,2.71,0.003,0.002,1.255,1.416,0.243,0.233,1.028,0.227,2.71,0.003,0.002,1.331,1.365,0.255,2.66
1245,Fernando Muslera,GK,4.1,Uruguay,URU,1.394,3.566,0.391,85.4,0.0,0.0,1.293,1.215,0.297,0.722,3.447,0.21,85.4,0.0,0.0,1.183,1.258,0.284,0.3,3.055,0.098,85.4,0.0,0.0,1.095,1.41,0.244,0.123,2.927,0.042,85.4,0.0,0.0,1.06,1.463,0.232,0.121,2.883,0.042,85.4,0.0,0.0,1.007,1.481,0.227,2.66
612,Saman Ghoddos,FWD,4.9,IR Iran,IRN,1.958,3.584,0.546,72.86,0.147,0.125,0.854,1.778,0.169,0.535,3.397,0.158,72.86,0.129,0.109,0.749,2.13,0.119,0.109,3.354,0.032,72.86,0.125,0.106,0.725,2.07,0.126,0.022,3.377,0.006,72.86,0.127,0.108,0.738,2.143,0.117,0.021,3.323,0.006,72.86,0.122,0.103,0.708,2.141,0.118,2.64
858,Jørgen Strand Larsen,FWD,5.6,Norway,NOR,1.03,1.03,1.0,3.91,0.003,0.003,1.893,0.927,0.396,0.752,1.023,0.735,3.91,0.002,0.002,1.452,1.346,0.26,0.393,1.023,0.384,3.91,0.002,0.002,1.481,1.153,0.316,0.231,1.02,0.227,3.91,0.002,0.002,1.255,1.416,0.243,0.232,1.021,0.227,3.91,0.002,0.002,1.331,1.365,0.255,2.64
2073,Éderson,MID,6.3,Brazil,BRA,1.032,1.032,1.0,4.01,0.003,0.003,1.743,1.051,0.35,0.704,1.029,0.684,4.01,0.003,0.002,1.535,1.22,0.295,0.405,1.029,0.394,4.01,0.003,0.002,1.543,1.091,0.336,0.247,1.024,0.241,4.01,0.002,0.002,1.288,1.336,0.263,0.248,1.027,0.241,4.01,0.003,0.002,1.459,1.255,0.285,2.64
1396,Cucho Hernández,FWD,6.3,Colombia,COL,1.083,1.083,1.0,2.47,0.011,0.002,1.737,0.822,0.44,0.767,1.06,0.724,2.47,0.008,0.002,1.239,1.128,0.324,0.406,1.056,0.384,2.47,0.007,0.002,1.157,1.267,0.282,0.185,1.057,0.175,2.47,0.007,0.002,1.183,1.216,0.296,0.185,1.055,0.175,2.47,0.007,0.002,1.152,1.25,0.286,2.63
1223,Maxi Araújo,MID,6.4,Uruguay,URU,1.349,3.451,0.391,76.87,0.091,0.092,1.293,1.215,0.297,0.7,3.342,0.21,76.87,0.083,0.084,1.183,1.258,0.284,0.317,3.226,0.098,76.87,0.077,0.078,1.095,1.41,0.244,0.134,3.182,0.042,76.87,0.074,0.076,1.06,1.463,0.232,0.132,3.131,0.042,76.87,0.071,0.072,1.007,1.481,0.227,2.63
814,Teun Koopmeiners,MID,6.2,Netherlands,NED,1.042,1.042,1.0,4.45,0.002,0.009,1.328,1.016,0.362,0.641,1.064,0.602,4.45,0.003,0.013,2.003,0.84,0.432,0.483,1.042,0.464,4.45,0.002,0.009,1.316,1.437,0.238,0.224,1.041,0.215,4.45,0.002,0.008,1.294,1.376,0.253,0.224,1.039,0.215,4.45,0.002,0.008,1.227,1.407,0.245,2.61
90,Stefan Posch,DEF,4.3,Austria,AUT,1.727,2.029,0.851,73.08,0.027,0.032,0.907,2.094,0.123,0.576,2.735,0.211,73.08,0.031,0.036,1.029,1.744,0.175,0.194,2.863,0.068,73.08,0.033,0.039,1.113,1.698,0.183,0.057,2.397,0.024,73.08,0.03,0.035,0.995,1.91,0.148,0.055,2.323,0.024,73.08,0.028,0.033,0.945,1.939,0.144,2.61
186,Fabinho,MID,5.2,Brazil,BRA,1.023,1.023,1.0,3.21,0.002,0.003,1.743,1.051,0.35,0.698,1.02,0.684,3.21,0.001,0.003,1.535,1.22,0.295,0.402,1.02,0.394,3.21,0.001,0.003,1.543,1.091,0.336,0.245,1.017,0.241,3.21,0.001,0.002,1.288,1.336,0.263,0.246,1.019,0.241,3.21,0.001,0.003,1.459,1.255,0.285,2.61
240,Niko Sigur,MID,4.9,Canada,CAN,1.387,1.387,1.0,26.62,0.036,0.034,1.472,0.922,0.398,0.83,1.24,0.669,26.62,0.022,0.021,0.912,1.642,0.194,0.25,1.233,0.203,26.62,0.021,0.021,0.884,1.995,0.136,0.063,1.229,0.051,26.62,0.021,0.02,0.869,1.885,0.152,0.063,1.221,0.051,26.62,0.02,0.019,0.838,1.893,0.151,2.59
915,Samú Costa,MID,5.6,Portugal,POR,1.006,1.006,1.0,0.29,0.001,0.0,1.901,0.876,0.417,0.737,1.004,0.734,0.29,0.0,0.0,1.376,1.214,0.297,0.4,1.004,0.398,0.29,0.0,0.0,1.419,1.203,0.3,0.217,1.004,0.216,0.29,0.0,0.0,1.344,1.243,0.289,0.217,1.004,0.216,0.29,0.0,0.0,1.279,1.268,0.281,2.58
935,Matheus Nunes,MID,6.1,Portugal,POR,1.009,1.009,1.0,0.76,0.001,0.001,1.901,0.876,0.417,0.739,1.006,0.734,0.76,0.0,0.001,1.376,1.214,0.297,0.401,1.007,0.398,0.76,0.001,0.001,1.419,1.203,0.3,0.218,1.006,0.216,0.76,0.0,0.001,1.344,1.243,0.289,0.218,1.006,0.216,0.76,0.0,0.001,1.279,1.268,0.281,2.58
1042,Iliman Ndiaye,FWD,6.5,Senegal,SEN,1.431,2.996,0.477,77.98,0.103,0.06,1.136,1.204,0.3,0.68,2.966,0.229,77.98,0.1,0.058,1.101,1.282,0.277,0.276,2.786,0.099,77.98,0.081,0.047,0.892,1.603,0.201,0.086,2.843,0.03,77.98,0.087,0.051,0.958,1.496,0.224,0.085,2.814,0.03,77.98,0.084,0.049,0.924,1.505,0.222,2.56
2072,Assan Ouédraogo,MID,4.5,Germany,GER,1.022,1.022,1.0,0.61,0.002,0.002,2.094,0.955,0.385,0.76,1.014,0.749,0.61,0.001,0.001,1.397,1.515,0.22,0.352,1.017,0.346,0.61,0.002,0.001,1.666,1.212,0.298,0.213,1.015,0.21,0.61,0.001,0.001,1.436,1.473,0.229,0.213,1.014,0.21,0.61,0.001,0.001,1.365,1.508,0.221,2.56
1385,Juan Portilla,MID,4.7,Colombia,COL,1.05,1.05,1.0,6.26,0.005,0.004,1.737,0.822,0.44,0.75,1.036,0.724,6.26,0.003,0.003,1.239,1.128,0.324,0.397,1.034,0.384,6.26,0.003,0.003,1.157,1.267,0.282,0.181,1.034,0.175,6.26,0.003,0.003,1.183,1.216,0.296,0.181,1.033,0.175,6.26,0.003,0.003,1.152,1.25,0.286,2.56
1218,Juan Manuel Sanabria,MID,4.5,Uruguay,URU,1.296,3.315,0.391,72.14,0.07,0.097,1.293,1.215,0.297,0.674,3.218,0.21,72.14,0.064,0.088,1.183,1.258,0.284,0.306,3.11,0.098,72.14,0.059,0.082,1.095,1.41,0.244,0.129,3.07,0.042,72.14,0.058,0.079,1.06,1.463,0.232,0.127,3.025,0.042,72.14,0.055,0.075,1.007,1.481,0.227,2.53
86,Philipp Lienhart,DEF,4.3,Austria,AUT,1.674,1.967,0.851,81.29,0.03,0.014,0.907,2.094,0.123,0.562,2.666,0.211,81.29,0.034,0.015,1.029,1.744,0.175,0.189,2.789,0.068,81.29,0.036,0.017,1.113,1.698,0.183,0.056,2.33,0.024,81.29,0.032,0.015,0.995,1.91,0.148,0.054,2.259,0.024,81.29,0.031,0.014,0.945,1.939,0.144,2.53
2038,Guus Til,MID,4.9,Netherlands,NED,1.011,1.011,1.0,0.51,0.001,0.0,1.328,1.016,0.362,0.612,1.017,0.602,0.51,0.002,0.001,2.003,0.84,0.432,0.469,1.011,0.464,0.51,0.001,0.0,1.316,1.437,0.238,0.218,1.011,0.215,0.51,0.001,0.0,1.294,1.376,0.253,0.218,1.01,0.215,0.51,0.001,0.0,1.227,1.407,0.245,2.53
1056,Habib Diarra,MID,6.2,Senegal,SEN,1.401,2.934,0.477,66.9,0.045,0.057,1.136,1.204,0.3,0.663,2.892,0.229,66.9,0.043,0.055,1.101,1.282,0.277,0.268,2.701,0.099,66.9,0.035,0.045,0.892,1.603,0.201,0.083,2.76,0.03,66.9,0.038,0.048,0.958,1.496,0.224,0.082,2.739,0.03,66.9,0.036,0.046,0.924,1.505,0.222,2.5
206,Ryan Mendes,FWD,4.9,Cabo Verde,CPV,2.179,3.355,0.649,74.24,0.15,0.07,0.497,3.066,0.047,0.249,4.031,0.062,74.24,0.229,0.106,0.756,1.932,0.145,0.054,3.627,0.015,74.24,0.182,0.084,0.6,2.31,0.099,0.007,3.615,0.002,74.24,0.18,0.084,0.596,2.516,0.081,0.007,3.617,0.002,74.24,0.18,0.084,0.596,2.441,0.087,2.5
498,Lucas Digne,DEF,5.0,France,FRA,0.947,0.947,1.0,15.54,0.006,0.03,2.167,0.711,0.491,0.583,0.706,0.825,15.54,0.005,0.024,1.733,1.07,0.343,0.446,0.813,0.548,15.54,0.005,0.024,1.726,0.899,0.407,0.262,0.674,0.389,15.54,0.004,0.021,1.467,1.091,0.336,0.262,0.674,0.389,15.54,0.004,0.02,1.464,1.091,0.336,2.5
308,Nicolas Pépé,FWD,5.9,Côte d'Ivoire,CIV,1.812,1.812,1.0,58.1,0.072,0.103,0.879,1.952,0.142,0.458,1.865,0.245,58.1,0.077,0.11,0.938,1.84,0.159,0.127,1.875,0.068,58.1,0.078,0.111,0.948,1.558,0.21,0.04,1.744,0.023,58.1,0.066,0.095,0.806,1.93,0.145,0.043,1.862,0.023,58.1,0.077,0.11,0.934,1.78,0.169,2.48
261,Andrés Gómez,FWD,4.9,Colombia,COL,1.01,1.01,1.0,0.45,0.001,0.001,1.737,0.822,0.44,0.729,1.007,0.724,0.45,0.001,0.001,1.239,1.128,0.324,0.387,1.007,0.384,0.45,0.001,0.001,1.157,1.267,0.282,0.177,1.007,0.175,0.45,0.001,0.001,1.183,1.216,0.296,0.177,1.007,0.175,0.45,0.001,0.001,1.152,1.25,0.286,2.48
266,Gustavo Puerta,MID,5.3,Colombia,COL,1.003,1.003,1.0,0.14,0.0,0.0,1.737,0.822,0.44,0.726,1.002,0.724,0.14,0.0,0.0,1.239,1.128,0.324,0.385,1.002,0.384,0.14,0.0,0.0,1.157,1.267,0.282,0.176,1.002,0.175,0.14,0.0,0.0,1.183,1.216,0.296,0.176,1.002,0.175,0.14,0.0,0.0,1.152,1.25,0.286,2.47
24,Hicham Boudaoui,MID,5.5,Algeria,ALG,1.753,2.624,0.668,83.52,0.034,0.044,0.883,2.002,0.135,0.467,2.712,0.172,83.52,0.038,0.049,0.973,1.747,0.174,0.144,2.678,0.054,83.52,0.037,0.048,0.951,1.884,0.152,0.04,2.643,0.015,83.52,0.035,0.046,0.909,1.97,0.14,0.039,2.624,0.015,83.52,0.034,0.044,0.876,1.974,0.139,2.44
671,Keito Nakamura,MID,5.5,Japan,JPN,1.552,1.552,1.0,52.8,0.051,0.049,1.051,1.743,0.175,0.507,1.606,0.316,52.8,0.056,0.054,1.154,1.54,0.214,0.207,1.601,0.129,52.8,0.055,0.054,1.145,1.365,0.255,0.087,1.509,0.057,52.8,0.047,0.045,0.97,1.714,0.18,0.091,1.582,0.057,52.8,0.054,0.052,1.109,1.578,0.206,2.44
238,Ali Ahmed,MID,4.9,Canada,CAN,1.291,1.291,1.0,16.49,0.027,0.025,1.472,0.922,0.398,0.79,1.18,0.669,16.49,0.017,0.015,0.912,1.642,0.194,0.239,1.175,0.203,16.49,0.016,0.015,0.884,1.995,0.136,0.06,1.172,0.051,16.49,0.016,0.014,0.869,1.885,0.152,0.06,1.166,0.051,16.49,0.016,0.014,0.838,1.893,0.151,2.44
317,Yahia Fofana,GK,4.2,Côte d'Ivoire,CIV,1.687,1.687,1.0,85.54,0.0,0.0,0.879,1.952,0.142,0.46,1.875,0.245,85.54,0.0,0.0,0.938,1.84,0.159,0.162,2.389,0.068,85.54,0.0,0.0,0.948,1.558,0.21,0.04,1.723,0.023,85.54,0.0,0.0,0.806,1.93,0.145,0.046,1.978,0.023,85.54,0.0,0.0,0.934,1.78,0.169,2.4
673,Koki Ogawa,FWD,4.9,Japan,JPN,1.521,1.521,1.0,21.89,0.065,0.024,1.051,1.743,0.175,0.497,1.572,0.316,21.89,0.071,0.026,1.154,1.54,0.214,0.203,1.567,0.129,21.89,0.071,0.026,1.145,1.365,0.255,0.085,1.481,0.057,21.89,0.06,0.022,0.97,1.714,0.18,0.089,1.549,0.057,21.89,0.068,0.025,1.109,1.578,0.206,2.39
127,Dodi Lukébakio,FWD,5.9,Belgium,BEL,1.304,1.46,0.893,15.23,0.058,0.019,1.475,1.15,0.317,0.702,1.319,0.532,15.23,0.04,0.013,1.019,1.849,0.157,0.22,1.347,0.163,15.23,0.044,0.014,1.108,1.573,0.207,0.084,1.347,0.062,15.23,0.044,0.014,1.111,1.654,0.191,0.084,1.343,0.062,15.23,0.043,0.014,1.096,1.681,0.186,2.39
495,Ibrahima Konaté,DEF,4.9,France,FRA,0.898,0.898,1.0,18.02,0.009,0.006,2.167,0.711,0.491,0.55,0.667,0.825,18.02,0.007,0.005,1.733,1.07,0.343,0.424,0.774,0.548,18.02,0.007,0.005,1.726,0.899,0.407,0.249,0.641,0.389,18.02,0.006,0.004,1.467,1.091,0.336,0.249,0.641,0.389,18.02,0.006,0.004,1.464,1.091,0.336,2.37
135,Nicolas Raskin,MID,5.3,Belgium,BEL,1.283,1.436,0.893,29.55,0.042,0.034,1.475,1.15,0.317,0.693,1.302,0.532,29.55,0.029,0.023,1.019,1.849,0.157,0.217,1.328,0.163,29.55,0.032,0.025,1.108,1.573,0.207,0.083,1.329,0.062,29.55,0.032,0.026,1.111,1.654,0.191,0.083,1.325,0.062,29.55,0.031,0.025,1.096,1.681,0.186,2.36
461,Marc Guéhi,DEF,5.1,England,ENG,1.048,1.048,1.0,36.02,0.025,0.04,1.944,0.79,0.454,0.588,0.766,0.768,36.02,0.017,0.027,1.318,1.099,0.333,0.327,0.779,0.42,36.02,0.018,0.03,1.455,1.11,0.33,0.177,0.709,0.25,36.02,0.016,0.026,1.269,1.171,0.31,0.191,0.765,0.25,36.02,0.018,0.029,1.4,1.119,0.327,2.33
83,Ajdin Hrustic,MID,5.7,Australia,AUS,1.543,1.543,1.0,17.8,0.057,0.029,1.189,1.328,0.265,0.601,1.306,0.46,17.8,0.032,0.016,0.668,2.233,0.107,0.108,1.409,0.076,17.8,0.043,0.022,0.894,1.621,0.198,0.032,1.39,0.023,17.8,0.041,0.021,0.854,1.852,0.157,0.032,1.402,0.023,17.8,0.042,0.022,0.878,1.841,0.159,2.32
2018,Sofyan Amrabat,MID,5.9,Morocco,MAR,1.218,1.218,1.0,51.57,0.023,0.012,1.016,1.328,0.265,0.521,1.31,0.398,51.57,0.032,0.017,1.447,0.825,0.438,0.334,1.212,0.275,51.57,0.022,0.012,0.989,1.44,0.237,0.124,1.206,0.102,51.57,0.022,0.011,0.962,1.373,0.253,0.123,1.199,0.102,51.57,0.021,0.011,0.928,1.376,0.253,2.32
2064,Rodrigo Bentancur,MID,6.0,Uruguay,URU,1.184,3.028,0.391,70.12,0.065,0.045,1.293,1.215,0.297,0.619,2.954,0.21,70.12,0.059,0.041,1.183,1.258,0.284,0.282,2.865,0.098,70.12,0.055,0.038,1.095,1.41,0.244,0.119,2.833,0.042,70.12,0.053,0.037,1.06,1.463,0.232,0.118,2.799,0.042,70.12,0.05,0.035,1.007,1.481,0.227,2.32
243,Jonathan Osorio,MID,5.6,Canada,CAN,1.218,1.218,1.0,18.89,0.023,0.011,1.472,0.922,0.398,0.759,1.135,0.669,18.89,0.014,0.007,0.912,1.642,0.194,0.23,1.131,0.203,18.89,0.014,0.007,0.884,1.995,0.136,0.058,1.129,0.051,18.89,0.014,0.006,0.869,1.885,0.152,0.058,1.124,0.051,18.89,0.013,0.006,0.838,1.893,0.151,2.32
525,Nathaniel Brown,DEF,4.7,Germany,GER,1.229,1.229,1.0,57.57,0.055,0.062,2.094,0.955,0.385,0.483,0.645,0.749,57.57,0.036,0.042,1.397,1.515,0.22,0.327,0.944,0.346,57.57,0.043,0.05,1.666,1.212,0.298,0.144,0.688,0.21,57.57,0.037,0.043,1.436,1.473,0.229,0.135,0.642,0.21,57.57,0.036,0.041,1.365,1.508,0.221,2.32
629,Mehdi Ghayedi,MID,5.9,IR Iran,IRN,1.7,3.112,0.546,64.54,0.054,0.107,0.854,1.778,0.169,0.465,2.949,0.158,64.54,0.048,0.094,0.749,2.13,0.119,0.095,2.93,0.032,64.54,0.046,0.091,0.725,2.07,0.126,0.019,2.935,0.006,64.54,0.047,0.092,0.738,2.143,0.117,0.019,2.903,0.006,64.54,0.045,0.089,0.708,2.141,0.118,2.3
499,Malo Gusto,DEF,5.1,France,FRA,0.871,0.871,1.0,7.83,0.005,0.009,2.167,0.711,0.491,0.532,0.645,0.825,7.83,0.004,0.007,1.733,1.07,0.343,0.413,0.752,0.548,7.83,0.004,0.007,1.726,0.899,0.407,0.242,0.623,0.389,7.83,0.004,0.006,1.467,1.091,0.336,0.242,0.622,0.389,7.83,0.003,0.006,1.464,1.091,0.336,2.3
715,Kim Min-Jae,DEF,5.0,Korea Republic,KOR,1.626,2.557,0.636,90.0,0.023,0.031,0.974,1.787,0.167,0.506,2.502,0.202,90.0,0.021,0.028,0.895,1.801,0.165,0.11,1.913,0.057,90.0,0.017,0.023,0.734,2.09,0.124,0.023,2.116,0.011,90.0,0.019,0.025,0.793,1.987,0.137,0.022,2.048,0.011,90.0,0.018,0.024,0.752,2.016,0.133,2.29
716,Seol Young-Woo,DEF,4.2,Korea Republic,KOR,1.631,2.564,0.636,82.87,0.024,0.03,0.974,1.787,0.167,0.507,2.509,0.202,82.87,0.022,0.028,0.895,1.801,0.165,0.11,1.918,0.057,82.87,0.018,0.023,0.734,2.09,0.124,0.023,2.122,0.011,82.87,0.02,0.025,0.793,1.987,0.137,0.022,2.054,0.011,82.87,0.019,0.023,0.752,2.016,0.133,2.29
1970,Promise David,FWD,5.4,Canada,CAN,1.191,1.191,1.0,6.84,0.026,0.004,1.472,0.922,0.398,0.748,1.119,0.669,6.84,0.016,0.003,0.912,1.642,0.194,0.226,1.115,0.203,6.84,0.015,0.002,0.884,1.995,0.136,0.057,1.113,0.051,6.84,0.015,0.002,0.869,1.885,0.152,0.057,1.109,0.051,6.84,0.015,0.002,0.838,1.893,0.151,2.28
140,Amar Dedic,DEF,4.3,Bosnia and Herzegovina,BIH,1.636,1.636,1.0,82.32,0.014,0.04,0.831,2.287,0.102,0.517,2.664,0.194,82.32,0.017,0.047,0.974,1.744,0.175,0.078,1.237,0.063,82.32,0.012,0.034,0.694,2.514,0.081,0.012,1.374,0.009,82.32,0.013,0.036,0.749,2.436,0.087,0.011,1.279,0.009,82.32,0.012,0.034,0.706,2.488,0.083,2.25
241,Nathan Saliba,MID,5.1,Canada,CAN,1.17,1.17,1.0,16.69,0.018,0.009,1.472,0.922,0.398,0.74,1.106,0.669,16.69,0.011,0.006,0.912,1.642,0.194,0.224,1.102,0.203,16.69,0.011,0.005,0.884,1.995,0.136,0.056,1.101,0.051,16.69,0.011,0.005,0.869,1.885,0.152,0.056,1.097,0.051,16.69,0.01,0.005,0.838,1.893,0.151,2.25
1524,Hans Vanaken,MID,5.5,Belgium,BEL,1.217,1.363,0.893,23.53,0.039,0.017,1.475,1.15,0.317,0.666,1.251,0.532,23.53,0.027,0.012,1.019,1.849,0.157,0.208,1.273,0.163,23.53,0.029,0.013,1.108,1.573,0.207,0.079,1.274,0.062,23.53,0.029,0.013,1.111,1.654,0.191,0.079,1.27,0.062,23.53,0.029,0.013,1.096,1.681,0.186,2.25
1133,Johan Manzambi,MID,5.6,Switzerland,SUI,1.184,1.184,1.0,10.34,0.019,0.011,1.222,1.189,0.305,0.594,1.182,0.503,10.34,0.019,0.011,1.204,1.315,0.269,0.268,1.152,0.233,10.34,0.016,0.009,1.007,1.717,0.18,0.092,1.173,0.078,10.34,0.018,0.01,1.144,1.482,0.227,0.092,1.175,0.078,10.34,0.018,0.01,1.159,1.505,0.222,2.23
70,Nishan Velupillay,FWD,4.4,Australia,AUS,1.476,1.476,1.0,12.82,0.061,0.019,1.189,1.328,0.265,0.584,1.268,0.46,12.82,0.034,0.01,0.668,2.233,0.107,0.104,1.359,0.076,12.82,0.046,0.014,0.894,1.621,0.198,0.031,1.343,0.023,12.82,0.043,0.013,0.854,1.852,0.157,0.031,1.353,0.023,12.82,0.045,0.014,0.878,1.841,0.159,2.23
1947,Nilson Angulo,MID,6.0,Ecuador,ECU,1.182,1.182,1.0,9.4,0.017,0.017,1.184,1.193,0.303,0.587,1.174,0.5,9.4,0.016,0.016,1.134,1.185,0.306,0.27,1.146,0.236,9.4,0.013,0.013,0.952,1.532,0.216,0.093,1.164,0.08,9.4,0.015,0.015,1.065,1.348,0.26,0.094,1.167,0.08,9.4,0.015,0.015,1.086,1.359,0.257,2.23
142,Nikola Katic,DEF,3.8,Bosnia and Herzegovina,BIH,1.6,1.6,1.0,83.72,0.018,0.025,0.831,2.287,0.102,0.509,2.623,0.194,83.72,0.021,0.029,0.974,1.744,0.175,0.076,1.205,0.063,83.72,0.015,0.021,0.694,2.514,0.081,0.012,1.34,0.009,83.72,0.016,0.022,0.749,2.436,0.087,0.011,1.247,0.009,83.72,0.015,0.021,0.706,2.488,0.083,2.21
1156,Djibril Sow,MID,6.1,Switzerland,SUI,1.173,1.173,1.0,10.87,0.017,0.012,1.222,1.189,0.305,0.588,1.17,0.503,10.87,0.017,0.012,1.204,1.315,0.269,0.266,1.143,0.233,10.87,0.014,0.01,1.007,1.717,0.18,0.091,1.162,0.078,10.87,0.016,0.011,1.144,1.482,0.227,0.091,1.164,0.078,10.87,0.016,0.011,1.159,1.505,0.222,2.21
626,Saeid Ezatolahi,MID,5.6,IR Iran,IRN,1.626,2.977,0.546,79.64,0.067,0.058,0.854,1.778,0.169,0.446,2.829,0.158,79.64,0.059,0.051,0.749,2.13,0.119,0.091,2.814,0.032,79.64,0.057,0.049,0.725,2.07,0.126,0.018,2.817,0.006,79.64,0.058,0.05,0.738,2.143,0.117,0.018,2.79,0.006,79.64,0.055,0.048,0.708,2.141,0.118,2.2
521,David Raum,DEF,4.9,Germany,GER,1.173,1.173,1.0,31.88,0.024,0.1,2.094,0.955,0.385,0.455,0.608,0.749,31.88,0.016,0.067,1.397,1.515,0.22,0.311,0.899,0.346,31.88,0.019,0.08,1.666,1.212,0.298,0.136,0.65,0.21,31.88,0.016,0.069,1.436,1.473,0.229,0.127,0.605,0.21,31.88,0.015,0.065,1.365,1.508,0.221,2.2
627,Mohammad Mohebi,MID,5.9,IR Iran,IRN,1.623,2.97,0.546,78.99,0.066,0.057,0.854,1.778,0.169,0.445,2.823,0.158,78.99,0.058,0.05,0.749,2.13,0.119,0.091,2.809,0.032,78.99,0.056,0.049,0.725,2.07,0.126,0.018,2.812,0.006,78.99,0.057,0.049,0.738,2.143,0.117,0.018,2.784,0.006,78.99,0.055,0.047,0.708,2.141,0.118,2.19
496,Lucas Hernández,DEF,5.2,France,FRA,0.826,0.826,1.0,4.47,0.002,0.004,2.167,0.711,0.491,0.503,0.61,0.825,4.47,0.001,0.003,1.733,1.07,0.343,0.393,0.717,0.548,4.47,0.001,0.003,1.726,0.899,0.407,0.23,0.593,0.389,4.47,0.001,0.003,1.467,1.091,0.336,0.23,0.593,0.389,4.47,0.001,0.003,1.464,1.091,0.336,2.18
1707,Iqraam Rayners,MID,5.3,South Africa,RSA,1.596,1.596,1.0,58.29,0.056,0.05,0.922,1.472,0.23,0.476,1.438,0.331,58.29,0.041,0.037,0.676,2.065,0.127,0.082,1.423,0.058,58.29,0.04,0.035,0.653,2.426,0.088,0.012,1.418,0.008,58.29,0.039,0.035,0.646,2.313,0.099,0.012,1.404,0.008,58.29,0.038,0.034,0.625,2.358,0.095,2.18
2,Ramy Bensebaini,DEF,4.4,Algeria,ALG,1.483,2.221,0.668,90.0,0.033,0.028,0.883,2.002,0.135,0.473,2.747,0.172,90.0,0.036,0.03,0.973,1.747,0.174,0.133,2.469,0.054,90.0,0.035,0.03,0.951,1.884,0.152,0.034,2.291,0.015,90.0,0.034,0.028,0.909,1.97,0.14,0.034,2.268,0.015,90.0,0.032,0.027,0.876,1.974,0.139,2.16
98,Alexander Schlager,GK,4.6,Austria,AUT,1.399,1.644,0.851,83.42,0.0,0.0,0.907,2.094,0.123,0.486,2.305,0.211,83.42,0.0,0.0,1.029,1.744,0.175,0.163,2.401,0.068,83.42,0.0,0.0,1.113,1.698,0.183,0.047,1.978,0.024,83.42,0.0,0.0,0.995,1.91,0.148,0.046,1.924,0.024,83.42,0.0,0.0,0.945,1.939,0.144,2.14
1122,Gustaf Lagerbielke,DEF,3.7,Sweden,SWE,1.64,1.64,1.0,75.64,0.016,0.016,0.737,2.223,0.108,0.373,2.136,0.175,75.64,0.02,0.02,0.915,1.966,0.14,0.087,1.85,0.047,75.64,0.019,0.019,0.898,2.125,0.119,0.018,1.659,0.011,75.64,0.017,0.017,0.789,2.221,0.109,0.023,2.066,0.011,75.64,0.02,0.02,0.926,2.007,0.134,2.14
1121,Victor Lindelöf,DEF,4.0,Sweden,SWE,1.635,1.635,1.0,73.63,0.01,0.026,0.737,2.223,0.108,0.372,2.129,0.175,73.63,0.012,0.032,0.915,1.966,0.14,0.086,1.844,0.047,73.63,0.012,0.031,0.898,2.125,0.119,0.018,1.653,0.011,73.63,0.011,0.027,0.789,2.221,0.109,0.022,2.059,0.011,73.63,0.012,0.032,0.926,2.007,0.134,2.13
1518,Isak Hien,DEF,4.1,Sweden,SWE,1.623,1.623,1.0,81.1,0.013,0.017,0.737,2.223,0.108,0.37,2.116,0.175,81.1,0.016,0.021,0.915,1.966,0.14,0.086,1.83,0.047,81.1,0.016,0.021,0.898,2.125,0.119,0.018,1.641,0.011,81.1,0.014,0.018,0.789,2.221,0.109,0.022,2.045,0.011,81.1,0.016,0.022,0.926,2.007,0.134,2.12
1981,Gideon Mensah,DEF,3.9,Ghana,GHA,1.751,1.752,1.0,88.1,0.014,0.03,0.667,2.188,0.112,0.301,1.848,0.163,88.1,0.015,0.032,0.718,2.142,0.117,0.04,1.367,0.03,88.1,0.014,0.03,0.67,2.431,0.088,0.007,1.56,0.005,88.1,0.015,0.031,0.688,2.311,0.099,0.008,1.703,0.005,88.1,0.015,0.032,0.712,2.228,0.108,2.11
493,Maxence Lacroix,DEF,4.5,France,FRA,0.798,0.798,1.0,0.07,0.0,0.0,2.167,0.711,0.491,0.485,0.587,0.825,0.07,0.0,0.0,1.733,1.07,0.343,0.381,0.695,0.548,0.07,0.0,0.0,1.726,0.899,0.407,0.223,0.574,0.389,0.07,0.0,0.0,1.467,1.091,0.336,0.223,0.574,0.389,0.07,0.0,0.0,1.464,1.091,0.336,2.11
1428,Robin Risser,GK,3.5,France,FRA,0.798,0.798,1.0,0.07,0.0,0.0,2.167,0.711,0.491,0.484,0.587,0.825,0.07,0.0,0.0,1.733,1.07,0.343,0.381,0.694,0.548,0.07,0.0,0.0,1.726,0.899,0.407,0.223,0.573,0.389,0.07,0.0,0.0,1.467,1.091,0.336,0.223,0.573,0.389,0.07,0.0,0.0,1.464,1.091,0.336,2.11
681,Ao Tanaka,MID,5.0,Japan,JPN,1.345,1.345,1.0,41.22,0.037,0.018,1.051,1.743,0.175,0.436,1.379,0.316,41.22,0.04,0.02,1.154,1.54,0.214,0.178,1.376,0.129,41.22,0.04,0.019,1.145,1.365,0.255,0.076,1.319,0.057,41.22,0.034,0.016,0.97,1.714,0.18,0.078,1.364,0.057,41.22,0.039,0.019,1.109,1.578,0.206,2.11
508,Brice Samba,GK,4.5,France,FRA,0.798,0.798,1.0,0.07,0.0,0.0,2.167,0.711,0.491,0.484,0.587,0.825,0.07,0.0,0.0,1.733,1.07,0.343,0.381,0.694,0.548,0.07,0.0,0.0,1.726,0.899,0.407,0.223,0.573,0.389,0.07,0.0,0.0,1.467,1.091,0.336,0.223,0.573,0.389,0.07,0.0,0.0,1.464,1.091,0.336,2.11
905,Gabriel Ávalos,FWD,4.9,Paraguay,PAR,1.445,1.447,0.999,26.5,0.058,0.015,0.933,1.795,0.166,0.407,1.482,0.275,26.5,0.062,0.016,1.005,1.642,0.194,0.141,1.492,0.094,26.5,0.064,0.017,1.027,1.394,0.248,0.054,1.439,0.037,26.5,0.057,0.015,0.915,1.663,0.19,0.054,1.432,0.037,26.5,0.056,0.015,0.9,1.65,0.192,2.1
1098,David Raya,GK,5.0,Spain,ESP,0.734,0.734,1.0,1.07,0.0,0.0,2.237,0.83,0.436,0.509,0.647,0.787,1.07,0.0,0.0,1.696,0.976,0.377,0.381,0.71,0.536,1.07,0.0,0.0,1.979,0.872,0.418,0.237,0.585,0.405,1.07,0.0,0.0,1.64,1.072,0.342,0.229,0.565,0.405,1.07,0.0,0.0,1.504,1.103,0.332,2.09
1969,Jayden Nelson,MID,5.0,Canada,CAN,1.067,1.067,1.0,4.59,0.005,0.009,1.472,0.922,0.398,0.697,1.041,0.669,4.59,0.003,0.006,0.912,1.642,0.194,0.211,1.04,0.203,4.59,0.003,0.006,0.884,1.995,0.136,0.053,1.039,0.051,4.59,0.003,0.006,0.869,1.885,0.152,0.053,1.038,0.051,4.59,0.003,0.005,0.838,1.893,0.151,2.08
139,Sead Kolasinac,DEF,4.3,Bosnia and Herzegovina,BIH,1.495,1.495,1.0,75.61,0.011,0.016,0.831,2.287,0.102,0.486,2.503,0.194,75.61,0.013,0.019,0.974,1.744,0.175,0.07,1.117,0.063,75.61,0.009,0.014,0.694,2.514,0.081,0.011,1.245,0.009,75.61,0.01,0.015,0.749,2.436,0.087,0.01,1.158,0.009,75.61,0.009,0.014,0.706,2.488,0.083,2.07
1072,Relebohile Mofokeng,FWD,4.9,South Africa,RSA,1.515,1.515,1.0,24.7,0.057,0.039,0.922,1.472,0.23,0.456,1.378,0.331,24.7,0.042,0.029,0.676,2.065,0.127,0.079,1.366,0.058,24.7,0.041,0.028,0.653,2.426,0.088,0.011,1.362,0.008,24.7,0.04,0.027,0.646,2.313,0.099,0.011,1.349,0.008,24.7,0.039,0.027,0.625,2.358,0.095,2.07
1119,Gabriel Gudmundsson,DEF,4.2,Sweden,SWE,1.582,1.582,1.0,77.13,0.01,0.013,0.737,2.223,0.108,0.361,2.064,0.175,77.13,0.013,0.017,0.915,1.966,0.14,0.083,1.779,0.047,77.13,0.013,0.016,0.898,2.125,0.119,0.017,1.596,0.011,77.13,0.011,0.014,0.789,2.221,0.109,0.022,1.993,0.011,77.13,0.013,0.017,0.926,2.007,0.134,2.06
1150,Noah Okafor,FWD,5.9,Switzerland,SUI,1.093,1.093,1.0,3.13,0.013,0.002,1.222,1.189,0.305,0.549,1.091,0.503,3.13,0.012,0.002,1.204,1.315,0.269,0.251,1.077,0.233,3.13,0.01,0.001,1.007,1.717,0.18,0.085,1.087,0.078,3.13,0.012,0.002,1.144,1.482,0.227,0.085,1.088,0.078,3.13,0.012,0.002,1.159,1.505,0.222,2.06
1,Rayan Aït-Nouri,DEF,4.9,Algeria,ALG,1.412,2.114,0.668,86.0,0.017,0.035,0.883,2.002,0.135,0.453,2.631,0.172,86.0,0.018,0.038,0.973,1.747,0.174,0.126,2.355,0.054,86.0,0.018,0.037,0.951,1.884,0.152,0.033,2.182,0.015,86.0,0.017,0.036,0.909,1.97,0.14,0.033,2.162,0.015,86.0,0.016,0.034,0.876,1.974,0.139,2.06
417,Jordy Caicedo,FWD,4.9,Ecuador,ECU,1.087,1.087,1.0,2.04,0.011,0.003,1.184,1.193,0.303,0.541,1.083,0.5,2.04,0.011,0.003,1.134,1.185,0.306,0.252,1.07,0.236,2.04,0.009,0.003,0.952,1.532,0.216,0.087,1.078,0.08,2.04,0.01,0.003,1.065,1.348,0.26,0.087,1.08,0.08,2.04,0.01,0.003,1.086,1.359,0.257,2.05
1974,Alidu Seidu,DEF,3.9,Ghana,GHA,1.692,1.693,1.0,77.91,0.013,0.021,0.667,2.188,0.112,0.291,1.785,0.163,77.91,0.014,0.022,0.718,2.142,0.117,0.039,1.307,0.03,77.91,0.013,0.021,0.67,2.431,0.088,0.007,1.499,0.005,77.91,0.013,0.021,0.688,2.311,0.099,0.008,1.64,0.005,77.91,0.013,0.022,0.712,2.228,0.108,2.04
399,Jordy Alcívar,MID,4.9,Ecuador,ECU,1.072,1.072,1.0,3.75,0.005,0.009,1.184,1.193,0.303,0.534,1.069,0.5,3.75,0.005,0.009,1.134,1.185,0.306,0.249,1.058,0.236,3.75,0.004,0.008,0.952,1.532,0.216,0.085,1.064,0.08,3.75,0.005,0.008,1.065,1.348,0.26,0.086,1.066,0.08,3.75,0.005,0.009,1.086,1.359,0.257,2.03
128,Alexis Saelemaekers,MID,5.7,Belgium,BEL,1.081,1.211,0.893,15.95,0.019,0.019,1.475,1.15,0.317,0.61,1.146,0.532,15.95,0.013,0.013,1.019,1.849,0.157,0.189,1.158,0.163,15.95,0.015,0.014,1.108,1.573,0.207,0.072,1.159,0.062,15.95,0.015,0.014,1.111,1.654,0.191,0.072,1.157,0.062,15.95,0.014,0.014,1.096,1.681,0.186,2.02
7,Rafik Belghali,DEF,3.5,Algeria,ALG,1.384,2.071,0.668,82.1,0.024,0.012,0.883,2.002,0.135,0.445,2.585,0.172,82.1,0.026,0.013,0.973,1.747,0.174,0.124,2.309,0.054,82.1,0.026,0.012,0.951,1.884,0.152,0.032,2.138,0.015,82.1,0.025,0.012,0.909,1.97,0.14,0.032,2.12,0.015,82.1,0.024,0.011,0.876,1.974,0.139,2.02
3,Aïssa Mandi,DEF,3.9,Algeria,ALG,1.374,2.058,0.668,87.22,0.022,0.012,0.883,2.002,0.135,0.442,2.57,0.172,87.22,0.024,0.013,0.973,1.747,0.174,0.123,2.294,0.054,87.22,0.024,0.013,0.951,1.884,0.152,0.032,2.124,0.015,87.22,0.023,0.013,0.909,1.97,0.14,0.032,2.106,0.015,87.22,0.022,0.012,0.876,1.974,0.139,2.0
729,Jo Hyeon-Woo,GK,4.6,Korea Republic,KOR,1.41,2.217,0.636,90.0,0.0,0.0,0.974,1.787,0.167,0.443,2.19,0.202,90.0,0.0,0.0,0.895,1.801,0.165,0.095,1.653,0.057,90.0,0.0,0.0,0.734,2.09,0.124,0.02,1.836,0.011,90.0,0.0,0.0,0.793,1.987,0.137,0.019,1.783,0.011,90.0,0.0,0.0,0.752,2.016,0.133,1.99
904,Álex Arce,FWD,4.9,Paraguay,PAR,1.363,1.365,0.999,18.61,0.044,0.02,0.933,1.795,0.166,0.383,1.393,0.275,18.61,0.047,0.021,1.005,1.642,0.194,0.132,1.401,0.094,18.61,0.048,0.022,1.027,1.394,0.248,0.051,1.358,0.037,18.61,0.043,0.019,0.915,1.663,0.19,0.051,1.352,0.037,18.61,0.042,0.019,0.9,1.65,0.192,1.98
456,Ibrahim Adel,MID,5.9,Egypt,EGY,1.243,1.243,1.0,24.73,0.023,0.02,1.055,1.436,0.238,0.503,1.224,0.411,24.73,0.021,0.018,0.974,1.727,0.178,0.156,1.189,0.131,24.73,0.018,0.015,0.818,1.945,0.143,0.038,1.199,0.032,24.73,0.019,0.016,0.864,1.926,0.146,0.038,1.191,0.032,24.73,0.018,0.016,0.827,1.916,0.147,1.98
321,Ibrahim Sangaré,MID,5.8,Côte d'Ivoire,CIV,1.446,1.446,1.0,30.02,0.051,0.014,0.879,1.952,0.142,0.362,1.476,0.245,30.02,0.054,0.015,0.938,1.84,0.159,0.1,1.481,0.068,30.02,0.055,0.015,0.948,1.558,0.21,0.033,1.409,0.023,30.02,0.047,0.013,0.806,1.93,0.145,0.034,1.474,0.023,30.02,0.054,0.015,0.934,1.78,0.169,1.98
347,Mario Pasalic,MID,6.4,Croatia,CRO,1.225,1.365,0.897,29.66,0.026,0.053,1.057,1.456,0.233,0.465,1.359,0.342,29.66,0.025,0.052,1.039,1.579,0.206,0.169,1.376,0.123,29.66,0.027,0.055,1.088,1.566,0.209,0.063,1.355,0.047,29.66,0.025,0.052,1.028,1.632,0.196,0.063,1.35,0.047,29.66,0.025,0.051,1.012,1.639,0.194,1.98
1976,Jonas Adjetey,DEF,3.5,Ghana,GHA,1.627,1.628,1.0,76.8,0.011,0.009,0.667,2.188,0.112,0.28,1.715,0.163,76.8,0.012,0.01,0.718,2.142,0.117,0.037,1.241,0.03,76.8,0.011,0.009,0.67,2.431,0.088,0.007,1.431,0.005,76.8,0.012,0.01,0.688,2.311,0.099,0.007,1.57,0.005,76.8,0.012,0.01,0.712,2.228,0.108,1.96
1688,Isidro Pitta,FWD,5.9,Paraguay,PAR,1.339,1.341,0.999,15.85,0.043,0.014,0.933,1.795,0.166,0.376,1.368,0.275,15.85,0.046,0.015,1.005,1.642,0.194,0.13,1.376,0.094,15.85,0.047,0.015,1.027,1.394,0.248,0.05,1.335,0.037,15.85,0.042,0.014,0.915,1.663,0.19,0.05,1.329,0.037,15.85,0.042,0.013,0.9,1.65,0.192,1.94
462,Dan Burn,DEF,4.5,England,ENG,0.868,0.868,1.0,17.12,0.008,0.013,1.944,0.79,0.454,0.494,0.644,0.768,17.12,0.006,0.009,1.318,1.099,0.333,0.271,0.644,0.42,17.12,0.006,0.009,1.455,1.11,0.33,0.148,0.592,0.25,17.12,0.005,0.008,1.269,1.171,0.31,0.159,0.635,0.25,17.12,0.006,0.009,1.4,1.119,0.327,1.94
2025,Chemsdine Talbi,FWD,4.4,Morocco,MAR,1.032,1.032,1.0,2.2,0.004,0.001,1.016,1.328,0.265,0.416,1.045,0.398,2.2,0.006,0.001,1.447,0.825,0.438,0.284,1.031,0.275,2.2,0.004,0.001,0.989,1.44,0.237,0.106,1.03,0.102,2.2,0.004,0.001,0.962,1.373,0.253,0.105,1.029,0.102,2.2,0.004,0.001,0.928,1.376,0.253,1.94
1530,Jamiro Monteiro,MID,4.6,Cabo Verde,CPV,1.706,2.628,0.649,71.58,0.033,0.065,0.497,3.066,0.047,0.186,3.022,0.062,71.58,0.05,0.099,0.756,1.932,0.145,0.042,2.799,0.015,71.58,0.04,0.079,0.6,2.31,0.099,0.005,2.775,0.002,71.58,0.039,0.078,0.596,2.516,0.081,0.005,2.782,0.002,71.58,0.04,0.078,0.596,2.441,0.087,1.94
1980,Jerome Opoku,DEF,3.8,Ghana,GHA,1.614,1.615,1.0,61.14,0.009,0.011,0.667,2.188,0.112,0.277,1.701,0.163,61.14,0.01,0.011,0.718,2.142,0.117,0.036,1.228,0.03,61.14,0.009,0.011,0.67,2.431,0.088,0.007,1.418,0.005,61.14,0.009,0.011,0.688,2.311,0.099,0.007,1.556,0.005,61.14,0.01,0.011,0.712,2.228,0.108,1.94
283,Cédric Bakambu,FWD,6.5,Congo DR,COD,1.585,3.623,0.437,66.73,0.2,0.057,0.707,2.165,0.115,0.288,3.599,0.08,66.73,0.197,0.056,0.696,2.142,0.117,0.055,3.739,0.015,66.73,0.214,0.061,0.759,2.251,0.105,0.008,3.595,0.002,66.73,0.196,0.056,0.694,2.18,0.113,0.009,3.784,0.002,66.73,0.22,0.063,0.779,2.143,0.117,1.94
198,Kevin Pina,MID,4.7,Cabo Verde,CPV,1.698,2.615,0.649,88.98,0.045,0.043,0.497,3.066,0.047,0.185,3.004,0.062,88.98,0.069,0.065,0.756,1.932,0.145,0.041,2.784,0.015,88.98,0.055,0.051,0.6,2.31,0.099,0.005,2.76,0.002,88.98,0.054,0.051,0.596,2.516,0.081,0.005,2.767,0.002,88.98,0.054,0.051,0.596,2.441,0.087,1.93
1075,Evidence Makgopa,FWD,4.5,South Africa,RSA,1.407,1.407,1.0,21.59,0.05,0.02,0.922,1.472,0.23,0.43,1.299,0.331,21.59,0.037,0.015,0.676,2.065,0.127,0.075,1.289,0.058,21.59,0.035,0.014,0.653,2.426,0.088,0.011,1.286,0.008,21.59,0.035,0.014,0.646,2.313,0.099,0.011,1.276,0.008,21.59,0.034,0.013,0.625,2.358,0.095,1.93
1581,Christian Fassnacht,MID,6.1,Switzerland,SUI,1.014,1.014,1.0,0.44,0.002,0.001,1.222,1.189,0.305,0.51,1.014,0.503,0.44,0.002,0.001,1.204,1.315,0.269,0.236,1.012,0.233,0.44,0.001,0.001,1.007,1.717,0.18,0.079,1.013,0.078,0.44,0.001,0.001,1.144,1.482,0.227,0.079,1.013,0.078,0.44,0.001,0.001,1.159,1.505,0.222,1.92
348,Martin Baturina,MID,6.5,Croatia,CRO,1.185,1.321,0.897,18.95,0.028,0.033,1.057,1.456,0.233,0.45,1.316,0.342,18.95,0.027,0.033,1.039,1.579,0.206,0.164,1.33,0.123,18.95,0.028,0.034,1.088,1.566,0.209,0.061,1.312,0.047,18.95,0.027,0.033,1.028,1.632,0.196,0.061,1.307,0.047,18.95,0.026,0.032,1.012,1.639,0.194,1.92
1583,Cedric Itten,FWD,5.4,Switzerland,SUI,1.009,1.009,1.0,0.33,0.001,0.0,1.222,1.189,0.305,0.507,1.009,0.503,0.33,0.001,0.0,1.204,1.315,0.269,0.235,1.008,0.233,0.33,0.001,0.0,1.007,1.717,0.18,0.079,1.009,0.078,0.33,0.001,0.0,1.144,1.482,0.227,0.079,1.009,0.078,0.33,0.001,0.0,1.159,1.505,0.222,1.91
398,Denil Castillo,MID,4.9,Ecuador,ECU,1.0,1.0,1.0,0.03,0.0,0.0,1.184,1.193,0.303,0.5,1.0,0.5,0.03,0.0,0.0,1.134,1.185,0.306,0.236,1.0,0.236,0.03,0.0,0.0,0.952,1.532,0.216,0.08,1.0,0.08,0.03,0.0,0.0,1.065,1.348,0.26,0.08,1.0,0.08,0.03,0.0,0.0,1.086,1.359,0.257,1.9
1676,Ayoube Amaimouni-Echghouyab,FWD,4.3,Morocco,MAR,1.004,1.004,1.0,0.19,0.001,0.0,1.016,1.328,0.265,0.4,1.006,0.398,0.19,0.001,0.0,1.447,0.825,0.438,0.276,1.004,0.275,0.19,0.001,0.0,0.989,1.44,0.237,0.103,1.004,0.102,0.19,0.001,0.0,0.962,1.373,0.253,0.103,1.004,0.102,0.19,0.0,0.0,0.928,1.376,0.253,1.89
1713,Amine Sbaï,FWD,4.8,Morocco,MAR,1.004,1.004,1.0,0.19,0.001,0.0,1.016,1.328,0.265,0.4,1.006,0.398,0.19,0.001,0.0,1.447,0.825,0.438,0.276,1.004,0.275,0.19,0.001,0.0,0.989,1.44,0.237,0.103,1.004,0.102,0.19,0.001,0.0,0.962,1.373,0.253,0.103,1.004,0.102,0.19,0.0,0.0,0.928,1.376,0.253,1.89
455,Mohanad Lasheen,MID,5.3,Egypt,EGY,1.184,1.184,1.0,18.76,0.017,0.015,1.055,1.436,0.238,0.481,1.17,0.411,18.76,0.016,0.014,0.974,1.727,0.178,0.15,1.143,0.131,18.76,0.014,0.012,0.818,1.945,0.143,0.037,1.151,0.032,18.76,0.014,0.012,0.864,1.926,0.146,0.037,1.145,0.032,18.76,0.014,0.012,0.827,1.916,0.147,1.89
782,Gessime Yassine,FWD,4.0,Morocco,MAR,1.004,1.004,1.0,0.19,0.001,0.0,1.016,1.328,0.265,0.4,1.006,0.398,0.19,0.001,0.0,1.447,0.825,0.438,0.276,1.004,0.275,0.19,0.001,0.0,0.989,1.44,0.237,0.103,1.004,0.102,0.19,0.001,0.0,0.962,1.373,0.253,0.103,1.004,0.102,0.19,0.0,0.0,0.928,1.376,0.253,1.89
1139,Ardon Jashari,MID,5.2,Switzerland,SUI,1.0,1.0,1.0,0.01,0.0,0.0,1.222,1.189,0.305,0.503,1.0,0.503,0.01,0.0,0.0,1.204,1.315,0.269,0.233,1.0,0.233,0.01,0.0,0.0,1.007,1.717,0.18,0.078,1.0,0.078,0.01,0.0,0.0,1.144,1.482,0.227,0.078,1.0,0.078,0.01,0.0,0.0,1.159,1.505,0.222,1.89
765,Samir El Mourabet,MID,4.7,Morocco,MAR,1.001,1.001,1.0,0.19,0.0,0.0,1.016,1.328,0.265,0.398,1.002,0.398,0.19,0.0,0.0,1.447,0.825,0.438,0.276,1.001,0.275,0.19,0.0,0.0,0.989,1.44,0.237,0.103,1.001,0.102,0.19,0.0,0.0,0.962,1.373,0.253,0.103,1.001,0.102,0.19,0.0,0.0,0.928,1.376,0.253,1.88
911,Damián Bobadilla,MID,5.5,Paraguay,PAR,1.296,1.298,0.999,37.12,0.03,0.021,0.933,1.795,0.166,0.363,1.321,0.275,37.12,0.032,0.022,1.005,1.642,0.194,0.125,1.328,0.094,37.12,0.033,0.023,1.027,1.394,0.248,0.048,1.293,0.037,37.12,0.029,0.02,0.915,1.663,0.19,0.048,1.288,0.037,37.12,0.029,0.02,0.9,1.65,0.192,1.88
1675,Marwane Saadane,MID,4.7,Morocco,MAR,1.001,1.001,1.0,0.19,0.0,0.0,1.016,1.328,0.265,0.398,1.001,0.398,0.19,0.0,0.0,1.447,0.825,0.438,0.276,1.001,0.275,0.19,0.0,0.0,0.989,1.44,0.237,0.103,1.001,0.102,0.19,0.0,0.0,0.962,1.373,0.253,0.103,1.001,0.102,0.19,0.0,0.0,0.928,1.376,0.253,1.88
1129,Kristoffer Nordfeldt,GK,3.9,Sweden,SWE,1.427,1.427,1.0,79.29,0.0,0.0,0.737,2.223,0.108,0.327,1.874,0.175,79.29,0.0,0.0,0.915,1.966,0.14,0.075,1.591,0.047,79.29,0.0,0.0,0.898,2.125,0.119,0.016,1.431,0.011,79.29,0.0,0.0,0.789,2.221,0.109,0.02,1.8,0.011,79.29,0.0,0.0,0.926,2.007,0.134,1.86
311,Simon Adingra,FWD,5.6,Côte d'Ivoire,CIV,1.364,1.364,1.0,21.3,0.04,0.029,0.879,1.952,0.142,0.34,1.388,0.245,21.3,0.042,0.031,0.938,1.84,0.159,0.094,1.393,0.068,21.3,0.043,0.031,0.948,1.558,0.21,0.031,1.334,0.023,21.3,0.036,0.027,0.806,1.93,0.145,0.032,1.387,0.023,21.3,0.042,0.031,0.934,1.78,0.169,1.86
108,Romano Schmid,MID,6.0,Austria,AUT,1.326,1.559,0.851,56.18,0.034,0.095,0.907,2.094,0.123,0.344,1.634,0.211,56.18,0.039,0.108,1.029,1.744,0.175,0.114,1.685,0.068,56.18,0.042,0.117,1.113,1.698,0.183,0.039,1.613,0.024,56.18,0.038,0.105,0.995,1.91,0.148,0.038,1.583,0.024,56.18,0.036,0.099,0.945,1.939,0.144,1.86
160,Ivan Basic,MID,5.1,Bosnia and Herzegovina,BIH,1.442,1.442,1.0,49.55,0.032,0.061,0.831,2.287,0.102,0.295,1.519,0.194,49.55,0.038,0.072,0.974,1.744,0.175,0.086,1.37,0.063,49.55,0.027,0.051,0.694,2.514,0.081,0.012,1.399,0.009,49.55,0.029,0.055,0.749,2.436,0.087,0.012,1.376,0.009,49.55,0.028,0.052,0.706,2.488,0.083,1.85
743,Jorge Sánchez,DEF,4.0,Mexico,MEX,0.962,0.962,1.0,26.36,0.013,0.021,2.163,0.735,0.479,0.613,0.748,0.819,26.36,0.008,0.014,1.42,1.0,0.368,0.165,0.333,0.495,26.36,0.006,0.01,1.021,1.535,0.216,0.046,0.26,0.176,26.36,0.005,0.009,0.889,1.613,0.199,0.066,0.374,0.176,26.36,0.006,0.01,1.025,1.482,0.227,1.85
153,Nikola Vasilj,GK,4.0,Bosnia and Herzegovina,BIH,1.322,1.322,1.0,89.19,0.0,0.0,0.831,2.287,0.102,0.448,2.305,0.194,89.19,0.0,0.0,0.974,1.744,0.175,0.061,0.972,0.063,89.19,0.0,0.0,0.694,2.514,0.081,0.01,1.089,0.009,89.19,0.0,0.0,0.749,2.436,0.087,0.009,1.01,0.009,89.19,0.0,0.0,0.706,2.488,0.083,1.85
726,Oh Hyeon-Gyu,FWD,4.9,Korea Republic,KOR,1.311,2.061,0.636,51.91,0.133,0.048,0.974,1.787,0.167,0.399,1.976,0.202,51.91,0.122,0.045,0.895,1.801,0.165,0.104,1.803,0.057,51.91,0.1,0.037,0.734,2.09,0.124,0.02,1.867,0.011,51.91,0.108,0.039,0.793,1.987,0.137,0.02,1.822,0.011,51.91,0.103,0.037,0.752,2.016,0.133,1.85
152,Kerim Alajbegovic,FWD,4.2,Bosnia and Herzegovina,BIH,1.432,1.432,1.0,18.56,0.053,0.021,0.831,2.287,0.102,0.292,1.506,0.194,18.56,0.062,0.025,0.974,1.744,0.175,0.085,1.361,0.063,18.56,0.044,0.018,0.694,2.514,0.081,0.012,1.389,0.009,18.56,0.048,0.019,0.749,2.436,0.087,0.012,1.367,0.009,18.56,0.045,0.018,0.706,2.488,0.083,1.83
109,Patrick Wimmer,MID,6.0,Austria,AUT,1.297,1.525,0.851,52.77,0.051,0.039,0.907,2.094,0.123,0.336,1.595,0.211,52.77,0.058,0.045,1.029,1.744,0.175,0.112,1.643,0.068,52.77,0.063,0.048,1.113,1.698,0.183,0.038,1.576,0.024,52.77,0.056,0.043,0.995,1.91,0.148,0.037,1.547,0.024,52.77,0.053,0.041,0.945,1.939,0.144,1.82
337,Igor Matanovic,FWD,4.9,Croatia,CRO,1.122,1.251,0.897,10.86,0.033,0.007,1.057,1.456,0.233,0.427,1.246,0.342,10.86,0.032,0.007,1.039,1.579,0.206,0.155,1.258,0.123,10.86,0.034,0.007,1.088,1.566,0.209,0.058,1.244,0.047,10.86,0.032,0.007,1.028,1.632,0.196,0.058,1.24,0.047,10.86,0.032,0.007,1.012,1.639,0.194,1.82
600,Shoja Khalilzadeh,DEF,3.8,IR Iran,IRN,1.405,2.571,0.546,84.09,0.023,0.029,0.854,1.778,0.169,0.296,1.882,0.158,84.09,0.021,0.025,0.749,2.13,0.119,0.064,1.977,0.032,84.09,0.02,0.025,0.725,2.07,0.126,0.012,1.855,0.006,84.09,0.02,0.025,0.738,2.143,0.117,0.012,1.848,0.006,84.09,0.019,0.024,0.708,2.141,0.118,1.79
598,Hossein Kanani,DEF,3.9,IR Iran,IRN,1.4,2.562,0.546,81.89,0.023,0.028,0.854,1.778,0.169,0.295,1.874,0.158,81.89,0.02,0.025,0.749,2.13,0.119,0.064,1.969,0.032,81.89,0.019,0.024,0.725,2.07,0.126,0.012,1.848,0.006,81.89,0.02,0.024,0.738,2.143,0.117,0.012,1.84,0.006,81.89,0.019,0.023,0.708,2.141,0.118,1.78
599,Milad Mohammadi,DEF,3.8,IR Iran,IRN,1.395,2.553,0.546,79.52,0.022,0.027,0.854,1.778,0.169,0.294,1.865,0.158,79.52,0.019,0.024,0.749,2.13,0.119,0.063,1.961,0.032,79.52,0.019,0.023,0.725,2.07,0.126,0.012,1.839,0.006,79.52,0.019,0.024,0.738,2.143,0.117,0.012,1.832,0.006,79.52,0.018,0.023,0.708,2.141,0.118,1.78
1533,Oumar Diakité,FWD,5.3,Côte d'Ivoire,CIV,1.307,1.307,1.0,16.26,0.043,0.002,0.879,1.952,0.142,0.326,1.328,0.245,16.26,0.046,0.002,0.938,1.84,0.159,0.09,1.331,0.068,16.26,0.047,0.002,0.948,1.558,0.21,0.03,1.282,0.023,16.26,0.04,0.002,0.806,1.93,0.145,0.031,1.327,0.023,16.26,0.046,0.002,0.934,1.78,0.169,1.78
312,Evann Guessand,FWD,5.3,Côte d'Ivoire,CIV,1.305,1.305,1.0,19.85,0.037,0.016,0.879,1.952,0.142,0.325,1.325,0.245,19.85,0.039,0.017,0.938,1.84,0.159,0.09,1.328,0.068,19.85,0.04,0.017,0.948,1.558,0.21,0.03,1.279,0.023,19.85,0.034,0.014,0.806,1.93,0.145,0.031,1.324,0.023,19.85,0.039,0.017,0.934,1.78,0.169,1.78
565,Benjamin Asare,GK,3.8,Ghana,GHA,1.484,1.485,1.0,87.42,0.0,0.0,0.667,2.188,0.112,0.255,1.562,0.163,87.42,0.0,0.0,0.718,2.142,0.117,0.032,1.097,0.03,87.42,0.0,0.0,0.67,2.431,0.088,0.006,1.284,0.005,87.42,0.0,0.0,0.688,2.311,0.099,0.007,1.418,0.005,87.42,0.0,0.0,0.712,2.228,0.108,1.78
1708,Jarell Quansah,DEF,4.4,England,ENG,0.789,0.789,1.0,4.05,0.003,0.001,1.944,0.79,0.454,0.453,0.59,0.768,4.05,0.002,0.001,1.318,1.099,0.333,0.246,0.585,0.42,4.05,0.002,0.001,1.455,1.11,0.33,0.135,0.54,0.25,4.05,0.002,0.001,1.269,1.171,0.31,0.145,0.578,0.25,4.05,0.002,0.001,1.4,1.119,0.327,1.77
1527,Diego Moreira,MID,4.7,Belgium,BEL,0.919,1.029,0.893,1.63,0.003,0.003,1.475,1.15,0.317,0.543,1.02,0.532,1.63,0.002,0.002,1.019,1.849,0.157,0.167,1.021,0.163,1.63,0.002,0.002,1.108,1.573,0.207,0.064,1.021,0.062,1.63,0.002,0.002,1.111,1.654,0.191,0.064,1.021,0.062,1.63,0.002,0.002,1.096,1.681,0.186,1.76
208,Dailon Livramento,FWD,4.9,Cabo Verde,CPV,1.552,2.39,0.649,70.93,0.043,0.019,0.497,3.066,0.047,0.16,2.59,0.062,70.93,0.065,0.028,0.756,1.932,0.145,0.037,2.47,0.015,70.93,0.052,0.023,0.6,2.31,0.099,0.005,2.466,0.002,70.93,0.051,0.022,0.596,2.516,0.081,0.005,2.467,0.002,70.93,0.051,0.022,0.596,2.441,0.087,1.76
2005,Mathew Leckie,MID,4.7,Australia,AUS,1.134,1.134,1.0,6.76,0.013,0.009,1.189,1.328,0.265,0.495,1.075,0.46,6.76,0.007,0.005,0.668,2.233,0.107,0.084,1.1,0.076,6.76,0.01,0.007,0.894,1.621,0.198,0.025,1.096,0.023,6.76,0.01,0.007,0.854,1.852,0.157,0.025,1.099,0.023,6.76,0.01,0.007,0.878,1.841,0.159,1.76
603,Saleh Hardani,DEF,3.7,IR Iran,IRN,1.374,2.515,0.546,70.04,0.019,0.024,0.854,1.778,0.169,0.289,1.832,0.158,70.04,0.017,0.021,0.749,2.13,0.119,0.062,1.929,0.032,70.04,0.017,0.021,0.725,2.07,0.126,0.012,1.806,0.006,70.04,0.017,0.021,0.738,2.143,0.117,0.012,1.801,0.006,70.04,0.016,0.02,0.708,2.141,0.118,1.75
467,Djed Spence,DEF,4.5,England,ENG,0.779,0.779,1.0,5.09,0.002,0.002,1.944,0.79,0.454,0.448,0.583,0.768,5.09,0.001,0.001,1.318,1.099,0.333,0.243,0.578,0.42,5.09,0.001,0.001,1.455,1.11,0.33,0.133,0.534,0.25,5.09,0.001,0.001,1.269,1.171,0.31,0.143,0.571,0.25,5.09,0.001,0.001,1.4,1.119,0.327,1.75
1374,Yerry Mina,DEF,4.2,Colombia,COL,0.87,0.87,1.0,15.85,0.013,0.005,1.737,0.822,0.44,0.465,0.643,0.724,15.85,0.009,0.003,1.239,1.128,0.324,0.207,0.539,0.384,15.85,0.009,0.003,1.157,1.267,0.282,0.101,0.578,0.175,15.85,0.009,0.003,1.183,1.216,0.296,0.097,0.551,0.175,15.85,0.009,0.003,1.152,1.25,0.286,1.74
119,Axel Witsel,MID,5.0,Belgium,BEL,0.911,1.02,0.893,2.35,0.002,0.002,1.475,1.15,0.317,0.54,1.014,0.532,2.35,0.001,0.001,1.019,1.849,0.157,0.166,1.015,0.163,2.35,0.001,0.001,1.108,1.573,0.207,0.063,1.015,0.062,2.35,0.001,0.001,1.111,1.654,0.191,0.063,1.015,0.062,2.35,0.001,0.001,1.096,1.681,0.186,1.74
344,Kristijan Jakic,MID,5.6,Croatia,CRO,1.066,1.188,0.897,20.65,0.02,0.01,1.057,1.456,0.233,0.406,1.185,0.342,20.65,0.019,0.01,1.039,1.579,0.206,0.147,1.194,0.123,20.65,0.02,0.011,1.088,1.566,0.209,0.055,1.183,0.047,20.65,0.019,0.01,1.028,1.632,0.196,0.055,1.18,0.047,20.65,0.019,0.01,1.012,1.639,0.194,1.73
82,Awer Mabil,MID,5.6,Australia,AUS,1.112,1.112,1.0,4.75,0.009,0.012,1.189,1.328,0.265,0.489,1.063,0.46,4.75,0.005,0.007,0.668,2.233,0.107,0.083,1.084,0.076,4.75,0.007,0.009,0.894,1.621,0.198,0.025,1.08,0.023,4.75,0.007,0.009,0.854,1.852,0.157,0.025,1.082,0.023,4.75,0.007,0.009,0.878,1.841,0.159,1.73
436,Mahmoud Saber,MID,4.9,Egypt,EGY,1.075,1.075,1.0,7.6,0.007,0.006,1.055,1.436,0.238,0.44,1.069,0.411,7.6,0.007,0.006,0.974,1.727,0.178,0.139,1.058,0.131,7.6,0.005,0.005,0.818,1.945,0.143,0.034,1.061,0.032,7.6,0.006,0.005,0.864,1.926,0.146,0.034,1.059,0.032,7.6,0.006,0.005,0.827,1.916,0.147,1.72
1260,Joe Scally,DEF,4.1,USA,USA,0.857,0.857,1.0,14.26,0.011,0.015,2.132,0.864,0.422,0.558,0.717,0.778,14.26,0.008,0.011,1.596,1.033,0.356,0.157,0.311,0.505,14.26,0.006,0.008,1.115,1.551,0.212,0.076,0.39,0.195,14.26,0.006,0.009,1.218,1.459,0.232,0.068,0.348,0.195,14.26,0.006,0.008,1.126,1.506,0.222,1.72
680,Yuito Suzuki,MID,5.0,Japan,JPN,1.1,1.1,1.0,9.35,0.01,0.007,1.051,1.743,0.175,0.351,1.11,0.316,9.35,0.011,0.007,1.154,1.54,0.214,0.144,1.109,0.129,9.35,0.011,0.007,1.145,1.365,0.255,0.063,1.092,0.057,9.35,0.009,0.006,0.97,1.714,0.18,0.063,1.105,0.057,9.35,0.011,0.007,1.109,1.578,0.206,1.72
2006,Mohamed Touré,FWD,5.0,Australia,AUS,1.103,1.103,1.0,2.75,0.013,0.004,1.189,1.328,0.265,0.487,1.058,0.46,2.75,0.007,0.002,0.668,2.233,0.107,0.082,1.077,0.076,2.75,0.01,0.003,0.894,1.621,0.198,0.025,1.074,0.023,2.75,0.009,0.003,0.854,1.852,0.157,0.025,1.076,0.023,2.75,0.01,0.003,0.878,1.841,0.159,1.72
1525,Matias Fernandez-Pardo,FWD,5.6,Belgium,BEL,0.895,1.002,0.893,0.08,0.0,0.0,1.475,1.15,0.317,0.533,1.001,0.532,0.08,0.0,0.0,1.019,1.849,0.157,0.164,1.001,0.163,0.08,0.0,0.0,1.108,1.573,0.207,0.062,1.001,0.062,0.08,0.0,0.0,1.111,1.654,0.191,0.062,1.001,0.062,0.08,0.0,0.0,1.096,1.681,0.186,1.72
611,Alireza Jahanbakhsh,FWD,5.3,IR Iran,IRN,1.255,2.297,0.546,68.49,0.025,0.026,0.854,1.778,0.169,0.356,2.261,0.158,68.49,0.022,0.022,0.749,2.13,0.119,0.073,2.252,0.032,68.49,0.021,0.022,0.725,2.07,0.126,0.015,2.257,0.006,68.49,0.021,0.022,0.738,2.143,0.117,0.014,2.247,0.006,68.49,0.02,0.021,0.708,2.141,0.118,1.71
1571,Nélson Semedo,DEF,4.3,Portugal,POR,0.823,0.823,1.0,16.28,0.008,0.016,1.901,0.876,0.417,0.42,0.572,0.734,16.28,0.005,0.011,1.376,1.214,0.297,0.232,0.583,0.398,16.28,0.006,0.012,1.419,1.203,0.3,0.119,0.55,0.216,16.28,0.005,0.011,1.344,1.243,0.289,0.114,0.528,0.216,16.28,0.005,0.011,1.279,1.268,0.281,1.71
1465,Mateo Chávez,DEF,3.5,Mexico,MEX,0.888,0.888,1.0,9.97,0.008,0.01,2.163,0.735,0.479,0.573,0.7,0.819,9.97,0.005,0.007,1.42,1.0,0.368,0.148,0.299,0.495,9.97,0.004,0.005,1.021,1.535,0.216,0.041,0.23,0.176,9.97,0.003,0.004,0.889,1.613,0.199,0.06,0.339,0.176,9.97,0.004,0.005,1.025,1.482,0.227,1.71
1061,Tshepang Moremi,MID,4.9,South Africa,RSA,1.236,1.236,1.0,19.29,0.019,0.029,0.922,1.472,0.23,0.388,1.174,0.331,19.29,0.014,0.022,0.676,2.065,0.127,0.068,1.168,0.058,19.29,0.013,0.021,0.653,2.426,0.088,0.01,1.166,0.008,19.29,0.013,0.021,0.646,2.313,0.099,0.01,1.16,0.008,19.29,0.013,0.02,0.625,2.358,0.095,1.71
2076,Shuto Machino,FWD,4.8,Japan,JPN,1.096,1.096,1.0,7.13,0.011,0.005,1.051,1.743,0.175,0.349,1.106,0.316,7.13,0.013,0.006,1.154,1.54,0.214,0.143,1.105,0.129,7.13,0.013,0.006,1.145,1.365,0.255,0.062,1.089,0.057,7.13,0.011,0.005,0.97,1.714,0.18,0.063,1.102,0.057,7.13,0.012,0.006,1.109,1.578,0.206,1.71
798,Nathan Aké,DEF,5.0,Netherlands,NED,0.743,0.743,1.0,24.51,0.009,0.013,1.328,1.016,0.362,0.549,0.911,0.602,24.51,0.014,0.019,2.003,0.84,0.432,0.207,0.446,0.464,24.51,0.009,0.013,1.316,1.437,0.238,0.105,0.49,0.215,24.51,0.009,0.012,1.294,1.376,0.253,0.099,0.46,0.215,24.51,0.009,0.012,1.227,1.407,0.245,1.7
478,Dean Henderson,GK,4.2,England,ENG,0.756,0.756,1.0,2.37,0.0,0.0,1.944,0.79,0.454,0.436,0.568,0.768,2.37,0.0,0.0,1.318,1.099,0.333,0.235,0.561,0.42,2.37,0.0,0.0,1.455,1.11,0.33,0.13,0.519,0.25,2.37,0.0,0.0,1.269,1.171,0.31,0.139,0.554,0.25,2.37,0.0,0.0,1.4,1.119,0.327,1.7
341,Luka Sucic,MID,4.9,Croatia,CRO,1.045,1.165,0.897,13.46,0.018,0.007,1.057,1.456,0.233,0.398,1.162,0.342,13.46,0.018,0.007,1.039,1.579,0.206,0.144,1.17,0.123,13.46,0.018,0.008,1.088,1.566,0.209,0.054,1.16,0.047,13.46,0.017,0.007,1.028,1.632,0.196,0.054,1.158,0.047,13.46,0.017,0.007,1.012,1.639,0.194,1.7
918,Diogo Dalot,DEF,5.0,Portugal,POR,0.815,0.815,1.0,14.98,0.008,0.011,1.901,0.876,0.417,0.416,0.566,0.734,14.98,0.006,0.008,1.376,1.214,0.297,0.23,0.577,0.398,14.98,0.006,0.008,1.419,1.203,0.3,0.118,0.544,0.216,14.98,0.006,0.008,1.344,1.243,0.289,0.113,0.523,0.216,14.98,0.006,0.007,1.279,1.268,0.281,1.69
1519,Ken Sema,MID,6.0,Sweden,SWE,1.341,1.341,1.0,29.04,0.035,0.021,0.737,2.223,0.108,0.249,1.423,0.175,29.04,0.043,0.026,0.915,1.966,0.14,0.066,1.415,0.047,29.04,0.042,0.026,0.898,2.125,0.119,0.015,1.365,0.011,29.04,0.037,0.023,0.789,2.221,0.109,0.016,1.428,0.011,29.04,0.044,0.027,0.926,2.007,0.134,1.69
890,Matías Galarza,MID,4.8,Paraguay,PAR,1.162,1.164,0.999,23.58,0.017,0.009,0.933,1.795,0.166,0.323,1.176,0.275,23.58,0.018,0.01,1.005,1.642,0.194,0.111,1.18,0.094,23.58,0.019,0.01,1.027,1.394,0.248,0.043,1.161,0.037,23.58,0.017,0.009,0.915,1.663,0.19,0.043,1.158,0.037,23.58,0.016,0.009,0.9,1.65,0.192,1.68
335,Marco Pasalic,FWD,5.3,Croatia,CRO,1.038,1.157,0.897,8.67,0.019,0.009,1.057,1.456,0.233,0.395,1.155,0.342,8.67,0.018,0.009,1.039,1.579,0.206,0.143,1.162,0.123,8.67,0.019,0.009,1.088,1.566,0.209,0.054,1.153,0.047,8.67,0.018,0.009,1.028,1.632,0.196,0.054,1.151,0.047,8.67,0.018,0.008,1.012,1.639,0.194,1.68
919,Gonçalo Inácio,DEF,4.6,Portugal,POR,0.804,0.804,1.0,14.02,0.008,0.01,1.901,0.876,0.417,0.41,0.559,0.734,14.02,0.005,0.007,1.376,1.214,0.297,0.227,0.569,0.398,14.02,0.006,0.007,1.419,1.203,0.3,0.116,0.537,0.216,14.02,0.005,0.007,1.344,1.243,0.289,0.112,0.516,0.216,14.02,0.005,0.006,1.279,1.268,0.281,1.67
2050,Cristian Volpato,MID,6.0,Australia,AUS,1.061,1.061,1.0,2.75,0.005,0.007,1.189,1.328,0.265,0.476,1.034,0.46,2.75,0.003,0.004,0.668,2.233,0.107,0.08,1.046,0.076,2.75,0.004,0.005,0.894,1.621,0.198,0.024,1.044,0.023,2.75,0.004,0.005,0.854,1.852,0.157,0.024,1.045,0.023,2.75,0.004,0.005,0.878,1.841,0.159,1.66
253,Santiago Arias,DEF,3.9,Colombia,COL,0.823,0.823,1.0,14.36,0.006,0.009,1.737,0.822,0.44,0.441,0.609,0.724,14.36,0.005,0.006,1.239,1.128,0.324,0.195,0.507,0.384,14.36,0.004,0.006,1.157,1.267,0.282,0.096,0.545,0.175,14.36,0.004,0.006,1.183,1.216,0.296,0.091,0.519,0.175,14.36,0.004,0.006,1.152,1.25,0.286,1.65
149,Haris Tabakovic,FWD,5.1,Bosnia and Herzegovina,BIH,1.29,1.29,1.0,11.64,0.039,0.005,0.831,2.287,0.102,0.26,1.34,0.194,11.64,0.046,0.006,0.974,1.744,0.175,0.078,1.242,0.063,11.64,0.033,0.004,0.694,2.514,0.081,0.011,1.262,0.009,11.64,0.036,0.005,0.749,2.436,0.087,0.011,1.247,0.009,11.64,0.033,0.004,0.706,2.488,0.083,1.65
284,Meschack Elia,FWD,4.9,Congo DR,COD,1.335,3.052,0.437,62.26,0.116,0.053,0.707,2.165,0.115,0.243,3.036,0.08,62.26,0.114,0.053,0.696,2.142,0.117,0.046,3.127,0.015,62.26,0.125,0.057,0.759,2.251,0.105,0.007,3.033,0.002,62.26,0.114,0.052,0.694,2.18,0.113,0.007,3.157,0.002,62.26,0.128,0.059,0.779,2.143,0.117,1.64
2007,Tete Yengi,FWD,4.3,Australia,AUS,1.043,1.043,1.0,2.75,0.006,0.001,1.189,1.328,0.265,0.471,1.024,0.46,2.75,0.003,0.0,0.668,2.233,0.107,0.079,1.032,0.076,2.75,0.004,0.0,0.894,1.621,0.198,0.024,1.031,0.023,2.75,0.004,0.0,0.854,1.852,0.157,0.024,1.032,0.023,2.75,0.004,0.0,0.878,1.841,0.159,1.64
251,Déiver Machado,DEF,3.9,Colombia,COL,0.821,0.821,1.0,13.64,0.006,0.008,1.737,0.822,0.44,0.44,0.607,0.724,13.64,0.005,0.006,1.239,1.128,0.324,0.195,0.506,0.384,13.64,0.004,0.006,1.157,1.267,0.282,0.095,0.544,0.175,13.64,0.004,0.006,1.183,1.216,0.296,0.091,0.518,0.175,13.64,0.004,0.006,1.152,1.25,0.286,1.64
158,Ivan Sunjic,MID,5.1,Bosnia and Herzegovina,BIH,1.282,1.282,1.0,39.76,0.026,0.025,0.831,2.287,0.102,0.258,1.33,0.194,39.76,0.031,0.029,0.974,1.744,0.175,0.078,1.235,0.063,39.76,0.022,0.021,0.694,2.514,0.081,0.011,1.254,0.009,39.76,0.023,0.022,0.749,2.436,0.087,0.011,1.24,0.009,39.76,0.022,0.021,0.706,2.488,0.083,1.64
2003,Cameron Devlin,MID,4.7,Australia,AUS,1.038,1.038,1.0,3.83,0.004,0.001,1.189,1.328,0.265,0.47,1.021,0.46,3.83,0.002,0.001,0.668,2.233,0.107,0.079,1.029,0.076,3.83,0.003,0.001,0.894,1.621,0.198,0.023,1.027,0.023,3.83,0.003,0.001,0.854,1.852,0.157,0.023,1.028,0.023,3.83,0.003,0.001,0.878,1.841,0.159,1.63
1596,Hamza Abdelkarim,FWD,4.3,Egypt,EGY,1.015,1.016,1.0,0.85,0.002,0.001,1.055,1.436,0.238,0.417,1.014,0.411,0.85,0.002,0.001,0.974,1.727,0.178,0.133,1.012,0.131,0.85,0.001,0.001,0.818,1.945,0.143,0.032,1.013,0.032,0.85,0.002,0.001,0.864,1.926,0.146,0.032,1.012,0.032,0.85,0.001,0.001,0.827,1.916,0.147,1.63
1594,Mostafa Zico,MID,4.2,Egypt,EGY,1.008,1.008,1.0,0.85,0.001,0.001,1.055,1.436,0.238,0.414,1.008,0.411,0.85,0.001,0.001,0.974,1.727,0.178,0.132,1.006,0.131,0.85,0.001,0.001,0.818,1.945,0.143,0.032,1.007,0.032,0.85,0.001,0.001,0.864,1.926,0.146,0.032,1.007,0.032,0.85,0.001,0.001,0.827,1.916,0.147,1.62
1593,Nabil Emad Dunga,MID,4.3,Egypt,EGY,1.003,1.003,1.0,1.06,0.0,0.0,1.055,1.436,0.238,0.412,1.003,0.411,1.06,0.0,0.0,0.974,1.727,0.178,0.131,1.002,0.131,1.06,0.0,0.0,0.818,1.945,0.143,0.032,1.003,0.032,1.06,0.0,0.0,0.864,1.926,0.146,0.032,1.003,0.032,1.06,0.0,0.0,0.827,1.916,0.147,1.61
342,Toni Fruk,MID,4.9,Croatia,CRO,0.994,1.108,0.897,9.84,0.01,0.009,1.057,1.456,0.233,0.379,1.107,0.342,9.84,0.01,0.009,1.039,1.579,0.206,0.137,1.112,0.123,9.84,0.011,0.009,1.088,1.566,0.209,0.051,1.105,0.047,9.84,0.01,0.009,1.028,1.632,0.196,0.051,1.104,0.047,9.84,0.01,0.009,1.012,1.639,0.194,1.61
336,Petar Musa,FWD,5.1,Croatia,CRO,0.991,1.105,0.897,4.1,0.013,0.005,1.057,1.456,0.233,0.378,1.103,0.342,4.1,0.013,0.005,1.039,1.579,0.206,0.136,1.108,0.123,4.1,0.013,0.005,1.088,1.566,0.209,0.051,1.102,0.047,4.1,0.013,0.004,1.028,1.632,0.196,0.051,1.1,0.047,4.1,0.012,0.004,1.012,1.639,0.194,1.61
448,Haissem Hassan,FWD,4.6,Egypt,EGY,1.004,1.004,1.0,0.85,0.0,0.001,1.055,1.436,0.238,0.413,1.004,0.411,0.85,0.0,0.001,0.974,1.727,0.178,0.132,1.003,0.131,0.85,0.0,0.0,0.818,1.945,0.143,0.032,1.004,0.032,0.85,0.0,0.001,0.864,1.926,0.146,0.032,1.003,0.032,0.85,0.0,0.0,0.827,1.916,0.147,1.61
157,Dzenis Burnic,MID,4.9,Bosnia and Herzegovina,BIH,1.25,1.25,1.0,35.25,0.023,0.022,0.831,2.287,0.102,0.251,1.293,0.194,35.25,0.027,0.026,0.974,1.744,0.175,0.076,1.209,0.063,35.25,0.019,0.018,0.694,2.514,0.081,0.011,1.225,0.009,35.25,0.021,0.02,0.749,2.436,0.087,0.011,1.212,0.009,35.25,0.02,0.019,0.706,2.488,0.083,1.6
1057,Jayden Adams,MID,4.0,South Africa,RSA,1.144,1.144,1.0,14.61,0.014,0.013,0.922,1.472,0.23,0.366,1.106,0.331,14.61,0.01,0.009,0.676,2.065,0.127,0.064,1.102,0.058,14.61,0.01,0.009,0.653,2.426,0.088,0.009,1.101,0.008,14.61,0.01,0.009,0.646,2.313,0.099,0.009,1.098,0.008,14.61,0.01,0.008,0.625,2.358,0.095,1.59
849,Leo Østigård,DEF,4.1,Norway,NOR,0.795,0.795,1.0,16.33,0.011,0.006,1.893,0.927,0.396,0.355,0.483,0.735,16.33,0.009,0.004,1.452,1.346,0.26,0.24,0.623,0.384,16.33,0.009,0.004,1.481,1.153,0.316,0.095,0.419,0.227,16.33,0.007,0.004,1.255,1.416,0.243,0.105,0.462,0.227,16.33,0.008,0.004,1.331,1.365,0.255,1.59
1076,Thapelo Maseko,FWD,4.2,South Africa,RSA,1.135,1.135,1.0,7.11,0.016,0.007,0.922,1.472,0.23,0.364,1.099,0.331,7.11,0.012,0.005,0.676,2.065,0.127,0.063,1.096,0.058,7.11,0.012,0.005,0.653,2.426,0.088,0.009,1.094,0.008,7.11,0.012,0.005,0.646,2.313,0.099,0.009,1.091,0.008,7.11,0.011,0.004,0.625,2.358,0.095,1.58
906,Gustavo Caballero,FWD,4.2,Paraguay,PAR,1.083,1.084,0.999,4.28,0.01,0.005,0.933,1.795,0.166,0.3,1.091,0.275,4.28,0.011,0.005,1.005,1.642,0.194,0.103,1.093,0.094,4.28,0.011,0.005,1.027,1.394,0.248,0.041,1.083,0.037,4.28,0.01,0.004,0.915,1.663,0.19,0.04,1.081,0.037,4.28,0.01,0.004,0.9,1.65,0.192,1.57
907,Alexandro Maidana,FWD,4.0,Paraguay,PAR,1.083,1.084,0.999,4.28,0.01,0.005,0.933,1.795,0.166,0.3,1.091,0.275,4.28,0.011,0.005,1.005,1.642,0.194,0.103,1.093,0.094,4.28,0.011,0.005,1.027,1.394,0.248,0.041,1.083,0.037,4.28,0.01,0.004,0.915,1.663,0.19,0.04,1.081,0.037,4.28,0.01,0.004,0.9,1.65,0.192,1.57
620,Alireza Beiranvand,GK,4.2,IR Iran,IRN,1.221,2.235,0.546,86.25,0.0,0.0,0.854,1.778,0.169,0.249,1.582,0.158,86.25,0.0,0.0,0.749,2.13,0.119,0.055,1.688,0.032,86.25,0.0,0.0,0.725,2.07,0.126,0.01,1.56,0.006,86.25,0.0,0.0,0.738,2.143,0.117,0.01,1.564,0.006,86.25,0.0,0.0,0.708,2.141,0.118,1.55
343,Nikola Moro,MID,5.6,Croatia,CRO,0.941,1.049,0.897,7.47,0.005,0.002,1.057,1.456,0.233,0.359,1.048,0.342,7.47,0.005,0.002,1.039,1.579,0.206,0.129,1.051,0.123,7.47,0.006,0.002,1.088,1.566,0.209,0.049,1.048,0.047,7.47,0.005,0.002,1.028,1.632,0.196,0.049,1.047,0.047,7.47,0.005,0.002,1.012,1.639,0.194,1.53
1704,Kamogelo Sebelebele,MID,4.5,South Africa,RSA,1.093,1.093,1.0,9.06,0.009,0.008,0.922,1.472,0.23,0.354,1.068,0.331,9.06,0.006,0.006,0.676,2.065,0.127,0.062,1.066,0.058,9.06,0.006,0.005,0.653,2.426,0.088,0.009,1.065,0.008,9.06,0.006,0.005,0.646,2.313,0.099,0.009,1.063,0.008,9.06,0.006,0.005,0.625,2.358,0.095,1.53
345,Nikola Vlasic,MID,6.1,Croatia,CRO,0.938,1.046,0.897,5.66,0.004,0.003,1.057,1.456,0.233,0.358,1.045,0.342,5.66,0.004,0.003,1.039,1.579,0.206,0.129,1.047,0.123,5.66,0.005,0.003,1.088,1.566,0.209,0.049,1.045,0.047,5.66,0.004,0.003,1.028,1.632,0.196,0.049,1.044,0.047,5.66,0.004,0.003,1.012,1.639,0.194,1.52
520,Antonio Rüdiger,DEF,5.5,Germany,GER,0.837,0.837,1.0,30.98,0.019,0.015,2.094,0.955,0.385,0.287,0.383,0.749,30.98,0.012,0.01,1.397,1.515,0.22,0.219,0.631,0.346,30.98,0.015,0.012,1.666,1.212,0.298,0.088,0.419,0.21,30.98,0.013,0.011,1.436,1.473,0.229,0.081,0.386,0.21,30.98,0.012,0.01,1.365,1.508,0.221,1.51
1379,Willer Ditta,DEF,3.7,Colombia,COL,0.755,0.755,1.0,3.14,0.001,0.002,1.737,0.822,0.44,0.406,0.56,0.724,3.14,0.001,0.001,1.239,1.128,0.324,0.178,0.462,0.384,3.14,0.001,0.001,1.157,1.267,0.282,0.088,0.499,0.175,3.14,0.001,0.001,1.183,1.216,0.296,0.083,0.474,0.175,3.14,0.001,0.001,1.152,1.25,0.286,1.51
888,Maurício Magalhães Prado,MID,4.6,Paraguay,PAR,1.045,1.046,0.999,4.28,0.004,0.004,0.933,1.795,0.166,0.289,1.05,0.275,4.28,0.005,0.005,1.005,1.642,0.194,0.099,1.051,0.094,4.28,0.005,0.005,1.027,1.394,0.248,0.039,1.045,0.037,4.28,0.004,0.004,0.915,1.663,0.19,0.039,1.045,0.037,4.28,0.004,0.004,0.9,1.65,0.192,1.51
889,Alejandro Romero,MID,4.7,Paraguay,PAR,1.045,1.046,0.999,4.28,0.004,0.004,0.933,1.795,0.166,0.289,1.05,0.275,4.28,0.005,0.005,1.005,1.642,0.194,0.099,1.051,0.094,4.28,0.005,0.005,1.027,1.394,0.248,0.039,1.045,0.037,4.28,0.004,0.004,0.915,1.663,0.19,0.039,1.045,0.037,4.28,0.004,0.004,0.9,1.65,0.192,1.51
755,Guillermo Ochoa,GK,4.2,Mexico,MEX,0.785,0.785,1.0,0.3,0.0,0.0,2.163,0.735,0.479,0.518,0.632,0.819,0.3,0.0,0.0,1.42,1.0,0.368,0.124,0.25,0.495,0.3,0.0,0.0,1.021,1.535,0.216,0.033,0.188,0.176,0.3,0.0,0.0,0.889,1.613,0.199,0.051,0.291,0.176,0.3,0.0,0.0,1.025,1.482,0.227,1.51
756,Carlos Acevedo,GK,4.0,Mexico,MEX,0.785,0.785,1.0,0.3,0.0,0.0,2.163,0.735,0.479,0.518,0.632,0.819,0.3,0.0,0.0,1.42,1.0,0.368,0.124,0.25,0.495,0.3,0.0,0.0,1.021,1.535,0.216,0.033,0.188,0.176,0.3,0.0,0.0,0.889,1.613,0.199,0.051,0.291,0.176,0.3,0.0,0.0,1.025,1.482,0.227,1.51
151,Samed Bazdar,FWD,4.5,Bosnia and Herzegovina,BIH,1.177,1.177,1.0,13.61,0.021,0.009,0.831,2.287,0.102,0.234,1.207,0.194,13.61,0.025,0.011,0.974,1.744,0.175,0.072,1.148,0.063,13.61,0.018,0.008,0.694,2.514,0.081,0.01,1.159,0.009,13.61,0.019,0.008,0.749,2.436,0.087,0.01,1.15,0.009,13.61,0.018,0.008,0.706,2.488,0.083,1.5
892,Braian Ojeda,MID,5.6,Paraguay,PAR,1.034,1.035,0.999,6.28,0.004,0.002,0.933,1.795,0.166,0.285,1.038,0.275,6.28,0.004,0.002,1.005,1.642,0.194,0.098,1.039,0.094,6.28,0.004,0.002,1.027,1.394,0.248,0.039,1.035,0.037,6.28,0.004,0.002,0.915,1.663,0.19,0.039,1.034,0.037,6.28,0.004,0.002,0.9,1.65,0.192,1.5
2074,Lutsharel Geertruida,DEF,4.3,Netherlands,NED,0.667,0.667,1.0,14.4,0.004,0.004,1.328,1.016,0.362,0.48,0.797,0.602,14.4,0.006,0.006,2.003,0.84,0.432,0.172,0.37,0.464,14.4,0.004,0.004,1.316,1.437,0.238,0.089,0.416,0.215,14.4,0.004,0.004,1.294,1.376,0.253,0.084,0.39,0.215,14.4,0.004,0.003,1.227,1.407,0.245,1.49
1125,Anthony Elanga,FWD,5.8,Sweden,SWE,1.191,1.191,1.0,26.85,0.013,0.033,0.737,2.223,0.108,0.216,1.237,0.175,26.85,0.017,0.04,0.915,1.966,0.14,0.058,1.233,0.047,26.85,0.016,0.04,0.898,2.125,0.119,0.013,1.204,0.011,26.85,0.014,0.035,0.789,2.221,0.109,0.014,1.24,0.011,26.85,0.017,0.041,0.926,2.007,0.134,1.49
320,Jean Michaël Seri,MID,5.5,Côte d'Ivoire,CIV,1.085,1.085,1.0,10.12,0.008,0.007,0.879,1.952,0.142,0.267,1.091,0.245,10.12,0.008,0.008,0.938,1.84,0.159,0.074,1.092,0.068,10.12,0.008,0.008,0.948,1.558,0.21,0.025,1.078,0.023,10.12,0.007,0.007,0.806,1.93,0.145,0.025,1.09,0.023,10.12,0.008,0.008,0.934,1.78,0.169,1.48
922,Tomás Araújo,DEF,4.1,Portugal,POR,0.716,0.716,1.0,1.22,0.001,0.001,1.901,0.876,0.417,0.363,0.495,0.734,1.22,0.0,0.001,1.376,1.214,0.297,0.2,0.503,0.398,1.22,0.0,0.001,1.419,1.203,0.3,0.103,0.474,0.216,1.22,0.0,0.001,1.344,1.243,0.289,0.099,0.456,0.216,1.22,0.0,0.001,1.279,1.268,0.281,1.48
263,David Ospina,GK,4.0,Colombia,COL,0.739,0.739,1.0,0.14,0.0,0.0,1.737,0.822,0.44,0.397,0.549,0.724,0.14,0.0,0.0,1.239,1.128,0.324,0.173,0.451,0.384,0.14,0.0,0.0,1.157,1.267,0.282,0.086,0.488,0.175,0.14,0.0,0.0,1.183,1.216,0.296,0.081,0.463,0.175,0.14,0.0,0.0,1.152,1.25,0.286,1.48
264,Álvaro Montero,GK,3.8,Colombia,COL,0.739,0.739,1.0,3.05,0.0,0.0,1.737,0.822,0.44,0.397,0.549,0.724,3.05,0.0,0.0,1.239,1.128,0.324,0.173,0.451,0.384,3.05,0.0,0.0,1.157,1.267,0.282,0.086,0.488,0.175,3.05,0.0,0.0,1.183,1.216,0.296,0.081,0.463,0.175,3.05,0.0,0.0,1.152,1.25,0.286,1.48
1345,Alex Sandro,DEF,4.5,Brazil,BRA,0.646,0.646,1.0,11.36,0.004,0.004,1.743,1.051,0.35,0.359,0.525,0.684,11.36,0.003,0.003,1.535,1.22,0.295,0.242,0.614,0.394,11.36,0.003,0.003,1.543,1.091,0.336,0.105,0.435,0.241,11.36,0.003,0.003,1.288,1.336,0.263,0.12,0.499,0.241,11.36,0.003,0.003,1.459,1.255,0.285,1.47
932,José Sá,GK,4.7,Portugal,POR,0.708,0.708,1.0,0.15,0.0,0.0,1.901,0.876,0.417,0.359,0.489,0.734,0.15,0.0,0.0,1.376,1.214,0.297,0.198,0.497,0.398,0.15,0.0,0.0,1.419,1.203,0.3,0.101,0.469,0.216,0.15,0.0,0.0,1.344,1.243,0.289,0.097,0.45,0.216,0.15,0.0,0.0,1.279,1.268,0.281,1.46
159,Armin Gigovic,MID,5.1,Bosnia and Herzegovina,BIH,1.132,1.132,1.0,29.4,0.01,0.017,0.831,2.287,0.102,0.224,1.155,0.194,29.4,0.012,0.02,0.974,1.744,0.175,0.07,1.11,0.063,29.4,0.008,0.014,0.694,2.514,0.081,0.01,1.119,0.009,29.4,0.009,0.015,0.749,2.436,0.087,0.01,1.112,0.009,29.4,0.009,0.014,0.706,2.488,0.083,1.45
1994,Kamaldeen Sulemana,FWD,5.1,Ghana,GHA,1.193,1.194,1.0,17.34,0.018,0.023,0.667,2.188,0.112,0.197,1.208,0.163,17.34,0.019,0.025,0.718,2.142,0.117,0.035,1.194,0.03,17.34,0.018,0.023,0.67,2.431,0.088,0.006,1.2,0.005,17.34,0.018,0.024,0.688,2.311,0.099,0.006,1.206,0.005,17.34,0.019,0.025,0.712,2.228,0.108,1.44
848,Marcus Pedersen,DEF,4.1,Norway,NOR,0.728,0.728,1.0,9.84,0.004,0.005,1.893,0.927,0.396,0.318,0.432,0.735,9.84,0.003,0.004,1.452,1.346,0.26,0.219,0.571,0.384,9.84,0.003,0.004,1.481,1.153,0.316,0.085,0.375,0.227,9.84,0.003,0.003,1.255,1.416,0.243,0.094,0.415,0.227,9.84,0.003,0.004,1.331,1.365,0.255,1.44
314,Bazoumana Touré,FWD,4.5,Côte d'Ivoire,CIV,1.061,1.061,1.0,5.14,0.006,0.007,0.879,1.952,0.142,0.261,1.065,0.245,5.14,0.006,0.008,0.938,1.84,0.159,0.072,1.066,0.068,5.14,0.006,0.008,0.948,1.558,0.21,0.024,1.056,0.023,5.14,0.005,0.007,0.806,1.93,0.145,0.025,1.065,0.023,5.14,0.006,0.008,0.934,1.78,0.169,1.44
803,Jorrel Hato,DEF,4.3,Netherlands,NED,0.65,0.65,1.0,9.0,0.002,0.002,1.328,1.016,0.362,0.464,0.771,0.602,9.0,0.004,0.004,2.003,0.84,0.432,0.164,0.354,0.464,9.0,0.002,0.002,1.316,1.437,0.238,0.086,0.399,0.215,9.0,0.002,0.002,1.294,1.376,0.253,0.081,0.374,0.215,9.0,0.002,0.002,1.227,1.407,0.245,1.44
1262,Mark McKenzie,DEF,3.9,USA,USA,0.724,0.724,1.0,1.32,0.001,0.001,2.132,0.864,0.422,0.481,0.618,0.778,1.32,0.0,0.001,1.596,1.033,0.356,0.122,0.241,0.505,1.32,0.0,0.001,1.115,1.551,0.212,0.061,0.314,0.195,1.32,0.0,0.001,1.218,1.459,0.232,0.054,0.277,0.195,1.32,0.0,0.001,1.126,1.506,0.222,1.44
169,Bremer,DEF,4.3,Brazil,BRA,0.632,0.632,1.0,3.21,0.003,0.003,1.743,1.051,0.35,0.351,0.513,0.684,3.21,0.002,0.003,1.535,1.22,0.295,0.237,0.602,0.394,3.21,0.002,0.003,1.543,1.091,0.336,0.103,0.425,0.241,3.21,0.002,0.002,1.288,1.336,0.263,0.118,0.488,0.241,3.21,0.002,0.003,1.459,1.255,0.285,1.44
2032,Miles Robinson,DEF,4.0,USA,USA,0.718,0.718,1.0,0.54,0.0,0.0,2.132,0.864,0.422,0.477,0.613,0.778,0.54,0.0,0.0,1.596,1.033,0.356,0.12,0.238,0.505,0.54,0.0,0.0,1.115,1.551,0.212,0.06,0.31,0.195,0.54,0.0,0.0,1.218,1.459,0.232,0.053,0.274,0.195,0.54,0.0,0.0,1.126,1.506,0.222,1.43
1990,Abdul Fatawu,FWD,6.4,Ghana,GHA,1.187,1.188,1.0,20.54,0.022,0.013,0.667,2.188,0.112,0.196,1.202,0.163,20.54,0.023,0.013,0.718,2.142,0.117,0.035,1.188,0.03,20.54,0.022,0.013,0.67,2.431,0.088,0.006,1.194,0.005,20.54,0.022,0.013,0.688,2.311,0.099,0.006,1.2,0.005,20.54,0.023,0.013,0.712,2.228,0.108,1.43
298,Christ Inao Oulaï,MID,4.6,Côte d'Ivoire,CIV,1.05,1.05,1.0,8.6,0.004,0.006,0.879,1.952,0.142,0.258,1.053,0.245,8.6,0.004,0.006,0.938,1.84,0.159,0.071,1.054,0.068,8.6,0.004,0.006,0.948,1.558,0.21,0.024,1.046,0.023,8.6,0.004,0.005,0.806,1.93,0.145,0.024,1.053,0.023,8.6,0.004,0.006,0.934,1.78,0.169,1.43
1270,Matt Turner,GK,4.0,USA,USA,0.715,0.715,1.0,8.15,0.0,0.0,2.132,0.864,0.422,0.475,0.611,0.778,8.15,0.0,0.0,1.596,1.033,0.356,0.119,0.237,0.505,8.15,0.0,0.0,1.115,1.551,0.212,0.06,0.308,0.195,8.15,0.0,0.0,1.218,1.459,0.232,0.053,0.273,0.195,8.15,0.0,0.0,1.126,1.506,0.222,1.42
170,Léo Pereira,DEF,4.2,Brazil,BRA,0.622,0.622,1.0,3.21,0.002,0.001,1.743,1.051,0.35,0.345,0.504,0.684,3.21,0.002,0.001,1.535,1.22,0.295,0.233,0.593,0.394,3.21,0.002,0.001,1.543,1.091,0.336,0.101,0.417,0.241,3.21,0.002,0.001,1.288,1.336,0.263,0.116,0.479,0.241,3.21,0.002,0.001,1.459,1.255,0.285,1.42
166,Ibañez,DEF,4.4,Brazil,BRA,0.621,0.621,1.0,3.56,0.002,0.002,1.743,1.051,0.35,0.344,0.504,0.684,3.56,0.001,0.002,1.535,1.22,0.295,0.233,0.592,0.394,3.56,0.001,0.002,1.543,1.091,0.336,0.101,0.417,0.241,3.56,0.001,0.002,1.288,1.336,0.263,0.115,0.478,0.241,3.56,0.001,0.002,1.459,1.255,0.285,1.41
1237,Federico Viñas,FWD,5.9,Uruguay,URU,0.718,1.836,0.391,46.6,0.113,0.02,1.293,1.215,0.297,0.37,1.766,0.21,46.6,0.103,0.018,1.183,1.258,0.284,0.168,1.71,0.098,46.6,0.096,0.017,1.095,1.41,0.244,0.071,1.687,0.042,46.6,0.092,0.016,1.06,1.463,0.232,0.069,1.653,0.042,46.6,0.088,0.015,1.007,1.481,0.227,1.4
1043,Ismaïla Sarr,FWD,6.2,Senegal,SEN,0.779,1.632,0.477,27.17,0.084,0.018,1.136,1.204,0.3,0.37,1.613,0.229,27.17,0.081,0.017,1.101,1.282,0.277,0.148,1.497,0.099,27.17,0.066,0.014,0.892,1.603,0.201,0.046,1.533,0.03,27.17,0.071,0.015,0.958,1.496,0.224,0.046,1.515,0.03,27.17,0.068,0.014,0.924,1.505,0.222,1.39
810,Mark Flekken,GK,4.7,Netherlands,NED,0.622,0.622,1.0,2.86,0.0,0.0,1.328,1.016,0.362,0.439,0.728,0.602,2.86,0.0,0.0,2.003,0.84,0.432,0.151,0.325,0.464,2.86,0.0,0.0,1.316,1.437,0.238,0.08,0.371,0.215,2.86,0.0,0.0,1.294,1.376,0.253,0.075,0.348,0.215,2.86,0.0,0.0,1.227,1.407,0.245,1.37
319,Parfait Guiagon,MID,4.9,Côte d'Ivoire,CIV,1.009,1.009,1.0,1.06,0.001,0.001,0.879,1.952,0.142,0.248,1.01,0.245,1.06,0.001,0.001,0.938,1.84,0.159,0.068,1.01,0.068,1.06,0.001,0.001,0.948,1.558,0.21,0.023,1.008,0.023,1.06,0.001,0.001,0.806,1.93,0.145,0.023,1.01,0.023,1.06,0.001,0.001,0.934,1.78,0.169,1.37
182,Ederson,GK,5.0,Brazil,BRA,0.6,0.6,1.0,8.71,0.0,0.0,1.743,1.051,0.35,0.331,0.484,0.684,8.71,0.0,0.0,1.535,1.22,0.295,0.226,0.573,0.394,8.71,0.0,0.0,1.543,1.091,0.336,0.097,0.401,0.241,8.71,0.0,0.0,1.288,1.336,0.263,0.111,0.46,0.241,8.71,0.0,0.0,1.459,1.255,0.285,1.36
1343,Weverton,GK,4.5,Brazil,BRA,0.6,0.6,1.0,3.21,0.0,0.0,1.743,1.051,0.35,0.331,0.484,0.684,3.21,0.0,0.0,1.535,1.22,0.295,0.226,0.573,0.394,3.21,0.0,0.0,1.543,1.091,0.336,0.097,0.401,0.241,3.21,0.0,0.0,1.288,1.336,0.263,0.111,0.46,0.241,3.21,0.0,0.0,1.459,1.255,0.285,1.36
851,Fredrik Bjørkan,DEF,4.0,Norway,NOR,0.683,0.683,1.0,0.9,0.0,0.0,1.893,0.927,0.396,0.292,0.397,0.735,0.9,0.0,0.0,1.452,1.346,0.26,0.206,0.536,0.384,0.9,0.0,0.0,1.481,1.153,0.316,0.078,0.345,0.227,0.9,0.0,0.0,1.255,1.416,0.243,0.087,0.383,0.227,0.9,0.0,0.0,1.331,1.365,0.255,1.35
293,Samuel Moutoussamy,MID,5.1,Congo DR,COD,1.102,2.52,0.437,88.26,0.04,0.018,0.707,2.165,0.115,0.202,2.516,0.08,88.26,0.039,0.017,0.696,2.142,0.117,0.037,2.54,0.015,88.26,0.043,0.019,0.759,2.251,0.105,0.006,2.511,0.002,88.26,0.039,0.017,0.694,2.18,0.113,0.006,2.564,0.002,88.26,0.044,0.02,0.779,2.143,0.117,1.35
527,Waldemar Anton,DEF,3.9,Germany,GER,0.76,0.76,1.0,14.41,0.009,0.005,2.094,0.955,0.385,0.249,0.332,0.749,14.41,0.006,0.004,1.397,1.515,0.22,0.197,0.57,0.346,14.41,0.007,0.004,1.666,1.212,0.298,0.077,0.366,0.21,14.41,0.006,0.004,1.436,1.473,0.229,0.07,0.336,0.21,14.41,0.006,0.003,1.365,1.508,0.221,1.35
296,Edo Kayembe,MID,5.6,Congo DR,COD,1.094,2.501,0.437,60.95,0.031,0.029,0.707,2.165,0.115,0.2,2.497,0.08,60.95,0.03,0.028,0.696,2.142,0.117,0.037,2.519,0.015,60.95,0.033,0.031,0.759,2.251,0.105,0.006,2.492,0.002,60.95,0.03,0.028,0.694,2.18,0.113,0.006,2.542,0.002,60.95,0.034,0.032,0.779,2.143,0.117,1.34
1113,Lucas Bergvall,MID,5.1,Sweden,SWE,1.077,1.077,1.0,11.9,0.005,0.013,0.737,2.223,0.108,0.191,1.096,0.175,11.9,0.006,0.016,0.915,1.966,0.14,0.051,1.094,0.047,11.9,0.006,0.016,0.898,2.125,0.119,0.012,1.083,0.011,11.9,0.005,0.014,0.789,2.221,0.109,0.012,1.097,0.011,11.9,0.006,0.016,0.926,2.007,0.134,1.34
1117,Mattias Svanberg,MID,6.1,Sweden,SWE,1.07,1.07,1.0,10.2,0.006,0.007,0.737,2.223,0.108,0.19,1.086,0.175,10.2,0.007,0.009,0.915,1.966,0.14,0.051,1.085,0.047,10.2,0.007,0.009,0.898,2.125,0.119,0.012,1.074,0.011,10.2,0.006,0.008,0.789,2.221,0.109,0.012,1.087,0.011,10.2,0.007,0.009,0.926,2.007,0.134,1.34
1714,Sondre Langås,DEF,4.0,Norway,NOR,0.681,0.681,1.0,0.6,0.0,0.0,1.893,0.927,0.396,0.291,0.397,0.735,0.6,0.0,0.0,1.452,1.346,0.26,0.205,0.535,0.384,0.6,0.0,0.0,1.481,1.153,0.316,0.078,0.344,0.227,0.6,0.0,0.0,1.255,1.416,0.243,0.087,0.382,0.227,0.6,0.0,0.0,1.331,1.365,0.255,1.34
405,Félix Torres,DEF,3.9,Ecuador,ECU,0.751,0.751,1.0,37.83,0.018,0.028,1.184,1.193,0.303,0.373,0.746,0.5,37.83,0.017,0.026,1.134,1.185,0.306,0.106,0.451,0.236,37.83,0.015,0.022,0.952,1.532,0.216,0.049,0.614,0.08,37.83,0.016,0.025,1.065,1.348,0.26,0.049,0.611,0.08,37.83,0.017,0.025,1.086,1.359,0.257,1.33
860,Egil Selvik,GK,3.8,Norway,NOR,0.677,0.677,1.0,4.75,0.0,0.0,1.893,0.927,0.396,0.289,0.393,0.735,4.75,0.0,0.0,1.452,1.346,0.26,0.204,0.532,0.384,4.75,0.0,0.0,1.481,1.153,0.316,0.078,0.342,0.227,4.75,0.0,0.0,1.255,1.416,0.243,0.086,0.379,0.227,4.75,0.0,0.0,1.331,1.365,0.255,1.33
162,Amir Hadziahmetovic,MID,5.5,Bosnia and Herzegovina,BIH,1.04,1.04,1.0,2.64,0.005,0.001,0.831,2.287,0.102,0.203,1.046,0.194,2.64,0.005,0.001,0.974,1.744,0.175,0.065,1.033,0.063,2.64,0.004,0.001,0.694,2.514,0.081,0.009,1.036,0.009,2.64,0.004,0.001,0.749,2.436,0.087,0.009,1.034,0.009,2.64,0.004,0.001,0.706,2.488,0.083,1.33
1109,Besfort Zeneli,MID,4.7,Sweden,SWE,1.057,1.057,1.0,8.3,0.005,0.006,0.737,2.223,0.108,0.187,1.07,0.175,8.3,0.006,0.008,0.915,1.966,0.14,0.05,1.069,0.047,8.3,0.006,0.007,0.898,2.125,0.119,0.012,1.061,0.011,8.3,0.005,0.007,0.789,2.221,0.109,0.012,1.071,0.011,8.3,0.006,0.008,0.926,2.007,0.134,1.32
2062,Herman Johansson,MID,4.4,Sweden,SWE,1.047,1.047,1.0,6.82,0.004,0.005,0.737,2.223,0.108,0.185,1.058,0.175,6.82,0.005,0.006,0.915,1.966,0.14,0.05,1.057,0.047,6.82,0.005,0.006,0.898,2.125,0.119,0.011,1.05,0.011,6.82,0.004,0.005,0.789,2.221,0.109,0.012,1.058,0.011,6.82,0.005,0.006,0.926,2.007,0.134,1.3
1985,Kwasi Sibo,MID,4.7,Ghana,GHA,1.081,1.082,1.0,29.64,0.008,0.005,0.667,2.188,0.112,0.177,1.088,0.163,29.64,0.009,0.005,0.718,2.142,0.117,0.032,1.082,0.03,29.64,0.008,0.005,0.67,2.431,0.088,0.005,1.084,0.005,29.64,0.009,0.005,0.688,2.311,0.099,0.005,1.087,0.005,29.64,0.009,0.005,0.712,2.228,0.108,1.3
1993,Brandon Thomas-Asante,FWD,5.1,Ghana,GHA,1.085,1.085,1.0,4.94,0.011,0.003,0.667,2.188,0.112,0.178,1.092,0.163,4.94,0.012,0.003,0.718,2.142,0.117,0.032,1.086,0.03,4.94,0.011,0.003,0.67,2.431,0.088,0.005,1.088,0.005,4.94,0.011,0.003,0.688,2.311,0.099,0.005,1.091,0.005,4.94,0.012,0.003,0.712,2.228,0.108,1.3
1991,Christopher Bonsu Baah,FWD,4.5,Ghana,GHA,1.064,1.065,1.0,6.14,0.004,0.013,0.667,2.188,0.112,0.175,1.07,0.163,6.14,0.004,0.014,0.718,2.142,0.117,0.031,1.065,0.03,6.14,0.004,0.013,0.67,2.431,0.088,0.005,1.067,0.005,6.14,0.004,0.014,0.688,2.311,0.099,0.005,1.069,0.005,6.14,0.004,0.014,0.712,2.228,0.108,1.28
105,Florian Grillitsch,MID,5.5,Austria,AUT,0.917,1.078,0.851,12.24,0.007,0.007,0.907,2.094,0.123,0.229,1.088,0.211,12.24,0.008,0.008,1.029,1.744,0.175,0.074,1.095,0.068,12.24,0.009,0.009,1.113,1.698,0.183,0.026,1.085,0.024,12.24,0.008,0.008,0.995,1.91,0.148,0.026,1.081,0.024,12.24,0.007,0.007,0.945,1.939,0.144,1.27
117,Thomas Meunier,DEF,4.8,Belgium,BEL,0.921,1.031,0.893,57.69,0.041,0.043,1.475,1.15,0.317,0.18,0.337,0.532,57.69,0.029,0.029,1.019,1.849,0.157,0.097,0.594,0.163,57.69,0.031,0.032,1.108,1.573,0.207,0.033,0.529,0.062,57.69,0.031,0.032,1.111,1.654,0.191,0.031,0.503,0.062,57.69,0.031,0.032,1.096,1.681,0.186,1.26
1989,Prince Adu,FWD,4.0,Ghana,GHA,1.048,1.049,1.0,4.24,0.006,0.001,0.667,2.188,0.112,0.172,1.052,0.163,4.24,0.007,0.001,0.718,2.142,0.117,0.031,1.049,0.03,4.24,0.007,0.001,0.67,2.431,0.088,0.005,1.05,0.005,4.24,0.007,0.001,0.688,2.311,0.099,0.005,1.052,0.005,4.24,0.007,0.001,0.712,2.228,0.108,1.26
1984,Elisha Owusu,MID,5.3,Ghana,GHA,1.049,1.049,1.0,18.14,0.005,0.003,0.667,2.188,0.112,0.172,1.053,0.163,18.14,0.005,0.003,0.718,2.142,0.117,0.031,1.05,0.03,18.14,0.005,0.003,0.67,2.431,0.088,0.005,1.051,0.005,18.14,0.005,0.003,0.688,2.311,0.099,0.005,1.053,0.005,18.14,0.005,0.003,0.712,2.228,0.108,1.26
1127,Gustaf Nilsson,FWD,4.9,Sweden,SWE,1.006,1.006,1.0,0.5,0.001,0.0,0.737,2.223,0.108,0.176,1.008,0.175,0.5,0.001,0.0,0.915,1.966,0.14,0.047,1.007,0.047,0.5,0.001,0.0,0.898,2.125,0.119,0.011,1.006,0.011,0.5,0.001,0.0,0.789,2.221,0.109,0.011,1.008,0.011,0.5,0.001,0.0,0.926,2.007,0.134,1.25
1445,Augustine Boakye,MID,4.9,Ghana,GHA,1.032,1.033,1.0,4.24,0.003,0.003,0.667,2.188,0.112,0.169,1.035,0.163,4.24,0.003,0.003,0.718,2.142,0.117,0.03,1.033,0.03,4.24,0.003,0.003,0.67,2.431,0.088,0.005,1.034,0.005,4.24,0.003,0.003,0.688,2.311,0.099,0.005,1.035,0.005,4.24,0.003,0.003,0.712,2.228,0.108,1.24
735,Bae Jun-Ho,MID,5.9,Korea Republic,KOR,0.869,1.367,0.636,56.98,0.032,0.038,0.974,1.787,0.167,0.27,1.337,0.202,56.98,0.029,0.035,0.895,1.801,0.165,0.073,1.277,0.057,56.98,0.024,0.028,0.734,2.09,0.124,0.014,1.299,0.011,56.98,0.026,0.031,0.793,1.987,0.137,0.014,1.284,0.011,56.98,0.025,0.029,0.752,2.016,0.133,1.24
1955,Salem Al Dawsari,MID,7.2,Saudi Arabia,KSA,1.09,3.191,0.341,85.0,0.091,0.091,0.483,3.225,0.04,0.119,3.926,0.03,85.0,0.143,0.144,0.761,1.98,0.138,0.023,3.538,0.007,85.0,0.114,0.114,0.605,2.254,0.105,0.003,3.494,0.001,85.0,0.113,0.113,0.601,2.642,0.071,0.003,3.45,0.001,85.0,0.109,0.109,0.578,2.524,0.08,1.24
400,Pervis Estupiñán,DEF,4.8,Ecuador,ECU,0.695,0.695,1.0,34.33,0.015,0.019,1.184,1.193,0.303,0.346,0.692,0.5,34.33,0.014,0.018,1.134,1.185,0.306,0.096,0.406,0.236,34.33,0.012,0.015,0.952,1.532,0.216,0.045,0.564,0.08,34.33,0.013,0.017,1.065,1.348,0.26,0.045,0.559,0.08,34.33,0.014,0.018,1.086,1.359,0.257,1.23
725,Cho Gue-Sung,FWD,5.3,Korea Republic,KOR,0.863,1.357,0.636,20.92,0.044,0.017,0.974,1.787,0.167,0.268,1.328,0.202,20.92,0.04,0.016,0.895,1.801,0.165,0.073,1.27,0.057,20.92,0.033,0.013,0.734,2.09,0.124,0.014,1.291,0.011,20.92,0.036,0.014,0.793,1.987,0.137,0.014,1.276,0.011,20.92,0.034,0.013,0.752,2.016,0.133,1.23
1961,Alphonso Davies,DEF,4.9,Canada,CAN,0.973,0.973,1.0,27.36,0.012,0.061,1.472,0.922,0.398,0.231,0.346,0.669,27.36,0.008,0.038,0.912,1.642,0.194,0.009,0.045,0.203,27.36,0.007,0.037,0.884,1.995,0.136,0.007,0.136,0.051,27.36,0.007,0.036,0.869,1.885,0.152,0.006,0.123,0.051,27.36,0.007,0.035,0.838,1.893,0.151,1.23
1030,Pape Matar Sarr,MID,5.6,Senegal,SEN,0.68,1.423,0.477,27.18,0.039,0.038,1.136,1.204,0.3,0.323,1.41,0.229,27.18,0.038,0.037,1.101,1.282,0.277,0.132,1.333,0.099,27.18,0.031,0.03,0.892,1.603,0.201,0.041,1.357,0.03,27.18,0.033,0.032,0.958,1.496,0.224,0.04,1.344,0.03,27.18,0.032,0.031,0.924,1.505,0.222,1.22
1144,Silvan Widmer,DEF,4.2,Switzerland,SUI,0.741,0.741,1.0,36.36,0.022,0.013,1.222,1.189,0.305,0.326,0.648,0.503,36.36,0.021,0.013,1.204,1.315,0.269,0.069,0.297,0.233,36.36,0.018,0.011,1.007,1.717,0.18,0.04,0.511,0.078,36.36,0.02,0.012,1.144,1.482,0.227,0.039,0.496,0.078,36.36,0.021,0.013,1.159,1.505,0.222,1.21
104,Alessandro Schöpf,MID,5.3,Austria,AUT,0.866,1.017,0.851,1.73,0.002,0.002,0.907,2.094,0.123,0.215,1.02,0.211,1.73,0.002,0.002,1.029,1.744,0.175,0.069,1.021,0.068,1.73,0.002,0.002,1.113,1.698,0.183,0.024,1.019,0.024,1.73,0.002,0.002,0.995,1.91,0.148,0.024,1.018,0.024,1.73,0.002,0.002,0.945,1.939,0.144,1.2
1222,Facundo Pellistri,MID,5.2,Uruguay,URU,0.606,1.55,0.391,37.87,0.054,0.04,1.293,1.215,0.297,0.315,1.504,0.21,37.87,0.05,0.037,1.183,1.258,0.284,0.144,1.467,0.098,37.87,0.046,0.034,1.095,1.41,0.244,0.061,1.452,0.042,37.87,0.044,0.033,1.06,1.463,0.232,0.06,1.429,0.042,37.87,0.042,0.031,1.007,1.481,0.227,1.19
1247,Giorgian de Arrascaeta,MID,6.5,Uruguay,URU,0.605,1.547,0.391,14.84,0.047,0.056,1.293,1.215,0.297,0.314,1.5,0.21,14.84,0.043,0.052,1.183,1.258,0.284,0.144,1.463,0.098,14.84,0.04,0.048,1.095,1.41,0.244,0.061,1.448,0.042,14.84,0.039,0.046,1.06,1.463,0.232,0.06,1.426,0.042,14.84,0.037,0.044,1.007,1.481,0.227,1.18
522,Malick Thiaw,DEF,4.7,Germany,GER,0.676,0.676,1.0,1.69,0.002,0.001,2.094,0.955,0.385,0.207,0.276,0.749,1.69,0.001,0.0,1.397,1.515,0.22,0.174,0.503,0.346,1.69,0.001,0.001,1.666,1.212,0.298,0.065,0.309,0.21,1.69,0.001,0.0,1.436,1.473,0.229,0.059,0.281,0.21,1.69,0.001,0.0,1.365,1.508,0.221,1.18
273,Arthur Masuaku,DEF,4.2,Congo DR,COD,0.961,2.196,0.437,83.52,0.021,0.104,0.707,2.165,0.115,0.178,2.224,0.08,83.52,0.021,0.103,0.696,2.142,0.117,0.031,2.105,0.015,83.52,0.023,0.112,0.759,2.251,0.105,0.005,2.16,0.002,83.52,0.021,0.102,0.694,2.18,0.113,0.005,2.3,0.002,83.52,0.024,0.115,0.779,2.143,0.117,1.18
13,Anis Hadj Moussa,FWD,5.3,Algeria,ALG,0.851,1.274,0.668,20.0,0.033,0.015,0.883,2.002,0.135,0.224,1.302,0.172,20.0,0.036,0.017,0.973,1.747,0.174,0.07,1.295,0.054,20.0,0.035,0.016,0.951,1.884,0.152,0.019,1.282,0.015,20.0,0.034,0.016,0.909,1.97,0.14,0.019,1.272,0.015,20.0,0.033,0.015,0.876,1.974,0.139,1.18
12,Ibrahim Maza,FWD,5.4,Algeria,ALG,0.852,1.276,0.668,29.51,0.03,0.021,0.883,2.002,0.135,0.224,1.304,0.172,29.51,0.034,0.023,0.973,1.747,0.174,0.07,1.297,0.054,29.51,0.033,0.023,0.951,1.884,0.152,0.019,1.284,0.015,29.51,0.031,0.022,0.909,1.97,0.14,0.019,1.274,0.015,29.51,0.03,0.021,0.876,1.974,0.139,1.18
26,Houssem Aouar,MID,6.0,Algeria,ALG,0.835,1.25,0.668,22.53,0.027,0.011,0.883,2.002,0.135,0.219,1.276,0.172,22.53,0.03,0.012,0.973,1.747,0.174,0.068,1.27,0.054,22.53,0.03,0.011,0.951,1.884,0.152,0.019,1.258,0.015,22.53,0.028,0.011,0.909,1.97,0.14,0.019,1.248,0.015,22.53,0.027,0.011,0.876,1.974,0.139,1.16
534,Oliver Baumann,GK,4.3,Germany,GER,0.66,0.66,1.0,6.9,0.0,0.0,2.094,0.955,0.385,0.199,0.265,0.749,6.9,0.0,0.0,1.397,1.515,0.22,0.17,0.49,0.346,6.9,0.0,0.0,1.666,1.212,0.298,0.062,0.298,0.21,6.9,0.0,0.0,1.436,1.473,0.229,0.057,0.271,0.21,6.9,0.0,0.0,1.365,1.508,0.221,1.15
533,Alexander Nübel,GK,4.7,Germany,GER,0.66,0.66,1.0,1.1,0.0,0.0,2.094,0.955,0.385,0.199,0.265,0.749,1.1,0.0,0.0,1.397,1.515,0.22,0.17,0.49,0.346,1.1,0.0,0.0,1.666,1.212,0.298,0.062,0.298,0.21,1.1,0.0,0.0,1.436,1.473,0.229,0.057,0.271,0.21,1.1,0.0,0.0,1.365,1.508,0.221,1.15
972,Musab Al Juwayr,MID,4.1,Saudi Arabia,KSA,1.007,2.948,0.341,64.58,0.065,0.081,0.483,3.225,0.04,0.108,3.552,0.03,64.58,0.103,0.128,0.761,1.98,0.138,0.021,3.237,0.007,64.58,0.082,0.102,0.605,2.254,0.105,0.003,3.195,0.001,64.58,0.081,0.101,0.601,2.642,0.071,0.003,3.162,0.001,64.58,0.078,0.097,0.578,2.524,0.08,1.14
1055,Lamine Camara,MID,6.2,Senegal,SEN,0.631,1.322,0.477,24.14,0.024,0.043,1.136,1.204,0.3,0.301,1.312,0.229,24.14,0.023,0.042,1.101,1.282,0.277,0.124,1.253,0.099,24.14,0.019,0.034,0.892,1.603,0.201,0.038,1.271,0.03,24.14,0.02,0.036,0.958,1.496,0.224,0.038,1.262,0.03,24.14,0.02,0.035,0.924,1.505,0.222,1.13
23,Ramiz Zerrouki,MID,5.3,Algeria,ALG,0.79,1.182,0.668,33.97,0.019,0.009,0.883,2.002,0.135,0.206,1.2,0.172,33.97,0.021,0.01,0.973,1.747,0.174,0.064,1.196,0.054,33.97,0.021,0.01,0.951,1.884,0.152,0.018,1.187,0.015,33.97,0.02,0.009,0.909,1.97,0.14,0.018,1.18,0.015,33.97,0.019,0.009,0.876,1.974,0.139,1.1
403,Ángelo Preciado,DEF,4.3,Ecuador,ECU,0.628,0.628,1.0,30.44,0.009,0.016,1.184,1.193,0.303,0.314,0.629,0.5,30.44,0.008,0.015,1.134,1.185,0.306,0.083,0.352,0.236,30.44,0.007,0.013,0.952,1.532,0.216,0.04,0.504,0.08,30.44,0.008,0.014,1.065,1.348,0.26,0.04,0.498,0.08,30.44,0.008,0.014,1.086,1.359,0.257,1.1
2049,Nabil Bentaleb,MID,5.5,Algeria,ALG,0.788,1.18,0.668,34.16,0.016,0.017,0.883,2.002,0.135,0.206,1.198,0.172,34.16,0.018,0.019,0.973,1.747,0.174,0.064,1.194,0.054,34.16,0.017,0.018,0.951,1.884,0.152,0.018,1.185,0.015,34.16,0.017,0.017,0.909,1.97,0.14,0.018,1.178,0.015,34.16,0.016,0.017,0.876,1.974,0.139,1.09
992,Feras Al Brikan,FWD,5.3,Saudi Arabia,KSA,0.938,2.746,0.341,74.39,0.101,0.011,0.483,3.225,0.04,0.096,3.166,0.03,74.39,0.159,0.017,0.761,1.98,0.138,0.019,2.932,0.007,74.39,0.126,0.013,0.605,2.254,0.105,0.002,2.925,0.001,74.39,0.125,0.013,0.601,2.642,0.071,0.002,2.89,0.001,74.39,0.12,0.013,0.578,2.524,0.08,1.06
1964,Moïse Bombito,DEF,4.1,Canada,CAN,0.868,0.868,1.0,32.19,0.014,0.02,1.472,0.922,0.398,0.188,0.281,0.669,32.19,0.009,0.012,0.912,1.642,0.194,-0.004,-0.018,0.203,32.19,0.009,0.012,0.884,1.995,0.136,0.004,0.074,0.051,32.19,0.008,0.012,0.869,1.885,0.152,0.003,0.063,0.051,32.19,0.008,0.011,0.838,1.893,0.151,1.06
1550,Lee Dong-Gyeong,MID,4.9,Korea Republic,KOR,0.731,1.15,0.636,11.1,0.014,0.014,0.974,1.787,0.167,0.23,1.138,0.202,11.1,0.013,0.013,0.895,1.801,0.165,0.064,1.113,0.057,11.1,0.01,0.01,0.734,2.09,0.124,0.012,1.122,0.011,11.1,0.011,0.011,0.793,1.987,0.137,0.012,1.116,0.011,11.1,0.011,0.011,0.752,2.016,0.133,1.05
1668,Youssef Belammari,DEF,3.6,Morocco,MAR,0.497,0.497,1.0,19.26,0.007,0.008,1.016,1.328,0.265,0.344,0.865,0.398,19.26,0.011,0.011,1.447,0.825,0.438,0.113,0.41,0.275,19.26,0.007,0.007,0.989,1.44,0.237,0.047,0.459,0.102,19.26,0.007,0.007,0.962,1.373,0.253,0.047,0.454,0.102,19.26,0.007,0.007,0.928,1.376,0.253,1.05
1225,Nicolás de la Cruz,MID,5.9,Uruguay,URU,0.525,1.341,0.391,20.27,0.023,0.052,1.293,1.215,0.297,0.275,1.312,0.21,20.27,0.021,0.047,1.183,1.258,0.284,0.127,1.289,0.098,20.27,0.02,0.044,1.095,1.41,0.244,0.054,1.28,0.042,20.27,0.019,0.042,1.06,1.463,0.232,0.053,1.266,0.042,20.27,0.018,0.04,1.007,1.481,0.227,1.03
15,Ahmed Benbouali,FWD,4.2,Algeria,ALG,0.738,1.104,0.668,6.53,0.013,0.004,0.883,2.002,0.135,0.192,1.115,0.172,6.53,0.014,0.005,0.973,1.747,0.174,0.06,1.112,0.054,6.53,0.014,0.005,0.951,1.884,0.152,0.017,1.107,0.015,6.53,0.013,0.005,0.909,1.97,0.14,0.017,1.103,0.015,6.53,0.013,0.004,0.876,1.974,0.139,1.02
732,Paik Seung-Ho,MID,5.6,Korea Republic,KOR,0.709,1.115,0.636,19.79,0.012,0.006,0.974,1.787,0.167,0.223,1.105,0.202,19.79,0.011,0.005,0.895,1.801,0.165,0.062,1.086,0.057,19.79,0.009,0.004,0.734,2.09,0.124,0.012,1.093,0.011,19.79,0.01,0.005,0.793,1.987,0.137,0.012,1.089,0.011,19.79,0.009,0.005,0.752,2.016,0.133,1.02
14,Farès Ghedjemis,FWD,4.4,Algeria,ALG,0.738,1.104,0.668,6.53,0.013,0.004,0.883,2.002,0.135,0.192,1.115,0.172,6.53,0.014,0.005,0.973,1.747,0.174,0.06,1.112,0.054,6.53,0.014,0.005,0.951,1.884,0.152,0.017,1.107,0.015,6.53,0.013,0.005,0.909,1.97,0.14,0.017,1.103,0.015,6.53,0.013,0.004,0.876,1.974,0.139,1.02
1238,Brian Rodríguez,FWD,6.2,Uruguay,URU,0.518,1.324,0.391,12.14,0.032,0.034,1.293,1.215,0.297,0.272,1.296,0.21,12.14,0.029,0.031,1.183,1.258,0.284,0.125,1.274,0.098,12.14,0.027,0.029,1.095,1.41,0.244,0.053,1.265,0.042,12.14,0.026,0.028,1.06,1.463,0.232,0.053,1.252,0.042,12.14,0.025,0.026,1.007,1.481,0.227,1.02
727,Yang Hyun-Jun,FWD,4.7,Korea Republic,KOR,0.706,1.111,0.636,9.35,0.015,0.003,0.974,1.787,0.167,0.223,1.102,0.202,9.35,0.014,0.002,0.895,1.801,0.165,0.062,1.083,0.057,9.35,0.011,0.002,0.734,2.09,0.124,0.012,1.09,0.011,9.35,0.012,0.002,0.793,1.987,0.137,0.012,1.085,0.011,9.35,0.011,0.002,0.752,2.016,0.133,1.01
21,Adil Boulbina,MID,4.0,Algeria,ALG,0.729,1.091,0.668,8.9,0.007,0.011,0.883,2.002,0.135,0.189,1.101,0.172,8.9,0.008,0.012,0.973,1.747,0.174,0.059,1.099,0.054,8.9,0.008,0.012,0.951,1.884,0.152,0.016,1.094,0.015,8.9,0.008,0.011,0.909,1.97,0.14,0.016,1.091,0.015,8.9,0.007,0.011,0.876,1.974,0.139,1.01
210,Garry Rodrigues,FWD,4.7,Cabo Verde,CPV,0.88,1.355,0.649,22.75,0.046,0.012,0.497,3.066,0.047,0.095,1.539,0.062,22.75,0.07,0.018,0.756,1.932,0.145,0.021,1.429,0.015,22.75,0.056,0.014,0.6,2.31,0.099,0.003,1.426,0.002,22.75,0.055,0.014,0.596,2.516,0.081,0.003,1.426,0.002,22.75,0.055,0.014,0.596,2.441,0.087,1.0
211,Willy Semedo,FWD,4.5,Cabo Verde,CPV,0.876,1.349,0.649,34.69,0.042,0.018,0.497,3.066,0.047,0.094,1.53,0.062,34.69,0.065,0.027,0.756,1.932,0.145,0.021,1.422,0.015,34.69,0.051,0.022,0.6,2.31,0.099,0.003,1.418,0.002,34.69,0.051,0.021,0.596,2.516,0.081,0.003,1.419,0.002,34.69,0.051,0.021,0.596,2.441,0.087,1.0
714,Kim Jin-Gyu,MID,4.9,Korea Republic,KOR,0.697,1.097,0.636,10.79,0.009,0.009,0.974,1.787,0.167,0.22,1.089,0.202,10.79,0.008,0.008,0.895,1.801,0.165,0.062,1.073,0.057,10.79,0.006,0.007,0.734,2.09,0.124,0.012,1.079,0.011,10.79,0.007,0.008,0.793,1.987,0.137,0.012,1.075,0.011,10.79,0.007,0.007,0.752,2.016,0.133,1.0
1047,Cherif Ndiaye,FWD,4.9,Senegal,SEN,0.55,1.153,0.477,7.63,0.02,0.004,1.136,1.204,0.3,0.263,1.148,0.229,7.63,0.02,0.003,1.101,1.282,0.277,0.111,1.12,0.099,7.63,0.016,0.003,0.892,1.603,0.201,0.034,1.129,0.03,7.63,0.017,0.003,0.958,1.496,0.224,0.034,1.124,0.03,7.63,0.017,0.003,0.924,1.505,0.222,0.99
1239,Rodrigo Aguirre,FWD,5.6,Uruguay,URU,0.495,1.266,0.391,11.73,0.036,0.005,1.293,1.215,0.297,0.261,1.243,0.21,11.73,0.033,0.004,1.183,1.258,0.284,0.121,1.225,0.098,11.73,0.031,0.004,1.095,1.41,0.244,0.051,1.218,0.042,11.73,0.03,0.004,1.06,1.463,0.232,0.051,1.207,0.042,11.73,0.028,0.004,1.007,1.481,0.227,0.98
1049,Ibrahim Mbaye,FWD,4.4,Senegal,SEN,0.537,1.125,0.477,7.36,0.014,0.008,1.136,1.204,0.3,0.257,1.121,0.229,7.36,0.014,0.008,1.101,1.282,0.277,0.109,1.098,0.099,7.36,0.011,0.006,0.892,1.603,0.201,0.033,1.105,0.03,7.36,0.012,0.007,0.958,1.496,0.224,0.033,1.101,0.03,7.36,0.012,0.007,0.924,1.505,0.222,0.97
274,Chancel Mbemba,DEF,4.2,Congo DR,COD,0.787,1.799,0.437,88.85,0.019,0.023,0.707,2.165,0.115,0.147,1.832,0.08,88.85,0.019,0.023,0.696,2.142,0.117,0.024,1.677,0.015,88.85,0.02,0.025,0.759,2.251,0.105,0.004,1.769,0.002,88.85,0.019,0.023,0.694,2.18,0.113,0.004,1.863,0.002,88.85,0.021,0.026,0.779,2.143,0.117,0.97
272,Aaron Wan-Bissaka,DEF,4.3,Congo DR,COD,0.792,1.812,0.437,86.63,0.016,0.032,0.707,2.165,0.115,0.148,1.845,0.08,86.63,0.015,0.032,0.696,2.142,0.117,0.025,1.691,0.015,86.63,0.017,0.035,0.759,2.251,0.105,0.004,1.782,0.002,86.63,0.015,0.032,0.694,2.18,0.113,0.004,1.877,0.002,86.63,0.017,0.035,0.779,2.143,0.117,0.97
713,Park Jin-Seob,MID,4.9,Korea Republic,KOR,0.675,1.061,0.636,10.85,0.006,0.005,0.974,1.787,0.167,0.213,1.056,0.202,10.85,0.005,0.004,0.895,1.801,0.165,0.06,1.046,0.057,10.85,0.004,0.004,0.734,2.09,0.124,0.011,1.05,0.011,10.85,0.005,0.004,0.793,1.987,0.137,0.011,1.047,0.011,10.85,0.004,0.004,0.752,2.016,0.133,0.97
22,Yacine Titraoui,MID,4.7,Algeria,ALG,0.697,1.043,0.668,6.53,0.005,0.002,0.883,2.002,0.135,0.18,1.047,0.172,6.53,0.005,0.002,0.973,1.747,0.174,0.056,1.046,0.054,6.53,0.005,0.002,0.951,1.884,0.152,0.016,1.044,0.015,6.53,0.005,0.002,0.909,1.97,0.14,0.016,1.042,0.015,6.53,0.005,0.002,0.876,1.974,0.139,0.97
728,Eom Ji-Sung,FWD,4.6,Korea Republic,KOR,0.671,1.055,0.636,9.85,0.006,0.004,0.974,1.787,0.167,0.212,1.051,0.202,9.85,0.006,0.004,0.895,1.801,0.165,0.06,1.042,0.057,9.85,0.005,0.003,0.734,2.09,0.124,0.011,1.045,0.011,9.85,0.005,0.003,0.793,1.987,0.137,0.011,1.043,0.011,9.85,0.005,0.003,0.752,2.016,0.133,0.97
733,Jens Castrop,MID,5.6,Korea Republic,KOR,0.676,1.064,0.636,7.98,0.007,0.003,0.974,1.787,0.167,0.214,1.059,0.202,7.98,0.006,0.003,0.895,1.801,0.165,0.06,1.048,0.057,7.98,0.005,0.003,0.734,2.09,0.124,0.011,1.052,0.011,7.98,0.005,0.003,0.793,1.987,0.137,0.011,1.049,0.011,7.98,0.005,0.003,0.752,2.016,0.133,0.97
116,Arthur Theate,DEF,4.5,Belgium,BEL,0.737,0.825,0.893,55.51,0.028,0.014,1.475,1.15,0.317,0.104,0.195,0.532,55.51,0.019,0.01,1.019,1.849,0.157,0.072,0.439,0.163,55.51,0.021,0.011,1.108,1.573,0.207,0.023,0.374,0.062,55.51,0.021,0.011,1.111,1.654,0.191,0.022,0.35,0.062,55.51,0.021,0.011,1.096,1.681,0.186,0.96
275,Axel Tuanzebe,DEF,4.0,Congo DR,COD,0.785,1.796,0.437,88.08,0.022,0.017,0.707,2.165,0.115,0.147,1.829,0.08,88.08,0.022,0.016,0.696,2.142,0.117,0.024,1.674,0.015,88.08,0.024,0.018,0.759,2.251,0.105,0.004,1.766,0.002,88.08,0.022,0.016,0.694,2.18,0.113,0.004,1.86,0.002,88.08,0.024,0.018,0.779,2.143,0.117,0.96
978,Mohamed Kanno,MID,5.1,Saudi Arabia,KSA,0.85,2.488,0.341,66.47,0.04,0.027,0.483,3.225,0.04,0.086,2.841,0.03,66.47,0.062,0.043,0.761,1.98,0.138,0.018,2.665,0.007,66.47,0.05,0.034,0.605,2.254,0.105,0.002,2.627,0.001,66.47,0.049,0.034,0.601,2.642,0.071,0.002,2.615,0.001,66.47,0.047,0.032,0.578,2.524,0.08,0.96
1048,Bamba Dieng,FWD,4.9,Senegal,SEN,0.523,1.096,0.477,3.24,0.013,0.002,1.136,1.204,0.3,0.25,1.093,0.229,3.24,0.012,0.002,1.101,1.282,0.277,0.107,1.075,0.099,3.24,0.01,0.001,0.892,1.603,0.201,0.033,1.081,0.03,3.24,0.011,0.002,0.958,1.496,0.224,0.032,1.078,0.03,3.24,0.01,0.001,0.924,1.505,0.222,0.94
773,Anass Salah-Eddine,DEF,3.9,Morocco,MAR,0.441,0.441,1.0,12.45,0.003,0.003,1.016,1.328,0.265,0.312,0.785,0.398,12.45,0.004,0.004,1.447,0.825,0.438,0.098,0.356,0.275,12.45,0.003,0.003,0.989,1.44,0.237,0.042,0.406,0.102,12.45,0.003,0.003,0.962,1.373,0.253,0.041,0.403,0.102,12.45,0.003,0.002,0.928,1.376,0.253,0.93
1046,Assane Diao,FWD,4.9,Senegal,SEN,0.514,1.077,0.477,6.71,0.009,0.004,1.136,1.204,0.3,0.246,1.074,0.229,6.71,0.009,0.004,1.101,1.282,0.277,0.105,1.06,0.099,6.71,0.007,0.003,0.892,1.603,0.201,0.032,1.065,0.03,6.71,0.008,0.003,0.958,1.496,0.224,0.032,1.062,0.03,6.71,0.008,0.003,0.924,1.505,0.222,0.93
1031,Pathé Ciss,MID,5.6,Senegal,SEN,0.509,1.065,0.477,8.44,0.007,0.004,1.136,1.204,0.3,0.244,1.063,0.229,8.44,0.006,0.004,1.101,1.282,0.277,0.104,1.051,0.099,8.44,0.005,0.003,0.892,1.603,0.201,0.032,1.055,0.03,8.44,0.005,0.004,0.958,1.496,0.224,0.032,1.053,0.03,8.44,0.005,0.004,0.924,1.505,0.222,0.92
276,Joris Kayembe,DEF,3.9,Congo DR,COD,0.749,1.713,0.437,66.83,0.011,0.02,0.707,2.165,0.115,0.14,1.748,0.08,66.83,0.011,0.02,0.696,2.142,0.117,0.023,1.585,0.015,66.83,0.011,0.022,0.759,2.251,0.105,0.004,1.685,0.002,66.83,0.01,0.02,0.694,2.18,0.113,0.004,1.769,0.002,66.83,0.012,0.022,0.779,2.143,0.117,0.92
1695,Bara Sapoko Ndiaye,MID,4.5,Senegal,SEN,0.496,1.04,0.477,3.24,0.004,0.003,1.136,1.204,0.3,0.238,1.038,0.229,3.24,0.004,0.003,1.101,1.282,0.277,0.102,1.031,0.099,3.24,0.003,0.003,0.892,1.603,0.201,0.031,1.033,0.03,3.24,0.003,0.003,0.958,1.496,0.224,0.031,1.032,0.03,3.24,0.003,0.003,0.924,1.505,0.222,0.9
1029,Idrissa Gueye,MID,4.9,Senegal,SEN,0.496,1.04,0.477,3.24,0.004,0.003,1.136,1.204,0.3,0.238,1.038,0.229,3.24,0.004,0.003,1.101,1.282,0.277,0.102,1.031,0.099,3.24,0.003,0.003,0.892,1.603,0.201,0.031,1.033,0.03,3.24,0.003,0.003,0.958,1.496,0.224,0.031,1.032,0.03,3.24,0.003,0.003,0.924,1.505,0.222,0.9
115,Timothy Castagne,DEF,4.7,Belgium,BEL,0.702,0.786,0.893,49.67,0.018,0.029,1.475,1.15,0.317,0.09,0.168,0.532,49.67,0.013,0.02,1.019,1.849,0.157,0.067,0.41,0.163,49.67,0.014,0.022,1.108,1.573,0.207,0.021,0.345,0.062,49.67,0.014,0.022,1.111,1.654,0.191,0.02,0.321,0.062,49.67,0.014,0.022,1.096,1.681,0.186,0.9
616,Amirhossein Hosseinzadeh,FWD,4.5,IR Iran,IRN,0.643,1.177,0.546,6.69,0.023,0.005,0.854,1.778,0.169,0.182,1.155,0.158,6.69,0.02,0.005,0.749,2.13,0.119,0.037,1.15,0.032,6.69,0.02,0.004,0.725,2.07,0.126,0.007,1.153,0.006,6.69,0.02,0.005,0.738,2.143,0.117,0.007,1.147,0.006,6.69,0.019,0.004,0.708,2.141,0.118,0.88
425,Gonzalo Valle,GK,3.6,Ecuador,ECU,0.504,0.504,1.0,2.21,0.0,0.0,1.184,1.193,0.303,0.255,0.509,0.5,2.21,0.0,0.0,1.134,1.185,0.306,0.059,0.252,0.236,2.21,0.0,0.0,0.952,1.532,0.216,0.031,0.392,0.08,2.21,0.0,0.0,1.065,1.348,0.26,0.031,0.384,0.08,2.21,0.0,0.0,1.086,1.359,0.257,0.88
424,Moisés Ramírez,GK,3.9,Ecuador,ECU,0.504,0.504,1.0,2.21,0.0,0.0,1.184,1.193,0.303,0.255,0.509,0.5,2.21,0.0,0.0,1.134,1.185,0.306,0.059,0.252,0.236,2.21,0.0,0.0,0.952,1.532,0.216,0.031,0.392,0.08,2.21,0.0,0.0,1.065,1.348,0.26,0.031,0.384,0.08,2.21,0.0,0.0,1.086,1.359,0.257,0.88
411,Yaimar Medina,DEF,3.5,Ecuador,ECU,0.505,0.505,1.0,0.25,0.0,0.0,1.184,1.193,0.303,0.255,0.511,0.5,0.25,0.0,0.0,1.134,1.185,0.306,0.06,0.253,0.236,0.25,0.0,0.0,0.952,1.532,0.216,0.032,0.394,0.08,0.25,0.0,0.0,1.065,1.348,0.26,0.031,0.386,0.08,0.25,0.0,0.0,1.086,1.359,0.257,0.88
207,Jovane Cabral,FWD,4.9,Cabo Verde,CPV,0.778,1.199,0.649,27.84,0.025,0.007,0.497,3.066,0.047,0.08,1.302,0.062,27.84,0.039,0.011,0.756,1.932,0.145,0.018,1.24,0.015,27.84,0.031,0.009,0.6,2.31,0.099,0.002,1.238,0.002,27.84,0.03,0.008,0.596,2.516,0.081,0.002,1.238,0.002,27.84,0.031,0.008,0.596,2.441,0.087,0.88
1146,Eray Cömert,DEF,3.9,Switzerland,SUI,0.555,0.555,1.0,6.79,0.004,0.003,1.222,1.189,0.305,0.234,0.465,0.503,6.79,0.004,0.003,1.204,1.315,0.269,0.033,0.143,0.233,6.79,0.004,0.003,1.007,1.717,0.18,0.026,0.337,0.078,6.79,0.004,0.003,1.144,1.482,0.227,0.025,0.319,0.078,6.79,0.004,0.003,1.159,1.505,0.222,0.87
223,Joel Waterman,DEF,3.7,Canada,CAN,0.748,0.748,1.0,17.86,0.005,0.008,1.472,0.922,0.398,0.138,0.207,0.669,17.86,0.003,0.005,0.912,1.642,0.194,-0.018,-0.09,0.203,17.86,0.003,0.005,0.884,1.995,0.136,0.0,0.003,0.051,17.86,0.003,0.005,0.869,1.885,0.152,-0.0,-0.005,0.051,17.86,0.003,0.005,0.838,1.893,0.151,0.87
1145,Miro Muheim,DEF,4.0,Switzerland,SUI,0.551,0.551,1.0,8.45,0.003,0.007,1.222,1.189,0.305,0.231,0.46,0.503,8.45,0.003,0.006,1.204,1.315,0.269,0.032,0.14,0.233,8.45,0.002,0.005,1.007,1.717,0.18,0.026,0.332,0.078,8.45,0.003,0.006,1.144,1.482,0.227,0.025,0.315,0.078,8.45,0.003,0.006,1.159,1.505,0.222,0.87
2017,Zakaria El Ouahdi,DEF,4.1,Morocco,MAR,0.409,0.409,1.0,0.19,0.0,0.0,1.016,1.328,0.265,0.294,0.739,0.398,0.19,0.0,0.0,1.447,0.825,0.438,0.089,0.324,0.275,0.19,0.0,0.0,0.989,1.44,0.237,0.038,0.375,0.102,0.19,0.0,0.0,0.962,1.373,0.253,0.038,0.373,0.102,0.19,0.0,0.0,0.928,1.376,0.253,0.87
2015,Redouane Halhal,DEF,3.5,Morocco,MAR,0.408,0.408,1.0,0.19,0.0,0.0,1.016,1.328,0.265,0.293,0.738,0.398,0.19,0.0,0.0,1.447,0.825,0.438,0.089,0.323,0.275,0.19,0.0,0.0,0.989,1.44,0.237,0.038,0.375,0.102,0.19,0.0,0.0,0.962,1.373,0.253,0.038,0.372,0.102,0.19,0.0,0.0,0.928,1.376,0.253,0.87
1957,Nasser Al Dawsari,MID,5.2,Saudi Arabia,KSA,0.767,2.247,0.341,68.59,0.015,0.017,0.483,3.225,0.04,0.075,2.463,0.03,68.59,0.024,0.027,0.761,1.98,0.138,0.016,2.364,0.007,68.59,0.019,0.021,0.605,2.254,0.105,0.002,2.328,0.001,68.59,0.019,0.021,0.601,2.642,0.071,0.002,2.327,0.001,68.59,0.018,0.02,0.578,2.524,0.08,0.86
1665,Munir El Kajoui,GK,4.0,Morocco,MAR,0.407,0.407,1.0,0.19,0.0,0.0,1.016,1.328,0.265,0.293,0.737,0.398,0.19,0.0,0.0,1.447,0.825,0.438,0.089,0.323,0.275,0.19,0.0,0.0,0.989,1.44,0.237,0.038,0.374,0.102,0.19,0.0,0.0,0.962,1.373,0.253,0.038,0.372,0.102,0.19,0.0,0.0,0.928,1.376,0.253,0.86
118,Zeno Debast,DEF,4.3,Belgium,BEL,0.679,0.76,0.893,49.54,0.016,0.027,1.475,1.15,0.317,0.08,0.15,0.532,49.54,0.011,0.019,1.019,1.849,0.157,0.064,0.39,0.163,49.54,0.012,0.02,1.108,1.573,0.207,0.02,0.325,0.062,49.54,0.012,0.021,1.111,1.654,0.191,0.019,0.302,0.062,49.54,0.012,0.02,1.096,1.681,0.186,0.86
596,Mohammad Ghorbani,MID,5.1,IR Iran,IRN,0.628,1.149,0.546,16.8,0.014,0.012,0.854,1.778,0.169,0.178,1.131,0.158,16.8,0.012,0.011,0.749,2.13,0.119,0.036,1.127,0.032,16.8,0.012,0.01,0.725,2.07,0.126,0.007,1.129,0.006,16.8,0.012,0.011,0.738,2.143,0.117,0.007,1.124,0.006,16.8,0.012,0.01,0.708,2.141,0.118,0.86
2009,Ahmed Tagnaouti,GK,3.5,Morocco,MAR,0.407,0.407,1.0,0.19,0.0,0.0,1.016,1.328,0.265,0.293,0.737,0.398,0.19,0.0,0.0,1.447,0.825,0.438,0.089,0.323,0.275,0.19,0.0,0.0,0.989,1.44,0.237,0.038,0.374,0.102,0.19,0.0,0.0,0.962,1.373,0.253,0.038,0.372,0.102,0.19,0.0,0.0,0.928,1.376,0.253,0.86
625,Mehdi Torabi,MID,5.6,IR Iran,IRN,0.621,1.137,0.546,15.48,0.013,0.011,0.854,1.778,0.169,0.177,1.121,0.158,15.48,0.011,0.01,0.749,2.13,0.119,0.036,1.117,0.032,15.48,0.011,0.01,0.725,2.07,0.126,0.007,1.119,0.006,15.48,0.011,0.01,0.738,2.143,0.117,0.007,1.114,0.006,15.48,0.011,0.009,0.708,2.141,0.118,0.85
1531,Hélio Varela,MID,4.9,Cabo Verde,CPV,0.735,1.131,0.649,19.36,0.01,0.017,0.497,3.066,0.047,0.074,1.2,0.062,19.36,0.015,0.027,0.756,1.932,0.145,0.017,1.159,0.015,19.36,0.012,0.021,0.6,2.31,0.099,0.002,1.157,0.002,19.36,0.012,0.021,0.596,2.516,0.081,0.002,1.157,0.002,19.36,0.012,0.021,0.596,2.441,0.087,0.83
1561,Roozbeh Cheshmi,MID,4.8,IR Iran,IRN,0.606,1.109,0.546,12.24,0.01,0.009,0.854,1.778,0.169,0.173,1.095,0.158,12.24,0.009,0.008,0.749,2.13,0.119,0.035,1.092,0.032,12.24,0.009,0.008,0.725,2.07,0.126,0.007,1.094,0.006,12.24,0.009,0.008,0.738,2.143,0.117,0.007,1.09,0.006,12.24,0.009,0.007,0.708,2.141,0.118,0.83
218,Deroy Duarte,MID,4.9,Cabo Verde,CPV,0.733,1.129,0.649,23.4,0.012,0.011,0.497,3.066,0.047,0.074,1.196,0.062,23.4,0.018,0.017,0.756,1.932,0.145,0.017,1.156,0.015,23.4,0.014,0.014,0.6,2.31,0.099,0.002,1.154,0.002,23.4,0.014,0.013,0.596,2.516,0.081,0.002,1.155,0.002,23.4,0.014,0.013,0.596,2.441,0.087,0.83
289,Lionel Mpasi,GK,4.0,Congo DR,COD,0.666,1.524,0.437,88.26,0.0,0.0,0.707,2.165,0.115,0.125,1.562,0.08,88.26,0.0,0.0,0.696,2.142,0.117,0.02,1.381,0.015,88.26,0.0,0.0,0.759,2.251,0.105,0.003,1.499,0.002,88.26,0.0,0.0,0.694,2.18,0.113,0.004,1.56,0.002,88.26,0.0,0.0,0.779,2.143,0.117,0.82
1147,Aurèle Amenda,DEF,3.7,Switzerland,SUI,0.519,0.519,1.0,3.4,0.001,0.001,1.222,1.189,0.305,0.215,0.429,0.503,3.4,0.001,0.001,1.204,1.315,0.269,0.026,0.113,0.233,3.4,0.001,0.001,1.007,1.717,0.18,0.024,0.303,0.078,3.4,0.001,0.001,1.144,1.482,0.227,0.022,0.285,0.078,3.4,0.001,0.001,1.159,1.505,0.222,0.81
1241,Agustín Canobbio,FWD,5.3,Uruguay,URU,0.401,1.026,0.391,2.09,0.003,0.001,1.293,1.215,0.297,0.215,1.024,0.21,2.09,0.003,0.001,1.183,1.258,0.284,0.101,1.022,0.098,2.09,0.003,0.001,1.095,1.41,0.244,0.043,1.021,0.042,2.09,0.003,0.001,1.06,1.463,0.232,0.043,1.02,0.042,2.09,0.002,0.001,1.007,1.481,0.227,0.8
2065,Rodrigo Zalazar,MID,6.0,Uruguay,URU,0.4,1.022,0.391,1.2,0.002,0.002,1.293,1.215,0.297,0.214,1.02,0.21,1.2,0.002,0.001,1.183,1.258,0.284,0.1,1.019,0.098,1.2,0.002,0.001,1.095,1.41,0.244,0.043,1.018,0.042,1.2,0.002,0.001,1.06,1.463,0.232,0.043,1.017,0.042,1.2,0.002,0.001,1.007,1.481,0.227,0.8
1219,Emiliano Martínez,MID,4.7,Uruguay,URU,0.398,1.017,0.391,2.78,0.002,0.001,1.293,1.215,0.297,0.213,1.015,0.21,2.78,0.001,0.001,1.183,1.258,0.284,0.1,1.014,0.098,2.78,0.001,0.001,1.095,1.41,0.244,0.043,1.014,0.042,2.78,0.001,0.001,1.06,1.463,0.232,0.043,1.013,0.042,2.78,0.001,0.001,1.007,1.481,0.227,0.8
295,Charles Pickel,MID,5.3,Congo DR,COD,0.655,1.497,0.437,58.04,0.045,0.046,0.707,2.165,0.115,0.119,1.489,0.08,58.04,0.044,0.045,0.696,2.142,0.117,0.022,1.533,0.015,58.04,0.048,0.05,0.759,2.251,0.105,0.003,1.488,0.002,58.04,0.044,0.045,0.694,2.18,0.113,0.004,1.547,0.002,58.04,0.05,0.051,0.779,2.143,0.117,0.8
1148,Luca Jaquez,DEF,3.5,Switzerland,SUI,0.512,0.512,1.0,0.92,0.0,0.0,1.222,1.189,0.305,0.212,0.422,0.503,0.92,0.0,0.0,1.204,1.315,0.269,0.025,0.108,0.233,0.92,0.0,0.0,1.007,1.717,0.18,0.023,0.296,0.078,0.92,0.0,0.0,1.144,1.482,0.227,0.022,0.278,0.078,0.92,0.0,0.0,1.159,1.505,0.222,0.79
217,Telmo Arcanjo,MID,4.9,Cabo Verde,CPV,0.7,1.077,0.649,25.03,0.008,0.003,0.497,3.066,0.047,0.069,1.118,0.062,25.03,0.013,0.005,0.756,1.932,0.145,0.016,1.094,0.015,25.03,0.01,0.004,0.6,2.31,0.099,0.002,1.093,0.002,25.03,0.01,0.004,0.596,2.516,0.081,0.002,1.093,0.002,25.03,0.01,0.004,0.596,2.441,0.087,0.79
281,Yoane Wissa,FWD,6.2,Congo DR,COD,0.635,1.452,0.437,19.38,0.058,0.017,0.707,2.165,0.115,0.116,1.446,0.08,19.38,0.057,0.016,0.696,2.142,0.117,0.022,1.486,0.015,19.38,0.062,0.018,0.759,2.251,0.105,0.003,1.444,0.002,19.38,0.057,0.016,0.694,2.18,0.113,0.003,1.499,0.002,19.38,0.064,0.018,0.779,2.143,0.117,0.78
63,Aziz Behich,DEF,3.8,Australia,AUS,0.787,0.787,1.0,48.84,0.032,0.032,1.189,1.328,0.265,-0.058,-0.127,0.46,48.84,0.018,0.018,0.668,2.233,0.107,0.036,0.467,0.076,48.84,0.024,0.024,0.894,1.621,0.198,0.006,0.264,0.023,48.84,0.023,0.023,0.854,1.852,0.157,0.006,0.281,0.023,48.84,0.024,0.023,0.878,1.841,0.159,0.78
219,Laros Duarte,MID,5.1,Cabo Verde,CPV,0.696,1.071,0.649,10.49,0.005,0.009,0.497,3.066,0.047,0.068,1.108,0.062,10.49,0.008,0.014,0.756,1.932,0.145,0.016,1.086,0.015,10.49,0.006,0.011,0.6,2.31,0.099,0.002,1.085,0.002,10.49,0.006,0.011,0.596,2.516,0.081,0.002,1.085,0.002,10.49,0.006,0.011,0.596,2.441,0.087,0.78
614,Ali Alipour,FWD,4.6,IR Iran,IRN,0.573,1.048,0.546,2.93,0.006,0.002,0.854,1.778,0.169,0.164,1.042,0.158,2.93,0.005,0.002,0.749,2.13,0.119,0.034,1.041,0.032,2.93,0.005,0.002,0.725,2.07,0.126,0.007,1.042,0.006,2.93,0.005,0.002,0.738,2.143,0.117,0.007,1.04,0.006,2.93,0.005,0.002,0.708,2.141,0.118,0.78
1154,Yvon Mvogo,GK,4.2,Switzerland,SUI,0.507,0.507,1.0,4.97,0.0,0.0,1.222,1.189,0.305,0.209,0.417,0.503,4.97,0.0,0.0,1.204,1.315,0.269,0.024,0.103,0.233,4.97,0.0,0.0,1.007,1.717,0.18,0.023,0.291,0.078,4.97,0.0,0.0,1.144,1.482,0.227,0.021,0.273,0.078,4.97,0.0,0.0,1.159,1.505,0.222,0.78
1155,Marvin Keller,GK,3.7,Switzerland,SUI,0.507,0.507,1.0,0.01,0.0,0.0,1.222,1.189,0.305,0.209,0.417,0.503,0.01,0.0,0.0,1.204,1.315,0.269,0.024,0.103,0.233,0.01,0.0,0.0,1.007,1.717,0.18,0.023,0.291,0.078,0.01,0.0,0.0,1.144,1.482,0.227,0.021,0.273,0.078,0.01,0.0,0.0,1.159,1.505,0.222,0.78
209,Nuno da Costa,FWD,4.7,Cabo Verde,CPV,0.685,1.055,0.649,8.07,0.007,0.002,0.497,3.066,0.047,0.067,1.084,0.062,8.07,0.01,0.004,0.756,1.932,0.145,0.016,1.067,0.015,8.07,0.008,0.003,0.6,2.31,0.099,0.002,1.066,0.002,8.07,0.008,0.003,0.596,2.516,0.081,0.002,1.066,0.002,8.07,0.008,0.003,0.596,2.441,0.087,0.77
236,Dayne St. Clair,GK,3.8,Canada,CAN,0.68,0.68,1.0,9.15,0.0,0.0,1.472,0.922,0.398,0.11,0.165,0.669,9.15,0.0,0.0,0.912,1.642,0.194,-0.027,-0.131,0.203,9.15,0.0,0.0,0.884,1.995,0.136,-0.002,-0.037,0.051,9.15,0.0,0.0,0.869,1.885,0.152,-0.002,-0.044,0.051,9.15,0.0,0.0,0.838,1.893,0.151,0.76
1532,Gilson Benchimol,MID,5.0,Cabo Verde,CPV,0.672,1.035,0.649,6.31,0.003,0.003,0.497,3.066,0.047,0.065,1.053,0.062,6.31,0.005,0.005,0.756,1.932,0.145,0.015,1.042,0.015,6.31,0.004,0.004,0.6,2.31,0.099,0.002,1.042,0.002,6.31,0.004,0.004,0.596,2.516,0.081,0.002,1.042,0.002,6.31,0.004,0.004,0.596,2.441,0.087,0.76
196,Yannick Semedo,MID,4.7,Cabo Verde,CPV,0.672,1.035,0.649,6.31,0.003,0.003,0.497,3.066,0.047,0.065,1.053,0.062,6.31,0.005,0.005,0.756,1.932,0.145,0.015,1.042,0.015,6.31,0.004,0.004,0.6,2.31,0.099,0.002,1.042,0.002,6.31,0.004,0.004,0.596,2.516,0.081,0.002,1.042,0.002,6.31,0.004,0.004,0.596,2.441,0.087,0.76
594,Amir Mohammad Razzaghinia,MID,4.2,IR Iran,IRN,0.548,1.004,0.546,0.42,0.0,0.0,0.854,1.778,0.169,0.158,1.003,0.158,0.42,0.0,0.0,0.749,2.13,0.119,0.032,1.003,0.032,0.42,0.0,0.0,0.725,2.07,0.126,0.006,1.003,0.006,0.42,0.0,0.0,0.738,2.143,0.117,0.006,1.003,0.006,0.42,0.0,0.0,0.708,2.141,0.118,0.75
615,Dennis Dargahi,FWD,4.6,IR Iran,IRN,0.55,1.007,0.546,0.42,0.001,0.0,0.854,1.778,0.169,0.159,1.006,0.158,0.42,0.001,0.0,0.749,2.13,0.119,0.033,1.006,0.032,0.42,0.001,0.0,0.725,2.07,0.126,0.006,1.006,0.006,0.42,0.001,0.0,0.738,2.143,0.117,0.006,1.006,0.006,0.42,0.001,0.0,0.708,2.141,0.118,0.75
2069,Shahriyar Moghanlou,FWD,4.7,IR Iran,IRN,0.55,1.007,0.546,0.42,0.001,0.0,0.854,1.778,0.169,0.159,1.006,0.158,0.42,0.001,0.0,0.749,2.13,0.119,0.033,1.006,0.032,0.42,0.001,0.0,0.725,2.07,0.126,0.006,1.006,0.006,0.42,0.001,0.0,0.738,2.143,0.117,0.006,1.006,0.006,0.42,0.001,0.0,0.708,2.141,0.118,0.75
195,João Paulo,MID,4.6,Cabo Verde,CPV,0.662,1.019,0.649,6.31,0.002,0.002,0.497,3.066,0.047,0.063,1.029,0.062,6.31,0.003,0.002,0.756,1.932,0.145,0.015,1.023,0.015,6.31,0.002,0.002,0.6,2.31,0.099,0.002,1.023,0.002,6.31,0.002,0.002,0.596,2.516,0.081,0.002,1.023,0.002,6.31,0.002,0.002,0.596,2.441,0.087,0.74
287,Nathanaël Mbuku,FWD,4.5,Congo DR,COD,0.579,1.323,0.437,17.79,0.033,0.031,0.707,2.165,0.115,0.106,1.318,0.08,17.79,0.033,0.03,0.696,2.142,0.117,0.02,1.347,0.015,17.79,0.036,0.033,0.759,2.251,0.105,0.003,1.317,0.002,17.79,0.033,0.03,0.694,2.18,0.113,0.003,1.356,0.002,17.79,0.037,0.034,0.779,2.143,0.117,0.71
297,Théo Bongonda,MID,6.2,Congo DR,COD,0.538,1.23,0.437,20.57,0.016,0.034,0.707,2.165,0.115,0.098,1.227,0.08,20.57,0.016,0.034,0.696,2.142,0.117,0.018,1.247,0.015,20.57,0.017,0.037,0.759,2.251,0.105,0.003,1.226,0.002,20.57,0.016,0.034,0.694,2.18,0.113,0.003,1.254,0.002,20.57,0.018,0.038,0.779,2.143,0.117,0.66
1557,Gaël Kakuta,MID,4.6,Congo DR,COD,0.526,1.203,0.437,11.53,0.022,0.009,0.707,2.165,0.115,0.096,1.2,0.08,11.53,0.022,0.009,0.696,2.142,0.117,0.018,1.218,0.015,11.53,0.024,0.01,0.759,2.251,0.105,0.003,1.199,0.002,11.53,0.022,0.009,0.694,2.18,0.113,0.003,1.223,0.002,11.53,0.024,0.01,0.779,2.143,0.117,0.65
285,Fiston Mayele,FWD,4.9,Congo DR,COD,0.519,1.187,0.437,11.98,0.022,0.01,0.707,2.165,0.115,0.095,1.184,0.08,11.98,0.022,0.01,0.696,2.142,0.117,0.018,1.2,0.015,11.98,0.024,0.011,0.759,2.251,0.105,0.003,1.183,0.002,11.98,0.022,0.01,0.694,2.18,0.113,0.003,1.206,0.002,11.98,0.025,0.011,0.779,2.143,0.117,0.64
120,Koni De Winter,DEF,4.2,Belgium,BEL,0.534,0.598,0.893,11.14,0.005,0.006,1.475,1.15,0.317,0.02,0.038,0.532,11.14,0.004,0.004,1.019,1.849,0.157,0.044,0.268,0.163,11.14,0.004,0.004,1.108,1.573,0.207,0.013,0.203,0.062,11.14,0.004,0.004,1.111,1.654,0.191,0.011,0.181,0.062,11.14,0.004,0.004,1.096,1.681,0.186,0.62
282,Simon Banza,FWD,5.6,Congo DR,COD,0.472,1.08,0.437,5.14,0.01,0.004,0.707,2.165,0.115,0.086,1.079,0.08,5.14,0.009,0.004,0.696,2.142,0.117,0.016,1.086,0.015,5.14,0.01,0.005,0.759,2.251,0.105,0.002,1.079,0.002,5.14,0.009,0.004,0.694,2.18,0.113,0.003,1.088,0.002,5.14,0.011,0.005,0.779,2.143,0.117,0.58
122,Joaquin Seys,DEF,3.9,Belgium,BEL,0.503,0.564,0.893,4.61,0.002,0.003,1.475,1.15,0.317,0.008,0.014,0.532,4.61,0.002,0.002,1.019,1.849,0.157,0.04,0.242,0.163,4.61,0.002,0.003,1.108,1.573,0.207,0.011,0.177,0.062,4.61,0.002,0.003,1.111,1.654,0.191,0.01,0.155,0.062,4.61,0.002,0.003,1.096,1.681,0.186,0.57
294,Noah Sadiki,MID,5.3,Congo DR,COD,0.469,1.072,0.437,19.35,0.006,0.008,0.707,2.165,0.115,0.086,1.071,0.08,19.35,0.006,0.008,0.696,2.142,0.117,0.016,1.077,0.015,19.35,0.006,0.009,0.759,2.251,0.105,0.002,1.071,0.002,19.35,0.006,0.008,0.694,2.18,0.113,0.002,1.079,0.002,19.35,0.007,0.009,0.779,2.143,0.117,0.57
327,Duje Caleta-Car,DEF,4.0,Croatia,CRO,0.379,0.423,0.897,35.99,0.01,0.007,1.057,1.456,0.233,0.111,0.325,0.342,35.99,0.01,0.007,1.039,1.579,0.206,0.042,0.34,0.123,35.99,0.01,0.008,1.088,1.566,0.209,0.013,0.281,0.047,35.99,0.01,0.007,1.028,1.632,0.196,0.013,0.274,0.047,35.99,0.01,0.007,1.012,1.639,0.194,0.56
288,Brian Cipenga,FWD,4.2,Congo DR,COD,0.461,1.053,0.437,3.4,0.006,0.003,0.707,2.165,0.115,0.084,1.052,0.08,3.4,0.006,0.003,0.696,2.142,0.117,0.015,1.057,0.015,3.4,0.007,0.003,0.759,2.251,0.105,0.002,1.052,0.002,3.4,0.006,0.003,0.694,2.18,0.113,0.002,1.058,0.002,3.4,0.007,0.003,0.779,2.143,0.117,0.56
292,Ngal'ayel Mukau,MID,4.9,Congo DR,COD,0.461,1.055,0.437,12.49,0.005,0.004,0.707,2.165,0.115,0.084,1.054,0.08,12.49,0.005,0.004,0.696,2.142,0.117,0.015,1.059,0.015,12.49,0.006,0.004,0.759,2.251,0.105,0.002,1.054,0.002,12.49,0.005,0.004,0.694,2.18,0.113,0.002,1.061,0.002,12.49,0.006,0.004,0.779,2.143,0.117,0.56
1591,Aaron Tshibola,MID,4.9,Congo DR,COD,0.449,1.027,0.437,3.17,0.002,0.003,0.707,2.165,0.115,0.082,1.027,0.08,3.17,0.002,0.002,0.696,2.142,0.117,0.015,1.029,0.015,3.17,0.003,0.003,0.759,2.251,0.105,0.002,1.027,0.002,3.17,0.002,0.002,0.694,2.18,0.113,0.002,1.03,0.002,3.17,0.003,0.003,0.779,2.143,0.117,0.55
662,Yukinari Sugawara,DEF,4.4,Japan,JPN,0.279,0.279,1.0,21.75,0.006,0.048,1.051,1.743,0.175,0.146,0.462,0.316,21.75,0.007,0.052,1.154,1.54,0.214,0.077,0.594,0.129,21.75,0.007,0.052,1.145,1.365,0.255,0.016,0.287,0.057,21.75,0.006,0.044,0.97,1.714,0.18,0.024,0.423,0.057,21.75,0.006,0.05,1.109,1.578,0.206,0.54
444,Yasser Ibrahim,DEF,3.5,Egypt,EGY,0.45,0.45,1.0,31.56,0.01,0.012,1.055,1.436,0.238,0.086,0.209,0.411,31.56,0.009,0.011,0.974,1.727,0.178,0.001,0.008,0.131,31.56,0.008,0.009,0.818,1.945,0.143,0.001,0.03,0.032,31.56,0.008,0.01,0.864,1.926,0.146,0.001,0.034,0.032,31.56,0.008,0.009,0.827,1.916,0.147,0.54
132,Senne Lammens,GK,4.6,Belgium,BEL,0.476,0.533,0.893,6.42,0.0,0.0,1.475,1.15,0.317,-0.004,-0.007,0.532,6.42,0.0,0.0,1.019,1.849,0.157,0.036,0.22,0.163,6.42,0.0,0.0,1.108,1.573,0.207,0.01,0.154,0.062,6.42,0.0,0.0,1.111,1.654,0.191,0.008,0.133,0.062,6.42,0.0,0.0,1.096,1.681,0.186,0.53
995,Saleh Al Shehri,FWD,4.9,Saudi Arabia,KSA,0.471,1.378,0.341,25.1,0.049,0.013,0.483,3.225,0.04,0.048,1.594,0.03,25.1,0.077,0.02,0.761,1.98,0.138,0.01,1.473,0.007,25.1,0.061,0.016,0.605,2.254,0.105,0.001,1.47,0.001,25.1,0.061,0.016,0.601,2.642,0.071,0.001,1.452,0.001,25.1,0.059,0.015,0.578,2.524,0.08,0.53
1523,Mike Penders,GK,3.5,Belgium,BEL,0.476,0.533,0.893,0.08,0.0,0.0,1.475,1.15,0.317,-0.004,-0.007,0.532,0.08,0.0,0.0,1.019,1.849,0.157,0.036,0.22,0.163,0.08,0.0,0.0,1.108,1.573,0.207,0.01,0.154,0.062,0.08,0.0,0.0,1.111,1.654,0.191,0.008,0.133,0.062,0.08,0.0,0.0,1.096,1.681,0.186,0.53
1226,Ronald Araujo,DEF,5.0,Uruguay,URU,0.264,0.674,0.391,23.14,0.018,0.007,1.293,1.215,0.297,0.131,0.627,0.21,23.14,0.017,0.006,1.183,1.258,0.284,0.049,0.503,0.098,23.14,0.016,0.006,1.095,1.41,0.244,0.019,0.458,0.042,23.14,0.015,0.006,1.06,1.463,0.232,0.018,0.436,0.042,23.14,0.014,0.005,1.007,1.481,0.227,0.48
438,Ahmed Fatouh,DEF,3.9,Egypt,EGY,0.41,0.41,1.0,21.51,0.007,0.008,1.055,1.436,0.238,0.071,0.173,0.411,21.51,0.006,0.008,0.974,1.727,0.178,-0.003,-0.023,0.131,21.51,0.005,0.006,0.818,1.945,0.143,-0.0,-0.002,0.032,21.51,0.005,0.007,0.864,1.926,0.146,0.0,0.003,0.032,21.51,0.005,0.006,0.827,1.916,0.147,0.48
1003,John McGinn,MID,6.0,Scotland,SCO,0.369,3.872,0.095,80.73,0.148,0.129,0.903,2.173,0.114,0.08,3.678,0.022,80.73,0.13,0.113,0.791,2.03,0.131,0.021,4.06,0.005,80.73,0.157,0.137,0.96,1.627,0.196,0.007,3.715,0.002,80.73,0.133,0.115,0.812,2.046,0.129,0.007,3.778,0.002,80.73,0.137,0.119,0.835,1.915,0.147,0.48
201,Pico,DEF,3.7,Cabo Verde,CPV,0.291,0.448,0.649,90.0,0.015,0.021,0.497,3.066,0.047,0.141,2.284,0.062,90.0,0.023,0.031,0.756,1.932,0.145,0.023,1.565,0.015,90.0,0.018,0.025,0.6,2.31,0.099,0.002,1.248,0.002,90.0,0.018,0.025,0.596,2.516,0.081,0.003,1.36,0.002,90.0,0.018,0.025,0.596,2.441,0.087,0.46
328,Marin Pongracic,DEF,4.0,Croatia,CRO,0.317,0.354,0.897,16.27,0.004,0.003,1.057,1.456,0.233,0.088,0.257,0.342,16.27,0.004,0.003,1.039,1.579,0.206,0.033,0.269,0.123,16.27,0.004,0.003,1.088,1.566,0.209,0.01,0.214,0.047,16.27,0.004,0.003,1.028,1.632,0.196,0.01,0.208,0.047,16.27,0.004,0.003,1.012,1.639,0.194,0.46
205,Diney,DEF,3.5,Cabo Verde,CPV,0.289,0.445,0.649,88.81,0.015,0.02,0.497,3.066,0.047,0.141,2.279,0.062,88.81,0.023,0.031,0.756,1.932,0.145,0.023,1.562,0.015,88.81,0.018,0.024,0.6,2.31,0.099,0.002,1.244,0.002,88.81,0.018,0.024,0.596,2.516,0.081,0.003,1.356,0.002,88.81,0.018,0.024,0.596,2.441,0.087,0.46
1529,Logan Costa,DEF,3.5,Cabo Verde,CPV,0.29,0.447,0.649,89.49,0.015,0.02,0.497,3.066,0.047,0.141,2.282,0.062,89.49,0.023,0.031,0.756,1.932,0.145,0.023,1.564,0.015,89.49,0.018,0.025,0.6,2.31,0.099,0.002,1.246,0.002,89.49,0.018,0.024,0.596,2.516,0.081,0.003,1.358,0.002,89.49,0.018,0.024,0.596,2.441,0.087,0.46
441,Hossam Abdelmaguid,DEF,3.6,Egypt,EGY,0.396,0.396,1.0,17.9,0.006,0.007,1.055,1.436,0.238,0.066,0.16,0.411,17.9,0.005,0.006,0.974,1.727,0.178,-0.004,-0.034,0.131,17.9,0.004,0.005,0.818,1.945,0.143,-0.0,-0.014,0.032,17.9,0.005,0.006,0.864,1.926,0.146,-0.0,-0.008,0.032,17.9,0.004,0.005,0.827,1.916,0.147,0.46
1493,Chris Wood,FWD,6.5,New Zealand,NZL,0.384,3.835,0.1,70.1,0.264,0.012,0.772,2.15,0.117,0.064,3.172,0.02,70.1,0.166,0.007,0.487,3.642,0.026,0.005,3.486,0.001,70.1,0.212,0.01,0.621,2.454,0.086,0.0,3.31,0.0,70.1,0.186,0.008,0.546,3.196,0.041,0.001,3.897,0.0,70.1,0.273,0.012,0.8,2.081,0.125,0.45
1038,Abdoulaye Seck,DEF,3.8,Senegal,SEN,0.281,0.588,0.477,18.82,0.007,0.009,1.136,1.204,0.3,0.121,0.53,0.229,18.82,0.007,0.009,1.101,1.282,0.277,0.027,0.268,0.099,18.82,0.006,0.007,0.892,1.603,0.201,0.011,0.357,0.03,18.82,0.006,0.008,0.958,1.496,0.224,0.01,0.347,0.03,18.82,0.006,0.008,0.924,1.505,0.222,0.45
1036,Ismail Jakobs,DEF,4.1,Senegal,SEN,0.279,0.585,0.477,15.23,0.003,0.019,1.136,1.204,0.3,0.121,0.527,0.229,15.23,0.003,0.019,1.101,1.282,0.277,0.026,0.265,0.099,15.23,0.003,0.015,0.892,1.603,0.201,0.011,0.355,0.03,15.23,0.003,0.016,0.958,1.496,0.224,0.01,0.345,0.03,15.23,0.003,0.016,0.924,1.505,0.222,0.45
993,Abdullah Al Hamddan,FWD,4.9,Saudi Arabia,KSA,0.388,1.136,0.341,10.47,0.017,0.005,0.483,3.225,0.04,0.037,1.214,0.03,10.47,0.027,0.008,0.761,1.98,0.138,0.008,1.171,0.007,10.47,0.022,0.007,0.605,2.254,0.105,0.001,1.169,0.001,10.47,0.021,0.007,0.601,2.642,0.071,0.001,1.163,0.001,10.47,0.021,0.006,0.578,2.524,0.08,0.44
64,Jason Geria,DEF,3.7,Australia,AUS,0.534,0.534,1.0,29.44,0.011,0.008,1.189,1.328,0.265,-0.124,-0.269,0.46,29.44,0.006,0.005,0.668,2.233,0.107,0.021,0.276,0.076,29.44,0.009,0.006,0.894,1.621,0.198,0.002,0.082,0.023,29.44,0.008,0.006,0.854,1.852,0.157,0.002,0.094,0.023,29.44,0.008,0.006,0.878,1.841,0.159,0.44
62,Milos Degenek,DEF,3.8,Australia,AUS,0.533,0.533,1.0,16.14,0.011,0.01,1.189,1.328,0.265,-0.124,-0.27,0.46,16.14,0.006,0.006,0.668,2.233,0.107,0.021,0.276,0.076,16.14,0.008,0.008,0.894,1.621,0.198,0.002,0.081,0.023,16.14,0.008,0.007,0.854,1.852,0.157,0.002,0.093,0.023,16.14,0.008,0.008,0.878,1.841,0.159,0.43
982,Aiman Yahya,MID,5.6,Saudi Arabia,KSA,0.382,1.119,0.341,26.31,0.012,0.008,0.483,3.225,0.04,0.036,1.187,0.03,26.31,0.019,0.013,0.761,1.98,0.138,0.008,1.149,0.007,26.31,0.015,0.01,0.605,2.254,0.105,0.001,1.148,0.001,26.31,0.015,0.01,0.601,2.642,0.071,0.001,1.142,0.001,26.31,0.014,0.01,0.578,2.524,0.08,0.43
329,Martin Erlic,DEF,3.9,Croatia,CRO,0.301,0.336,0.897,5.7,0.002,0.002,1.057,1.456,0.233,0.082,0.239,0.342,5.7,0.002,0.002,1.039,1.579,0.206,0.031,0.251,0.123,5.7,0.002,0.003,1.088,1.566,0.209,0.009,0.197,0.047,5.7,0.002,0.002,1.028,1.632,0.196,0.009,0.191,0.047,5.7,0.002,0.002,1.012,1.639,0.194,0.43
1027,Scott McTominay,MID,6.5,Scotland,SCO,0.328,3.442,0.095,84.82,0.189,0.065,0.903,2.173,0.114,0.071,3.294,0.022,84.82,0.165,0.057,0.791,2.03,0.131,0.018,3.607,0.005,84.82,0.2,0.069,0.96,1.627,0.196,0.006,3.323,0.002,84.82,0.17,0.059,0.812,2.046,0.129,0.006,3.376,0.002,84.82,0.174,0.06,0.835,1.915,0.147,0.43
199,Steven Moreira,DEF,3.9,Cabo Verde,CPV,0.255,0.393,0.649,89.49,0.011,0.016,0.497,3.066,0.047,0.136,2.202,0.062,89.49,0.017,0.024,0.756,1.932,0.145,0.022,1.5,0.015,89.49,0.014,0.019,0.6,2.31,0.099,0.002,1.182,0.002,89.49,0.014,0.019,0.596,2.516,0.081,0.002,1.295,0.002,89.49,0.014,0.019,0.596,2.441,0.087,0.42
1227,José María Giménez,DEF,4.4,Uruguay,URU,0.232,0.593,0.391,24.98,0.008,0.011,1.293,1.215,0.297,0.116,0.553,0.21,24.98,0.007,0.01,1.183,1.258,0.284,0.043,0.435,0.098,24.98,0.007,0.01,1.095,1.41,0.244,0.016,0.391,0.042,24.98,0.006,0.009,1.06,1.463,0.232,0.016,0.373,0.042,24.98,0.006,0.009,1.007,1.481,0.227,0.42
1228,Matías Viña,DEF,4.3,Uruguay,URU,0.227,0.581,0.391,16.05,0.008,0.008,1.293,1.215,0.297,0.114,0.542,0.21,16.05,0.007,0.007,1.183,1.258,0.284,0.042,0.425,0.098,16.05,0.006,0.007,1.095,1.41,0.244,0.016,0.382,0.042,16.05,0.006,0.007,1.06,1.463,0.232,0.015,0.364,0.042,16.05,0.006,0.006,1.007,1.481,0.227,0.41
1535,Dominik Kotarski,GK,4.4,Croatia,CRO,0.279,0.311,0.897,3.51,0.0,0.0,1.057,1.456,0.233,0.074,0.215,0.342,3.51,0.0,0.0,1.039,1.579,0.206,0.028,0.225,0.123,3.51,0.0,0.0,1.088,1.566,0.209,0.008,0.172,0.047,3.51,0.0,0.0,1.028,1.632,0.196,0.008,0.167,0.047,3.51,0.0,0.0,1.012,1.639,0.194,0.4
980,Abdullah Al Khaibari,MID,5.1,Saudi Arabia,KSA,0.354,1.038,0.341,17.53,0.004,0.002,0.483,3.225,0.04,0.032,1.059,0.03,17.53,0.006,0.003,0.761,1.98,0.138,0.007,1.047,0.007,17.53,0.005,0.003,0.605,2.254,0.105,0.001,1.047,0.001,17.53,0.005,0.003,0.601,2.642,0.071,0.001,1.045,0.001,17.53,0.005,0.002,0.578,2.524,0.08,0.4
977,Ziyad Al Johani,MID,4.9,Saudi Arabia,KSA,0.36,1.054,0.341,22.6,0.005,0.005,0.483,3.225,0.04,0.033,1.086,0.03,22.6,0.008,0.007,0.761,1.98,0.138,0.007,1.068,0.007,22.6,0.006,0.006,0.605,2.254,0.105,0.001,1.068,0.001,22.6,0.006,0.006,0.601,2.642,0.071,0.001,1.065,0.001,22.6,0.006,0.006,0.578,2.524,0.08,0.4
1039,Antoine Mendy,DEF,3.7,Senegal,SEN,0.253,0.529,0.477,9.33,0.003,0.002,1.136,1.204,0.3,0.108,0.473,0.229,9.33,0.003,0.002,1.101,1.282,0.277,0.022,0.222,0.099,9.33,0.002,0.002,0.892,1.603,0.201,0.009,0.308,0.03,9.33,0.003,0.002,0.958,1.496,0.224,0.009,0.3,0.03,9.33,0.002,0.002,0.924,1.505,0.222,0.4
1033,Mamadou Sarr,DEF,4.7,Senegal,SEN,0.248,0.519,0.477,8.07,0.002,0.002,1.136,1.204,0.3,0.106,0.463,0.229,8.07,0.002,0.002,1.101,1.282,0.277,0.021,0.214,0.099,8.07,0.002,0.001,0.892,1.603,0.201,0.009,0.299,0.03,8.07,0.002,0.002,0.958,1.496,0.224,0.009,0.292,0.03,8.07,0.002,0.002,0.924,1.505,0.222,0.39
1232,Santiago Bueno,DEF,4.1,Uruguay,URU,0.213,0.544,0.391,8.59,0.005,0.003,1.293,1.215,0.297,0.107,0.509,0.21,8.59,0.005,0.003,1.183,1.258,0.284,0.039,0.393,0.098,8.59,0.004,0.003,1.095,1.41,0.244,0.015,0.352,0.042,8.59,0.004,0.003,1.06,1.463,0.232,0.014,0.335,0.042,8.59,0.004,0.003,1.007,1.481,0.227,0.39
1019,Ché Adams,FWD,5.4,Scotland,SCO,0.295,3.1,0.095,71.06,0.128,0.046,0.903,2.173,0.114,0.064,2.966,0.022,71.06,0.112,0.041,0.791,2.03,0.131,0.016,3.167,0.005,71.06,0.136,0.049,0.96,1.627,0.196,0.005,2.991,0.002,71.06,0.115,0.042,0.812,2.046,0.129,0.005,3.019,0.002,71.06,0.119,0.043,0.835,1.915,0.147,0.38
2063,Joaquín Piquerez,DEF,4.5,Uruguay,URU,0.209,0.533,0.391,10.01,0.004,0.003,1.293,1.215,0.297,0.105,0.499,0.21,10.01,0.004,0.003,1.183,1.258,0.284,0.038,0.384,0.098,10.01,0.003,0.003,1.095,1.41,0.244,0.014,0.343,0.042,10.01,0.003,0.003,1.06,1.463,0.232,0.014,0.326,0.042,10.01,0.003,0.003,1.007,1.481,0.227,0.38
1028,Lewis Ferguson,MID,4.8,Scotland,SCO,0.279,2.935,0.095,82.5,0.055,0.079,0.903,2.173,0.114,0.062,2.852,0.022,82.5,0.048,0.069,0.791,2.03,0.131,0.016,3.067,0.005,82.5,0.059,0.084,0.96,1.627,0.196,0.005,2.868,0.002,82.5,0.05,0.071,0.812,2.046,0.129,0.005,2.908,0.002,82.5,0.051,0.073,0.835,1.915,0.147,0.37
1053,Mory Diaw,GK,3.8,Senegal,SEN,0.237,0.496,0.477,6.1,0.0,0.0,1.136,1.204,0.3,0.101,0.441,0.229,6.1,0.0,0.0,1.101,1.282,0.277,0.019,0.196,0.099,6.1,0.0,0.0,0.892,1.603,0.201,0.008,0.28,0.03,6.1,0.0,0.0,0.958,1.496,0.224,0.008,0.273,0.03,6.1,0.0,0.0,0.924,1.505,0.222,0.37
1052,Yehvann Diouf,GK,3.9,Senegal,SEN,0.237,0.496,0.477,3.24,0.0,0.0,1.136,1.204,0.3,0.101,0.441,0.229,3.24,0.0,0.0,1.101,1.282,0.277,0.019,0.196,0.099,3.24,0.0,0.0,0.892,1.603,0.201,0.008,0.28,0.03,3.24,0.0,0.0,0.958,1.496,0.224,0.008,0.273,0.03,3.24,0.0,0.0,0.924,1.505,0.222,0.37
1578,Ben Gannon-Doak,MID,4.9,Scotland,SCO,0.279,2.933,0.095,61.31,0.062,0.068,0.903,2.173,0.114,0.062,2.851,0.022,61.31,0.054,0.059,0.791,2.03,0.131,0.016,3.066,0.005,61.31,0.066,0.072,0.96,1.627,0.196,0.005,2.867,0.002,61.31,0.056,0.061,0.812,2.046,0.129,0.005,2.907,0.002,61.31,0.057,0.063,0.835,1.915,0.147,0.37
1492,Matthew Garbett,FWD,5.0,New Zealand,NZL,0.311,3.104,0.1,73.0,0.118,0.062,0.772,2.15,0.117,0.055,2.703,0.02,73.0,0.074,0.039,0.487,3.642,0.026,0.004,2.892,0.001,73.0,0.095,0.05,0.621,2.454,0.086,0.0,2.786,0.0,73.0,0.083,0.044,0.546,3.196,0.041,0.0,3.142,0.0,73.0,0.122,0.064,0.8,2.081,0.125,0.37
1244,Sergio Rochet,GK,4.1,Uruguay,URU,0.191,0.488,0.391,3.72,0.0,0.0,1.293,1.215,0.297,0.096,0.458,0.21,3.72,0.0,0.0,1.183,1.258,0.284,0.034,0.346,0.098,3.72,0.0,0.0,1.095,1.41,0.244,0.013,0.306,0.042,3.72,0.0,0.0,1.06,1.463,0.232,0.012,0.291,0.042,3.72,0.0,0.0,1.007,1.481,0.227,0.35
1246,Santiago Mele,GK,3.5,Uruguay,URU,0.191,0.488,0.391,0.88,0.0,0.0,1.293,1.215,0.297,0.096,0.458,0.21,0.88,0.0,0.0,1.183,1.258,0.284,0.034,0.346,0.098,0.88,0.0,0.0,1.095,1.41,0.244,0.013,0.306,0.042,0.88,0.0,0.0,1.06,1.463,0.232,0.012,0.291,0.042,0.88,0.0,0.0,1.007,1.481,0.227,0.35
453,Mostafa Shobeir,GK,3.5,Egypt,EGY,0.326,0.326,1.0,5.65,0.0,0.0,1.055,1.436,0.238,0.039,0.095,0.411,5.65,0.0,0.0,0.974,1.727,0.178,-0.012,-0.088,0.131,5.65,0.0,0.0,0.818,1.945,0.143,-0.002,-0.071,0.032,5.65,0.0,0.0,0.864,1.926,0.146,-0.002,-0.063,0.032,5.65,0.0,0.0,0.827,1.916,0.147,0.35
1592,Karim Hafez,DEF,3.9,Egypt,EGY,0.329,0.329,1.0,0.85,0.0,0.0,1.055,1.436,0.238,0.04,0.098,0.411,0.85,0.0,0.0,0.974,1.727,0.178,-0.011,-0.086,0.131,0.85,0.0,0.0,0.818,1.945,0.143,-0.002,-0.069,0.032,0.85,0.0,0.0,0.864,1.926,0.146,-0.002,-0.061,0.032,0.85,0.0,0.0,0.827,1.916,0.147,0.35
442,Tarek Alaa,DEF,3.5,Egypt,EGY,0.329,0.329,1.0,0.85,0.0,0.0,1.055,1.436,0.238,0.04,0.098,0.411,0.85,0.0,0.0,0.974,1.727,0.178,-0.011,-0.086,0.131,0.85,0.0,0.0,0.818,1.945,0.143,-0.002,-0.069,0.032,0.85,0.0,0.0,0.864,1.926,0.146,-0.002,-0.061,0.032,0.85,0.0,0.0,0.827,1.916,0.147,0.35
454,Mohamed Alaa,GK,3.5,Egypt,EGY,0.326,0.326,1.0,0.85,0.0,0.0,1.055,1.436,0.238,0.039,0.095,0.411,0.85,0.0,0.0,0.974,1.727,0.178,-0.012,-0.088,0.131,0.85,0.0,0.0,0.818,1.945,0.143,-0.002,-0.071,0.032,0.85,0.0,0.0,0.864,1.926,0.146,-0.002,-0.063,0.032,0.85,0.0,0.0,0.827,1.916,0.147,0.35
452,El Mahdy Soliman,GK,3.6,Egypt,EGY,0.326,0.326,1.0,0.85,0.0,0.0,1.055,1.436,0.238,0.039,0.095,0.411,0.85,0.0,0.0,0.974,1.727,0.178,-0.012,-0.088,0.131,0.85,0.0,0.0,0.818,1.945,0.143,-0.002,-0.071,0.032,0.85,0.0,0.0,0.864,1.926,0.146,-0.002,-0.063,0.032,0.85,0.0,0.0,0.827,1.916,0.147,0.35
832,Elijah Just,MID,4.2,New Zealand,NZL,0.276,2.756,0.1,61.3,0.048,0.052,0.772,2.15,0.117,0.049,2.432,0.02,61.3,0.031,0.033,0.487,3.642,0.026,0.004,2.602,0.001,61.3,0.039,0.042,0.621,2.454,0.086,0.0,2.495,0.0,61.3,0.034,0.037,0.546,3.196,0.041,0.0,2.787,0.0,61.3,0.05,0.054,0.8,2.081,0.125,0.33
821,Joe Bell,MID,5.1,New Zealand,NZL,0.28,2.802,0.1,74.89,0.05,0.059,0.772,2.15,0.117,0.05,2.461,0.02,74.89,0.032,0.037,0.487,3.642,0.026,0.004,2.639,0.001,74.89,0.041,0.047,0.621,2.454,0.086,0.0,2.527,0.0,74.89,0.036,0.041,0.546,3.196,0.041,0.0,2.834,0.0,74.89,0.052,0.061,0.8,2.081,0.125,0.33
1494,Sarpreet Singh,MID,5.3,New Zealand,NZL,0.274,2.735,0.1,67.44,0.045,0.053,0.772,2.15,0.117,0.049,2.418,0.02,67.44,0.029,0.033,0.487,3.642,0.026,0.004,2.584,0.001,67.44,0.036,0.043,0.621,2.454,0.086,0.0,2.479,0.0,67.44,0.032,0.037,0.546,3.196,0.041,0.0,2.764,0.0,67.44,0.047,0.055,0.8,2.081,0.125,0.33
898,Gustavo Velázquez,DEF,3.8,Paraguay,PAR,0.167,0.168,0.999,29.71,0.01,0.014,0.933,1.795,0.166,0.083,0.303,0.275,29.71,0.01,0.015,1.005,1.642,0.194,0.047,0.5,0.094,29.71,0.011,0.015,1.027,1.394,0.248,0.01,0.274,0.037,29.71,0.009,0.014,0.915,1.663,0.19,0.011,0.282,0.037,29.71,0.009,0.013,0.9,1.65,0.192,0.32
667,Ayumu Seko,DEF,3.8,Japan,JPN,0.137,0.137,1.0,21.82,0.005,0.005,1.051,1.743,0.175,0.097,0.306,0.316,21.82,0.005,0.005,1.154,1.54,0.214,0.057,0.439,0.129,21.82,0.005,0.005,1.145,1.365,0.255,0.009,0.156,0.057,21.82,0.004,0.004,0.97,1.714,0.18,0.016,0.273,0.057,21.82,0.005,0.005,1.109,1.578,0.206,0.32
823,Marko Stamenic,MID,5.6,New Zealand,NZL,0.262,2.618,0.1,79.6,0.04,0.038,0.772,2.15,0.117,0.047,2.344,0.02,79.6,0.025,0.024,0.487,3.642,0.026,0.004,2.49,0.001,79.6,0.032,0.03,0.621,2.454,0.086,0.0,2.396,0.0,79.6,0.028,0.027,0.546,3.196,0.041,0.0,2.644,0.0,79.6,0.041,0.039,0.8,2.081,0.125,0.31
1455,Takehiro Tomiyasu,DEF,4.9,Japan,JPN,0.13,0.13,1.0,11.43,0.004,0.005,1.051,1.743,0.175,0.094,0.299,0.316,11.43,0.004,0.006,1.154,1.54,0.214,0.056,0.432,0.129,11.43,0.004,0.006,1.145,1.365,0.255,0.009,0.15,0.057,11.43,0.003,0.005,0.97,1.714,0.18,0.015,0.266,0.057,11.43,0.004,0.005,1.109,1.578,0.206,0.3
66,Kai Trewin,DEF,3.5,Australia,AUS,0.429,0.429,1.0,2.75,0.002,0.002,1.189,1.328,0.265,-0.151,-0.328,0.46,2.75,0.001,0.001,0.668,2.233,0.107,0.015,0.197,0.076,2.75,0.001,0.001,0.894,1.621,0.198,0.0,0.006,0.023,2.75,0.001,0.001,0.854,1.852,0.157,0.0,0.016,0.023,2.75,0.001,0.001,0.878,1.841,0.159,0.29
67,Lucas Herrington,DEF,3.5,Australia,AUS,0.429,0.429,1.0,2.75,0.002,0.002,1.189,1.328,0.265,-0.151,-0.328,0.46,2.75,0.001,0.001,0.668,2.233,0.107,0.015,0.197,0.076,2.75,0.001,0.001,0.894,1.621,0.198,0.0,0.006,0.023,2.75,0.001,0.001,0.854,1.852,0.157,0.0,0.016,0.023,2.75,0.001,0.001,0.878,1.841,0.159,0.29
1070,Samukele Kabini,DEF,3.5,South Africa,RSA,0.371,0.371,1.0,17.53,0.006,0.007,0.922,1.472,0.23,-0.046,-0.139,0.331,17.53,0.004,0.005,0.676,2.065,0.127,-0.027,-0.464,0.058,17.53,0.004,0.005,0.653,2.426,0.088,-0.003,-0.361,0.008,17.53,0.004,0.005,0.646,2.313,0.099,-0.003,-0.404,0.008,17.53,0.004,0.005,0.625,2.358,0.095,0.29
1068,Khulumani Ndamane,DEF,3.5,South Africa,RSA,0.369,0.369,1.0,17.11,0.005,0.007,0.922,1.472,0.23,-0.047,-0.141,0.331,17.11,0.004,0.005,0.676,2.065,0.127,-0.027,-0.465,0.058,17.11,0.004,0.005,0.653,2.426,0.088,-0.003,-0.362,0.008,17.11,0.004,0.005,0.646,2.313,0.099,-0.003,-0.405,0.008,17.11,0.004,0.005,0.625,2.358,0.095,0.29
1009,Andy Robertson,DEF,5.0,Scotland,SCO,0.206,2.168,0.095,85.39,0.031,0.087,0.903,2.173,0.114,0.05,2.328,0.022,85.39,0.027,0.076,0.791,2.03,0.131,0.017,3.223,0.005,85.39,0.033,0.093,0.96,1.627,0.196,0.004,2.316,0.002,85.39,0.028,0.078,0.812,2.046,0.129,0.004,2.568,0.002,85.39,0.029,0.081,0.835,1.915,0.147,0.28
214,Vozinha,GK,3.9,Cabo Verde,CPV,0.138,0.213,0.649,90.0,0.0,0.0,0.497,3.066,0.047,0.119,1.937,0.062,90.0,0.0,0.0,0.756,1.932,0.145,0.019,1.286,0.015,90.0,0.0,0.0,0.6,2.31,0.099,0.002,0.969,0.002,90.0,0.0,0.0,0.596,2.516,0.081,0.002,1.082,0.002,90.0,0.0,0.0,0.596,2.441,0.087,0.28
76,Patrick Beach,GK,3.5,Australia,AUS,0.407,0.407,1.0,2.75,0.0,0.0,1.189,1.328,0.265,-0.157,-0.341,0.46,2.75,0.0,0.0,0.668,2.233,0.107,0.014,0.181,0.076,2.75,0.0,0.0,0.894,1.621,0.198,-0.0,-0.009,0.023,2.75,0.0,0.0,0.854,1.852,0.157,0.0,0.0,0.023,2.75,0.0,0.0,0.878,1.841,0.159,0.26
75,Paul Izzo,GK,3.6,Australia,AUS,0.407,0.407,1.0,2.75,0.0,0.0,1.189,1.328,0.265,-0.157,-0.341,0.46,2.75,0.0,0.0,0.668,2.233,0.107,0.014,0.181,0.076,2.75,0.0,0.0,0.894,1.621,0.198,-0.0,-0.009,0.023,2.75,0.0,0.0,0.854,1.852,0.157,0.0,0.0,0.023,2.75,0.0,0.0,0.878,1.841,0.159,0.26
1577,Aaron Hickey,DEF,4.3,Scotland,SCO,0.178,1.87,0.095,66.4,0.022,0.035,0.903,2.173,0.114,0.045,2.071,0.022,66.4,0.02,0.031,0.791,2.03,0.131,0.015,2.924,0.005,66.4,0.024,0.037,0.96,1.627,0.196,0.004,2.051,0.002,66.4,0.02,0.032,0.812,2.046,0.129,0.004,2.3,0.002,66.4,0.021,0.032,0.835,1.915,0.147,0.25
668,Junnosuke Suzuki,DEF,3.5,Japan,JPN,0.096,0.096,1.0,6.23,0.001,0.001,1.051,1.743,0.175,0.083,0.261,0.316,6.23,0.001,0.001,1.154,1.54,0.214,0.051,0.395,0.129,6.23,0.001,0.001,1.145,1.365,0.255,0.007,0.119,0.057,6.23,0.001,0.001,0.97,1.714,0.18,0.013,0.23,0.057,6.23,0.001,0.001,1.109,1.578,0.206,0.25
1701,Bradley Cross,DEF,3.6,South Africa,RSA,0.328,0.328,1.0,7.11,0.002,0.003,0.922,1.472,0.23,-0.057,-0.171,0.331,7.11,0.002,0.002,0.676,2.065,0.127,-0.029,-0.494,0.058,7.11,0.002,0.002,0.653,2.426,0.088,-0.003,-0.391,0.008,7.11,0.002,0.002,0.646,2.313,0.099,-0.004,-0.433,0.008,7.11,0.002,0.002,0.625,2.358,0.095,0.24
1064,Thabang Matuludi,DEF,3.7,South Africa,RSA,0.328,0.328,1.0,7.11,0.002,0.003,0.922,1.472,0.23,-0.057,-0.171,0.331,7.11,0.002,0.002,0.676,2.065,0.127,-0.029,-0.494,0.058,7.11,0.002,0.002,0.653,2.426,0.088,-0.003,-0.391,0.008,7.11,0.002,0.002,0.646,2.313,0.099,-0.004,-0.433,0.008,7.11,0.002,0.002,0.625,2.358,0.095,0.24
1069,Ime Okon,DEF,3.5,South Africa,RSA,0.328,0.328,1.0,7.11,0.002,0.003,0.922,1.472,0.23,-0.057,-0.171,0.331,7.11,0.002,0.002,0.676,2.065,0.127,-0.029,-0.494,0.058,7.11,0.002,0.002,0.653,2.426,0.088,-0.003,-0.391,0.008,7.11,0.002,0.002,0.646,2.313,0.099,-0.004,-0.433,0.008,7.11,0.002,0.002,0.625,2.358,0.095,0.24
1018,Grant Hanley,DEF,3.5,Scotland,SCO,0.165,1.729,0.095,80.14,0.016,0.017,0.903,2.173,0.114,0.042,1.947,0.022,80.14,0.014,0.015,0.791,2.03,0.131,0.014,2.777,0.005,80.14,0.016,0.019,0.96,1.627,0.196,0.003,1.924,0.002,80.14,0.014,0.016,0.812,2.046,0.129,0.004,2.17,0.002,80.14,0.014,0.016,0.835,1.915,0.147,0.23
1580,Lawrence Shankland,FWD,5.5,Scotland,SCO,0.175,1.842,0.095,45.96,0.108,0.033,0.903,2.173,0.114,0.038,1.738,0.022,45.96,0.094,0.029,0.791,2.03,0.131,0.01,1.894,0.005,45.96,0.114,0.035,0.96,1.627,0.196,0.003,1.757,0.002,45.96,0.097,0.03,0.812,2.046,0.129,0.003,1.779,0.002,45.96,0.1,0.031,0.835,1.915,0.147,0.23
1012,Jack Hendry,DEF,3.9,Scotland,SCO,0.169,1.777,0.095,76.87,0.019,0.021,0.903,2.173,0.114,0.043,1.99,0.022,76.87,0.017,0.018,0.791,2.03,0.131,0.014,2.827,0.005,76.87,0.02,0.022,0.96,1.627,0.196,0.003,1.968,0.002,76.87,0.017,0.019,0.812,2.046,0.129,0.004,2.214,0.002,76.87,0.018,0.019,0.835,1.915,0.147,0.23
678,Keisuke Osako,GK,4.0,Japan,JPN,0.082,0.082,1.0,5.0,0.0,0.0,1.051,1.743,0.175,0.078,0.246,0.316,5.0,0.0,0.0,1.154,1.54,0.214,0.049,0.379,0.129,5.0,0.0,0.0,1.145,1.365,0.255,0.006,0.106,0.057,5.0,0.0,0.0,0.97,1.714,0.18,0.012,0.215,0.057,5.0,0.0,0.0,1.109,1.578,0.206,0.23
1700,Olwethu Makhanya,DEF,3.5,South Africa,RSA,0.319,0.319,1.0,7.11,0.002,0.001,0.922,1.472,0.23,-0.059,-0.178,0.331,7.11,0.001,0.001,0.676,2.065,0.127,-0.029,-0.5,0.058,7.11,0.001,0.001,0.653,2.426,0.088,-0.003,-0.398,0.008,7.11,0.001,0.001,0.646,2.313,0.099,-0.004,-0.439,0.008,7.11,0.001,0.001,0.625,2.358,0.095,0.22
827,Tim Payne,DEF,3.6,New Zealand,NZL,0.208,2.076,0.1,76.88,0.017,0.081,0.772,2.15,0.117,-0.003,-0.14,0.02,76.88,0.011,0.051,0.487,3.642,0.026,0.002,1.492,0.001,76.88,0.014,0.065,0.621,2.454,0.086,0.0,0.433,0.0,76.88,0.012,0.057,0.546,3.196,0.041,0.0,2.212,0.0,76.88,0.018,0.083,0.8,2.081,0.125,0.21
1698,Sipho Chaine,GK,3.7,South Africa,RSA,0.299,0.299,1.0,7.11,0.0,0.0,0.922,1.472,0.23,-0.064,-0.192,0.331,7.11,0.0,0.0,0.676,2.065,0.127,-0.03,-0.514,0.058,7.11,0.0,0.0,0.653,2.426,0.088,-0.003,-0.412,0.008,7.11,0.0,0.0,0.646,2.313,0.099,-0.004,-0.453,0.008,7.11,0.0,0.0,0.625,2.358,0.095,0.2
1489,Liberato Cacace,DEF,4.1,New Zealand,NZL,0.204,2.042,0.1,71.9,0.016,0.075,0.772,2.15,0.117,-0.003,-0.162,0.02,71.9,0.01,0.048,0.487,3.642,0.026,0.002,1.464,0.001,71.9,0.013,0.061,0.621,2.454,0.086,0.0,0.408,0.0,71.9,0.011,0.053,0.546,3.196,0.041,0.0,2.177,0.0,71.9,0.017,0.078,0.8,2.081,0.125,0.2
1007,Ryan Christie,MID,5.6,Scotland,SCO,0.15,1.578,0.095,31.24,0.063,0.025,0.903,2.173,0.114,0.033,1.507,0.022,31.24,0.055,0.022,0.791,2.03,0.131,0.008,1.614,0.005,31.24,0.067,0.027,0.96,1.627,0.196,0.003,1.52,0.002,31.24,0.057,0.023,0.812,2.046,0.129,0.003,1.535,0.002,31.24,0.058,0.024,0.835,1.915,0.147,0.2
1078,Ricardo Goss,GK,3.7,South Africa,RSA,0.299,0.299,1.0,7.11,0.0,0.0,0.922,1.472,0.23,-0.064,-0.192,0.331,7.11,0.0,0.0,0.676,2.065,0.127,-0.03,-0.514,0.058,7.11,0.0,0.0,0.653,2.426,0.088,-0.003,-0.412,0.008,7.11,0.0,0.0,0.646,2.313,0.099,-0.004,-0.453,0.008,7.11,0.0,0.0,0.625,2.358,0.095,0.2
1025,Angus Gunn,GK,3.6,Scotland,SCO,0.144,1.51,0.095,83.7,0.0,0.0,0.903,2.173,0.114,0.038,1.757,0.022,83.7,0.0,0.0,0.791,2.03,0.131,0.013,2.551,0.005,83.7,0.0,0.0,0.96,1.627,0.196,0.003,1.729,0.002,83.7,0.0,0.0,0.812,2.046,0.129,0.003,1.97,0.002,83.7,0.0,0.0,0.835,1.915,0.147,0.2
983,Saud Abdulhamid,DEF,4.1,Saudi Arabia,KSA,0.108,0.317,0.341,73.58,0.017,0.031,0.483,3.225,0.04,0.07,2.309,0.03,73.58,0.027,0.048,0.761,1.98,0.138,0.011,1.747,0.007,73.58,0.022,0.038,0.605,2.254,0.105,0.001,1.158,0.001,73.58,0.022,0.038,0.601,2.642,0.071,0.001,1.315,0.001,73.58,0.021,0.037,0.578,2.524,0.08,0.19
825,Tyler Bindon,DEF,3.6,New Zealand,NZL,0.179,1.793,0.1,81.67,0.021,0.014,0.772,2.15,0.117,-0.007,-0.327,0.02,81.67,0.013,0.009,0.487,3.642,0.026,0.002,1.26,0.001,81.67,0.017,0.011,0.621,2.454,0.086,0.0,0.225,0.0,81.67,0.015,0.01,0.546,3.196,0.041,0.0,1.92,0.0,81.67,0.021,0.014,0.8,2.081,0.125,0.17
1488,Michael Boxall,DEF,3.7,New Zealand,NZL,0.176,1.761,0.1,80.62,0.015,0.018,0.772,2.15,0.117,-0.007,-0.347,0.02,80.62,0.009,0.011,0.487,3.642,0.026,0.002,1.234,0.001,80.62,0.012,0.014,0.621,2.454,0.086,0.0,0.202,0.0,80.62,0.01,0.013,0.546,3.196,0.041,0.0,1.887,0.0,80.62,0.015,0.019,0.8,2.081,0.125,0.17
991,Ali Lajami,DEF,3.5,Saudi Arabia,KSA,0.089,0.262,0.341,79.8,0.018,0.018,0.483,3.225,0.04,0.067,2.228,0.03,79.8,0.029,0.028,0.761,1.98,0.138,0.011,1.68,0.007,79.8,0.023,0.022,0.605,2.254,0.105,0.001,1.091,0.001,79.8,0.023,0.022,0.601,2.642,0.071,0.001,1.251,0.001,79.8,0.022,0.021,0.578,2.524,0.08,0.17
900,José Canale,DEF,3.6,Paraguay,PAR,0.057,0.057,0.999,4.28,0.001,0.002,0.933,1.795,0.166,0.051,0.184,0.275,4.28,0.002,0.002,1.005,1.642,0.194,0.036,0.379,0.094,4.28,0.002,0.002,1.027,1.394,0.248,0.006,0.166,0.037,4.28,0.001,0.002,0.915,1.663,0.19,0.007,0.176,0.037,4.28,0.001,0.002,0.9,1.65,0.192,0.16
833,Ben Waine,FWD,4.2,New Zealand,NZL,0.135,1.349,0.1,14.77,0.045,0.012,0.772,2.15,0.117,0.025,1.221,0.02,14.77,0.028,0.008,0.487,3.642,0.026,0.002,1.281,0.001,14.77,0.036,0.01,0.621,2.454,0.086,0.0,1.247,0.0,14.77,0.032,0.009,0.546,3.196,0.041,0.0,1.362,0.0,14.77,0.046,0.013,0.8,2.081,0.125,0.16
987,Nawaf Bu Washl,DEF,3.5,Saudi Arabia,KSA,0.082,0.239,0.341,74.53,0.01,0.028,0.483,3.225,0.04,0.066,2.191,0.03,74.53,0.015,0.045,0.761,1.98,0.138,0.011,1.651,0.007,74.53,0.012,0.036,0.605,2.254,0.105,0.001,1.063,0.001,74.53,0.012,0.035,0.601,2.642,0.071,0.001,1.223,0.001,74.53,0.012,0.034,0.578,2.524,0.08,0.16
838,Max Crocombe,GK,3.9,New Zealand,NZL,0.155,1.55,0.1,81.67,0.0,0.0,0.772,2.15,0.117,-0.01,-0.484,0.02,81.67,0.0,0.0,0.487,3.642,0.026,0.002,1.062,0.001,81.67,0.0,0.0,0.621,2.454,0.086,0.0,0.049,0.0,81.67,0.0,0.0,0.546,3.196,0.041,0.0,1.668,0.0,81.67,0.0,0.0,0.8,2.081,0.125,0.15
1022,Lyndon Dykes,FWD,4.6,Scotland,SCO,0.116,1.22,0.095,18.73,0.023,0.019,0.903,2.173,0.114,0.026,1.192,0.022,18.73,0.021,0.016,0.791,2.03,0.131,0.006,1.233,0.005,18.73,0.025,0.02,0.96,1.627,0.196,0.002,1.197,0.002,18.73,0.021,0.017,0.812,2.046,0.129,0.002,1.203,0.002,18.73,0.022,0.017,0.835,1.915,0.147,0.15
831,Kosta Barbarouses,FWD,4.4,New Zealand,NZL,0.121,1.204,0.1,14.77,0.024,0.012,0.772,2.15,0.117,0.023,1.129,0.02,14.77,0.015,0.008,0.487,3.642,0.026,0.002,1.164,0.001,14.77,0.019,0.01,0.621,2.454,0.086,0.0,1.144,0.0,14.77,0.017,0.009,0.546,3.196,0.041,0.0,1.211,0.0,14.77,0.025,0.013,0.8,2.081,0.125,0.15
1008,Kenny McLean,MID,4.8,Scotland,SCO,0.111,1.163,0.095,25.35,0.014,0.016,0.903,2.173,0.114,0.025,1.143,0.022,25.35,0.013,0.014,0.791,2.03,0.131,0.006,1.173,0.005,25.35,0.015,0.017,0.96,1.627,0.196,0.002,1.147,0.002,25.35,0.013,0.014,0.812,2.046,0.129,0.002,1.151,0.002,25.35,0.013,0.015,0.835,1.915,0.147,0.15
820,Alex Rufer,MID,4.9,New Zealand,NZL,0.123,1.231,0.1,29.98,0.02,0.024,0.772,2.15,0.117,0.023,1.146,0.02,29.98,0.013,0.015,0.487,3.642,0.026,0.002,1.186,0.001,29.98,0.016,0.019,0.621,2.454,0.086,0.0,1.164,0.0,29.98,0.014,0.017,0.546,3.196,0.041,0.0,1.24,0.0,29.98,0.021,0.024,0.8,2.081,0.125,0.15
818,Callum McCowatt,MID,4.7,New Zealand,NZL,0.123,1.226,0.1,29.24,0.02,0.023,0.772,2.15,0.117,0.023,1.142,0.02,29.24,0.012,0.014,0.487,3.642,0.026,0.002,1.182,0.001,29.24,0.016,0.018,0.621,2.454,0.086,0.0,1.16,0.0,29.24,0.014,0.016,0.546,3.196,0.041,0.0,1.234,0.0,29.24,0.02,0.024,0.8,2.081,0.125,0.15
834,Ben Old,FWD,4.2,New Zealand,NZL,0.115,1.146,0.1,10.59,0.017,0.009,0.772,2.15,0.117,0.022,1.092,0.02,10.59,0.011,0.006,0.487,3.642,0.026,0.002,1.118,0.001,10.59,0.014,0.007,0.621,2.454,0.086,0.0,1.103,0.0,10.59,0.012,0.006,0.546,3.196,0.041,0.0,1.152,0.0,10.59,0.018,0.009,0.8,2.081,0.125,0.14
720,Lee Tae-Seok,DEF,3.7,Korea Republic,KOR,0.113,0.177,0.636,31.29,0.009,0.016,0.974,1.787,0.167,0.031,0.155,0.202,31.29,0.009,0.014,0.895,1.801,0.165,-0.007,-0.114,0.057,31.29,0.007,0.012,0.734,2.09,0.124,-0.0,-0.016,0.011,31.29,0.008,0.013,0.793,1.987,0.137,-0.001,-0.048,0.011,31.29,0.007,0.012,0.752,2.016,0.133,0.14
985,Hassan Kadish,DEF,3.7,Saudi Arabia,KSA,0.061,0.18,0.341,70.46,0.015,0.006,0.483,3.225,0.04,0.064,2.103,0.03,70.46,0.024,0.01,0.761,1.98,0.138,0.01,1.58,0.007,70.46,0.019,0.008,0.605,2.254,0.105,0.001,0.99,0.001,70.46,0.019,0.008,0.601,2.642,0.071,0.001,1.154,0.001,70.46,0.018,0.008,0.578,2.524,0.08,0.14
910,Orlando Gill,GK,3.5,Paraguay,PAR,0.039,0.039,0.999,4.28,0.0,0.0,0.933,1.795,0.166,0.045,0.164,0.275,4.28,0.0,0.0,1.005,1.642,0.194,0.034,0.358,0.094,4.28,0.0,0.0,1.027,1.394,0.248,0.006,0.148,0.037,4.28,0.0,0.0,0.915,1.663,0.19,0.006,0.158,0.037,4.28,0.0,0.0,0.9,1.65,0.192,0.13
1021,George Hirst,FWD,4.6,Scotland,SCO,0.096,1.01,0.095,0.52,0.001,0.0,0.903,2.173,0.114,0.022,1.009,0.022,0.52,0.001,0.0,0.791,2.03,0.131,0.005,1.01,0.005,0.52,0.001,0.0,0.96,1.627,0.196,0.002,1.009,0.002,0.52,0.001,0.0,0.812,2.046,0.129,0.002,1.009,0.002,0.52,0.001,0.0,0.835,1.915,0.147,0.13
908,Roberto Fernández,GK,4.0,Paraguay,PAR,0.039,0.039,0.999,4.28,0.0,0.0,0.933,1.795,0.166,0.045,0.164,0.275,4.28,0.0,0.0,1.005,1.642,0.194,0.034,0.358,0.094,4.28,0.0,0.0,1.027,1.394,0.248,0.006,0.148,0.037,4.28,0.0,0.0,0.915,1.663,0.19,0.006,0.158,0.037,4.28,0.0,0.0,0.9,1.65,0.192,0.13
1951,Hassan Al Tambakti,DEF,4.5,Saudi Arabia,KSA,0.057,0.167,0.341,82.26,0.013,0.008,0.483,3.225,0.04,0.063,2.083,0.03,82.26,0.021,0.012,0.761,1.98,0.138,0.01,1.564,0.007,82.26,0.016,0.009,0.605,2.254,0.105,0.001,0.974,0.001,82.26,0.016,0.009,0.601,2.642,0.071,0.001,1.138,0.001,82.26,0.016,0.009,0.578,2.524,0.08,0.13
909,Gastón Olveira,GK,3.8,Paraguay,PAR,0.039,0.039,0.999,4.28,0.0,0.0,0.933,1.795,0.166,0.045,0.164,0.275,4.28,0.0,0.0,1.005,1.642,0.194,0.034,0.358,0.094,4.28,0.0,0.0,1.027,1.394,0.248,0.006,0.148,0.037,4.28,0.0,0.0,0.915,1.663,0.19,0.006,0.158,0.037,4.28,0.0,0.0,0.9,1.65,0.192,0.13
299,Evan Ndicka,DEF,4.4,Côte d'Ivoire,CIV,0.02,0.02,1.0,38.82,0.011,0.006,0.879,1.952,0.142,0.03,0.123,0.245,38.82,0.011,0.007,0.938,1.84,0.159,0.024,0.354,0.068,38.82,0.011,0.007,0.948,1.558,0.21,0.001,0.029,0.023,38.82,0.01,0.006,0.806,1.93,0.145,0.004,0.172,0.023,38.82,0.011,0.007,0.934,1.78,0.169,0.08
999,Nawaf Al Aqidi,GK,4.0,Saudi Arabia,KSA,0.005,0.014,0.341,84.57,0.0,0.0,0.483,3.225,0.04,0.056,1.848,0.03,84.57,0.0,0.0,0.761,1.98,0.138,0.009,1.375,0.007,84.57,0.0,0.0,0.605,2.254,0.105,0.001,0.786,0.001,84.57,0.0,0.0,0.601,2.642,0.071,0.001,0.957,0.001,84.57,0.0,0.0,0.578,2.524,0.08,0.07
606,Ali Nemati,DEF,3.5,IR Iran,IRN,0.094,0.172,0.546,33.77,0.009,0.012,0.854,1.778,0.169,-0.023,-0.144,0.158,33.77,0.008,0.01,0.749,2.13,0.119,-0.003,-0.095,0.032,33.77,0.008,0.01,0.725,2.07,0.126,-0.001,-0.157,0.006,33.77,0.008,0.01,0.738,2.143,0.117,-0.001,-0.159,0.006,33.77,0.008,0.01,0.708,2.141,0.118,0.07
719,Lee Han-Beom,DEF,3.7,Korea Republic,KOR,0.061,0.096,0.636,13.6,0.004,0.005,0.974,1.787,0.167,0.016,0.08,0.202,13.6,0.004,0.005,0.895,1.801,0.165,-0.01,-0.175,0.057,13.6,0.003,0.004,0.734,2.09,0.124,-0.001,-0.083,0.011,13.6,0.003,0.004,0.793,1.987,0.137,-0.001,-0.11,0.011,13.6,0.003,0.004,0.752,2.016,0.133,0.06
2066,Jaouen Hadjam,DEF,3.8,Algeria,ALG,0.012,0.019,0.668,30.91,0.012,0.017,0.883,2.002,0.135,0.043,0.25,0.172,30.91,0.013,0.019,0.973,1.747,0.174,0.007,0.131,0.054,30.91,0.012,0.019,0.951,1.884,0.152,0.001,0.051,0.015,30.91,0.012,0.018,0.909,1.97,0.14,0.001,0.041,0.015,30.91,0.011,0.017,0.876,1.974,0.139,0.06
87,Alexander Prass,DEF,4.3,Austria,AUT,-0.04,-0.047,0.851,27.94,0.014,0.016,0.907,2.094,0.123,0.058,0.275,0.211,27.94,0.016,0.018,1.029,1.744,0.175,0.022,0.328,0.068,27.94,0.017,0.019,1.113,1.698,0.183,0.003,0.129,0.024,27.94,0.015,0.017,0.995,1.91,0.148,0.002,0.095,0.024,27.94,0.014,0.016,0.945,1.939,0.144,0.05
718,Kim Moon-Hwan,DEF,3.9,Korea Republic,KOR,0.051,0.08,0.636,13.67,0.002,0.005,0.974,1.787,0.167,0.013,0.066,0.202,13.67,0.002,0.004,0.895,1.801,0.165,-0.011,-0.187,0.057,13.67,0.002,0.004,0.734,2.09,0.124,-0.001,-0.095,0.011,13.67,0.002,0.004,0.793,1.987,0.137,-0.001,-0.122,0.011,13.67,0.002,0.004,0.752,2.016,0.133,0.05
2070,Cho Wi-Je,DEF,3.7,Korea Republic,KOR,0.048,0.075,0.636,7.98,0.002,0.003,0.974,1.787,0.167,0.012,0.061,0.202,7.98,0.002,0.003,0.895,1.801,0.165,-0.011,-0.191,0.057,7.98,0.002,0.002,0.734,2.09,0.124,-0.001,-0.1,0.011,7.98,0.002,0.002,0.793,1.987,0.137,-0.001,-0.127,0.011,7.98,0.002,0.002,0.752,2.016,0.133,0.05
1548,Lee Gi-Hyuk,DEF,4.5,Korea Republic,KOR,0.04,0.063,0.636,7.98,0.001,0.002,0.974,1.787,0.167,0.01,0.05,0.202,7.98,0.001,0.002,0.895,1.801,0.165,-0.011,-0.2,0.057,7.98,0.001,0.001,0.734,2.09,0.124,-0.001,-0.109,0.011,7.98,0.001,0.002,0.793,1.987,0.137,-0.001,-0.136,0.011,7.98,0.001,0.001,0.752,2.016,0.133,0.04
91,Phillipp Mwene,DEF,3.9,Austria,AUT,-0.045,-0.053,0.851,46.11,0.012,0.019,0.907,2.094,0.123,0.056,0.268,0.211,46.11,0.014,0.021,1.029,1.744,0.175,0.022,0.321,0.068,46.11,0.015,0.023,1.113,1.698,0.183,0.003,0.122,0.024,46.11,0.013,0.021,0.995,1.91,0.148,0.002,0.089,0.024,46.11,0.013,0.02,0.945,1.939,0.144,0.04
722,Kim Tae-Hyeon,DEF,3.6,Korea Republic,KOR,0.04,0.063,0.636,7.98,0.001,0.002,0.974,1.787,0.167,0.01,0.05,0.202,7.98,0.001,0.002,0.895,1.801,0.165,-0.011,-0.2,0.057,7.98,0.001,0.001,0.734,2.09,0.124,-0.001,-0.109,0.011,7.98,0.001,0.002,0.793,1.987,0.137,-0.001,-0.135,0.011,7.98,0.001,0.001,0.752,2.016,0.133,0.04
865,Carlos Harvey,MID,4.9,Panama,PAN,0.022,2.562,0.009,72.01,0.042,0.024,0.665,2.214,0.109,0.003,2.68,0.001,72.01,0.05,0.029,0.794,1.967,0.14,0.001,2.477,0.0,72.01,0.038,0.022,0.597,2.662,0.07,0.0,2.646,0.0,72.01,0.049,0.028,0.77,2.106,0.122,0.0,2.604,0.0,72.01,0.046,0.027,0.734,2.257,0.105,0.03
887,Adalberto Carrasquilla,MID,6.5,Panama,PAN,0.024,2.772,0.009,79.39,0.033,0.082,0.665,2.214,0.109,0.004,2.929,0.001,79.39,0.039,0.098,0.794,1.967,0.14,0.001,2.666,0.0,79.39,0.03,0.074,0.597,2.662,0.07,0.0,2.887,0.0,79.39,0.038,0.096,0.77,2.106,0.122,0.0,2.835,0.0,79.39,0.036,0.091,0.734,2.257,0.105,0.03
868,José Luis Rodríguez,MID,5.6,Panama,PAN,0.025,2.806,0.009,65.72,0.042,0.074,0.665,2.214,0.109,0.004,2.969,0.001,65.72,0.05,0.089,0.794,1.967,0.14,0.001,2.696,0.0,65.72,0.038,0.067,0.597,2.662,0.07,0.0,2.927,0.0,65.72,0.049,0.086,0.77,2.106,0.122,0.0,2.872,0.0,65.72,0.047,0.082,0.734,2.257,0.105,0.03
879,Ismael Díaz,FWD,4.9,Panama,PAN,0.028,3.171,0.009,71.27,0.135,0.051,0.665,2.214,0.109,0.004,3.392,0.001,71.27,0.162,0.061,0.794,1.967,0.14,0.001,3.055,0.0,71.27,0.122,0.046,0.597,2.662,0.07,0.0,3.352,0.0,71.27,0.157,0.059,0.77,2.106,0.122,0.0,3.29,0.0,71.27,0.149,0.057,0.734,2.257,0.105,0.03
872,Éric Davis,DEF,3.9,Panama,PAN,0.023,2.607,0.009,68.42,0.107,0.052,0.665,2.214,0.109,0.004,3.249,0.001,68.42,0.128,0.062,0.794,1.967,0.14,0.0,1.816,0.0,68.42,0.096,0.046,0.597,2.662,0.07,0.0,2.966,0.0,68.42,0.124,0.06,0.77,2.106,0.122,0.0,2.657,0.0,68.42,0.118,0.057,0.734,2.257,0.105,0.03
597,Ramin Rezaeian,DEF,4.0,IR Iran,IRN,0.064,0.117,0.546,18.25,0.005,0.006,0.854,1.778,0.169,-0.03,-0.193,0.158,18.25,0.004,0.006,0.749,2.13,0.119,-0.005,-0.141,0.032,18.25,0.004,0.005,0.725,2.07,0.126,-0.001,-0.205,0.006,18.25,0.004,0.005,0.738,2.143,0.117,-0.001,-0.205,0.006,18.25,0.004,0.005,0.708,2.141,0.118,0.03
866,Cristian Martínez,MID,5.3,Panama,PAN,0.024,2.727,0.009,66.02,0.053,0.04,0.665,2.214,0.109,0.004,2.875,0.001,66.02,0.064,0.048,0.794,1.967,0.14,0.001,2.625,0.0,66.02,0.048,0.036,0.597,2.662,0.07,0.0,2.836,0.0,66.02,0.062,0.046,0.77,2.106,0.122,0.0,2.785,0.0,66.02,0.059,0.044,0.734,2.257,0.105,0.03
608,Aria Yousefi,DEF,3.5,IR Iran,IRN,0.065,0.119,0.546,18.78,0.005,0.006,0.854,1.778,0.169,-0.03,-0.191,0.158,18.78,0.005,0.006,0.749,2.13,0.119,-0.005,-0.14,0.032,18.78,0.004,0.006,0.725,2.07,0.126,-0.001,-0.203,0.006,18.78,0.005,0.006,0.738,2.143,0.117,-0.001,-0.203,0.006,18.78,0.004,0.005,0.708,2.141,0.118,0.03
885,Orlando Mosquera,GK,3.9,Panama,PAN,0.013,1.442,0.009,85.25,0.0,0.0,0.665,2.214,0.109,0.002,1.873,0.001,85.25,0.0,0.0,0.794,1.967,0.14,0.0,0.757,0.0,85.25,0.0,0.0,0.597,2.662,0.07,0.0,1.624,0.0,85.25,0.0,0.0,0.77,2.106,0.122,0.0,1.371,0.0,85.25,0.0,0.0,0.734,2.257,0.105,0.02
874,Andrés Andrade,DEF,3.7,Panama,PAN,0.015,1.695,0.009,84.63,0.016,0.024,0.665,2.214,0.109,0.003,2.171,0.001,84.63,0.019,0.029,0.794,1.967,0.14,0.0,0.987,0.0,84.63,0.014,0.022,0.597,2.662,0.07,0.0,1.915,0.0,84.63,0.018,0.028,0.77,2.106,0.122,0.0,1.65,0.0,84.63,0.017,0.027,0.734,2.257,0.105,0.02
731,Song Bum-Keun,GK,3.9,Korea Republic,KOR,0.029,0.045,0.636,7.98,0.0,0.0,0.974,1.787,0.167,0.007,0.034,0.202,7.98,0.0,0.0,0.895,1.801,0.165,-0.012,-0.213,0.057,7.98,0.0,0.0,0.734,2.09,0.124,-0.001,-0.124,0.011,7.98,0.0,0.0,0.793,1.987,0.137,-0.002,-0.149,0.011,7.98,0.0,0.0,0.752,2.016,0.133,0.02
869,Aníbal Godoy,MID,5.6,Panama,PAN,0.021,2.408,0.009,71.96,0.027,0.018,0.665,2.214,0.109,0.003,2.497,0.001,71.96,0.032,0.021,0.794,1.967,0.14,0.001,2.339,0.0,71.96,0.024,0.016,0.597,2.662,0.07,0.0,2.468,0.0,71.96,0.031,0.02,0.77,2.106,0.122,0.0,2.435,0.0,71.96,0.029,0.019,0.734,2.257,0.105,0.02
730,Kim Seung-Gyu,GK,4.1,Korea Republic,KOR,0.029,0.045,0.636,12.15,0.0,0.0,0.974,1.787,0.167,0.007,0.034,0.202,12.15,0.0,0.0,0.895,1.801,0.165,-0.012,-0.213,0.057,12.15,0.0,0.0,0.734,2.09,0.124,-0.001,-0.124,0.011,12.15,0.0,0.0,0.793,1.987,0.137,-0.002,-0.149,0.011,12.15,0.0,0.0,0.752,2.016,0.133,0.02
870,Amir Murillo,DEF,5.0,Panama,PAN,0.017,1.893,0.009,81.67,0.028,0.043,0.665,2.214,0.109,0.003,2.405,0.001,81.67,0.034,0.052,0.794,1.967,0.14,0.0,1.167,0.0,81.67,0.025,0.039,0.597,2.662,0.07,0.0,2.144,0.0,81.67,0.033,0.05,0.77,2.106,0.122,0.0,1.869,0.0,81.67,0.031,0.048,0.734,2.257,0.105,0.02
2026,Fidel Escobar,DEF,3.8,Panama,PAN,0.015,1.754,0.009,84.18,0.023,0.024,0.665,2.214,0.109,0.003,2.242,0.001,84.18,0.027,0.029,0.794,1.967,0.14,0.0,1.041,0.0,84.18,0.02,0.022,0.597,2.662,0.07,0.0,1.984,0.0,84.18,0.026,0.028,0.77,2.106,0.122,0.0,1.716,0.0,84.18,0.025,0.027,0.734,2.257,0.105,0.02
1288,Odiljon Hamrobekov,MID,5.3,Uzbekistan,UZB,0.009,2.83,0.003,88.17,0.063,0.05,0.616,2.445,0.087,0.001,2.835,0.001,88.17,0.063,0.05,0.615,2.379,0.093,0.0,3.008,0.0,88.17,0.077,0.062,0.754,2.286,0.102,0.0,3.046,0.0,88.17,0.079,0.063,0.777,2.18,0.113,0.0,3.007,0.0,88.17,0.077,0.061,0.751,2.27,0.103,0.01
648,Ali Jasim,FWD,4.9,Iraq,IRQ,0.008,2.74,0.003,71.88,0.053,0.077,0.633,2.432,0.088,0.001,2.648,0.0,71.88,0.046,0.067,0.553,2.71,0.067,0.0,2.653,0.0,71.88,0.047,0.068,0.557,2.538,0.079,0.0,2.695,0.0,71.88,0.05,0.072,0.594,2.625,0.072,0.0,2.979,0.0,71.88,0.071,0.103,0.843,1.986,0.137,0.01
2029,Azarías Londoño,FWD,4.4,Panama,PAN,0.01,1.123,0.009,7.92,0.015,0.005,0.665,2.214,0.109,0.001,1.146,0.001,7.92,0.018,0.006,0.794,1.967,0.14,0.0,1.11,0.0,7.92,0.014,0.005,0.597,2.662,0.07,0.0,1.142,0.0,7.92,0.018,0.006,0.77,2.106,0.122,0.0,1.135,0.0,7.92,0.017,0.006,0.734,2.257,0.105,0.01
2028,Alberto Quintero,FWD,4.2,Panama,PAN,0.009,1.017,0.009,1.11,0.002,0.001,0.665,2.214,0.109,0.001,1.021,0.001,1.11,0.003,0.001,0.794,1.967,0.14,0.0,1.015,0.0,1.11,0.002,0.001,0.597,2.662,0.07,0.0,1.02,0.0,1.11,0.002,0.001,0.77,2.106,0.122,0.0,1.019,0.0,1.11,0.002,0.001,0.734,2.257,0.105,0.01
1547,Ali Olwan,FWD,4.2,Jordan,JOR,0.011,3.409,0.003,84.35,0.172,0.051,0.624,2.627,0.072,0.002,3.449,0.001,84.35,0.177,0.052,0.642,2.605,0.074,0.0,3.117,0.0,84.35,0.135,0.04,0.492,3.432,0.032,0.0,2.0,0.0,84.35,0.0,0.0,0.0,0.0,1.0,0.0,2.0,0.0,84.35,0.0,0.0,0.0,0.0,1.0,0.01
1292,Abbosbek Fayzullaev,MID,6.2,Uzbekistan,UZB,0.01,2.961,0.003,66.36,0.06,0.083,0.616,2.445,0.087,0.002,2.965,0.001,66.36,0.06,0.083,0.615,2.379,0.093,0.0,3.166,0.0,66.36,0.073,0.101,0.754,2.286,0.102,0.0,3.208,0.0,66.36,0.075,0.104,0.777,2.18,0.113,0.0,3.163,0.0,66.36,0.073,0.101,0.751,2.27,0.103,0.01
657,Ibrahim Bayesh,MID,5.6,Iraq,IRQ,0.007,2.472,0.003,77.1,0.034,0.024,0.633,2.432,0.088,0.001,2.402,0.0,77.1,0.029,0.021,0.553,2.71,0.067,0.0,2.417,0.0,77.1,0.029,0.021,0.557,2.538,0.079,0.0,2.433,0.0,77.1,0.031,0.022,0.594,2.625,0.072,0.0,2.647,0.0,77.1,0.045,0.032,0.843,1.986,0.137,0.01
656,Zidane Iqbal,MID,5.6,Iraq,IRQ,0.008,2.595,0.003,61.67,0.04,0.038,0.633,2.432,0.088,0.001,2.51,0.0,61.67,0.035,0.033,0.553,2.71,0.067,0.0,2.526,0.0,61.67,0.035,0.033,0.557,2.538,0.079,0.0,2.548,0.0,61.67,0.038,0.036,0.594,2.625,0.072,0.0,2.81,0.0,61.67,0.054,0.051,0.843,1.986,0.137,0.01
688,Noor Al Rawabdeh,MID,4.7,Jordan,JOR,0.009,2.644,0.003,76.54,0.046,0.043,0.624,2.627,0.072,0.002,2.662,0.001,76.54,0.047,0.044,0.642,2.605,0.074,0.0,2.484,0.0,76.54,0.036,0.034,0.492,3.432,0.032,0.0,3.0,0.0,76.54,0.0,0.0,0.0,0.0,1.0,0.0,3.0,0.0,76.54,0.0,0.0,0.0,0.0,1.0,0.01
701,Mousa Al Tamari,FWD,5.6,Jordan,JOR,0.011,3.396,0.003,78.57,0.142,0.09,0.624,2.627,0.072,0.002,3.436,0.001,78.57,0.146,0.093,0.642,2.605,0.074,0.0,3.108,0.0,78.57,0.112,0.071,0.492,3.432,0.032,0.0,2.0,0.0,78.57,0.0,0.0,0.0,0.0,1.0,0.0,2.0,0.0,78.57,0.0,0.0,0.0,0.0,1.0,0.01
650,Youssef Amyn,FWD,4.4,Iraq,IRQ,0.008,2.861,0.003,61.32,0.096,0.041,0.633,2.432,0.088,0.001,2.754,0.0,61.32,0.084,0.036,0.553,2.71,0.067,0.0,2.759,0.0,61.32,0.085,0.036,0.557,2.538,0.079,0.0,2.808,0.0,61.32,0.09,0.038,0.594,2.625,0.072,0.0,3.138,0.0,61.32,0.128,0.054,0.843,1.986,0.137,0.01
689,Nizar Al Rashdan,MID,4.9,Jordan,JOR,0.009,2.664,0.003,79.23,0.047,0.044,0.624,2.627,0.072,0.002,2.683,0.001,79.23,0.049,0.045,0.642,2.605,0.074,0.0,2.5,0.0,79.23,0.037,0.035,0.492,3.432,0.032,0.0,3.0,0.0,79.23,0.0,0.0,0.0,0.0,1.0,0.0,3.0,0.0,79.23,0.0,0.0,0.0,0.0,1.0,0.01
635,Amir Al Ammari,MID,5.3,Iraq,IRQ,0.009,3.239,0.003,81.54,0.087,0.097,0.633,2.432,0.088,0.001,3.075,0.0,81.54,0.076,0.085,0.553,2.71,0.067,0.0,3.095,0.0,81.54,0.077,0.085,0.557,2.538,0.079,0.0,3.154,0.0,81.54,0.082,0.091,0.594,2.625,0.072,0.0,3.657,0.0,81.54,0.116,0.129,0.843,1.986,0.137,0.01
867,Yoel Bárcenas,MID,5.6,Panama,PAN,0.01,1.092,0.009,20.87,0.009,0.006,0.665,2.214,0.109,0.001,1.11,0.001,20.87,0.011,0.007,0.794,1.967,0.14,0.0,1.082,0.0,20.87,0.008,0.005,0.597,2.662,0.07,0.0,1.106,0.0,20.87,0.011,0.007,0.77,2.106,0.122,0.0,1.101,0.0,20.87,0.01,0.007,0.734,2.257,0.105,0.01
703,Mahmoud Al Mardi,FWD,4.2,Jordan,JOR,0.01,3.06,0.003,71.55,0.103,0.074,0.624,2.627,0.072,0.002,3.09,0.001,71.55,0.106,0.076,0.642,2.605,0.074,0.0,2.84,0.0,71.55,0.081,0.058,0.492,3.432,0.032,0.0,2.0,0.0,71.55,0.0,0.0,0.0,0.0,1.0,0.0,2.0,0.0,71.55,0.0,0.0,0.0,0.0,1.0,0.01
646,Aymen Hussein,FWD,5.3,Iraq,IRQ,0.01,3.287,0.003,76.92,0.153,0.051,0.633,2.432,0.088,0.001,3.128,0.0,76.92,0.134,0.045,0.553,2.71,0.067,0.0,3.136,0.0,76.92,0.134,0.045,0.557,2.538,0.079,0.0,3.209,0.0,76.92,0.143,0.048,0.594,2.625,0.072,0.0,3.698,0.0,76.92,0.204,0.068,0.843,1.986,0.137,0.01
1306,Eldor Shomurodov,FWD,6.5,Uzbekistan,UZB,0.012,3.575,0.003,81.1,0.195,0.053,0.616,2.445,0.087,0.002,3.572,0.001,81.1,0.195,0.053,0.615,2.379,0.093,0.0,3.913,0.0,81.1,0.239,0.065,0.754,2.286,0.102,0.0,3.968,0.0,81.1,0.246,0.067,0.777,2.18,0.113,0.0,3.906,0.0,81.1,0.238,0.065,0.751,2.27,0.103,0.01
882,César Yanis,FWD,4.4,Panama,PAN,0.01,1.145,0.009,9.38,0.018,0.006,0.665,2.214,0.109,0.002,1.173,0.001,9.38,0.022,0.007,0.794,1.967,0.14,0.0,1.13,0.0,9.38,0.016,0.005,0.597,2.662,0.07,0.0,1.168,0.0,9.38,0.021,0.007,0.77,2.106,0.122,0.0,1.16,0.0,9.38,0.02,0.007,0.734,2.257,0.105,0.01
881,Cecilio Waterman,FWD,5.0,Panama,PAN,0.011,1.285,0.009,11.64,0.038,0.008,0.665,2.214,0.109,0.002,1.34,0.001,11.64,0.045,0.009,0.794,1.967,0.14,0.0,1.256,0.0,11.64,0.034,0.007,0.597,2.662,0.07,0.0,1.33,0.0,11.64,0.044,0.009,0.77,2.106,0.122,0.0,1.314,0.0,11.64,0.042,0.008,0.734,2.257,0.105,0.01
880,José Fajardo,FWD,4.7,Panama,PAN,0.011,1.304,0.009,19.71,0.038,0.013,0.665,2.214,0.109,0.002,1.363,0.001,19.71,0.046,0.015,0.794,1.967,0.14,0.0,1.273,0.0,19.71,0.034,0.012,0.597,2.662,0.07,0.0,1.352,0.0,19.71,0.044,0.015,0.77,2.106,0.122,0.0,1.336,0.0,19.71,0.042,0.014,0.734,2.257,0.105,0.01
302,Odilon Kossounou,DEF,4.3,Côte d'Ivoire,CIV,-0.029,-0.029,1.0,22.95,0.006,0.004,0.879,1.952,0.142,0.017,0.07,0.245,22.95,0.006,0.004,0.938,1.84,0.159,0.02,0.301,0.068,22.95,0.006,0.004,0.948,1.558,0.21,-0.0,-0.016,0.023,22.95,0.005,0.003,0.806,1.93,0.145,0.003,0.12,0.023,22.95,0.006,0.004,0.934,1.78,0.169,0.01
2030,Tomás Rodríguez,FWD,4.5,Panama,PAN,0.01,1.161,0.009,10.42,0.02,0.007,0.665,2.214,0.109,0.002,1.193,0.001,10.42,0.024,0.008,0.794,1.967,0.14,0.0,1.145,0.0,10.42,0.018,0.006,0.597,2.662,0.07,0.0,1.187,0.0,10.42,0.023,0.008,0.77,2.106,0.122,0.0,1.178,0.0,10.42,0.022,0.008,0.734,2.257,0.105,0.01
1284,Otabek Shukurov,MID,5.0,Uzbekistan,UZB,0.011,3.402,0.003,83.17,0.108,0.098,0.616,2.445,0.087,0.002,3.405,0.001,83.17,0.108,0.098,0.615,2.379,0.093,0.0,3.701,0.0,83.17,0.132,0.12,0.754,2.286,0.102,0.0,3.759,0.0,83.17,0.136,0.123,0.777,2.18,0.113,0.0,3.697,0.0,83.17,0.132,0.119,0.751,2.27,0.103,0.01
695,Husam Abu Al Dahab,DEF,3.5,Jordan,JOR,-0.002,-0.66,0.003,15.24,0.003,0.004,0.624,2.627,0.072,-0.0,-0.639,0.001,15.24,0.003,0.004,0.642,2.605,0.074,-0.0,-1.433,0.0,15.24,0.002,0.003,0.492,3.432,0.032,0.0,1.0,0.0,15.24,0.0,0.0,0.0,0.0,1.0,0.0,1.0,0.0,15.24,0.0,0.0,0.0,0.0,1.0,-0.0
693,Mohammad Abu Hasheesh,DEF,3.5,Jordan,JOR,-0.002,-0.624,0.003,29.22,0.006,0.008,0.624,2.627,0.072,-0.0,-0.602,0.001,29.22,0.006,0.008,0.642,2.605,0.074,-0.0,-1.405,0.0,29.22,0.005,0.006,0.492,3.432,0.032,0.0,1.0,0.0,29.22,0.0,0.0,0.0,0.0,1.0,0.0,1.0,0.0,29.22,0.0,0.0,0.0,0.0,1.0,-0.0
696,Mohammad Abu Ghoush,DEF,3.5,Jordan,JOR,-0.002,-0.699,0.003,0.13,0.0,0.0,0.624,2.627,0.072,-0.0,-0.679,0.001,0.13,0.0,0.0,0.642,2.605,0.074,-0.0,-1.464,0.0,0.13,0.0,0.0,0.492,3.432,0.032,0.0,1.0,0.0,0.13,0.0,0.0,0.0,0.0,1.0,0.0,1.0,0.0,0.13,0.0,0.0,0.0,0.0,1.0,-0.0
1305,Jakhongir Urozov,DEF,3.5,Uzbekistan,UZB,-0.002,-0.524,0.003,2.65,0.001,0.001,0.616,2.445,0.087,-0.0,-0.464,0.001,2.65,0.001,0.001,0.615,2.379,0.093,-0.0,-0.378,0.0,2.65,0.001,0.001,0.754,2.286,0.102,-0.0,-0.283,0.0,2.65,0.001,0.001,0.777,2.18,0.113,-0.0,-0.364,0.0,2.65,0.001,0.001,0.751,2.27,0.103,-0.0
698,Saleem Obaid,DEF,3.5,Jordan,JOR,-0.002,-0.679,0.003,8.1,0.002,0.002,0.624,2.627,0.072,-0.0,-0.658,0.001,8.1,0.002,0.002,0.642,2.605,0.074,-0.0,-1.448,0.0,8.1,0.001,0.002,0.492,3.432,0.032,0.0,1.0,0.0,8.1,0.0,0.0,0.0,0.0,1.0,0.0,1.0,0.0,8.1,0.0,0.0,0.0,0.0,1.0,-0.0
699,Mohammad Abu Al Nadi,DEF,3.5,Jordan,JOR,0.003,1.03,0.003,73.8,0.015,0.02,0.624,2.627,0.072,0.001,1.068,0.001,73.8,0.015,0.02,0.642,2.605,0.074,-0.0,-0.059,0.0,73.8,0.012,0.015,0.492,3.432,0.032,0.0,9.0,0.0,73.8,0.0,0.0,0.0,0.0,1.0,0.0,9.0,0.0,73.8,0.0,0.0,0.0,0.0,1.0,0.0
700,Amer Jamous,DEF,3.5,Jordan,JOR,-0.002,-0.655,0.003,17.12,0.003,0.005,0.624,2.627,0.072,-0.0,-0.634,0.001,17.12,0.003,0.005,0.642,2.605,0.074,-0.0,-1.43,0.0,17.12,0.003,0.004,0.492,3.432,0.032,0.0,1.0,0.0,17.12,0.0,0.0,0.0,0.0,1.0,0.0,1.0,0.0,17.12,0.0,0.0,0.0,0.0,1.0,-0.0
702,Mohammad Abu Zraiq,FWD,4.2,Jordan,JOR,0.003,1.002,0.003,0.13,0.0,0.0,0.624,2.627,0.072,0.001,1.002,0.001,0.13,0.0,0.0,0.642,2.605,0.074,0.0,1.001,0.0,0.13,0.0,0.0,0.492,3.432,0.032,0.0,1.0,0.0,0.13,0.0,0.0,0.0,0.0,1.0,0.0,1.0,0.0,0.13,0.0,0.0,0.0,0.0,1.0,0.0
708,Odeh Fakhoury,FWD,4.0,Jordan,JOR,0.003,1.002,0.003,0.13,0.0,0.0,0.624,2.627,0.072,0.001,1.002,0.001,0.13,0.0,0.0,0.642,2.605,0.074,0.0,1.001,0.0,0.13,0.0,0.0,0.492,3.432,0.032,0.0,1.0,0.0,0.13,0.0,0.0,0.0,0.0,1.0,0.0,1.0,0.0,0.13,0.0,0.0,0.0,0.0,1.0,0.0
709,Yazeed  Abulaila,GK,3.9,Jordan,JOR,0.003,0.806,0.003,84.94,0.0,0.0,0.624,2.627,0.072,0.001,0.838,0.001,84.94,0.0,0.0,0.642,2.605,0.074,-0.0,-0.238,0.0,84.94,0.0,0.0,0.492,3.432,0.032,0.0,9.0,0.0,84.94,0.0,0.0,0.0,0.0,1.0,0.0,9.0,0.0,84.94,0.0,0.0,0.0,0.0,1.0,0.0
692,Mohannad Abu Taha,DEF,3.5,Jordan,JOR,0.004,1.141,0.003,65.57,0.013,0.046,0.624,2.627,0.072,0.001,1.182,0.001,65.57,0.013,0.047,0.642,2.605,0.074,0.0,0.03,0.0,65.57,0.01,0.036,0.492,3.432,0.032,0.0,9.0,0.0,65.57,0.0,0.0,0.0,0.0,1.0,0.0,9.0,0.0,65.57,0.0,0.0,0.0,0.0,1.0,0.0
822,Ryan Thomas,MID,5.3,New Zealand,NZL,0.0,0.0,0.1,0.0,0.0,0.0,0.772,2.15,0.117,0.0,0.0,0.02,0.0,0.0,0.0,0.487,3.642,0.026,0.0,0.0,0.001,0.0,0.0,0.0,0.621,2.454,0.086,0.0,0.0,0.0,0.0,0.0,0.0,0.546,3.196,0.041,0.0,0.0,0.0,0.0,0.0,0.0,0.8,2.081,0.125,0.0
710,Abdallah Al Fakhouri,GK,3.6,Jordan,JOR,-0.002,-0.7,0.003,2.25,0.0,0.0,0.624,2.627,0.072,-0.0,-0.679,0.001,2.25,0.0,0.0,0.642,2.605,0.074,-0.0,-1.464,0.0,2.25,0.0,0.0,0.492,3.432,0.032,0.0,1.0,0.0,2.25,0.0,0.0,0.0,0.0,1.0,0.0,1.0,0.0,2.25,0.0,0.0,0.0,0.0,1.0,-0.0
675,Keisuke Goto,FWD,4.2,Japan,JPN,0.0,0.0,1.0,0.0,0.0,0.0,1.051,1.743,0.175,0.0,0.0,0.316,0.0,0.0,0.0,1.154,1.54,0.214,0.0,0.0,0.129,0.0,0.0,0.0,1.145,1.365,0.255,0.0,0.0,0.057,0.0,0.0,0.0,0.97,1.714,0.18,0.0,0.0,0.057,0.0,0.0,0.0,1.109,1.578,0.206,0.0
691,Abdallah Nasib,DEF,3.6,Jordan,JOR,0.003,1.068,0.003,86.18,0.017,0.023,0.624,2.627,0.072,0.001,1.106,0.001,86.18,0.018,0.024,0.642,2.605,0.074,-0.0,-0.03,0.0,86.18,0.013,0.018,0.492,3.432,0.032,0.0,9.0,0.0,86.18,0.0,0.0,0.0,0.0,1.0,0.0,9.0,0.0,86.18,0.0,0.0,0.0,0.0,1.0,0.0
638,Frans Putros,DEF,3.7,Iraq,IRQ,-0.001,-0.475,0.003,15.67,0.003,0.005,0.633,2.432,0.088,-0.0,-0.738,0.0,15.67,0.003,0.004,0.553,2.71,0.067,-0.0,-0.578,0.0,15.67,0.003,0.004,0.557,2.538,0.079,-0.0,-0.656,0.0,15.67,0.003,0.004,0.594,2.625,0.072,-0.0,-0.064,0.0,15.67,0.005,0.006,0.843,1.986,0.137,-0.0
636,Aimar Sher,MID,5.3,Iraq,IRQ,0.003,1.106,0.003,14.92,0.01,0.009,0.633,2.432,0.088,0.0,1.092,0.0,14.92,0.009,0.008,0.553,2.71,0.067,0.0,1.093,0.0,14.92,0.009,0.008,0.557,2.538,0.079,0.0,1.099,0.0,14.92,0.009,0.009,0.594,2.625,0.072,0.0,1.141,0.0,14.92,0.013,0.012,0.843,1.986,0.137,0.0
634,Kevin Yakob,MID,5.1,Iraq,IRQ,0.003,1.048,0.003,6.82,0.004,0.004,0.633,2.432,0.088,0.0,1.042,0.0,6.82,0.004,0.004,0.553,2.71,0.067,0.0,1.042,0.0,6.82,0.004,0.004,0.557,2.538,0.079,0.0,1.045,0.0,6.82,0.004,0.004,0.594,2.625,0.072,0.0,1.064,0.0,6.82,0.006,0.006,0.843,1.986,0.137,0.0
631,Marko Farji,MID,4.4,Iraq,IRQ,0.003,1.105,0.003,14.87,0.01,0.009,0.633,2.432,0.088,0.0,1.092,0.0,14.87,0.008,0.008,0.553,2.71,0.067,0.0,1.093,0.0,14.87,0.009,0.008,0.557,2.538,0.079,0.0,1.099,0.0,14.87,0.009,0.009,0.594,2.625,0.072,0.0,1.14,0.0,14.87,0.013,0.012,0.843,1.986,0.137,0.0
630,Zaid Ismael,MID,4.4,Iraq,IRQ,0.003,1.016,0.003,2.32,0.002,0.001,0.633,2.432,0.088,0.0,1.014,0.0,2.32,0.001,0.001,0.553,2.71,0.067,0.0,1.014,0.0,2.32,0.001,0.001,0.557,2.538,0.079,0.0,1.015,0.0,2.32,0.001,0.001,0.594,2.625,0.072,0.0,1.022,0.0,2.32,0.002,0.002,0.843,1.986,0.137,0.0
601,Ehsan Hajisafi,DEF,3.7,IR Iran,IRN,0.041,0.076,0.546,6.43,0.002,0.002,0.854,1.778,0.169,-0.036,-0.229,0.158,6.43,0.002,0.002,0.749,2.13,0.119,-0.006,-0.177,0.032,6.43,0.002,0.002,0.725,2.07,0.126,-0.002,-0.241,0.006,6.43,0.002,0.002,0.738,2.143,0.117,-0.002,-0.24,0.006,6.43,0.001,0.002,0.708,2.141,0.118,-0.0
421,Jeremy Arévalo,FWD,4.0,Ecuador,ECU,0.0,0.0,1.0,0.0,0.0,0.0,1.184,1.193,0.303,0.0,0.0,0.5,0.0,0.0,0.0,1.134,1.185,0.306,0.0,0.0,0.236,0.0,0.0,0.0,0.952,1.532,0.216,0.0,0.0,0.08,0.0,0.0,0.0,1.065,1.348,0.26,0.0,0.0,0.08,0.0,0.0,0.0,1.086,1.359,0.257,0.0
420,Anthony Valencia,MID,4.2,Ecuador,ECU,0.0,0.0,1.0,0.0,0.0,0.0,1.184,1.193,0.303,0.0,0.0,0.5,0.0,0.0,0.0,1.134,1.185,0.306,0.0,0.0,0.236,0.0,0.0,0.0,0.952,1.532,0.216,0.0,0.0,0.08,0.0,0.0,0.0,1.065,1.348,0.26,0.0,0.0,0.08,0.0,0.0,0.0,1.086,1.359,0.257,0.0
2027,Edgardo Fariña,DEF,3.9,Panama,PAN,-0.003,-0.287,0.009,10.89,0.003,0.003,0.665,2.214,0.109,-0.0,-0.064,0.001,10.89,0.003,0.004,0.794,1.967,0.14,-0.0,-0.7,0.0,10.89,0.003,0.003,0.597,2.662,0.07,-0.0,-0.187,0.0,10.89,0.003,0.004,0.77,2.106,0.122,-0.0,-0.322,0.0,10.89,0.003,0.003,0.734,2.257,0.105,-0.0
2035,Álex Zendejas,MID,5.5,USA,USA,0.0,0.0,1.0,0.0,0.0,0.0,2.132,0.864,0.422,0.0,0.0,0.778,0.0,0.0,0.0,1.596,1.033,0.356,0.0,0.0,0.505,0.0,0.0,0.0,1.115,1.551,0.212,0.0,0.0,0.195,0.0,0.0,0.0,1.218,1.459,0.232,0.0,0.0,0.195,0.0,0.0,0.0,1.126,1.506,0.222,0.0
2041,Marten de Roon,MID,5.1,Netherlands,NED,0.0,0.0,1.0,0.0,0.0,0.0,1.328,1.016,0.362,0.0,0.0,0.602,0.0,0.0,0.0,2.003,0.84,0.432,0.0,0.0,0.464,0.0,0.0,0.0,1.316,1.437,0.238,0.0,0.0,0.215,0.0,0.0,0.0,1.294,1.376,0.253,0.0,0.0,0.215,0.0,0.0,0.0,1.227,1.407,0.245,0.0
110,Paul Wanner,MID,5.6,Austria,AUT,0.0,0.0,0.851,0.0,0.0,0.0,0.907,2.094,0.123,0.0,0.0,0.211,0.0,0.0,0.0,1.029,1.744,0.175,0.0,0.0,0.068,0.0,0.0,0.0,1.113,1.698,0.183,0.0,0.0,0.024,0.0,0.0,0.0,0.995,1.91,0.148,0.0,0.0,0.024,0.0,0.0,0.0,0.945,1.939,0.144,0.0
102,Carney Chukwuemeka,MID,5.0,Austria,AUT,0.0,0.0,0.851,0.0,0.0,0.0,0.907,2.094,0.123,0.0,0.0,0.211,0.0,0.0,0.0,1.029,1.744,0.175,0.0,0.0,0.068,0.0,0.0,0.0,1.113,1.698,0.183,0.0,0.0,0.024,0.0,0.0,0.0,0.995,1.91,0.148,0.0,0.0,0.024,0.0,0.0,0.0,0.945,1.939,0.144,0.0
97,Sasa Kalajdzic,FWD,6.0,Austria,AUT,0.0,0.0,0.851,0.0,0.0,0.0,0.907,2.094,0.123,0.0,0.0,0.211,0.0,0.0,0.0,1.029,1.744,0.175,0.0,0.0,0.068,0.0,0.0,0.0,1.113,1.698,0.183,0.0,0.0,0.024,0.0,0.0,0.0,0.995,1.91,0.148,0.0,0.0,0.024,0.0,0.0,0.0,0.945,1.939,0.144,0.0
2060,Tyler Fletcher,MID,4.7,Scotland,SCO,0.0,0.0,0.095,0.0,0.0,0.0,0.903,2.173,0.114,0.0,0.0,0.022,0.0,0.0,0.0,0.791,2.03,0.131,0.0,0.0,0.005,0.0,0.0,0.0,0.96,1.627,0.196,0.0,0.0,0.002,0.0,0.0,0.0,0.812,2.046,0.129,0.0,0.0,0.002,0.0,0.0,0.0,0.835,1.915,0.147,0.0
2075,Dejan Ljubicic,MID,5.0,Austria,AUT,0.0,0.0,0.851,0.0,0.0,0.0,0.907,2.094,0.123,0.0,0.0,0.211,0.0,0.0,0.0,1.029,1.744,0.175,0.0,0.0,0.068,0.0,0.0,0.0,1.113,1.698,0.183,0.0,0.0,0.024,0.0,0.0,0.0,0.995,1.91,0.148,0.0,0.0,0.024,0.0,0.0,0.0,0.945,1.939,0.144,0.0
637,Merchas Doski,DEF,3.8,Iraq,IRQ,0.004,1.267,0.003,88.57,0.014,0.011,0.633,2.432,0.088,0.0,0.84,0.0,88.57,0.012,0.01,0.553,2.71,0.067,0.0,1.088,0.0,88.57,0.012,0.01,0.557,2.538,0.079,0.0,0.971,0.0,88.57,0.013,0.01,0.594,2.625,0.072,0.0,2.062,0.0,88.57,0.018,0.015,0.843,1.986,0.137,0.0
639,Rebin Sulaka,DEF,3.7,Iraq,IRQ,0.005,1.647,0.003,79.51,0.05,0.023,0.633,2.432,0.088,0.0,1.174,0.0,79.51,0.044,0.02,0.553,2.71,0.067,0.0,1.423,0.0,79.51,0.044,0.021,0.557,2.538,0.079,0.0,1.329,0.0,79.51,0.047,0.022,0.594,2.625,0.072,0.0,2.56,0.0,79.51,0.067,0.031,0.843,1.986,0.137,0.0
690,Yazan Al Arab,DEF,3.7,Jordan,JOR,0.003,0.98,0.003,86.13,0.013,0.012,0.624,2.627,0.072,0.001,1.017,0.001,86.13,0.013,0.013,0.642,2.605,0.074,-0.0,-0.099,0.0,86.13,0.01,0.01,0.492,3.432,0.032,0.0,9.0,0.0,86.13,0.0,0.0,0.0,0.0,1.0,0.0,9.0,0.0,86.13,0.0,0.0,0.0,0.0,1.0,0.0
641,Hussein Ali,DEF,3.6,Iraq,IRQ,0.004,1.343,0.003,74.67,0.016,0.022,0.633,2.432,0.088,0.0,0.906,0.0,74.67,0.014,0.019,0.553,2.71,0.067,0.0,1.155,0.0,74.67,0.014,0.019,0.557,2.538,0.079,0.0,1.043,0.0,74.67,0.015,0.021,0.594,2.625,0.072,0.0,2.161,0.0,74.67,0.022,0.029,0.843,1.986,0.137,0.0
687,Mohammad Al Daoud,MID,4.7,Jordan,JOR,0.003,1.001,0.003,0.13,0.0,0.0,0.624,2.627,0.072,0.001,1.001,0.001,0.13,0.0,0.0,0.642,2.605,0.074,0.0,1.001,0.0,0.13,0.0,0.0,0.492,3.432,0.032,0.0,1.0,0.0,0.13,0.0,0.0,0.0,0.0,1.0,0.0,1.0,0.0,0.13,0.0,0.0,0.0,0.0,1.0,0.0
1956,Alaa Al Hejji,MID,5.0,Saudi Arabia,KSA,0.0,0.0,0.341,0.0,0.0,0.0,0.483,3.225,0.04,0.0,0.0,0.03,0.0,0.0,0.0,0.761,1.98,0.138,0.0,0.0,0.007,0.0,0.0,0.0,0.605,2.254,0.105,0.0,0.0,0.001,0.0,0.0,0.0,0.601,2.642,0.071,0.0,0.0,0.001,0.0,0.0,0.0,0.578,2.524,0.08,0.0
686,Ibrahim Sadeh,MID,4.4,Jordan,JOR,0.004,1.146,0.003,22.67,0.014,0.013,0.624,2.627,0.072,0.001,1.15,0.001,22.67,0.014,0.013,0.642,2.605,0.074,0.0,1.115,0.0,22.67,0.011,0.01,0.492,3.432,0.032,0.0,1.0,0.0,22.67,0.0,0.0,0.0,0.0,1.0,0.0,1.0,0.0,22.67,0.0,0.0,0.0,0.0,1.0,0.0
1958,Mohammed Abu Al Shamat,MID,5.5,Saudi Arabia,KSA,0.0,0.0,0.341,0.0,0.0,0.0,0.483,3.225,0.04,0.0,0.0,0.03,0.0,0.0,0.0,0.761,1.98,0.138,0.0,0.0,0.007,0.0,0.0,0.0,0.605,2.254,0.105,0.0,0.0,0.001,0.0,0.0,0.0,0.601,2.642,0.071,0.0,0.0,0.001,0.0,0.0,0.0,0.578,2.524,0.08,0.0
676,Kento Shiogai,FWD,4.0,Japan,JPN,0.0,0.0,1.0,0.0,0.0,0.0,1.051,1.743,0.175,0.0,0.0,0.316,0.0,0.0,0.0,1.154,1.54,0.214,0.0,0.0,0.129,0.0,0.0,0.0,1.145,1.365,0.255,0.0,0.0,0.057,0.0,0.0,0.0,0.97,1.714,0.18,0.0,0.0,0.057,0.0,0.0,0.0,1.109,1.578,0.206,0.0
836,Lachlan Bayliss,MID,4.0,New Zealand,NZL,0.0,0.0,0.1,0.0,0.0,0.0,0.772,2.15,0.117,0.0,0.0,0.02,0.0,0.0,0.0,0.487,3.642,0.026,0.0,0.0,0.001,0.0,0.0,0.0,0.621,2.454,0.086,0.0,0.0,0.0,0.0,0.0,0.0,0.546,3.196,0.041,0.0,0.0,0.0,0.0,0.0,0.0,0.8,2.081,0.125,0.0
654,Fahad Talib,GK,3.7,Iraq,IRQ,-0.002,-0.52,0.003,2.32,0.0,0.0,0.633,2.432,0.088,-0.0,-0.777,0.0,2.32,0.0,0.0,0.553,2.71,0.067,-0.0,-0.617,0.0,2.32,0.0,0.0,0.557,2.538,0.079,-0.0,-0.698,0.0,2.32,0.0,0.0,0.594,2.625,0.072,-0.0,-0.124,0.0,2.32,0.0,0.0,0.843,1.986,0.137,-0.0
653,Ahmed Basil,GK,3.8,Iraq,IRQ,-0.002,-0.52,0.003,5.89,0.0,0.0,0.633,2.432,0.088,-0.0,-0.777,0.0,5.89,0.0,0.0,0.553,2.71,0.067,-0.0,-0.617,0.0,5.89,0.0,0.0,0.557,2.538,0.079,-0.0,-0.698,0.0,5.89,0.0,0.0,0.594,2.625,0.072,-0.0,-0.124,0.0,5.89,0.0,0.0,0.843,1.986,0.137,-0.0
651,Ali Yousif,FWD,4.2,Iraq,IRQ,0.003,1.048,0.003,3.72,0.006,0.002,0.633,2.432,0.088,0.0,1.042,0.0,3.72,0.005,0.002,0.553,2.71,0.067,0.0,1.043,0.0,3.72,0.005,0.002,0.557,2.538,0.079,0.0,1.045,0.0,3.72,0.005,0.002,0.594,2.625,0.072,0.0,1.064,0.0,3.72,0.008,0.003,0.843,1.986,0.137,0.0
649,Ali Al Hamadi,FWD,4.7,Iraq,IRQ,0.003,1.177,0.003,12.02,0.019,0.015,0.633,2.432,0.088,0.0,1.154,0.0,12.02,0.017,0.013,0.553,2.71,0.067,0.0,1.155,0.0,12.02,0.017,0.013,0.557,2.538,0.079,0.0,1.166,0.0,12.02,0.018,0.014,0.594,2.625,0.072,0.0,1.235,0.0,12.02,0.025,0.02,0.843,1.986,0.137,0.0
647,Mohanad Ali,FWD,4.9,Iraq,IRQ,0.003,1.03,0.003,2.32,0.004,0.002,0.633,2.432,0.088,0.0,1.026,0.0,2.32,0.003,0.001,0.553,2.71,0.067,0.0,1.027,0.0,2.32,0.003,0.001,0.557,2.538,0.079,0.0,1.028,0.0,2.32,0.003,0.001,0.594,2.625,0.072,0.0,1.04,0.0,2.32,0.005,0.002,0.843,1.986,0.137,0.0
645,Ahmed Maknzi,DEF,3.5,Iraq,IRQ,-0.001,-0.513,0.003,2.32,0.001,0.001,0.633,2.432,0.088,-0.0,-0.771,0.0,2.32,0.0,0.001,0.553,2.71,0.067,-0.0,-0.611,0.0,2.32,0.0,0.001,0.557,2.538,0.079,-0.0,-0.691,0.0,2.32,0.0,0.001,0.594,2.625,0.072,-0.0,-0.115,0.0,2.32,0.001,0.001,0.843,1.986,0.137,-0.0
644,Akam Hashim,DEF,3.5,Iraq,IRQ,-0.001,-0.47,0.003,17.67,0.004,0.005,0.633,2.432,0.088,-0.0,-0.733,0.0,17.67,0.003,0.005,0.553,2.71,0.067,-0.0,-0.573,0.0,17.67,0.003,0.005,0.557,2.538,0.079,-0.0,-0.651,0.0,17.67,0.004,0.005,0.594,2.625,0.072,-0.0,-0.057,0.0,17.67,0.005,0.007,0.843,1.986,0.137,-0.0
643,Munaf Younus,DEF,3.5,Iraq,IRQ,-0.001,-0.432,0.003,30.97,0.007,0.009,0.633,2.432,0.088,-0.0,-0.7,0.0,30.97,0.006,0.008,0.553,2.71,0.067,-0.0,-0.54,0.0,30.97,0.006,0.008,0.557,2.538,0.079,-0.0,-0.615,0.0,30.97,0.006,0.009,0.594,2.625,0.072,-0.0,-0.007,0.0,30.97,0.009,0.012,0.843,1.986,0.137,-0.0
642,Zaid Tahseen,DEF,3.6,Iraq,IRQ,0.004,1.358,0.003,79.27,0.017,0.023,0.633,2.432,0.088,0.0,0.92,0.0,79.27,0.015,0.02,0.553,2.71,0.067,0.0,1.168,0.0,79.27,0.015,0.021,0.557,2.538,0.079,0.0,1.057,0.0,79.27,0.016,0.022,0.594,2.625,0.072,0.0,2.181,0.0,79.27,0.023,0.031,0.843,1.986,0.137,0.0
835,Jesse Randall,FWD,4.0,New Zealand,NZL,0.0,0.0,0.1,0.0,0.0,0.0,0.772,2.15,0.117,0.0,0.0,0.02,0.0,0.0,0.0,0.487,3.642,0.026,0.0,0.0,0.001,0.0,0.0,0.0,0.621,2.454,0.086,0.0,0.0,0.0,0.0,0.0,0.0,0.546,3.196,0.041,0.0,0.0,0.0,0.0,0.0,0.0,0.8,2.081,0.125,0.0
707,Ali Azaizeh,FWD,4.0,Jordan,JOR,0.003,1.002,0.003,0.13,0.0,0.0,0.624,2.627,0.072,0.001,1.002,0.001,0.13,0.0,0.0,0.642,2.605,0.074,0.0,1.001,0.0,0.13,0.0,0.0,0.492,3.432,0.032,0.0,1.0,0.0,0.13,0.0,0.0,0.0,0.0,1.0,0.0,1.0,0.0,0.13,0.0,0.0,0.0,0.0,1.0,0.0
1294,Rustam Ashurmatov,DEF,3.7,Uzbekistan,UZB,0.004,1.344,0.003,79.53,0.019,0.022,0.616,2.445,0.087,0.001,1.445,0.001,79.53,0.019,0.022,0.615,2.379,0.093,0.0,1.651,0.0,79.53,0.023,0.026,0.754,2.286,0.102,0.0,1.835,0.0,79.53,0.024,0.027,0.777,2.18,0.113,0.0,1.676,0.0,79.53,0.023,0.026,0.751,2.27,0.103,0.0
1280,Ruslanbek Jiyanov,MID,4.7,Uzbekistan,UZB,0.003,1.037,0.003,5.02,0.004,0.003,0.616,2.445,0.087,0.001,1.037,0.001,5.02,0.004,0.003,0.615,2.379,0.093,0.0,1.046,0.0,5.02,0.004,0.004,0.754,2.286,0.102,0.0,1.047,0.0,5.02,0.005,0.004,0.777,2.18,0.113,0.0,1.045,0.0,5.02,0.004,0.003,0.751,2.27,0.103,0.0
1287,Aziz G'aniev,MID,5.3,Uzbekistan,UZB,0.003,1.025,0.003,2.71,0.002,0.003,0.616,2.445,0.087,0.001,1.025,0.001,2.71,0.002,0.003,0.615,2.379,0.093,0.0,1.031,0.0,2.71,0.002,0.004,0.754,2.286,0.102,0.0,1.032,0.0,2.71,0.002,0.004,0.777,2.18,0.113,0.0,1.031,0.0,2.71,0.002,0.004,0.751,2.27,0.103,0.0
1310,Azizbek Amanov,FWD,4.9,Uzbekistan,UZB,0.004,1.068,0.003,4.9,0.008,0.003,0.616,2.445,0.087,0.001,1.068,0.001,4.9,0.008,0.003,0.615,2.379,0.093,0.0,1.083,0.0,4.9,0.01,0.004,0.754,2.286,0.102,0.0,1.086,0.0,4.9,0.011,0.004,0.777,2.18,0.113,0.0,1.083,0.0,4.9,0.01,0.004,0.751,2.27,0.103,0.0
1311,Abduvokhid Nematov,GK,4.0,Uzbekistan,UZB,-0.002,-0.532,0.003,2.65,0.0,0.0,0.616,2.445,0.087,-0.0,-0.472,0.001,2.65,0.0,0.0,0.615,2.379,0.093,-0.0,-0.388,0.0,2.65,0.0,0.0,0.754,2.286,0.102,-0.0,-0.293,0.0,2.65,0.0,0.0,0.777,2.18,0.113,-0.0,-0.373,0.0,2.65,0.0,0.0,0.751,2.27,0.103,-0.0
994,Khalid Al Ghannam,FWD,4.9,Saudi Arabia,KSA,0.0,0.0,0.341,0.0,0.0,0.0,0.483,3.225,0.04,0.0,0.0,0.03,0.0,0.0,0.0,0.761,1.98,0.138,0.0,0.0,0.007,0.0,0.0,0.0,0.605,2.254,0.105,0.0,0.0,0.001,0.0,0.0,0.0,0.601,2.642,0.071,0.0,0.0,0.001,0.0,0.0,0.0,0.578,2.524,0.08,0.0
997,Sultan Mandash,FWD,4.5,Saudi Arabia,KSA,0.0,0.0,0.341,0.0,0.0,0.0,0.483,3.225,0.04,0.0,0.0,0.03,0.0,0.0,0.0,0.761,1.98,0.138,0.0,0.0,0.007,0.0,0.0,0.0,0.605,2.254,0.105,0.0,0.0,0.001,0.0,0.0,0.0,0.601,2.642,0.071,0.0,0.0,0.001,0.0,0.0,0.0,0.578,2.524,0.08,0.0
1312,Utkir Yusupov,GK,3.9,Uzbekistan,UZB,0.004,1.075,0.003,89.07,0.0,0.0,0.616,2.445,0.087,0.001,1.177,0.001,89.07,0.0,0.0,0.615,2.379,0.093,0.0,1.323,0.0,89.07,0.0,0.0,0.754,2.286,0.102,0.0,1.499,0.0,89.07,0.0,0.0,0.777,2.18,0.113,0.0,1.35,0.0,89.07,0.0,0.0,0.751,2.27,0.103,0.0
1314,Botirali Ergashev,GK,3.5,Uzbekistan,UZB,-0.002,-0.532,0.003,2.65,0.0,0.0,0.616,2.445,0.087,-0.0,-0.472,0.001,2.65,0.0,0.0,0.615,2.379,0.093,-0.0,-0.388,0.0,2.65,0.0,0.0,0.754,2.286,0.102,-0.0,-0.293,0.0,2.65,0.0,0.0,0.777,2.18,0.113,-0.0,-0.373,0.0,2.65,0.0,0.0,0.751,2.27,0.103,-0.0
1297,Khojiakbar Alijonov,DEF,3.6,Uzbekistan,UZB,0.004,1.339,0.003,78.06,0.019,0.021,0.616,2.445,0.087,0.001,1.44,0.001,78.06,0.018,0.021,0.615,2.379,0.093,0.0,1.645,0.0,78.06,0.023,0.026,0.754,2.286,0.102,0.0,1.829,0.0,78.06,0.023,0.027,0.777,2.18,0.113,0.0,1.67,0.0,78.06,0.023,0.026,0.751,2.27,0.103,0.0
1300,Umar Eshmurodov,DEF,3.5,Uzbekistan,UZB,0.004,1.338,0.003,77.72,0.018,0.021,0.616,2.445,0.087,0.001,1.439,0.001,77.72,0.018,0.021,0.615,2.379,0.093,0.0,1.644,0.0,77.72,0.023,0.026,0.754,2.286,0.102,0.0,1.827,0.0,77.72,0.023,0.027,0.777,2.18,0.113,0.0,1.669,0.0,77.72,0.022,0.026,0.751,2.27,0.103,0.0
1286,Dostonbek Khamdamov,MID,5.1,Uzbekistan,UZB,0.003,1.02,0.003,2.65,0.002,0.002,0.616,2.445,0.087,0.001,1.02,0.001,2.65,0.002,0.002,0.615,2.379,0.093,0.0,1.024,0.0,2.65,0.002,0.002,0.754,2.286,0.102,0.0,1.025,0.0,2.65,0.002,0.002,0.777,2.18,0.113,0.0,1.024,0.0,2.65,0.002,0.002,0.751,2.27,0.103,0.0
1282,Akmal Mozgovoy,MID,4.7,Uzbekistan,UZB,0.004,1.107,0.003,14.4,0.01,0.008,0.616,2.445,0.087,0.001,1.107,0.001,14.4,0.01,0.008,0.615,2.379,0.093,0.0,1.131,0.0,14.4,0.013,0.01,0.754,2.286,0.102,0.0,1.135,0.0,14.4,0.013,0.01,0.777,2.18,0.113,0.0,1.13,0.0,14.4,0.013,0.01,0.751,2.27,0.103,0.0
1278,Sherzod Esanov,MID,4.7,Uzbekistan,UZB,0.003,1.02,0.003,2.65,0.002,0.002,0.616,2.445,0.087,0.001,1.02,0.001,2.65,0.002,0.002,0.615,2.379,0.093,0.0,1.024,0.0,2.65,0.002,0.002,0.754,2.286,0.102,0.0,1.025,0.0,2.65,0.002,0.002,0.777,2.18,0.113,0.0,1.024,0.0,2.65,0.002,0.002,0.751,2.27,0.103,0.0
927,Gonçalo Guedes,FWD,5.8,Portugal,POR,0.0,0.0,1.0,0.0,0.0,0.0,1.901,0.876,0.417,0.0,0.0,0.734,0.0,0.0,0.0,1.376,1.214,0.297,0.0,0.0,0.398,0.0,0.0,0.0,1.419,1.203,0.3,0.0,0.0,0.216,0.0,0.0,0.0,1.344,1.243,0.289,0.0,0.0,0.216,0.0,0.0,0.0,1.279,1.268,0.281,0.0
1303,Bekhruz Karimov,DEF,3.5,Uzbekistan,UZB,-0.002,-0.524,0.003,2.65,0.001,0.001,0.616,2.445,0.087,-0.0,-0.464,0.001,2.65,0.001,0.001,0.615,2.379,0.093,-0.0,-0.378,0.0,2.65,0.001,0.001,0.754,2.286,0.102,-0.0,-0.283,0.0,2.65,0.001,0.001,0.777,2.18,0.113,-0.0,-0.364,0.0,2.65,0.001,0.001,0.751,2.27,0.103,-0.0
1295,Sherzod Nasrullaev,DEF,3.7,Uzbekistan,UZB,0.004,1.338,0.003,77.71,0.018,0.021,0.616,2.445,0.087,0.001,1.439,0.001,77.71,0.018,0.021,0.615,2.379,0.093,0.0,1.644,0.0,77.71,0.023,0.026,0.754,2.286,0.102,0.0,1.827,0.0,77.71,0.023,0.027,0.777,2.18,0.113,0.0,1.669,0.0,77.71,0.022,0.026,0.751,2.27,0.103,0.0
1275,Abdulla Abdullaev,MID,4.2,Uzbekistan,UZB,0.004,1.146,0.003,19.71,0.014,0.011,0.616,2.445,0.087,0.001,1.146,0.001,19.71,0.014,0.011,0.615,2.379,0.093,0.0,1.179,0.0,19.71,0.017,0.014,0.754,2.286,0.102,0.0,1.184,0.0,19.71,0.018,0.014,0.777,2.18,0.113,0.0,1.178,0.0,19.71,0.017,0.014,0.751,2.27,0.103,0.0
1023,Findlay Curtis,FWD,4.0,Scotland,SCO,0.0,0.0,0.095,0.0,0.0,0.0,0.903,2.173,0.114,0.0,0.0,0.022,0.0,0.0,0.0,0.791,2.03,0.131,0.0,0.0,0.005,0.0,0.0,0.0,0.96,1.627,0.196,0.0,0.0,0.002,0.0,0.0,0.0,0.812,2.046,0.129,0.0,0.0,0.002,0.0,0.0,0.0,0.835,1.915,0.147,0.0
1058,Teboho Mokoena,MID,4.3,South Africa,RSA,0.0,0.0,1.0,0.0,0.0,0.0,0.922,1.472,0.23,0.0,0.0,0.331,0.0,0.0,0.0,0.676,2.065,0.127,0.0,0.0,0.058,0.0,0.0,0.0,0.653,2.426,0.088,0.0,0.0,0.008,0.0,0.0,0.0,0.646,2.313,0.099,0.0,0.0,0.008,0.0,0.0,0.0,0.625,2.358,0.095,0.0
1097,Víctor Muñoz,FWD,4.0,Spain,ESP,0.0,0.0,1.0,0.0,0.0,0.0,2.237,0.83,0.436,0.0,0.0,0.787,0.0,0.0,0.0,1.696,0.976,0.377,0.0,0.0,0.536,0.0,0.0,0.0,1.979,0.872,0.418,0.0,0.0,0.405,0.0,0.0,0.0,1.64,1.072,0.342,0.0,0.0,0.405,0.0,0.0,0.0,1.504,1.103,0.332,0.0
1302,Avazbek O'lmasaliev,DEF,3.5,Uzbekistan,UZB,-0.002,-0.524,0.003,2.65,0.001,0.001,0.616,2.445,0.087,-0.0,-0.464,0.001,2.65,0.001,0.001,0.615,2.379,0.093,-0.0,-0.378,0.0,2.65,0.001,0.001,0.754,2.286,0.102,-0.0,-0.283,0.0,2.65,0.001,0.001,0.777,2.18,0.113,-0.0,-0.364,0.0,2.65,0.001,0.001,0.751,2.27,0.103,-0.0
1110,Elliot Stroud,MID,4.7,Sweden,SWE,0.0,0.0,1.0,0.0,0.0,0.0,0.737,2.223,0.108,0.0,0.0,0.175,0.0,0.0,0.0,0.915,1.966,0.14,0.0,0.0,0.047,0.0,0.0,0.0,0.898,2.125,0.119,0.0,0.0,0.011,0.0,0.0,0.0,0.789,2.221,0.109,0.0,0.0,0.011,0.0,0.0,0.0,0.926,2.007,0.134,0.0
1111,Taha Ali,MID,4.9,Sweden,SWE,0.0,0.0,1.0,0.0,0.0,0.0,0.737,2.223,0.108,0.0,0.0,0.175,0.0,0.0,0.0,0.915,1.966,0.14,0.0,0.0,0.047,0.0,0.0,0.0,0.898,2.125,0.119,0.0,0.0,0.011,0.0,0.0,0.0,0.789,2.221,0.109,0.0,0.0,0.011,0.0,0.0,0.0,0.926,2.007,0.134,0.0
1112,Eric Smith,MID,4.9,Sweden,SWE,0.0,0.0,1.0,0.0,0.0,0.0,0.737,2.223,0.108,0.0,0.0,0.175,0.0,0.0,0.0,0.915,1.966,0.14,0.0,0.0,0.047,0.0,0.0,0.0,0.898,2.125,0.119,0.0,0.0,0.011,0.0,0.0,0.0,0.789,2.221,0.109,0.0,0.0,0.011,0.0,0.0,0.0,0.926,2.007,0.134,0.0
1249,Cristian Roldan,MID,4.7,USA,USA,0.0,0.0,1.0,0.0,0.0,0.0,2.132,0.864,0.422,0.0,0.0,0.778,0.0,0.0,0.0,1.596,1.033,0.356,0.0,0.0,0.505,0.0,0.0,0.0,1.115,1.551,0.212,0.0,0.0,0.195,0.0,0.0,0.0,1.218,1.459,0.232,0.0,0.0,0.195,0.0,0.0,0.0,1.126,1.506,0.222,0.0
1289,Oston Urunov,MID,5.6,Uzbekistan,UZB,0.004,1.269,0.003,36.33,0.026,0.021,0.616,2.445,0.087,0.001,1.269,0.001,36.33,0.026,0.021,0.615,2.379,0.093,0.0,1.329,0.0,36.33,0.032,0.025,0.754,2.286,0.102,0.0,1.339,0.0,36.33,0.033,0.026,0.777,2.18,0.113,0.0,1.328,0.0,36.33,0.032,0.025,0.751,2.27,0.103,0.0
1296,Farrukh Sayfiev,DEF,3.6,Uzbekistan,UZB,0.004,1.322,0.003,72.96,0.017,0.02,0.616,2.445,0.087,0.001,1.423,0.001,72.96,0.017,0.02,0.615,2.379,0.093,0.0,1.624,0.0,72.96,0.021,0.024,0.754,2.286,0.102,0.0,1.807,0.0,72.96,0.022,0.025,0.777,2.18,0.113,0.0,1.65,0.0,72.96,0.021,0.024,0.751,2.27,0.103,0.0
1534,Ange-Yoan Bonny,FWD,4.9,Côte d'Ivoire,CIV,0.0,0.0,1.0,0.0,0.0,0.0,0.879,1.952,0.142,0.0,0.0,0.245,0.0,0.0,0.0,0.938,1.84,0.159,0.0,0.0,0.068,0.0,0.0,0.0,0.948,1.558,0.21,0.0,0.0,0.023,0.0,0.0,0.0,0.806,1.93,0.145,0.0,0.0,0.023,0.0,0.0,0.0,0.934,1.78,0.169,0.0
884,Luis Mejía,GK,4.0,Panama,PAN,-0.003,-0.323,0.009,4.75,0.0,0.0,0.665,2.214,0.109,-0.0,-0.107,0.001,4.75,0.0,0.0,0.794,1.967,0.14,-0.0,-0.732,0.0,4.75,0.0,0.0,0.597,2.662,0.07,-0.0,-0.228,0.0,4.75,0.0,0.0,0.77,2.106,0.122,-0.0,-0.361,0.0,4.75,0.0,0.0,0.734,2.257,0.105,-0.0
1293,Abdukodir Khusanov,DEF,4.3,Uzbekistan,UZB,0.004,1.247,0.003,81.49,0.014,0.011,0.616,2.445,0.087,0.001,1.349,0.001,81.49,0.014,0.011,0.615,2.379,0.093,0.0,1.533,0.0,81.49,0.017,0.014,0.754,2.286,0.102,0.0,1.714,0.0,81.49,0.017,0.014,0.777,2.18,0.113,0.0,1.559,0.0,81.49,0.016,0.014,0.751,2.27,0.103,0.0
1290,Jamshid Iskanderov,MID,5.7,Uzbekistan,UZB,0.004,1.057,0.003,7.65,0.005,0.004,0.616,2.445,0.087,0.001,1.057,0.001,7.65,0.005,0.004,0.615,2.379,0.093,0.0,1.07,0.0,7.65,0.007,0.005,0.754,2.286,0.102,0.0,1.072,0.0,7.65,0.007,0.005,0.777,2.18,0.113,0.0,1.069,0.0,7.65,0.007,0.005,0.751,2.27,0.103,0.0
871,José Córdoba,DEF,4.0,Panama,PAN,-0.002,-0.275,0.009,19.45,0.004,0.004,0.665,2.214,0.109,-0.0,-0.05,0.001,19.45,0.005,0.004,0.794,1.967,0.14,-0.0,-0.689,0.0,19.45,0.004,0.003,0.597,2.662,0.07,-0.0,-0.173,0.0,19.45,0.005,0.004,0.77,2.106,0.122,-0.0,-0.309,0.0,19.45,0.005,0.004,0.734,2.257,0.105,-0.0
873,César Blackman,DEF,3.7,Panama,PAN,-0.002,-0.271,0.009,15.92,0.004,0.005,0.665,2.214,0.109,-0.0,-0.044,0.001,15.92,0.005,0.005,0.794,1.967,0.14,-0.0,-0.685,0.0,15.92,0.004,0.004,0.597,2.662,0.07,-0.0,-0.168,0.0,15.92,0.005,0.005,0.77,2.106,0.122,-0.0,-0.304,0.0,15.92,0.005,0.005,0.734,2.257,0.105,-0.0
1579,Ross Stewart,FWD,5.4,Scotland,SCO,0.0,0.0,0.095,0.0,0.0,0.0,0.903,2.173,0.114,0.0,0.0,0.022,0.0,0.0,0.0,0.791,2.03,0.131,0.0,0.0,0.005,0.0,0.0,0.0,0.96,1.627,0.196,0.0,0.0,0.002,0.0,0.0,0.0,0.812,2.046,0.129,0.0,0.0,0.002,0.0,0.0,0.0,0.835,1.915,0.147,0.0
875,Roderick Miller,DEF,3.5,Panama,PAN,-0.003,-0.304,0.009,5.66,0.002,0.002,0.665,2.214,0.109,-0.0,-0.084,0.001,5.66,0.002,0.002,0.794,1.967,0.14,-0.0,-0.715,0.0,5.66,0.001,0.001,0.597,2.662,0.07,-0.0,-0.206,0.0,5.66,0.002,0.002,0.77,2.106,0.122,-0.0,-0.341,0.0,5.66,0.002,0.002,0.734,2.257,0.105,-0.0
1307,Igor Sergeev,FWD,6.1,Uzbekistan,UZB,0.004,1.076,0.003,5.46,0.009,0.003,0.616,2.445,0.087,0.001,1.076,0.001,5.46,0.009,0.003,0.615,2.379,0.093,0.0,1.093,0.0,5.46,0.011,0.004,0.754,2.286,0.102,0.0,1.095,0.0,5.46,0.012,0.004,0.777,2.18,0.113,0.0,1.092,0.0,5.46,0.011,0.004,0.751,2.27,0.103,0.0
876,Jiovany Ramos,DEF,3.5,Panama,PAN,-0.003,-0.305,0.009,5.39,0.001,0.002,0.665,2.214,0.109,-0.0,-0.086,0.001,5.39,0.002,0.002,0.794,1.967,0.14,-0.0,-0.716,0.0,5.39,0.001,0.001,0.597,2.662,0.07,-0.0,-0.207,0.0,5.39,0.002,0.002,0.77,2.106,0.122,-0.0,-0.342,0.0,5.39,0.002,0.002,0.734,2.257,0.105,-0.0
1568,Ahmed Qasem,MID,4.4,Iraq,IRQ,0.003,1.012,0.003,2.32,0.001,0.001,0.633,2.432,0.088,0.0,1.011,0.0,2.32,0.001,0.001,0.553,2.71,0.067,0.0,1.011,0.0,2.32,0.001,0.001,0.557,2.538,0.079,0.0,1.011,0.0,2.32,0.001,0.001,0.594,2.625,0.072,0.0,1.016,0.0,2.32,0.002,0.001,0.843,1.986,0.137,0.0
1564,Mustafa Saadoon,DEF,3.6,Iraq,IRQ,-0.001,-0.478,0.003,14.62,0.003,0.004,0.633,2.432,0.088,-0.0,-0.741,0.0,14.62,0.003,0.004,0.553,2.71,0.067,-0.0,-0.581,0.0,14.62,0.003,0.004,0.557,2.538,0.079,-0.0,-0.659,0.0,14.62,0.003,0.004,0.594,2.625,0.072,-0.0,-0.068,0.0,14.62,0.004,0.006,0.843,1.986,0.137,-0.0
1563,Jalal Hassan,GK,3.9,Iraq,IRQ,0.003,1.096,0.003,88.75,0.0,0.0,0.633,2.432,0.088,0.0,0.689,0.0,88.75,0.0,0.0,0.553,2.71,0.067,0.0,0.936,0.0,88.75,0.0,0.0,0.557,2.538,0.079,0.0,0.809,0.0,88.75,0.0,0.0,0.594,2.625,0.072,0.0,1.837,0.0,88.75,0.0,0.0,0.843,1.986,0.137,0.0
878,Jorge Gutiérrez,DEF,3.5,Panama,PAN,-0.002,-0.269,0.009,16.37,0.004,0.005,0.665,2.214,0.109,-0.0,-0.043,0.001,16.37,0.005,0.006,0.794,1.967,0.14,-0.0,-0.684,0.0,16.37,0.004,0.004,0.597,2.662,0.07,-0.0,-0.166,0.0,16.37,0.005,0.005,0.77,2.106,0.122,-0.0,-0.302,0.0,16.37,0.005,0.005,0.734,2.257,0.105,-0.0
1342,Ermin Mahmic,MID,4.2,Bosnia and Herzegovina,BIH,0.0,0.0,1.0,0.0,0.0,0.0,0.831,2.287,0.102,0.0,0.0,0.194,0.0,0.0,0.0,0.974,1.744,0.175,0.0,0.0,0.063,0.0,0.0,0.0,0.694,2.514,0.081,0.0,0.0,0.009,0.0,0.0,0.0,0.749,2.436,0.087,0.0,0.0,0.009,0.0,0.0,0.0,0.706,2.488,0.083,0.0
901,Miguel Almirón,MID,6.0,Paraguay,PAR,0.0,0.0,0.999,0.0,0.0,0.0,0.933,1.795,0.166,0.0,0.0,0.275,0.0,0.0,0.0,1.005,1.642,0.194,0.0,0.0,0.094,0.0,0.0,0.0,1.027,1.394,0.248,0.0,0.0,0.037,0.0,0.0,0.0,0.915,1.663,0.19,0.0,0.0,0.037,0.0,0.0,0.0,0.9,1.65,0.192,0.0
1541,Nour Bani Ateyah,GK,3.6,Jordan,JOR,-0.002,-0.7,0.003,0.13,0.0,0.0,0.624,2.627,0.072,-0.0,-0.679,0.001,0.13,0.0,0.0,0.642,2.605,0.074,-0.0,-1.464,0.0,0.13,0.0,0.0,0.492,3.432,0.032,0.0,1.0,0.0,0.13,0.0,0.0,0.0,0.0,1.0,0.0,1.0,0.0,0.13,0.0,0.0,0.0,0.0,1.0,-0.0
1543,Ehsan Haddad,DEF,3.5,Jordan,JOR,0.003,1.062,0.003,84.35,0.017,0.022,0.624,2.627,0.072,0.001,1.101,0.001,84.35,0.017,0.023,0.642,2.605,0.074,-0.0,-0.034,0.0,84.35,0.013,0.018,0.492,3.432,0.032,0.0,9.0,0.0,84.35,0.0,0.0,0.0,0.0,1.0,0.0,9.0,0.0,84.35,0.0,0.0,0.0,0.0,1.0,0.0
1544,Saed Al Rosan,DEF,3.5,Jordan,JOR,-0.002,-0.685,0.003,5.5,0.001,0.001,0.624,2.627,0.072,-0.0,-0.665,0.001,5.5,0.001,0.002,0.642,2.605,0.074,-0.0,-1.453,0.0,5.5,0.001,0.001,0.492,3.432,0.032,0.0,1.0,0.0,5.5,0.0,0.0,0.0,0.0,1.0,0.0,1.0,0.0,5.5,0.0,0.0,0.0,0.0,1.0,-0.0
1546,Raja'ei Ayed,MID,4.5,Jordan,JOR,0.004,1.115,0.003,17.77,0.011,0.01,0.624,2.627,0.072,0.001,1.118,0.001,17.77,0.011,0.01,0.642,2.605,0.074,0.0,1.09,0.0,17.77,0.008,0.008,0.492,3.432,0.032,0.0,1.0,0.0,17.77,0.0,0.0,0.0,0.0,1.0,0.0,1.0,0.0,17.77,0.0,0.0,0.0,0.0,1.0,0.0
1545,Anas Badawi,DEF,3.5,Jordan,JOR,-0.002,-0.699,0.003,0.13,0.0,0.0,0.624,2.627,0.072,-0.0,-0.679,0.001,0.13,0.0,0.0,0.642,2.605,0.074,-0.0,-1.464,0.0,0.13,0.0,0.0,0.492,3.432,0.032,0.0,1.0,0.0,0.13,0.0,0.0,0.0,0.0,1.0,0.0,1.0,0.0,0.13,0.0,0.0,0.0,0.0,1.0,-0.0
886,César Samudio,GK,3.6,Panama,PAN,-0.012,-1.323,0.009,0.0,0.0,0.0,0.665,2.214,0.109,-0.001,-1.107,0.001,0.0,0.0,0.0,0.794,1.967,0.14,-0.0,-1.732,0.0,0.0,0.0,0.0,0.597,2.662,0.07,-0.0,-1.228,0.0,0.0,0.0,0.0,0.77,2.106,0.122,-0.0,-1.361,0.0,0.0,0.0,0.0,0.734,2.257,0.105,-0.01
1013,John Souttar,DEF,3.8,Scotland,SCO,-0.02,-0.209,0.095,29.99,0.006,0.008,0.903,2.173,0.114,-0.002,-0.094,0.022,29.99,0.005,0.007,0.791,2.03,0.131,0.001,0.258,0.005,29.99,0.006,0.009,0.96,1.627,0.196,-0.0,-0.106,0.002,29.99,0.005,0.008,0.812,2.046,0.129,0.0,0.01,0.002,29.99,0.005,0.008,0.835,1.915,0.147,-0.02
1014,Scott McKenna,DEF,3.8,Scotland,SCO,-0.017,-0.175,0.095,24.31,0.008,0.013,0.903,2.173,0.114,-0.001,-0.064,0.022,24.31,0.007,0.011,0.791,2.03,0.131,0.002,0.295,0.005,24.31,0.009,0.014,0.96,1.627,0.196,-0.0,-0.075,0.002,24.31,0.007,0.012,0.812,2.046,0.129,0.0,0.042,0.002,24.31,0.008,0.012,0.835,1.915,0.147,-0.02
622,Hossein Hosseini,GK,3.8,IR Iran,IRN,0.029,0.053,0.546,3.2,0.0,0.0,0.854,1.778,0.169,-0.039,-0.249,0.158,3.2,0.0,0.0,0.749,2.13,0.119,-0.006,-0.196,0.032,3.2,0.0,0.0,0.725,2.07,0.126,-0.002,-0.261,0.006,3.2,0.0,0.0,0.738,2.143,0.117,-0.002,-0.258,0.006,3.2,0.0,0.0,0.708,2.141,0.118,-0.02
621,Payam Niazmand,GK,3.9,IR Iran,IRN,0.029,0.053,0.546,1.81,0.0,0.0,0.854,1.778,0.169,-0.039,-0.249,0.158,1.81,0.0,0.0,0.749,2.13,0.119,-0.006,-0.196,0.032,1.81,0.0,0.0,0.725,2.07,0.126,-0.002,-0.261,0.006,1.81,0.0,0.0,0.738,2.143,0.117,-0.002,-0.258,0.006,1.81,0.0,0.0,0.708,2.141,0.118,-0.02
1015,Anthony Ralston,DEF,3.8,Scotland,SCO,-0.02,-0.209,0.095,29.28,0.006,0.009,0.903,2.173,0.114,-0.002,-0.094,0.022,29.28,0.005,0.008,0.791,2.03,0.131,0.001,0.258,0.005,29.28,0.006,0.009,0.96,1.627,0.196,-0.0,-0.106,0.002,29.28,0.005,0.008,0.812,2.046,0.129,0.0,0.01,0.002,29.28,0.005,0.008,0.835,1.915,0.147,-0.02
609,Danial Eiri,DEF,3.5,IR Iran,IRN,0.03,0.054,0.546,0.42,0.0,0.0,0.854,1.778,0.169,-0.039,-0.248,0.158,0.42,0.0,0.0,0.749,2.13,0.119,-0.006,-0.195,0.032,0.42,0.0,0.0,0.725,2.07,0.126,-0.002,-0.259,0.006,0.42,0.0,0.0,0.738,2.143,0.117,-0.002,-0.257,0.006,0.42,0.0,0.0,0.708,2.141,0.118,-0.02
1010,Kieran Tierney,DEF,4.3,Scotland,SCO,-0.023,-0.243,0.095,5.42,0.003,0.006,0.903,2.173,0.114,-0.003,-0.123,0.022,5.42,0.003,0.005,0.791,2.03,0.131,0.001,0.223,0.005,5.42,0.003,0.006,0.96,1.627,0.196,-0.0,-0.136,0.002,5.42,0.003,0.005,0.812,2.046,0.129,-0.0,-0.021,0.002,5.42,0.003,0.005,0.835,1.915,0.147,-0.02
1576,Craig Gordon,GK,3.5,Scotland,SCO,-0.027,-0.287,0.095,6.3,0.0,0.0,0.903,2.173,0.114,-0.004,-0.162,0.022,6.3,0.0,0.0,0.791,2.03,0.131,0.001,0.176,0.005,6.3,0.0,0.0,0.96,1.627,0.196,-0.0,-0.175,0.002,6.3,0.0,0.0,0.812,2.046,0.129,-0.0,-0.062,0.002,6.3,0.0,0.0,0.835,1.915,0.147,-0.03
5,Zinéddine Belaïd,DEF,3.7,Algeria,ALG,-0.058,-0.087,0.668,14.88,0.004,0.004,0.883,2.002,0.135,0.023,0.134,0.172,14.88,0.004,0.005,0.973,1.747,0.174,0.001,0.018,0.054,14.88,0.004,0.005,0.951,1.884,0.152,-0.001,-0.057,0.015,14.88,0.004,0.005,0.909,1.97,0.14,-0.001,-0.063,0.015,14.88,0.004,0.004,0.876,1.974,0.139,-0.04
1490,Nando Pijnaker,DEF,3.7,New Zealand,NZL,-0.018,-0.182,0.1,26.85,0.006,0.01,0.772,2.15,0.117,-0.033,-1.615,0.02,26.85,0.004,0.006,0.487,3.642,0.026,-0.001,-0.472,0.001,26.85,0.005,0.008,0.621,2.454,0.086,-0.0,-1.178,0.0,26.85,0.004,0.007,0.546,3.196,0.041,-0.0,-0.119,0.0,26.85,0.006,0.01,0.8,2.081,0.125,-0.05
2047,Samir Chergui,DEF,4.0,Algeria,ALG,-0.069,-0.104,0.668,10.91,0.003,0.002,0.883,2.002,0.135,0.02,0.115,0.172,10.91,0.003,0.002,0.973,1.747,0.174,-0.0,-0.001,0.054,10.91,0.003,0.002,0.951,1.884,0.152,-0.001,-0.075,0.015,10.91,0.003,0.002,0.909,1.97,0.14,-0.001,-0.08,0.015,10.91,0.003,0.002,0.876,1.974,0.139,-0.05
2051,Christopher Opéri,DEF,4.0,Côte d'Ivoire,CIV,-0.071,-0.071,1.0,7.09,0.001,0.004,0.879,1.952,0.142,0.006,0.025,0.245,7.09,0.001,0.005,0.938,1.84,0.159,0.017,0.255,0.068,7.09,0.001,0.005,0.948,1.558,0.21,-0.001,-0.055,0.023,7.09,0.001,0.004,0.806,1.93,0.145,0.002,0.075,0.023,7.09,0.001,0.005,0.934,1.78,0.169,-0.05
88,Kevin Danso,DEF,4.3,Austria,AUT,-0.105,-0.123,0.851,30.66,0.007,0.011,0.907,2.094,0.123,0.04,0.189,0.211,30.66,0.008,0.012,1.029,1.744,0.175,0.016,0.235,0.068,30.66,0.008,0.013,1.113,1.698,0.183,0.001,0.045,0.024,30.66,0.008,0.012,0.995,1.91,0.148,0.0,0.016,0.024,30.66,0.007,0.011,0.945,1.939,0.144,-0.05
826,Francis de Vries,DEF,3.6,New Zealand,NZL,-0.015,-0.148,0.1,22.97,0.005,0.024,0.772,2.15,0.117,-0.032,-1.593,0.02,22.97,0.003,0.015,0.487,3.642,0.026,-0.001,-0.444,0.001,22.97,0.004,0.019,0.621,2.454,0.086,-0.0,-1.154,0.0,22.97,0.004,0.017,0.546,3.196,0.041,-0.0,-0.083,0.0,22.97,0.005,0.025,0.8,2.081,0.125,-0.05
2048,Mohamed Tougaï,DEF,4.0,Algeria,ALG,-0.077,-0.115,0.668,6.53,0.002,0.002,0.883,2.002,0.135,0.018,0.103,0.172,6.53,0.002,0.002,0.973,1.747,0.174,-0.001,-0.013,0.054,6.53,0.002,0.002,0.951,1.884,0.152,-0.001,-0.086,0.015,6.53,0.002,0.002,0.909,1.97,0.14,-0.001,-0.091,0.015,6.53,0.002,0.002,0.876,1.974,0.139,-0.06
301,Ousmane Diomande,DEF,4.3,Côte d'Ivoire,CIV,-0.078,-0.078,1.0,6.77,0.001,0.002,0.879,1.952,0.142,0.004,0.018,0.245,6.77,0.001,0.002,0.938,1.84,0.159,0.017,0.248,0.068,6.77,0.001,0.002,0.948,1.558,0.21,-0.001,-0.061,0.023,6.77,0.001,0.002,0.806,1.93,0.145,0.002,0.068,0.023,6.77,0.001,0.002,0.934,1.78,0.169,-0.06
830,Finn Surman,DEF,3.5,New Zealand,NZL,-0.024,-0.244,0.1,13.43,0.002,0.002,0.772,2.15,0.117,-0.033,-1.654,0.02,13.43,0.001,0.001,0.487,3.642,0.026,-0.001,-0.522,0.001,13.43,0.001,0.002,0.621,2.454,0.086,-0.0,-1.221,0.0,13.43,0.001,0.002,0.546,3.196,0.041,-0.0,-0.182,0.0,13.43,0.002,0.002,0.8,2.081,0.125,-0.06
839,Alex Paulsen,GK,3.8,New Zealand,NZL,-0.027,-0.266,0.1,8.33,0.0,0.0,0.772,2.15,0.117,-0.034,-1.668,0.02,8.33,0.0,0.0,0.487,3.642,0.026,-0.001,-0.54,0.001,8.33,0.0,0.0,0.621,2.454,0.086,-0.0,-1.237,0.0,8.33,0.0,0.0,0.546,3.196,0.041,-0.0,-0.206,0.0,8.33,0.0,0.0,0.8,2.081,0.125,-0.06
8,Achref Abada,DEF,3.5,Algeria,ALG,-0.077,-0.115,0.668,6.53,0.002,0.002,0.883,2.002,0.135,0.018,0.103,0.172,6.53,0.002,0.002,0.973,1.747,0.174,-0.001,-0.013,0.054,6.53,0.002,0.002,0.951,1.884,0.152,-0.001,-0.086,0.015,6.53,0.002,0.002,0.909,1.97,0.14,-0.001,-0.091,0.015,6.53,0.002,0.002,0.876,1.974,0.139,-0.06
18,Luca Zidane,GK,3.8,Algeria,ALG,-0.092,-0.137,0.668,6.53,0.0,0.0,0.883,2.002,0.135,0.014,0.079,0.172,6.53,0.0,0.0,0.973,1.747,0.174,-0.002,-0.036,0.054,6.53,0.0,0.0,0.951,1.884,0.152,-0.002,-0.109,0.015,6.53,0.0,0.0,0.909,1.97,0.14,-0.002,-0.113,0.015,6.53,0.0,0.0,0.876,1.974,0.139,-0.08
19,Melvin Mastil,GK,3.5,Algeria,ALG,-0.092,-0.137,0.668,6.53,0.0,0.0,0.883,2.002,0.135,0.014,0.079,0.172,6.53,0.0,0.0,0.973,1.747,0.174,-0.002,-0.036,0.054,6.53,0.0,0.0,0.951,1.884,0.152,-0.002,-0.109,0.015,6.53,0.0,0.0,0.909,1.97,0.14,-0.002,-0.113,0.015,6.53,0.0,0.0,0.876,1.974,0.139,-0.08
2046,Oussama Benbot,GK,4.2,Algeria,ALG,-0.092,-0.137,0.668,6.53,0.0,0.0,0.883,2.002,0.135,0.014,0.079,0.172,6.53,0.0,0.0,0.973,1.747,0.174,-0.002,-0.036,0.054,6.53,0.0,0.0,0.951,1.884,0.152,-0.002,-0.109,0.015,6.53,0.0,0.0,0.909,1.97,0.14,-0.002,-0.113,0.015,6.53,0.0,0.0,0.876,1.974,0.139,-0.08
316,Alban Lafont,GK,4.1,Côte d'Ivoire,CIV,-0.094,-0.094,1.0,4.46,0.0,0.0,0.879,1.952,0.142,0.0,0.001,0.245,4.46,0.0,0.0,0.938,1.84,0.159,0.016,0.231,0.068,4.46,0.0,0.0,0.948,1.558,0.21,-0.002,-0.075,0.023,4.46,0.0,0.0,0.806,1.93,0.145,0.001,0.051,0.023,4.46,0.0,0.0,0.934,1.78,0.169,-0.08
1556,Gédéon Kalulu,DEF,3.9,Congo DR,COD,-0.101,-0.231,0.437,14.03,0.004,0.005,0.707,2.165,0.115,-0.017,-0.212,0.08,14.03,0.004,0.005,0.696,2.142,0.117,-0.004,-0.304,0.015,14.03,0.004,0.006,0.759,2.251,0.105,-0.001,-0.245,0.002,14.03,0.004,0.005,0.694,2.18,0.113,-0.0,-0.207,0.002,14.03,0.004,0.006,0.779,2.143,0.117,-0.12
92,Marco Friedl,DEF,4.3,Austria,AUT,-0.166,-0.195,0.851,7.66,0.002,0.001,0.907,2.094,0.123,0.023,0.107,0.211,7.66,0.002,0.001,1.029,1.744,0.175,0.01,0.147,0.068,7.66,0.003,0.002,1.113,1.698,0.183,-0.001,-0.033,0.024,7.66,0.002,0.001,0.995,1.91,0.148,-0.001,-0.059,0.024,7.66,0.002,0.001,0.945,1.939,0.144,-0.14
277,Dylan Batubinsika,DEF,3.8,Congo DR,COD,-0.112,-0.257,0.437,12.48,0.002,0.002,0.707,2.165,0.115,-0.019,-0.237,0.08,12.48,0.002,0.002,0.696,2.142,0.117,-0.005,-0.332,0.015,12.48,0.002,0.002,0.759,2.251,0.105,-0.001,-0.27,0.002,12.48,0.002,0.002,0.694,2.18,0.113,-0.001,-0.235,0.002,12.48,0.002,0.002,0.779,2.143,0.117,-0.14
278,Steve Kapuadi,DEF,3.7,Congo DR,COD,-0.122,-0.279,0.437,0.07,0.0,0.0,0.707,2.165,0.115,-0.021,-0.26,0.08,0.07,0.0,0.0,0.696,2.142,0.117,-0.005,-0.356,0.015,0.07,0.0,0.0,0.759,2.251,0.105,-0.001,-0.293,0.002,0.07,0.0,0.0,0.694,2.18,0.113,-0.001,-0.26,0.002,0.07,0.0,0.0,0.779,2.143,0.117,-0.15
290,Matthieu Epolo,GK,3.7,Congo DR,COD,-0.122,-0.28,0.437,0.07,0.0,0.0,0.707,2.165,0.115,-0.021,-0.26,0.08,0.07,0.0,0.0,0.696,2.142,0.117,-0.005,-0.356,0.015,0.07,0.0,0.0,0.759,2.251,0.105,-0.001,-0.293,0.002,0.07,0.0,0.0,0.694,2.18,0.113,-0.001,-0.261,0.002,0.07,0.0,0.0,0.779,2.143,0.117,-0.15
291,Timothy Fayulu,GK,3.6,Congo DR,COD,-0.122,-0.28,0.437,0.13,0.0,0.0,0.707,2.165,0.115,-0.021,-0.26,0.08,0.13,0.0,0.0,0.696,2.142,0.117,-0.005,-0.356,0.015,0.13,0.0,0.0,0.759,2.251,0.105,-0.001,-0.293,0.002,0.13,0.0,0.0,0.694,2.18,0.113,-0.001,-0.261,0.002,0.13,0.0,0.0,0.779,2.143,0.117,-0.15
94,Michael Svoboda,DEF,3.8,Austria,AUT,-0.179,-0.211,0.851,1.77,0.001,0.001,0.907,2.094,0.123,0.019,0.089,0.211,1.77,0.001,0.001,1.029,1.744,0.175,0.009,0.128,0.068,1.77,0.001,0.001,1.113,1.698,0.183,-0.001,-0.051,0.024,1.77,0.001,0.001,0.995,1.91,0.148,-0.002,-0.075,0.024,1.77,0.001,0.001,0.945,1.939,0.144,-0.15
1011,Nathan Patterson,DEF,4.0,Scotland,SCO,-0.122,-1.287,0.095,0.0,0.0,0.0,0.903,2.173,0.114,-0.025,-1.162,0.022,0.0,0.0,0.0,0.791,2.03,0.131,-0.004,-0.824,0.005,0.0,0.0,0.0,0.96,1.627,0.196,-0.002,-1.175,0.002,0.0,0.0,0.0,0.812,2.046,0.129,-0.002,-1.062,0.002,0.0,0.0,0.0,0.835,1.915,0.147,-0.16
99,Patrick Pentz,GK,4.6,Austria,AUT,-0.185,-0.218,0.851,6.58,0.0,0.0,0.907,2.094,0.123,0.017,0.081,0.211,6.58,0.0,0.0,1.029,1.744,0.175,0.008,0.119,0.068,6.58,0.0,0.0,1.113,1.698,0.183,-0.001,-0.058,0.024,6.58,0.0,0.0,0.995,1.91,0.148,-0.002,-0.083,0.024,6.58,0.0,0.0,0.945,1.939,0.144,-0.16
1016,Dominic Hyam,DEF,3.6,Scotland,SCO,-0.122,-1.287,0.095,0.0,0.0,0.0,0.903,2.173,0.114,-0.025,-1.162,0.022,0.0,0.0,0.0,0.791,2.03,0.131,-0.004,-0.824,0.005,0.0,0.0,0.0,0.96,1.627,0.196,-0.002,-1.175,0.002,0.0,0.0,0.0,0.812,2.046,0.129,-0.002,-1.062,0.002,0.0,0.0,0.0,0.835,1.915,0.147,-0.16
1024,Liam Kelly,GK,3.7,Scotland,SCO,-0.122,-1.287,0.095,0.0,0.0,0.0,0.903,2.173,0.114,-0.025,-1.162,0.022,0.0,0.0,0.0,0.791,2.03,0.131,-0.004,-0.824,0.005,0.0,0.0,0.0,0.96,1.627,0.196,-0.002,-1.175,0.002,0.0,0.0,0.0,0.812,2.046,0.129,-0.002,-1.062,0.002,0.0,0.0,0.0,0.835,1.915,0.147,-0.16
1118,Daniel Svensson,DEF,4.5,Sweden,SWE,-0.172,-0.172,1.0,31.33,0.006,0.036,0.737,2.223,0.108,0.016,0.091,0.175,31.33,0.007,0.044,0.915,1.966,0.14,-0.002,-0.051,0.047,31.33,0.007,0.043,0.898,2.125,0.119,-0.002,-0.159,0.011,31.33,0.006,0.038,0.789,2.221,0.109,0.001,0.059,0.011,31.33,0.007,0.045,0.926,2.007,0.134,-0.16
1491,Tommy Smith,DEF,3.6,New Zealand,NZL,-0.127,-1.266,0.1,0.0,0.0,0.0,0.772,2.15,0.117,-0.054,-2.668,0.02,0.0,0.0,0.0,0.487,3.642,0.026,-0.002,-1.54,0.001,0.0,0.0,0.0,0.621,2.454,0.086,-0.0,-2.237,0.0,0.0,0.0,0.0,0.546,3.196,0.041,-0.0,-1.206,0.0,0.0,0.0,0.0,0.8,2.081,0.125,-0.18
840,Michael Woud,GK,3.7,New Zealand,NZL,-0.127,-1.266,0.1,0.0,0.0,0.0,0.772,2.15,0.117,-0.054,-2.668,0.02,0.0,0.0,0.0,0.487,3.642,0.026,-0.002,-1.54,0.001,0.0,0.0,0.0,0.621,2.454,0.086,-0.0,-2.237,0.0,0.0,0.0,0.0,0.546,3.196,0.041,-0.0,-1.206,0.0,0.0,0.0,0.0,0.8,2.081,0.125,-0.18
829,Callan Elliot,DEF,3.5,New Zealand,NZL,-0.127,-1.266,0.1,0.0,0.0,0.0,0.772,2.15,0.117,-0.054,-2.668,0.02,0.0,0.0,0.0,0.487,3.642,0.026,-0.002,-1.54,0.001,0.0,0.0,0.0,0.621,2.454,0.086,-0.0,-2.237,0.0,0.0,0.0,0.0,0.546,3.196,0.041,-0.0,-1.206,0.0,0.0,0.0,0.0,0.8,2.081,0.125,-0.18
1120,Carl Starfelt,DEF,4.1,Sweden,SWE,-0.297,-0.297,1.0,21.09,0.003,0.003,0.737,2.223,0.108,-0.011,-0.063,0.175,21.09,0.003,0.004,0.915,1.966,0.14,-0.009,-0.203,0.047,21.09,0.003,0.004,0.898,2.125,0.119,-0.003,-0.292,0.011,21.09,0.003,0.004,0.789,2.221,0.109,-0.001,-0.098,0.011,21.09,0.003,0.004,0.926,2.007,0.134,-0.32
1516,Hjalmar Ekdal,DEF,3.7,Sweden,SWE,-0.315,-0.315,1.0,9.19,0.001,0.002,0.737,2.223,0.108,-0.015,-0.086,0.175,9.19,0.002,0.002,0.915,1.966,0.14,-0.011,-0.225,0.047,9.19,0.002,0.002,0.898,2.125,0.119,-0.003,-0.312,0.011,9.19,0.001,0.002,0.789,2.221,0.109,-0.001,-0.121,0.011,9.19,0.002,0.002,0.926,2.007,0.134,-0.34
1977,Abdul Mumin,DEF,3.7,Ghana,GHA,-0.278,-0.279,1.0,6.94,0.002,0.002,0.667,2.188,0.112,-0.039,-0.237,0.163,6.94,0.002,0.002,0.718,2.142,0.117,-0.015,-0.497,0.03,6.94,0.002,0.002,0.67,2.431,0.088,-0.002,-0.388,0.005,6.94,0.002,0.002,0.688,2.311,0.099,-0.001,-0.313,0.005,6.94,0.002,0.002,0.712,2.228,0.108,-0.34
2068,Derrick Luckassen,DEF,3.7,Ghana,GHA,-0.287,-0.287,1.0,4.24,0.001,0.001,0.667,2.188,0.112,-0.04,-0.246,0.163,4.24,0.001,0.001,0.718,2.142,0.117,-0.015,-0.505,0.03,4.24,0.001,0.001,0.67,2.431,0.088,-0.002,-0.397,0.005,4.24,0.001,0.001,0.688,2.311,0.099,-0.002,-0.322,0.005,4.24,0.001,0.001,0.712,2.228,0.108,-0.35
1973,Abdul Baba,DEF,3.9,Ghana,GHA,-0.287,-0.287,1.0,4.24,0.001,0.001,0.667,2.188,0.112,-0.04,-0.246,0.163,4.24,0.001,0.001,0.718,2.142,0.117,-0.015,-0.506,0.03,4.24,0.001,0.001,0.67,2.431,0.088,-0.002,-0.397,0.005,4.24,0.001,0.001,0.688,2.311,0.099,-0.002,-0.322,0.005,4.24,0.001,0.001,0.712,2.228,0.108,-0.35
1979,Marvin Senaya,DEF,3.5,Ghana,GHA,-0.29,-0.29,1.0,4.24,0.001,0.001,0.667,2.188,0.112,-0.041,-0.249,0.163,4.24,0.001,0.001,0.718,2.142,0.117,-0.015,-0.508,0.03,4.24,0.001,0.001,0.67,2.431,0.088,-0.002,-0.4,0.005,4.24,0.001,0.001,0.688,2.311,0.099,-0.002,-0.325,0.005,4.24,0.001,0.001,0.712,2.228,0.108,-0.35
1975,Kojo Peprah Oppong,DEF,3.5,Ghana,GHA,-0.287,-0.287,1.0,5.74,0.001,0.001,0.667,2.188,0.112,-0.04,-0.246,0.163,5.74,0.001,0.001,0.718,2.142,0.117,-0.015,-0.505,0.03,5.74,0.001,0.001,0.67,2.431,0.088,-0.002,-0.397,0.005,5.74,0.001,0.001,0.688,2.311,0.099,-0.002,-0.322,0.005,5.74,0.001,0.001,0.712,2.228,0.108,-0.35
1971,Lawrence Ati Zigi,GK,4.0,Ghana,GHA,-0.3,-0.3,1.0,11.06,0.0,0.0,0.667,2.188,0.112,-0.042,-0.26,0.163,11.06,0.0,0.0,0.718,2.142,0.117,-0.015,-0.519,0.03,11.06,0.0,0.0,0.67,2.431,0.088,-0.002,-0.41,0.005,11.06,0.0,0.0,0.688,2.311,0.099,-0.002,-0.336,0.005,11.06,0.0,0.0,0.712,2.228,0.108,-0.36
1972,Joseph Anang,GK,3.6,Ghana,GHA,-0.3,-0.3,1.0,4.24,0.0,0.0,0.667,2.188,0.112,-0.042,-0.26,0.163,4.24,0.0,0.0,0.718,2.142,0.117,-0.015,-0.519,0.03,4.24,0.0,0.0,0.67,2.431,0.088,-0.002,-0.41,0.005,4.24,0.0,0.0,0.688,2.311,0.099,-0.002,-0.336,0.005,4.24,0.0,0.0,0.712,2.228,0.108,-0.36
143,Stjepan Radeljic,DEF,3.7,Bosnia and Herzegovina,BIH,-0.349,-0.349,1.0,13.96,0.003,0.004,0.831,2.287,0.102,0.025,0.128,0.194,13.96,0.004,0.005,0.974,1.744,0.175,-0.035,-0.562,0.063,13.96,0.003,0.003,0.694,2.514,0.081,-0.004,-0.488,0.009,13.96,0.003,0.004,0.749,2.436,0.087,-0.005,-0.538,0.009,13.96,0.003,0.004,0.706,2.488,0.083,-0.37
2079,Arjan Malic,DEF,3.7,Bosnia and Herzegovina,BIH,-0.352,-0.352,1.0,17.06,0.003,0.002,0.831,2.287,0.102,0.024,0.125,0.194,17.06,0.004,0.002,0.974,1.744,0.175,-0.035,-0.564,0.063,17.06,0.003,0.002,0.694,2.514,0.081,-0.004,-0.49,0.009,17.06,0.003,0.002,0.749,2.436,0.087,-0.005,-0.54,0.009,17.06,0.003,0.002,0.706,2.488,0.083,-0.37
1514,Viktor Johansson,GK,3.9,Sweden,SWE,-0.331,-0.331,1.0,9.41,0.0,0.0,0.737,2.223,0.108,-0.019,-0.106,0.175,9.41,0.0,0.0,0.915,1.966,0.14,-0.011,-0.245,0.047,9.41,0.0,0.0,0.898,2.125,0.119,-0.004,-0.329,0.011,9.41,0.0,0.0,0.789,2.221,0.109,-0.002,-0.141,0.011,9.41,0.0,0.0,0.926,2.007,0.134,-0.37
1515,Jacob Widell Zetterström,GK,3.7,Sweden,SWE,-0.331,-0.331,1.0,1.31,0.0,0.0,0.737,2.223,0.108,-0.019,-0.106,0.175,1.31,0.0,0.0,0.915,1.966,0.14,-0.011,-0.245,0.047,1.31,0.0,0.0,0.898,2.125,0.119,-0.004,-0.329,0.011,1.31,0.0,0.0,0.789,2.221,0.109,-0.002,-0.141,0.011,1.31,0.0,0.0,0.926,2.007,0.134,-0.37
144,Nihad Mujakic,DEF,3.6,Bosnia and Herzegovina,BIH,-0.365,-0.365,1.0,11.16,0.002,0.003,0.831,2.287,0.102,0.021,0.11,0.194,11.16,0.002,0.003,0.974,1.744,0.175,-0.036,-0.574,0.063,11.16,0.002,0.002,0.694,2.514,0.081,-0.004,-0.502,0.009,11.16,0.002,0.002,0.749,2.436,0.087,-0.005,-0.551,0.009,11.16,0.002,0.002,0.706,2.488,0.083,-0.39
1341,Dennis Hadzikadunic,DEF,3.7,Bosnia and Herzegovina,BIH,-0.376,-0.376,1.0,4.65,0.001,0.001,0.831,2.287,0.102,0.019,0.097,0.194,4.65,0.001,0.002,0.974,1.744,0.175,-0.037,-0.584,0.063,4.65,0.001,0.001,0.694,2.514,0.081,-0.004,-0.512,0.009,4.65,0.001,0.001,0.749,2.436,0.087,-0.005,-0.56,0.009,4.65,0.001,0.001,0.706,2.488,0.083,-0.4
155,Martin Zlomislic,GK,3.5,Bosnia and Herzegovina,BIH,-0.389,-0.389,1.0,0.81,0.0,0.0,0.831,2.287,0.102,0.016,0.081,0.194,0.81,0.0,0.0,0.974,1.744,0.175,-0.037,-0.595,0.063,0.81,0.0,0.0,0.694,2.514,0.081,-0.005,-0.524,0.009,0.81,0.0,0.0,0.749,2.436,0.087,-0.005,-0.571,0.009,0.81,0.0,0.0,0.706,2.488,0.083,-0.42
984,Abdulelah Al Amri,DEF,3.7,Saudi Arabia,KSA,-0.417,-1.223,0.341,15.9,0.004,0.003,0.483,3.225,0.04,-0.002,-0.052,0.03,15.9,0.006,0.005,0.761,1.98,0.138,-0.002,-0.307,0.007,15.9,0.004,0.004,0.605,2.254,0.105,-0.001,-0.661,0.001,15.9,0.004,0.004,0.601,2.642,0.071,-0.0,-0.554,0.001,15.9,0.004,0.004,0.578,2.524,0.08,-0.42
986,Ali Majrashi,DEF,3.6,Saudi Arabia,KSA,-0.418,-1.223,0.341,18.0,0.003,0.005,0.483,3.225,0.04,-0.002,-0.052,0.03,18.0,0.005,0.008,0.761,1.98,0.138,-0.002,-0.307,0.007,18.0,0.004,0.006,0.605,2.254,0.105,-0.001,-0.661,0.001,18.0,0.004,0.006,0.601,2.642,0.071,-0.0,-0.554,0.001,18.0,0.004,0.006,0.578,2.524,0.08,-0.42
1953,Jehad Thikri,DEF,4.0,Saudi Arabia,KSA,-0.425,-1.246,0.341,13.15,0.002,0.001,0.483,3.225,0.04,-0.003,-0.088,0.03,13.15,0.003,0.002,0.761,1.98,0.138,-0.002,-0.335,0.007,13.15,0.002,0.002,0.605,2.254,0.105,-0.001,-0.689,0.001,13.15,0.002,0.001,0.601,2.642,0.071,-0.0,-0.581,0.001,13.15,0.002,0.001,0.578,2.524,0.08,-0.43
1954,Moteb Al Harbi,DEF,4.1,Saudi Arabia,KSA,-0.421,-1.234,0.341,11.3,0.003,0.002,0.483,3.225,0.04,-0.002,-0.07,0.03,11.3,0.004,0.004,0.761,1.98,0.138,-0.002,-0.321,0.007,11.3,0.003,0.003,0.605,2.254,0.105,-0.001,-0.675,0.001,11.3,0.003,0.003,0.601,2.642,0.071,-0.0,-0.567,0.001,11.3,0.003,0.003,0.578,2.524,0.08,-0.43
1000,Ahmed Al Kassar,GK,3.9,Saudi Arabia,KSA,-0.432,-1.265,0.341,2.09,0.0,0.0,0.483,3.225,0.04,-0.004,-0.118,0.03,2.09,0.0,0.0,0.761,1.98,0.138,-0.002,-0.359,0.007,2.09,0.0,0.0,0.605,2.254,0.105,-0.001,-0.713,0.001,2.09,0.0,0.0,0.601,2.642,0.071,-0.0,-0.604,0.001,2.09,0.0,0.0,0.578,2.524,0.08,-0.44
1001,Mohammed Al Owais,GK,3.5,Saudi Arabia,KSA,-0.432,-1.265,0.341,3.34,0.0,0.0,0.483,3.225,0.04,-0.004,-0.118,0.03,3.34,0.0,0.0,0.761,1.98,0.138,-0.002,-0.359,0.007,3.34,0.0,0.0,0.605,2.254,0.105,-0.001,-0.713,0.001,3.34,0.0,0.0,0.601,2.642,0.071,-0.0,-0.604,0.001,3.34,0.0,0.0,0.578,2.524,0.08,-0.44
200,Wagner Pina,DEF,3.8,Cabo Verde,CPV,-0.696,-1.072,0.649,18.05,0.002,0.008,0.497,3.066,0.047,-0.001,-0.014,0.062,18.05,0.003,0.013,0.756,1.932,0.145,-0.005,-0.359,0.015,18.05,0.002,0.01,0.6,2.31,0.099,-0.001,-0.547,0.002,18.05,0.002,0.01,0.596,2.516,0.081,-0.001,-0.478,0.002,18.05,0.002,0.01,0.596,2.441,0.087,-0.7
202,Kelvin Pires,DEF,3.6,Cabo Verde,CPV,-0.714,-1.099,0.649,6.31,0.001,0.001,0.497,3.066,0.047,-0.003,-0.056,0.062,6.31,0.002,0.002,0.756,1.932,0.145,-0.006,-0.392,0.015,6.31,0.001,0.002,0.6,2.31,0.099,-0.001,-0.58,0.002,6.31,0.001,0.002,0.596,2.516,0.081,-0.001,-0.511,0.002,6.31,0.001,0.002,0.596,2.441,0.087,-0.72
1528,Stopira,DEF,3.5,Cabo Verde,CPV,-0.713,-1.098,0.649,6.64,0.001,0.002,0.497,3.066,0.047,-0.003,-0.054,0.062,6.64,0.002,0.002,0.756,1.932,0.145,-0.006,-0.391,0.015,6.64,0.001,0.002,0.6,2.31,0.099,-0.001,-0.579,0.002,6.64,0.001,0.002,0.596,2.516,0.081,-0.001,-0.51,0.002,6.64,0.001,0.002,0.596,2.441,0.087,-0.72
216,Márcio da Rosa,GK,3.5,Cabo Verde,CPV,-0.723,-1.113,0.649,6.31,0.0,0.0,0.497,3.066,0.047,-0.005,-0.077,0.062,6.31,0.0,0.0,0.756,1.932,0.145,-0.006,-0.409,0.015,6.31,0.0,0.0,0.6,2.31,0.099,-0.001,-0.597,0.002,6.31,0.0,0.0,0.596,2.516,0.081,-0.001,-0.528,0.002,6.31,0.0,0.0,0.596,2.441,0.087,-0.74
215,CJ dos Santos,GK,3.6,Cabo Verde,CPV,-0.723,-1.113,0.649,6.31,0.0,0.0,0.497,3.066,0.047,-0.005,-0.077,0.062,6.31,0.0,0.0,0.756,1.932,0.145,-0.006,-0.409,0.015,6.31,0.0,0.0,0.6,2.31,0.099,-0.001,-0.597,0.002,6.31,0.0,0.0,0.596,2.516,0.081,-0.001,-0.528,0.002,6.31,0.0,0.0,0.596,2.441,0.087,-0.74
479,James Trafford,GK,4.0,England,ENG,-0.244,-0.244,1.0,0.0,0.0,0.0,1.944,0.79,0.454,-0.332,-0.432,0.768,0.0,0.0,0.0,1.318,1.099,0.333,-0.185,-0.439,0.42,0.0,0.0,0.0,1.455,1.11,0.33,-0.12,-0.481,0.25,0.0,0.0,0.0,1.269,1.171,0.31,-0.111,-0.446,0.25,0.0,0.0,0.0,1.4,1.119,0.327,-0.99
2078,Trevoh Chalobah,DEF,4.5,England,ENG,-0.244,-0.244,1.0,0.0,0.0,0.0,1.944,0.79,0.454,-0.332,-0.432,0.768,0.0,0.0,0.0,1.318,1.099,0.333,-0.185,-0.439,0.42,0.0,0.0,0.0,1.455,1.11,0.33,-0.12,-0.481,0.25,0.0,0.0,0.0,1.269,1.171,0.31,-0.111,-0.446,0.25,0.0,0.0,0.0,1.4,1.119,0.327,-0.99
407,Jackson Porozo,DEF,3.8,Ecuador,ECU,-0.496,-0.496,1.0,0.0,0.0,0.0,1.184,1.193,0.303,-0.245,-0.491,0.5,0.0,0.0,0.0,1.134,1.185,0.306,-0.176,-0.748,0.236,0.0,0.0,0.0,0.952,1.532,0.216,-0.049,-0.608,0.08,0.0,0.0,0.0,1.065,1.348,0.26,-0.049,-0.616,0.08,0.0,0.0,0.0,1.086,1.359,0.257,-1.02
1101,Joan García,GK,4.0,Spain,ESP,-0.266,-0.266,1.0,0.0,0.0,0.0,2.237,0.83,0.436,-0.277,-0.353,0.787,0.0,0.0,0.0,1.696,0.976,0.377,-0.156,-0.29,0.536,0.0,0.0,0.0,1.979,0.872,0.418,-0.168,-0.415,0.405,0.0,0.0,0.0,1.64,1.072,0.342,-0.176,-0.435,0.405,0.0,0.0,0.0,1.504,1.103,0.332,-1.04
1996,Marc Pubill,DEF,4.2,Spain,ESP,-0.266,-0.266,1.0,0.0,0.0,0.0,2.237,0.83,0.436,-0.277,-0.353,0.787,0.0,0.0,0.0,1.696,0.976,0.377,-0.156,-0.29,0.536,0.0,0.0,0.0,1.979,0.872,0.418,-0.168,-0.415,0.405,0.0,0.0,0.0,1.64,1.072,0.342,-0.176,-0.435,0.405,0.0,0.0,0.0,1.504,1.103,0.332,-1.04
1995,Eric García,DEF,4.5,Spain,ESP,-0.266,-0.266,1.0,0.0,0.0,0.0,2.237,0.83,0.436,-0.277,-0.353,0.787,0.0,0.0,0.0,1.696,0.976,0.377,-0.156,-0.29,0.536,0.0,0.0,0.0,1.979,0.872,0.418,-0.168,-0.415,0.405,0.0,0.0,0.0,1.64,1.072,0.342,-0.176,-0.435,0.405,0.0,0.0,0.0,1.504,1.103,0.332,-1.04
339,Ivor Pandur,GK,3.9,Croatia,CRO,-0.618,-0.689,0.897,0.0,0.0,0.0,1.057,1.456,0.233,-0.269,-0.785,0.342,0.0,0.0,0.0,1.039,1.579,0.206,-0.095,-0.775,0.123,0.0,0.0,0.0,1.088,1.566,0.209,-0.039,-0.828,0.047,0.0,0.0,0.0,1.028,1.632,0.196,-0.039,-0.833,0.047,0.0,0.0,0.0,1.012,1.639,0.194,-1.06
931,Rui Silva,GK,4.7,Portugal,POR,-0.292,-0.292,1.0,0.0,0.0,0.0,1.901,0.876,0.417,-0.375,-0.511,0.734,0.0,0.0,0.0,1.376,1.214,0.297,-0.2,-0.503,0.398,0.0,0.0,0.0,1.419,1.203,0.3,-0.115,-0.531,0.216,0.0,0.0,0.0,1.344,1.243,0.289,-0.119,-0.55,0.216,0.0,0.0,0.0,1.279,1.268,0.281,-1.1
2036,Robin Roefs,GK,4.6,Netherlands,NED,-0.378,-0.378,1.0,0.0,0.0,0.0,1.328,1.016,0.362,-0.164,-0.272,0.602,0.0,0.0,0.0,2.003,0.84,0.432,-0.313,-0.675,0.464,0.0,0.0,0.0,1.316,1.437,0.238,-0.135,-0.629,0.215,0.0,0.0,0.0,1.294,1.376,0.253,-0.14,-0.652,0.215,0.0,0.0,0.0,1.227,1.407,0.245,-1.13
237,Owen Goodman,GK,3.5,Canada,CAN,-0.32,-0.32,1.0,0.0,0.0,0.0,1.472,0.922,0.398,-0.559,-0.835,0.669,0.0,0.0,0.0,0.912,1.642,0.194,-0.23,-1.131,0.203,0.0,0.0,0.0,0.884,1.995,0.136,-0.053,-1.037,0.051,0.0,0.0,0.0,0.869,1.885,0.152,-0.053,-1.044,0.051,0.0,0.0,0.0,0.838,1.893,0.151,-1.21
1966,Alfie Jones,DEF,3.8,Canada,CAN,-0.32,-0.32,1.0,0.0,0.0,0.0,1.472,0.922,0.398,-0.559,-0.835,0.669,0.0,0.0,0.0,0.912,1.642,0.194,-0.23,-1.131,0.203,0.0,0.0,0.0,0.884,1.995,0.136,-0.053,-1.037,0.051,0.0,0.0,0.0,0.869,1.885,0.152,-0.053,-1.044,0.051,0.0,0.0,0.0,0.838,1.893,0.151,-1.21
854,Henrik Falchener,DEF,3.5,Norway,NOR,-0.323,-0.323,1.0,0.0,0.0,0.0,1.893,0.927,0.396,-0.446,-0.607,0.735,0.0,0.0,0.0,1.452,1.346,0.26,-0.18,-0.468,0.384,0.0,0.0,0.0,1.481,1.153,0.316,-0.149,-0.658,0.227,0.0,0.0,0.0,1.255,1.416,0.243,-0.141,-0.621,0.227,0.0,0.0,0.0,1.331,1.365,0.255,-1.24
1681,Sander Tangvik,GK,3.5,Norway,NOR,-0.323,-0.323,1.0,0.0,0.0,0.0,1.893,0.927,0.396,-0.446,-0.607,0.735,0.0,0.0,0.0,1.452,1.346,0.26,-0.18,-0.468,0.384,0.0,0.0,0.0,1.481,1.153,0.316,-0.149,-0.658,0.227,0.0,0.0,0.0,1.255,1.416,0.243,-0.141,-0.621,0.227,0.0,0.0,0.0,1.331,1.365,0.255,-1.24
1263,Auston Trusty,DEF,3.9,USA,USA,-0.285,-0.285,1.0,0.0,0.0,0.0,2.132,0.864,0.422,-0.303,-0.389,0.778,0.0,0.0,0.0,1.596,1.033,0.356,-0.385,-0.763,0.505,0.0,0.0,0.0,1.115,1.551,0.212,-0.135,-0.692,0.195,0.0,0.0,0.0,1.218,1.459,0.232,-0.142,-0.727,0.195,0.0,0.0,0.0,1.126,1.506,0.222,-1.25
1273,Chris Brady,GK,3.5,USA,USA,-0.285,-0.285,1.0,0.0,0.0,0.0,2.132,0.864,0.422,-0.303,-0.389,0.778,0.0,0.0,0.0,1.596,1.033,0.356,-0.385,-0.763,0.505,0.0,0.0,0.0,1.115,1.551,0.212,-0.135,-0.692,0.195,0.0,0.0,0.0,1.218,1.459,0.232,-0.142,-0.727,0.195,0.0,0.0,0.0,1.126,1.506,0.222,-1.25
1456,Yuto Nagatomo,DEF,3.7,Japan,JPN,-0.918,-0.918,1.0,0.0,0.0,0.0,1.051,1.743,0.175,-0.238,-0.754,0.316,0.0,0.0,0.0,1.154,1.54,0.214,-0.08,-0.621,0.129,0.0,0.0,0.0,1.145,1.365,0.255,-0.051,-0.894,0.057,0.0,0.0,0.0,0.97,1.714,0.18,-0.045,-0.785,0.057,0.0,0.0,0.0,1.109,1.578,0.206,-1.33
679,Tomoki Hayakawa,GK,3.8,Japan,JPN,-0.918,-0.918,1.0,0.0,0.0,0.0,1.051,1.743,0.175,-0.238,-0.754,0.316,0.0,0.0,0.0,1.154,1.54,0.214,-0.08,-0.621,0.129,0.0,0.0,0.0,1.145,1.365,0.255,-0.051,-0.894,0.057,0.0,0.0,0.0,0.97,1.714,0.18,-0.045,-0.785,0.057,0.0,0.0,0.0,1.109,1.578,0.206,-1.33
101,Florian Wiegele,GK,3.5,Austria,AUT,-1.036,-1.218,0.851,0.0,0.0,0.0,0.907,2.094,0.123,-0.193,-0.919,0.211,0.0,0.0,0.0,1.029,1.744,0.175,-0.06,-0.881,0.068,0.0,0.0,0.0,1.113,1.698,0.183,-0.025,-1.058,0.024,0.0,0.0,0.0,0.995,1.91,0.148,-0.026,-1.083,0.024,0.0,0.0,0.0,0.945,1.939,0.144,-1.34
93,David Affengruber,DEF,3.9,Austria,AUT,-1.036,-1.218,0.851,0.0,0.0,0.0,0.907,2.094,0.123,-0.193,-0.919,0.211,0.0,0.0,0.0,1.029,1.744,0.175,-0.06,-0.881,0.068,0.0,0.0,0.0,1.113,1.698,0.183,-0.025,-1.058,0.024,0.0,0.0,0.0,0.995,1.91,0.148,-0.026,-1.083,0.024,0.0,0.0,0.0,0.945,1.939,0.144,-1.34
318,Mohamed Koné,GK,3.7,Côte d'Ivoire,CIV,-1.094,-1.094,1.0,0.0,0.0,0.0,0.879,1.952,0.142,-0.245,-0.999,0.245,0.0,0.0,0.0,0.938,1.84,0.159,-0.052,-0.769,0.068,0.0,0.0,0.0,0.948,1.558,0.21,-0.025,-1.075,0.023,0.0,0.0,0.0,0.806,1.93,0.145,-0.022,-0.949,0.023,0.0,0.0,0.0,0.934,1.78,0.169,-1.44
145,Nidal Celik,DEF,3.5,Bosnia and Herzegovina,BIH,-1.389,-1.389,1.0,0.0,0.0,0.0,0.831,2.287,0.102,-0.178,-0.919,0.194,0.0,0.0,0.0,0.974,1.744,0.175,-0.1,-1.595,0.063,0.0,0.0,0.0,0.694,2.514,0.081,-0.013,-1.524,0.009,0.0,0.0,0.0,0.749,2.436,0.087,-0.014,-1.571,0.009,0.0,0.0,0.0,0.706,2.488,0.083,-1.69
2067,Mladen Jurkas,GK,3.5,Bosnia and Herzegovina,BIH,-1.389,-1.389,1.0,0.0,0.0,0.0,0.831,2.287,0.102,-0.178,-0.919,0.194,0.0,0.0,0.0,0.974,1.744,0.175,-0.1,-1.595,0.063,0.0,0.0,0.0,0.694,2.514,0.081,-0.013,-1.524,0.009,0.0,0.0,0.0,0.749,2.436,0.087,-0.014,-1.571,0.009,0.0,0.0,0.0,0.706,2.488,0.083,-1.69
141,Tarik Muharemovic,DEF,3.9,Bosnia and Herzegovina,BIH,-1.389,-1.389,1.0,0.0,0.0,0.0,0.831,2.287,0.102,-0.178,-0.919,0.194,0.0,0.0,0.0,0.974,1.744,0.175,-0.1,-1.595,0.063,0.0,0.0,0.0,0.694,2.514,0.081,-0.013,-1.524,0.009,0.0,0.0,0.0,0.749,2.436,0.087,-0.014,-1.571,0.009,0.0,0.0,0.0,0.706,2.488,0.083,-1.69
