id,player,position,price,team,abbr,1_Pts,1_xMins,1_xG,1_xA,1_GoalPts,1_AssistPts,1_CSPts,1_ConcededPts,1_AppPts,1_OppAbbr,1_TeamXG,1_GoalShare,1_AssistShare,1_ModelGoalShare,1_ModelAssistShare,2_Pts,2_xMins,2_xG,2_xA,2_GoalPts,2_AssistPts,2_CSPts,2_ConcededPts,2_AppPts,2_OppAbbr,2_TeamXG,2_GoalShare,2_AssistShare,2_ModelGoalShare,2_ModelAssistShare,3_Pts,3_xMins,3_xG,3_xA,3_GoalPts,3_AssistPts,3_CSPts,3_ConcededPts,3_AppPts,3_OppAbbr,3_TeamXG,3_GoalShare,3_AssistShare,3_ModelGoalShare,3_ModelAssistShare
1,Rayan Aït-Nouri,DEF,4.9,Algeria,ALG,1.26,80.0,0.01608418506709349,0.0476708600004463,0.11258929546965443,0.1430125800013389,0.46869376240053,-1.4609823473546604,2,ARG,0.7883651283960722,0.020401948903824227,0.08062399563077682,0.020401948903824227,0.08062399563077682,3.96,80.0,0.03607263788340723,0.1069133228207406,0.2525084651838506,0.3207399684622218,1.7791458556109339,-0.3891336908185709,2,JOR,1.7680976485852107,0.020401948903824223,0.08062399563077682,0.020401948903824223,0.08062399563077682,2.98,80.0,0.025459034153354775,0.07545635963578672,0.17821323907348344,0.22636907890736013,1.2246676634805775,-0.6517019330585991,2,AUT,1.2478726553708128,0.02040194890382422,0.08062399563077682,0.02040194890382422,0.08062399563077682
2,Ramy Bensebaini,DEF,4.4,Algeria,ALG,1.44,80.0,0.046613072308709494,0.03411352108002609,0.32629150616096647,0.10234056324007827,0.46869376240053,-1.4609823473546604,2,ARG,0.7883651283960722,0.05912624826968657,0.05769496028560608,0.05912624826968657,0.05769496028560608,4.35,80.0,0.1045409805352982,0.07650774271214791,0.7317868637470875,0.22952322813644374,1.7791458556109339,-0.3891336908185709,2,JOR,1.7680976485852107,0.059126248269686564,0.05769496028560608,0.059126248269686564,0.05769496028560608,3.25,80.0,0.07378202843040771,0.05399697246983463,0.516474199012854,0.1619909174095039,1.2246676634805775,-0.6517019330585991,2,AUT,1.2478726553708128,0.05912624826968657,0.05769496028560607,0.05912624826968657,0.05769496028560607
3,Aïssa Mandi,DEF,3.9,Algeria,ALG,1.18,80.0,0.019255119461284057,0.012455399867178018,0.1347858362289884,0.037366199601534054,0.46869376240053,-1.4609823473546604,2,ARG,0.7883651283960722,0.02442411360895499,0.021065365811767132,0.02442411360895499,0.021065365811767132,3.78,80.0,0.04318421784077136,0.027934217818779562,0.3022895248853995,0.0838026534563387,1.7791458556109339,-0.3891336908185709,2,JOR,1.7680976485852107,0.024424113608954988,0.02106536581176713,0.024424113608954988,0.02106536581176713,2.85,80.0,0.03047818350428507,0.01971517047891554,0.2133472845299955,0.05914551143674662,1.2246676634805775,-0.6517019330585991,2,AUT,1.2478726553708128,0.02442411360895499,0.02106536581176713,0.02442411360895499,0.02106536581176713
4,Mehdi Dorval,DEF,3.7,Algeria,ALG,1.25,80.0,0.022977407238704985,0.026775467784647015,0.1608418506709349,0.08032640335394105,0.46869376240053,-1.4609823473546604,2,ARG,0.7883651283960722,0.029145641291177464,0.04528437703161168,0.029145641291177464,0.04528437703161168,3.93,80.0,0.05153233983343889,0.060050400410429056,0.3607263788340722,0.18015120123128717,1.7791458556109339,-0.3891336908185709,2,JOR,1.7680976485852107,0.02914564129117746,0.04528437703161168,0.02914564129117746,0.04528437703161168,2.95,80.0,0.03637004879050683,0.04238185185993774,0.2545903415335478,0.12714555557981322,1.2246676634805775,-0.6517019330585991,2,AUT,1.2478726553708128,0.029145641291177464,0.04528437703161168,0.029145641291177464,0.04528437703161168
5,Zinéddine Belaïd,DEF,3.7,Algeria,ALG,-0.39,25.0,0.007180439762095308,0.008367333682702194,0.05026307833466716,0.025102001048106583,0.0,-1.4609823473546604,1,ARG,0.7883651283960722,0.009108012903492958,0.014151367822378655,0.009108012903492958,0.014151367822378655,0.78,25.0,0.016103856197949656,0.01876575012825908,0.1127269933856476,0.056297250384777245,0.0,-0.3891336908185709,1,JOR,1.7680976485852107,0.009108012903492958,0.014151367822378651,0.009108012903492958,0.014151367822378651,0.47,25.0,0.011365640247033385,0.013244328706230544,0.07955948172923369,0.03973298611869163,0.0,-0.6517019330585991,1,AUT,1.2478726553708128,0.009108012903492958,0.014151367822378653,0.009108012903492958,0.014151367822378653
6,Sohaib Nair,DEF,3.5,Algeria,ALG,-0.39,25.0,0.007180439762095308,0.008367333682702194,0.05026307833466716,0.025102001048106583,0.0,-1.4609823473546604,1,ARG,0.7883651283960722,0.009108012903492958,0.014151367822378655,0.009108012903492958,0.014151367822378655,0.78,25.0,0.016103856197949656,0.01876575012825908,0.1127269933856476,0.056297250384777245,0.0,-0.3891336908185709,1,JOR,1.7680976485852107,0.009108012903492958,0.014151367822378651,0.009108012903492958,0.014151367822378651,0.47,25.0,0.011365640247033385,0.013244328706230544,0.07955948172923369,0.03973298611869163,0.0,-0.6517019330585991,1,AUT,1.2478726553708128,0.009108012903492958,0.014151367822378653,0.009108012903492958,0.014151367822378653
7,Rafik Belghali,DEF,3.5,Algeria,ALG,-0.45,5.0,0.0015476815322582383,0.0007830149039307816,0.010833770725807669,0.002349044711792345,0.0,-1.4609823473546604,1,ARG,0.7883651283960722,0.0019631532097405097,0.0013242846928450095,0.0019631532097405097,0.0013242846928450095,0.64,5.0,0.0034710465739547043,0.0017560984886074867,0.02429732601768293,0.00526829546582246,0.0,-0.3891336908185709,1,JOR,1.7680976485852107,0.0019631532097405097,0.0013242846928450092,0.0019631532097405097,0.0013242846928450092,0.37,5.0,0.002449765208738624,0.0012394039920955672,0.01714835646117037,0.0037182119762867016,0.0,-0.6517019330585991,1,AUT,1.2478726553708128,0.0019631532097405097,0.0013242846928450092,0.0019631532097405097,0.0013242846928450092
8,Achref Abada,DEF,3.5,Algeria,ALG,-0.45,5.0,0.0014360879524190615,0.0016734667365404384,0.010052615666933431,0.0050204002096213155,0.0,-1.4609823473546604,1,ARG,0.7883651283960722,0.0018216025806985915,0.00283027356447573,0.0018216025806985915,0.00283027356447573,0.64,5.0,0.0032207712395899307,0.003753150025651816,0.022545398677129513,0.011259450076955448,0.0,-0.3891336908185709,1,JOR,1.7680976485852107,0.0018216025806985913,0.00283027356447573,0.0018216025806985913,0.00283027356447573,0.37,5.0,0.002273128049406677,0.0026488657412461086,0.01591189634584674,0.007946597223738326,0.0,-0.6517019330585991,1,AUT,1.2478726553708128,0.0018216025806985915,0.00283027356447573,0.0018216025806985915,0.00283027356447573
9,Mohammed Amoura,FWD,6.2,Algeria,ALG,2.75,70.0,0.12317129393048028,0.04535371158194936,0.6158564696524014,0.13606113474584808,0.0,0.0,2,ARG,0.7883651283960722,0.15623635482339523,0.0767050865956344,0.15623635482339523,0.0767050865956344,3.69,70.0,0.2762411315867698,0.1017165624331996,1.3812056579338488,0.3051496872995988,0.0,0.0,2,JOR,1.7680976485852107,0.15623635482339523,0.0767050865956344,0.15623635482339523,0.0767050865956344,3.19,70.0,0.19496307495892673,0.07178863506790682,0.9748153747946336,0.21536590520372045,0.0,0.0,2,AUT,1.2478726553708128,0.15623635482339526,0.0767050865956344,0.15623635482339526,0.0767050865956344
10,Amine Gouiri,FWD,6.2,Algeria,ALG,2.99,70.0,0.1617971646114045,0.05971401288946362,0.8089858230570225,0.17914203866839085,0.0,0.0,2,ARG,0.7883651283960722,0.20523125488893784,0.10099214308806664,0.20523125488893784,0.10099214308806664,4.22,70.0,0.36286889918532306,0.13392297803969383,1.8143444959266153,0.4017689341190815,0.0,0.0,2,JOR,1.7680976485852107,0.20523125488893787,0.10099214308806664,0.20523125488893787,0.10099214308806664,3.56,70.0,0.256102471003343,0.0945190003251711,1.280512355016715,0.2835570009755133,0.0,0.0,2,AUT,1.2478726553708128,0.20523125488893784,0.10099214308806664,0.20523125488893784,0.10099214308806664
11,Riyad Mahrez,MID,6.5,Algeria,ALG,2.62,75.0,0.04919873454098577,0.07635341355562172,0.2951924072459146,0.22906024066686517,0.093738752480106,0.0,2,ARG,0.7883651283960722,0.06240602579807218,0.1291337576214423,0.06240602579807218,0.1291337576214423,3.53,75.0,0.11033994747111942,0.17124081990258352,0.6620396848267165,0.5137224597077505,0.35582917112218676,0.0,2,JOR,1.7680976485852107,0.06240602579807218,0.12913375762144233,0.06240602579807218,0.12913375762144233,3.07,75.0,0.07787477312377977,0.12085686376581012,0.46724863874267863,0.36257059129743036,0.2449335326961155,0.0,2,AUT,1.2478726553708128,0.062406025798072175,0.1291337576214423,0.062406025798072175,0.1291337576214423
12,Ibrahim Maza,FWD,5.4,Algeria,ALG,1.25,35.0,0.0324631654301159,0.02895131863055525,0.16231582715057952,0.08685395589166575,0.0,0.0,1,ARG,0.7883651283960722,0.04117783024746689,0.0489643146096643,0.04117783024746689,0.0489643146096643,1.56,35.0,0.07280642483438718,0.06493026714445044,0.36403212417193587,0.1947908014333513,0.0,0.0,1,JOR,1.7680976485852107,0.04117783024746689,0.04896431460966429,0.04117783024746689,0.04896431460966429,1.39,35.0,0.05138468837331509,0.04582592196778026,0.25692344186657545,0.13747776590334077,0.0,0.0,1,AUT,1.2478726553708128,0.0411778302474669,0.0489643146096643,0.0411778302474669,0.0489643146096643
13,Anis Hadj Moussa,FWD,5.3,Algeria,ALG,1.11,10.0,0.016276083891871577,0.00814715288285641,0.08138041945935788,0.024441458648569232,0.0,0.0,1,ARG,0.7883651283960722,0.020645362542842615,0.01377898402555642,0.020645362542842615,0.01377898402555642,1.24,10.0,0.03650301696618921,0.018271941941609613,0.18251508483094606,0.05481582582482884,0.0,0.0,1,JOR,1.7680976485852107,0.020645362542842615,0.013778984025556417,0.020645362542842615,0.013778984025556417,1.17,10.0,0.02576278337743013,0.012895813038212323,0.12881391688715066,0.03868743911463697,0.0,0.0,1,AUT,1.2478726553708128,0.020645362542842615,0.013778984025556416,0.020645362542842615,0.013778984025556416
14,Farès Ghedjemis,FWD,4.4,Algeria,ALG,1.13,10.0,0.020444513677856792,0.00775323318430555,0.10222256838928397,0.02325969955291665,0.0,0.0,1,ARG,0.7883651283960722,0.025932798067122943,0.013112761934019909,0.025932798067122943,0.013112761934019909,1.28,10.0,0.04585171928371517,0.017388482656498696,0.22925859641857585,0.052165447969496084,0.0,0.0,1,JOR,1.7680976485852107,0.025932798067122943,0.013112761934019909,0.025932798067122943,0.013112761934019909,1.2,10.0,0.03236082958521579,0.012272292790388052,0.16180414792607897,0.03681687837116416,0.0,0.0,1,AUT,1.2478726553708128,0.025932798067122946,0.013112761934019907,0.025932798067122946,0.013112761934019907
15,Ahmed Benbouali,FWD,4.2,Algeria,ALG,1.06,5.0,0.010222256838928396,0.003876616592152775,0.05111128419464198,0.011629849776458326,0.0,0.0,1,ARG,0.7883651283960722,0.012966399033561471,0.006556380967009954,0.012966399033561471,0.006556380967009954,1.14,5.0,0.022925859641857584,0.008694241328249348,0.11462929820928792,0.026082723984748042,0.0,0.0,1,JOR,1.7680976485852107,0.012966399033561471,0.006556380967009954,0.012966399033561471,0.006556380967009954,1.1,5.0,0.016180414792607897,0.006136146395194026,0.08090207396303949,0.01840843918558208,0.0,0.0,1,AUT,1.2478726553708128,0.012966399033561473,0.0065563809670099536,0.012966399033561473,0.0065563809670099536
16,Amin Chiakha,FWD,4.0,Algeria,ALG,1.06,5.0,0.010222256838928396,0.003876616592152775,0.05111128419464198,0.011629849776458326,0.0,0.0,1,ARG,0.7883651283960722,0.012966399033561471,0.006556380967009954,0.012966399033561471,0.006556380967009954,1.14,5.0,0.022925859641857584,0.008694241328249348,0.11462929820928792,0.026082723984748042,0.0,0.0,1,JOR,1.7680976485852107,0.012966399033561471,0.006556380967009954,0.012966399033561471,0.006556380967009954,1.1,5.0,0.016180414792607897,0.006136146395194026,0.08090207396303949,0.01840843918558208,0.0,0.0,1,AUT,1.2478726553708128,0.012966399033561473,0.0065563809670099536,0.012966399033561473,0.0065563809670099536
17,Anthony Mandréa,GK,3.9,Algeria,ALG,1.01,90.0,0.0,0.0,0.0,0.0,0.46869376240053,-1.4609823473546604,2,ARG,0.7883651283960722,0.0,0.0,0.0,0.0,3.39,90.0,0.0,0.0,0.0,0.0,1.7791458556109339,-0.3891336908185709,2,JOR,1.7680976485852107,0.0,0.0,0.0,0.0,2.57,90.0,0.0,0.0,0.0,0.0,1.2246676634805775,-0.6517019330585991,2,AUT,1.2478726553708128,0.0,0.0,0.0,0.0
18,Luca Zidane,GK,3.8,Algeria,ALG,-0.46,5.0,0.0,0.0,0.0,0.0,0.0,-1.4609823473546604,1,ARG,0.7883651283960722,0.0,0.0,0.0,0.0,0.61,5.0,0.0,0.0,0.0,0.0,0.0,-0.3891336908185709,1,JOR,1.7680976485852107,0.0,0.0,0.0,0.0,0.35,5.0,0.0,0.0,0.0,0.0,0.0,-0.6517019330585991,1,AUT,1.2478726553708128,0.0,0.0,0.0,0.0
19,Melvin Mastil,GK,3.5,Algeria,ALG,-0.46,5.0,0.0,0.0,0.0,0.0,0.0,-1.4609823473546604,1,ARG,0.7883651283960722,0.0,0.0,0.0,0.0,0.61,5.0,0.0,0.0,0.0,0.0,0.0,-0.3891336908185709,1,JOR,1.7680976485852107,0.0,0.0,0.0,0.0,0.35,5.0,0.0,0.0,0.0,0.0,0.0,-0.6517019330585991,1,AUT,1.2478726553708128,0.0,0.0,0.0,0.0
20,Kilian Belazzoug,GK,3.5,Algeria,ALG,-0.46,5.0,0.0,0.0,0.0,0.0,0.0,-1.4609823473546604,1,ARG,0.7883651283960722,0.0,0.0,0.0,0.0,0.61,5.0,0.0,0.0,0.0,0.0,0.0,-0.3891336908185709,1,JOR,1.7680976485852107,0.0,0.0,0.0,0.0,0.35,5.0,0.0,0.0,0.0,0.0,0.0,-0.6517019330585991,1,AUT,1.2478726553708128,0.0,0.0,0.0,0.0
21,Adil Boulbina,MID,4.0,Algeria,ALG,1.07,10.0,0.00848425704141296,0.006973995796676254,0.050905542248477764,0.020921987390028762,0.0,0.0,1,ARG,0.7883651283960722,0.01076183704202413,0.01179486601741647,0.01076183704202413,0.01179486601741647,1.16,10.0,0.019027978768460085,0.015640856153078753,0.1141678726107605,0.04692256845923626,0.0,0.0,1,JOR,1.7680976485852107,0.01076183704202413,0.01179486601741647,0.01076183704202413,0.01179486601741647,1.11,10.0,0.013429402166298626,0.01103886808267234,0.08057641299779175,0.03311660424801702,0.0,0.0,1,AUT,1.2478726553708128,0.01076183704202413,0.011794866017416469,0.01076183704202413,0.011794866017416469
22,Yacine Titraoui,MID,4.7,Algeria,ALG,1.07,10.0,0.00848425704141296,0.006973995796676254,0.050905542248477764,0.020921987390028762,0.0,0.0,1,ARG,0.7883651283960722,0.01076183704202413,0.01179486601741647,0.01076183704202413,0.01179486601741647,1.16,10.0,0.019027978768460085,0.015640856153078753,0.1141678726107605,0.04692256845923626,0.0,0.0,1,JOR,1.7680976485852107,0.01076183704202413,0.01179486601741647,0.01076183704202413,0.01179486601741647,1.11,10.0,0.013429402166298626,0.01103886808267234,0.08057641299779175,0.03311660424801702,0.0,0.0,1,AUT,1.2478726553708128,0.01076183704202413,0.011794866017416469,0.01076183704202413,0.011794866017416469
23,Ramiz Zerrouki,MID,5.3,Algeria,ALG,1.14,35.0,0.018740299129656485,0.009232629161418917,0.11244179477793892,0.02769788748425675,0.0,0.0,1,ARG,0.7883651283960722,0.023771090900207115,0.015614810665548148,0.023771090900207115,0.015614810665548148,1.31,35.0,0.0420296099249615,0.020706382515644214,0.252177659549769,0.06211914754693264,0.0,0.0,1,JOR,1.7680976485852107,0.023771090900207115,0.01561481066554815,0.023771090900207115,0.01561481066554815,1.22,35.0,0.029663294322702413,0.014613971436247543,0.17797976593621448,0.04384191430874263,0.0,0.0,1,AUT,1.2478726553708128,0.023771090900207112,0.01561481066554815,0.023771090900207112,0.01561481066554815
24,Hicham Boudaoui,MID,5.5,Algeria,ALG,1.15,35.0,0.015744105721358505,0.01875144333923425,0.09446463432815103,0.056254330017702754,0.0,0.0,1,ARG,0.7883651283960722,0.019970576011384304,0.03171363566419879,0.019970576011384304,0.03171363566419879,1.34,35.0,0.03530992848662081,0.042054603484468475,0.21185957091972485,0.1261638104534054,0.0,0.0,1,JOR,1.7680976485852107,0.019970576011384307,0.0317136356641988,0.019970576011384307,0.0317136356641988,1.24,35.0,0.02492073571661079,0.029680934060809697,0.14952441429966473,0.08904280218242909,0.0,0.0,1,AUT,1.2478726553708128,0.019970576011384307,0.0317136356641988,0.019970576011384307,0.0317136356641988
25,Adil Aouchiche,MID,5.6,Algeria,ALG,2.48,75.0,0.05836448527888446,0.012925417128061837,0.35018691167330673,0.038776251384185514,0.093738752480106,0.0,2,ARG,0.7883651283960722,0.07403230200912986,0.021860288949036563,0.07403230200912986,0.021860288949036563,3.23,75.0,0.13089633910169268,0.028988344116138615,0.7853780346101561,0.08696503234841585,0.35582917112218676,0.0,2,JOR,1.7680976485852107,0.07403230200912987,0.021860288949036567,0.07403230200912987,0.021860288949036567,2.86,75.0,0.09238288529134685,0.02045914261350562,0.5542973117480811,0.06137742784051686,0.2449335326961155,0.0,2,AUT,1.2478726553708128,0.07403230200912987,0.021860288949036567,0.07403230200912987,0.021860288949036567
26,Houssem Aouar,MID,6.0,Algeria,ALG,2.75,75.0,0.088171082779935,0.04153286493879911,0.52902649667961,0.12459859481639733,0.093738752480106,0.0,2,ARG,0.7883651283960722,0.11184041455425477,0.07024302731958336,0.11184041455425477,0.07024302731958336,3.82,75.0,0.19774477399017304,0.09314739857494655,1.1864686439410383,0.27944219572483964,0.35582917112218676,0.0,2,JOR,1.7680976485852107,0.11184041455425478,0.07024302731958337,0.11184041455425478,0.07024302731958337,3.28,75.0,0.1395625950875904,0.06574076476692978,0.8373755705255423,0.19722229430078933,0.2449335326961155,0.0,2,AUT,1.2478726553708128,0.11184041455425477,0.07024302731958336,0.11184041455425477,0.07024302731958336
27,Farès Chaïbi,MID,6.2,Algeria,ALG,2.72,75.0,0.044306738558180195,0.12065102648895708,0.2658404313490812,0.3619530794668712,0.093738752480106,0.0,2,ARG,0.7883651283960722,0.05620078433494667,0.20405270289655664,0.05620078433494667,0.20405270289655664,3.76,75.0,0.09936847463126375,0.2705888281341438,0.5962108477875825,0.8117664844024315,0.35582917112218676,0.0,2,JOR,1.7680976485852107,0.05620078433494667,0.20405270289655664,0.05620078433494667,0.20405270289655664,3.24,75.0,0.07013142198197228,0.19097384114933824,0.4207885318918337,0.5729215234480147,0.2449335326961155,0.0,2,AUT,1.2478726553708128,0.05620078433494667,0.2040527028965566,0.05620078433494667,0.2040527028965566
28,Cristian Romero,DEF,4.9,Argentina,ARG,4.75,85.0,0.081339511590735,0.04992414832673894,0.569376581135145,0.14977244498021683,2.2729369005038564,-0.2429525084968433,2,ALG,2.367243594874555,0.0343604315866975,0.02811942600518306,0.036888970762779395,0.031200692187333706,4.54,85.0,0.07587472982826912,0.046570002599194645,0.5311231087978838,0.13971000779758394,2.1415752362010347,-0.27621130974043095,2,AUT,2.2082007217174686,0.0343604315866975,0.028119426005183062,0.036888970762779395,0.031200692187333706,5.58,85.0,0.10411380371382788,0.06390243656272683,0.7287966259967952,0.1917073096881805,2.7986370147777317,-0.14003279716107198,2,JOR,3.0300493592791513,0.0343604315866975,0.02811942600518306,0.0368889707627794,0.031200692187333703
29,Marcos Senesi,DEF,4.7,Argentina,ARG,4.5,80.0,0.03240970587192007,0.08214278391735723,0.22686794110344047,0.24642835175207167,2.2729369005038564,-0.2429525084968433,2,ALG,2.367243594874555,0.013690904451950802,0.046266346280097764,0.014698400186554841,0.05133611292961116,4.31,80.0,0.030232265091762668,0.07662403443520667,0.21162585564233868,0.22987210330562002,2.1415752362010347,-0.27621130974043095,2,AUT,2.2082007217174686,0.013690904451950803,0.04626634628009778,0.014698400186554843,0.05133611292961117,5.26,80.0,0.041484116262585614,0.1051419846766482,0.2903888138380993,0.3154259540299446,2.7986370147777317,-0.14003279716107198,2,JOR,3.0300493592791513,0.013690904451950803,0.04626634628009777,0.014698400186554841,0.05133611292961117
30,Nahuel Molina,DEF,4.4,Argentina,ARG,4.69,80.0,0.06119264871174812,0.07740549605270007,0.42834854098223685,0.2322164881581002,2.2729369005038564,-0.2429525084968433,2,ALG,2.367243594874555,0.02584974729438051,0.043598102152953934,0.027751996355505886,0.04837548835369235,4.48,80.0,0.05708143063166522,0.07220502047974861,0.39957001442165657,0.21661506143924583,2.1415752362010347,-0.27621130974043095,2,AUT,2.2082007217174686,0.02584974729438051,0.04359810215295394,0.02775199635550589,0.04837548835369235,5.5,80.0,0.07832601022686564,0.0990783011207588,0.5482820715880594,0.2972349033622764,2.7986370147777317,-0.14003279716107198,2,JOR,3.0300493592791513,0.02584974729438051,0.043598102152953934,0.02775199635550589,0.048375488353692354
31,Nicolás Otamendi,DEF,4.4,Argentina,ARG,0.8,10.0,0.005389063152071544,0.0030399538163661173,0.03772344206450081,0.009119861449098352,0.0,-0.2429525084968433,1,ALG,2.367243594874555,0.0022765139860298667,0.001712232642188061,0.0024440396698691635,0.0018998554099990419,0.77,10.0,0.005026999826951063,0.0028357150171709135,0.035188998788657444,0.008507145051512741,0.0,-0.27621130974043095,1,AUT,2.2082007217174686,0.0022765139860298667,0.0017122326421880611,0.002444039669869163,0.001899855409999042,0.92,10.0,0.006897949744759824,0.003891112065299087,0.048285648213318766,0.01167333619589726,0.0,-0.14003279716107198,1,JOR,3.0300493592791513,0.0022765139860298667,0.0017122326421880607,0.002444039669869163,0.0018998554099990423
32,Marcos Acuña,DEF,4.3,Argentina,ARG,0.84,20.0,0.007114970793971571,0.01031525000311805,0.049804795557801,0.03094575000935415,0.0,-0.2429525084968433,1,ALG,2.367243594874555,0.00300559300672587,0.005809992136256219,0.003226770661194167,0.006446638570102618,0.8,20.0,0.006636952646641042,0.009622221621340351,0.04645866852648729,0.028866664864021053,0.0,-0.27621130974043095,1,AUT,2.2082007217174686,0.0030055930067258694,0.00580999213625622,0.0032267706611941666,0.006446638570102618,0.96,20.0,0.00910709516428362,0.013203422212410049,0.06374966614998534,0.03961026663723015,0.0,-0.14003279716107198,1,JOR,3.0300493592791513,0.0030055930067258703,0.005809992136256219,0.003226770661194167,0.006446638570102619
33,Lucas Martínez Quarta,DEF,4.3,Argentina,ARG,0.78,5.0,0.0024163264342665445,0.001506905853690084,0.016914285039865813,0.0045207175610702515,0.0,-0.2429525084968433,1,ALG,2.367243594874555,0.0010207341734911697,0.0008487541414286026,0.0010958486649819345,0.0009417587935314662,0.74,5.0,0.0022539859385848847,0.0014056646307474983,0.015777901570094194,0.004216993892242495,0.0,-0.27621130974043095,1,AUT,2.2082007217174686,0.0010207341734911697,0.0008487541414286028,0.0010958486649819347,0.0009417587935314661,0.89,5.0,0.003092874928381253,0.001928825206815948,0.021650124498668773,0.005786475620447843,0.0,-0.14003279716107198,1,JOR,3.0300493592791513,0.00102073417349117,0.0008487541414286026,0.0010958486649819345,0.0009417587935314663
34,Nicolás Tagliafico,DEF,4.3,Argentina,ARG,4.55,80.0,0.03015266433132933,0.10186114051257816,0.21106865031930533,0.3055834215377345,2.2729369005038564,-0.2429525084968433,2,ALG,2.367243594874555,0.01273745735192376,0.057372572180924196,0.0136747901626816,0.06365933516148767,4.35,80.0,0.028126862517363523,0.09501761647252828,0.19688803762154466,0.28505284941758485,2.1415752362010347,-0.27621130974043095,2,AUT,2.2082007217174686,0.01273745735192376,0.057372572180924196,0.013674790162681598,0.06365933516148767,5.32,80.0,0.03859512448804211,0.13038129418275468,0.2701658714162948,0.39114388254826404,2.7986370147777317,-0.14003279716107198,2,JOR,3.0300493592791513,0.012737457351923762,0.057372572180924196,0.0136747901626816,0.06365933516148768
35,Gabriel Rojas,DEF,4.0,Argentina,ARG,0.78,5.0,0.0017787426984928927,0.004937007124376256,0.01245119888945025,0.014811021373128768,0.0,-0.2429525084968433,1,ALG,2.367243594874555,0.0007513982516814675,0.0027807345978620493,0.0008066926652985418,0.003085441510312869,0.75,5.0,0.0016592381616602604,0.004605315109427785,0.011614667131621823,0.013815945328283355,0.0,-0.27621130974043095,1,AUT,2.2082007217174686,0.0007513982516814674,0.0027807345978620498,0.0008066926652985416,0.003085441510312869,0.89,5.0,0.002276773791070905,0.006319322314932954,0.015937416537496335,0.018957966944798864,0.0,-0.14003279716107198,1,JOR,3.0300493592791513,0.0007513982516814676,0.0027807345978620493,0.0008066926652985418,0.0030854415103128696
36,Agustín Giay,DEF,3.7,Argentina,ARG,0.77,5.0,0.0018316421096004878,0.0015517208976659972,0.012821494767203415,0.0046551626929979915,0.0,-0.2429525084968433,1,ALG,2.367243594874555,0.0007737446680883512,0.0008739959002814979,0.0008306835252330708,0.0009697664899933684,0.74,5.0,0.0017085835344977404,0.0014474687833347843,0.011960084741484182,0.004342406350004353,0.0,-0.27621130974043095,1,AUT,2.2082007217174686,0.0007737446680883513,0.0008739959002814979,0.0008306835252330707,0.0009697664899933684,0.88,5.0,0.0023444845357867682,0.0019861880382454184,0.016411391750507376,0.005958564114736255,0.0,-0.14003279716107198,1,JOR,3.0300493592791513,0.0007737446680883513,0.0008739959002814978,0.0008306835252330707,0.0009697664899933684
38,Lionel Messi,FWD,10.0,Argentina,ARG,7.74,85.0,0.8285352582060943,0.5326298088467749,4.1426762910304715,1.5978894265403247,0.0,0.0,2,ALG,2.367243594874555,0.35,0.3,0.302167350974441,0.2232955065616244,7.35,85.0,0.772870252601114,0.4968451623864304,3.86435126300557,1.490535487159291,0.0,0.0,2,AUT,2.2082007217174686,0.35,0.3,0.3021673509744409,0.22329550656162436,9.35,85.0,1.0605172757477028,0.6817611058378091,5.302586378738514,2.0452833175134275,0.0,0.0,2,JOR,3.0300493592791513,0.35,0.3,0.3021673509744409,0.22329550656162442
39,Julián Alvarez,FWD,8.6,Argentina,ARG,3.6,70.0,0.2484776416877334,0.11888885303018613,1.242388208438667,0.3566665590905584,0.0,0.0,2,ALG,2.367243594874555,0.10496496525567776,0.06696331169725482,0.11268919962960826,0.07430100727253194,3.49,70.0,0.23178371203263667,0.11090132491385245,1.1589185601631833,0.33270397474155733,0.0,0.0,2,AUT,2.2082007217174686,0.10496496525567778,0.06696331169725483,0.11268919962960827,0.07430100727253194,4.05,70.0,0.3180490257197248,0.1521766047776078,1.590245128598624,0.4565298143328234,0.0,0.0,2,JOR,3.0300493592791513,0.10496496525567778,0.06696331169725482,0.11268919962960829,0.07430100727253194
40,Gianluca Prestianni,MID,5.6,Argentina,ARG,1.08,5.0,0.007658930321026146,0.010679683277698342,0.04595358192615688,0.032039049833095024,0.0,0.0,1,ALG,2.367243594874555,0.003235379044898,0.00601525661931398,0.0034734663530814683,0.006674395493437288,1.07,5.0,0.007144366341973338,0.009962170506063685,0.042866198051840027,0.029886511518191057,0.0,0.0,1,AUT,2.2082007217174686,0.003235379044898,0.006015256619313981,0.003473466353081468,0.006674395493437287,1.1,5.0,0.009803358202018378,0.013669893348939002,0.05882014921211026,0.041009680046817,0.0,0.0,1,JOR,3.0300493592791513,0.003235379044898,0.00601525661931398,0.0034734663530814683,0.006674395493437288
41,Giuliano Simeone,MID,5.6,Argentina,ARG,3.63,75.0,0.11811779296946492,0.15593539930703418,0.7087067578167896,0.46780619792110256,0.4545873801007713,0.0,2,ALG,2.367243594874555,0.04989676314900927,0.08782951876726063,0.05356860062472928,0.09745368840437355,3.53,75.0,0.11018206839700787,0.14545890504747214,0.6610924103820472,0.4363767151424164,0.42831504724020697,0.0,2,AUT,2.2082007217174686,0.049896763149009274,0.08782951876726061,0.053568600624729276,0.09745368840437353,4.07,75.0,0.1511896552097591,0.1995958327999007,0.9071379312585546,0.5987874983997021,0.5597274029555463,0.0,2,JOR,3.0300493592791513,0.04989676314900927,0.08782951876726063,0.05356860062472928,0.09745368840437353
42,Nico González,MID,5.6,Argentina,ARG,1.08,5.0,0.01170602645200138,0.0020216982209121156,0.07023615871200828,0.006065094662736347,0.0,0.0,1,ALG,2.367243594874555,0.004945002904368068,0.0011387073276781495,0.005308899194145003,0.001263484425884034,1.07,5.0,0.010919558982320545,0.0018858707571028953,0.06551735389392327,0.005657612271308686,0.0,0.0,1,AUT,2.2082007217174686,0.004945002904368068,0.00113870732767815,0.005308899194145004,0.0012634844258840338,1.1,5.0,0.014983602882014007,0.002587754556478239,0.08990161729208404,0.007763263669434717,0.0,0.0,1,JOR,3.0300493592791513,0.004945002904368068,0.0011387073276781497,0.005308899194145004,0.0012634844258840338
43,José Manuel López,FWD,5.3,Argentina,ARG,1.25,10.0,0.04526721790378455,0.009233473178216921,0.22633608951892276,0.027700419534650765,0.0,0.0,1,ALG,2.367243594874555,0.019122331982139484,0.005200688935271275,0.020529519357911637,0.005770569235714915,1.24,10.0,0.042225947283881446,0.008613123795220562,0.21112973641940724,0.025839371385661683,0.0,0.0,1,AUT,2.2082007217174686,0.019122331982139487,0.005200688935271275,0.020529519357911637,0.005770569235714915,1.33,10.0,0.057941609770404974,0.011818758132096673,0.2897080488520249,0.03545627439629002,0.0,0.0,1,JOR,3.0300493592791513,0.019122331982139487,0.005200688935271274,0.02052951935791164,0.005770569235714914
44,Franco Mastantuono,MID,5.8,Argentina,ARG,1.04,5.0,0.005685087005181253,0.0020216982209121156,0.03411052203108752,0.006065094662736347,0.0,0.0,1,ALG,2.367243594874555,0.0024015640035906474,0.0011387073276781495,0.0025782919545078286,0.001263484425884034,1.04,5.0,0.0053031353659795605,0.0018858707571028953,0.031818812195877365,0.005657612271308686,0.0,0.0,1,AUT,2.2082007217174686,0.002401564003590647,0.00113870732767815,0.0025782919545078286,0.0012634844258840338,1.05,5.0,0.007276857470347714,0.002587754556478239,0.04366114482208629,0.007763263669434717,0.0,0.0,1,JOR,3.0300493592791513,0.0024015640035906474,0.0011387073276781497,0.0025782919545078286,0.0012634844258840338
45,Emiliano Martínez,GK,5.0,Argentina,ARG,4.03,90.0,0.0,0.0,0.0,0.0,2.2729369005038564,-0.2429525084968433,2,ALG,2.367243594874555,0.0,0.0,0.0,0.0,3.87,90.0,0.0,0.0,0.0,0.0,2.1415752362010347,-0.27621130974043095,2,AUT,2.2082007217174686,0.0,0.0,0.0,0.0,4.66,90.0,0.0,0.0,0.0,0.0,2.7986370147777317,-0.14003279716107198,2,JOR,3.0300493592791513,0.0,0.0,0.0,0.0
46,Gerónimo Rulli,GK,4.5,Argentina,ARG,0.76,5.0,0.0,0.0,0.0,0.0,0.0,-0.2429525084968433,1,ALG,2.367243594874555,0.0,0.0,0.0,0.0,0.72,5.0,0.0,0.0,0.0,0.0,0.0,-0.27621130974043095,1,AUT,2.2082007217174686,0.0,0.0,0.0,0.0,0.86,5.0,0.0,0.0,0.0,0.0,0.0,-0.14003279716107198,1,JOR,3.0300493592791513,0.0,0.0,0.0,0.0
47,Juan Musso,GK,4.3,Argentina,ARG,0.76,5.0,0.0,0.0,0.0,0.0,0.0,-0.2429525084968433,1,ALG,2.367243594874555,0.0,0.0,0.0,0.0,0.72,5.0,0.0,0.0,0.0,0.0,0.0,-0.27621130974043095,1,AUT,2.2082007217174686,0.0,0.0,0.0,0.0,0.86,5.0,0.0,0.0,0.0,0.0,0.0,-0.14003279716107198,1,JOR,3.0300493592791513,0.0,0.0,0.0,0.0
48,Leandro Paredes,MID,5.6,Argentina,ARG,1.06,5.0,0.005042732340772838,0.010887977110696785,0.03025639404463703,0.032663931332090355,0.0,0.0,1,ALG,2.367243594874555,0.002130212687739921,0.006132576658225864,0.0022869722505744687,0.0068045712097133245,1.06,5.0,0.0047039371944790015,0.010156470152011543,0.02822362316687401,0.03046941045603463,0.0,0.0,1,AUT,2.2082007217174686,0.002130212687739921,0.006132576658225865,0.0022869722505744687,0.006804571209713325,1.08,5.0,0.006454649589614665,0.01393650748049067,0.03872789753768799,0.04180952244147201,0.0,0.0,1,JOR,3.0300493592791513,0.0021302126877399204,0.006132576658225864,0.0022869722505744687,0.0068045712097133245
49,Máximo Perrone,MID,5.6,Argentina,ARG,1.05,5.0,0.005917481317567426,0.006165679386213074,0.035504887905404556,0.01849703815863922,0.0,0.0,1,ALG,2.367243594874555,0.0024997348521207025,0.0034727756222822266,0.002683687067256775,0.003853314900756938,1.05,5.0,0.005519916304555245,0.005751439226614833,0.03311949782733147,0.0172543176798445,0.0,0.0,1,AUT,2.2082007217174686,0.0024997348521207025,0.003472775622282227,0.0026836870672567754,0.0038533149007569383,1.07,5.0,0.007574319987036098,0.007892011161912389,0.04544591992221659,0.023676033485737165,0.0,0.0,1,JOR,3.0300493592791513,0.0024997348521207025,0.003472775622282227,0.0026836870672567754,0.0038533149007569387
50,Rodrigo De Paul,MID,5.9,Argentina,ARG,3.62,80.0,0.13676653140059894,0.11442282771474885,0.8205991884035937,0.3432684831442465,0.4545873801007713,0.0,2,ALG,2.367243594874555,0.05777459138413952,0.06444785429630298,0.06202614792609742,0.07150991146342892,3.51,80.0,0.12757789439138875,0.10673534877767887,0.7654673663483325,0.3202060463330366,0.42831504724020697,0.0,2,AUT,2.2082007217174686,0.057774591384139526,0.06444785429630298,0.06202614792609742,0.07150991146342892,4.05,80.0,0.17505986360612677,0.1464601347130717,1.0503591816367606,0.4393804041392151,0.5597274029555463,0.0,2,JOR,3.0300493592791513,0.05777459138413953,0.06444785429630297,0.06202614792609742,0.07150991146342892
51,Nico Paz,MID,5.9,Argentina,ARG,1.11,5.0,0.01352740268432308,0.008084750914979873,0.08116441610593848,0.02425425274493962,0.0,0.0,1,ALG,2.367243594874555,0.005714410934984459,0.0045536791861975935,0.00613492695443204,0.00505266155085211,1.1,5.0,0.012618566350822877,0.007541578249073507,0.07571139810493727,0.022624734747220522,0.0,0.0,1,AUT,2.2082007217174686,0.005714410934984459,0.004553679186197594,0.006134926954432041,0.0050526615508521095,1.13,5.0,0.017314947192207438,0.010348404525375622,0.10388968315324462,0.031045213576126864,0.0,0.0,1,JOR,3.0300493592791513,0.00571441093498446,0.004553679186197594,0.006134926954432041,0.00505266155085211
52,Alejandro Garnacho,MID,5.5,Argentina,ARG,1.07,5.0,0.005452162626889522,0.011715495573571552,0.03271297576133713,0.03514648672071466,0.0,0.0,1,ALG,2.367243594874555,0.002303169238135986,0.006598670622061537,0.002472656447080944,0.007321738746964283,1.06,5.0,0.005085859973889356,0.01092839192250911,0.030515159843336137,0.03278517576752733,0.0,0.0,1,AUT,2.2082007217174686,0.0023031692381359856,0.006598670622061539,0.002472656447080944,0.007321738746964284,1.09,5.0,0.006978716474325395,0.014995723267853794,0.04187229884595237,0.04498716980356138,0.0,0.0,1,JOR,3.0300493592791513,0.002303169238135986,0.006598670622061539,0.002472656447080944,0.007321738746964284
53,Valentín Barco,MID,6.2,Argentina,ARG,1.05,5.0,0.005342671810855981,0.007401775170475876,0.032056030865135886,0.022205325511427627,0.0,0.0,1,ALG,2.367243594874555,0.002256916788125938,0.004168997893584957,0.002423000339827969,0.004625827710117943,1.05,5.0,0.004983725280395968,0.0069044881180896816,0.02990235168237581,0.020713464354269046,0.0,0.0,1,AUT,2.2082007217174686,0.0022569167881259385,0.004168997893584957,0.002423000339827969,0.004625827710117942,1.07,5.0,0.00683856926780736,0.009474202047219923,0.04103141560684416,0.02842260614165977,0.0,0.0,1,JOR,3.0300493592791513,0.0022569167881259385,0.004168997893584957,0.002423000339827969,0.004625827710117942
54,Exequiel Palacios,MID,6.0,Argentina,ARG,1.07,10.0,0.006436509774837763,0.009186004516484284,0.03861905864902658,0.02755801354945285,0.0,0.0,1,ALG,2.367243594874555,0.0027189892027900267,0.005173952544849146,0.002919076058545934,0.005740903129173216,1.06,10.0,0.0060040739199429425,0.008568844307750866,0.03602444351965765,0.025706532923252597,0.0,0.0,1,AUT,2.2082007217174686,0.002718989202790027,0.0051739525448491475,0.002919076058545934,0.005740903129173217,1.08,10.0,0.008238671491800851,0.011757998695095669,0.049432028950805104,0.03527399608528701,0.0,0.0,1,JOR,3.0300493592791513,0.0027189892027900267,0.005173952544849147,0.0029190760585459346,0.005740903129173217
55,Thiago Almada,MID,6.5,Argentina,ARG,1.13,10.0,0.017938471588711733,0.008552470708252267,0.1076308295322704,0.0256574121247568,0.0,0.0,1,ALG,2.367243594874555,0.007577788626211206,0.0048171190756876765,0.008135428170438028,0.0053449686164490475,1.12,10.0,0.016733278313422015,0.007977874364649385,0.10039966988053209,0.023933623093948156,0.0,0.0,1,AUT,2.2082007217174686,0.007577788626211208,0.0048171190756876765,0.00813542817043803,0.0053449686164490475,1.17,10.0,0.02296107357160411,0.010947081426644118,0.13776644142962466,0.032841244279932354,0.0,0.0,1,JOR,3.0300493592791513,0.007577788626211207,0.004817119075687677,0.008135428170438028,0.0053449686164490475
56,Alexis Mac Allister,MID,6.6,Argentina,ARG,3.31,80.0,0.08723460203023235,0.11088738874578476,0.5234076121813941,0.3326621662373543,0.4545873801007713,0.0,2,ALG,2.367243594874555,0.03685070781017578,0.06245654312093775,0.039562503153295105,0.0693003966952286,3.23,80.0,0.0813737595822297,0.10343743769672471,0.4882425574933782,0.31031231309017415,0.42831504724020697,0.0,2,AUT,2.2082007217174686,0.03685070781017577,0.062456543120937756,0.039562503153295105,0.06930039669522861,3.66,80.0,0.11165946358920632,0.1419348063497911,0.669956781535238,0.42580441904937333,0.5597274029555463,0.0,2,JOR,3.0300493592791513,0.03685070781017578,0.062456543120937756,0.039562503153295105,0.06930039669522861
57,Enzo Fernández,MID,7.5,Argentina,ARG,3.89,80.0,0.18946542607878103,0.09995016868416187,1.1367925564726862,0.29985050605248564,0.4545873801007713,0.0,2,ALG,2.367243594874555,0.08003630318780994,0.05629623071635962,0.08592606995655724,0.06246505051577146,3.77,80.0,0.17673622246292006,0.09323503297337883,1.0604173347775203,0.2797050989201365,0.42831504724020697,0.0,2,AUT,2.2082007217174686,0.08003630318780995,0.05629623071635962,0.08592606995655726,0.06246505051577147,4.4,80.0,0.24251394919329544,0.12793526835895258,1.4550836951597725,0.38380580507685774,0.5597274029555463,0.0,2,JOR,3.0300493592791513,0.08003630318780995,0.05629623071635963,0.08592606995655726,0.062465050515771475
58,Jordan Bos,DEF,4.0,Australia,AUS,2.67,80.0,0.050590398308948056,0.10048141310761059,0.3541327881626364,0.30144423932283176,0.9059169265670824,-0.8894289674215058,2,TUR,1.0625034877986228,0.047614336225629876,0.12609390841096849,0.047614336225629876,0.12609390841096849,3.3,80.0,0.05880185660143561,0.11679081094758409,0.41161299621004926,0.35037243284275227,1.2046650528867873,-0.6641693591174116,2,USA,1.234961174777098,0.047614336225629876,0.12609390841096849,0.047614336225629876,0.12609390841096849,2.98,80.0,0.05441161747119833,0.10807102524847557,0.38088132229838834,0.32421307574542674,1.0502336869472166,-0.7704719514193422,2,PAR,1.1427570304321415,0.04761433622562987,0.12609390841096849,0.04761433622562987,0.12609390841096849
59,Kye Rowles,DEF,3.9,Australia,AUS,2.23,80.0,0.022087954463137344,0.01857243942790316,0.1546156812419614,0.05571731828370948,0.9059169265670824,-0.8894289674215058,2,TUR,1.0625034877986228,0.02078859478278126,0.023306514147867857,0.02078859478278126,0.023306514147867857,2.78,80.0,0.025673107434908603,0.021586980069007465,0.1797117520443602,0.06476094020702239,1.2046650528867873,-0.6641693591174116,2,USA,1.234961174777098,0.020788594782781264,0.02330651414786786,0.020788594782781264,0.02330651414786786,2.51,80.0,0.023756312840828228,0.019975262173006627,0.16629418988579758,0.05992578651901988,1.0502336869472166,-0.7704719514193422,2,PAR,1.1427570304321415,0.020788594782781264,0.02330651414786786,0.020788594782781264,0.02330651414786786
60,Alessandro Circati,DEF,3.9,Australia,AUS,2.28,80.0,0.029440039697531013,0.020372828964281525,0.2060802778827171,0.061118486892844576,0.9059169265670824,-0.8894289674215058,2,TUR,1.0625034877986228,0.027708181700680505,0.025565819090773413,0.027708181700680505,0.025565819090773413,2.85,80.0,0.03421852862400969,0.023679595483860224,0.2395297003680678,0.07103878645158067,1.2046650528867873,-0.6641693591174116,2,USA,1.234961174777098,0.027708181700680505,0.025565819090773413,0.027708181700680505,0.025565819090773413,2.57,80.0,0.03166371943894386,0.021911639628553182,0.22164603607260702,0.06573491888565955,1.0502336869472166,-0.7704719514193422,2,PAR,1.1427570304321415,0.02770818170068051,0.025565819090773413,0.02770818170068051,0.025565819090773413
61,Cameron Burgess,DEF,3.8,Australia,AUS,0.18,25.0,0.007157807309682182,0.006018571928764854,0.05010465116777527,0.018055715786294564,0.0,-0.8894289674215058,1,TUR,1.0625034877986228,0.006736737706633117,0.007552692921801884,0.006736737706633117,0.007552692921801884,0.42,25.0,0.008319609512348808,0.006995461892579346,0.058237266586441655,0.02098638567773804,0.0,-0.6641693591174116,1,USA,1.234961174777098,0.006736737706633117,0.007552692921801884,0.006736737706633117,0.007552692921801884,0.3,25.0,0.0076984543764322955,0.006473169701313131,0.05388918063502607,0.019419509103939393,0.0,-0.7704719514193422,1,PAR,1.1427570304321415,0.006736737706633116,0.007552692921801884,0.006736737706633116,0.007552692921801884
62,Milos Degenek,DEF,3.8,Australia,AUS,0.23,25.0,0.011558645084515774,0.01360656236785954,0.08091051559161042,0.040819687103578625,0.0,-0.8894289674215058,1,TUR,1.0625034877986228,0.010878689074672002,0.01707484574449184,0.010878689074672002,0.01707484574449184,0.48,25.0,0.013434758639691718,0.015815078669816535,0.09404331047784202,0.04744523600944961,0.0,-0.6641693591174116,1,USA,1.234961174777098,0.010878689074672002,0.01707484574449184,0.010878689074672002,0.01707484574449184,0.36,25.0,0.012431698421966758,0.014634300013546788,0.0870218889537673,0.04390290004064036,0.0,-0.7704719514193422,1,PAR,1.1427570304321415,0.010878689074672002,0.01707484574449184,0.010878689074672002,0.01707484574449184
63,Aziz Behich,DEF,3.8,Australia,AUS,0.13,5.0,0.002311729016903155,0.002721312473571908,0.016182103118322085,0.008163937420715724,0.0,-0.8894289674215058,1,TUR,1.0625034877986228,0.0021757378149344004,0.003414969148898368,0.0021757378149344004,0.003414969148898368,0.36,5.0,0.002686951727938343,0.003163015733963307,0.018808662095568404,0.009489047201889922,0.0,-0.6641693591174116,1,USA,1.234961174777098,0.0021757378149344,0.0034149691488983684,0.0021757378149344,0.0034149691488983684,0.26,5.0,0.002486339684393351,0.002926860002709357,0.017404377790753458,0.00878058000812807,0.0,-0.7704719514193422,1,PAR,1.1427570304321415,0.0021757378149344,0.0034149691488983675,0.0021757378149344,0.0034149691488983675
64,Jason Geria,DEF,3.7,Australia,AUS,0.12,5.0,0.0013734538011198284,0.0011548551302427027,0.009614176607838799,0.003464565390728108,0.0,-0.8894289674215058,1,TUR,1.0625034877986228,0.00129265815773034,0.0014492252100874463,0.00129265815773034,0.0014492252100874463,0.35,5.0,0.0015963826370558598,0.0013423026509746347,0.011174678459391019,0.004026907952923904,0.0,-0.6641693591174116,1,USA,1.234961174777098,0.0012926581577303398,0.0014492252100874463,0.0012926581577303398,0.0014492252100874463,0.24,5.0,0.001477194197691806,0.0012420842231301947,0.010340359383842642,0.003726252669390584,0.0,-0.7704719514193422,1,PAR,1.1427570304321415,0.00129265815773034,0.0014492252100874463,0.00129265815773034,0.0014492252100874463
65,Fran Karacic,DEF,3.6,Australia,AUS,0.13,5.0,0.002311729016903155,0.002721312473571908,0.016182103118322085,0.008163937420715724,0.0,-0.8894289674215058,1,TUR,1.0625034877986228,0.0021757378149344004,0.003414969148898368,0.0021757378149344004,0.003414969148898368,0.36,5.0,0.002686951727938343,0.003163015733963307,0.018808662095568404,0.009489047201889922,0.0,-0.6641693591174116,1,USA,1.234961174777098,0.0021757378149344,0.0034149691488983684,0.0021757378149344,0.0034149691488983684,0.26,5.0,0.002486339684393351,0.002926860002709357,0.017404377790753458,0.00878058000812807,0.0,-0.7704719514193422,1,PAR,1.1427570304321415,0.0021757378149344,0.0034149691488983675,0.0021757378149344,0.0034149691488983675
66,Kai Trewin,DEF,3.5,Australia,AUS,0.13,5.0,0.002311729016903155,0.002721312473571908,0.016182103118322085,0.008163937420715724,0.0,-0.8894289674215058,1,TUR,1.0625034877986228,0.0021757378149344004,0.003414969148898368,0.0021757378149344004,0.003414969148898368,0.36,5.0,0.002686951727938343,0.003163015733963307,0.018808662095568404,0.009489047201889922,0.0,-0.6641693591174116,1,USA,1.234961174777098,0.0021757378149344,0.0034149691488983684,0.0021757378149344,0.0034149691488983684,0.26,5.0,0.002486339684393351,0.002926860002709357,0.017404377790753458,0.00878058000812807,0.0,-0.7704719514193422,1,PAR,1.1427570304321415,0.0021757378149344,0.0034149691488983675,0.0021757378149344,0.0034149691488983675
67,Lucas Herrington,DEF,3.5,Australia,AUS,0.13,5.0,0.002311729016903155,0.002721312473571908,0.016182103118322085,0.008163937420715724,0.0,-0.8894289674215058,1,TUR,1.0625034877986228,0.0021757378149344004,0.003414969148898368,0.0021757378149344004,0.003414969148898368,0.36,5.0,0.002686951727938343,0.003163015733963307,0.018808662095568404,0.009489047201889922,0.0,-0.6641693591174116,1,USA,1.234961174777098,0.0021757378149344,0.0034149691488983684,0.0021757378149344,0.0034149691488983684,0.26,5.0,0.002486339684393351,0.002926860002709357,0.017404377790753458,0.00878058000812807,0.0,-0.7704719514193422,1,PAR,1.1427570304321415,0.0021757378149344,0.0034149691488983675,0.0021757378149344,0.0034149691488983675
68,Nestory Irankunda,FWD,5.1,Australia,AUS,2.8,70.0,0.1097258814766916,0.08466218899984142,0.548629407383458,0.25398656699952427,0.0,0.0,2,TUR,1.0625034877986228,0.10327107885926115,0.10624239822528471,0.10327107885926115,0.10624239822528471,2.93,70.0,0.12753577286853152,0.09840392769257542,0.6376788643426576,0.2952117830777262,0.0,0.0,2,USA,1.234961174777098,0.10327107885926116,0.10624239822528471,0.10327107885926116,0.10624239822528471,2.86,70.0,0.11801375140673279,0.09105693562643653,0.5900687570336639,0.2731708068793096,0.0,0.0,2,PAR,1.1427570304321415,0.10327107885926115,0.10624239822528472,0.10327107885926115,0.10624239822528472
69,Martin Boyle,FWD,5.1,Australia,AUS,3.0,70.0,0.1628156963492416,0.06097198934885389,0.8140784817462079,0.18291596804656166,0.0,0.0,2,TUR,1.0625034877986228,0.15323779942273488,0.07651361782059388,0.15323779942273488,0.07651361782059388,3.16,70.0,0.189242732795358,0.0708685105126249,0.94621366397679,0.2126055315378747,0.0,0.0,2,USA,1.234961174777098,0.15323779942273488,0.07651361782059388,0.15323779942273488,0.07651361782059388,3.07,70.0,0.17511357261828064,0.06557735601621123,0.8755678630914032,0.1967320680486337,0.0,0.0,2,PAR,1.1427570304321415,0.15323779942273488,0.07651361782059388,0.15323779942273488,0.07651361782059388
70,Nishan Velupillay,FWD,4.4,Australia,AUS,1.71,35.0,0.11518626974822105,0.044127794117396674,0.5759313487411053,0.13238338235219002,0.0,0.0,1,TUR,1.0625034877986228,0.1084102509506796,0.055375873584282295,0.1084102509506796,0.055375873584282295,1.82,35.0,0.1338824508719313,0.051290290421965014,0.6694122543596565,0.15387087126589505,0.0,0.0,1,USA,1.234961174777098,0.10841025095067959,0.0553758735842823,0.10841025095067959,0.0553758735842823,1.76,35.0,0.12388657644480187,0.04746087664107008,0.6194328822240094,0.14238262992321024,0.0,0.0,1,PAR,1.1427570304321415,0.1084102509506796,0.0553758735842823,0.1084102509506796,0.0553758735842823
71,Deni Juric,FWD,4.2,Australia,AUS,1.2,10.0,0.03291036278520601,0.01260794117639905,0.16455181392603005,0.03782382352919715,0.0,0.0,1,TUR,1.0625034877986228,0.030974357414479885,0.0158216781669378,0.030974357414479885,0.0158216781669378,1.24,10.0,0.038252128820551796,0.014654368691990004,0.19126064410275898,0.04396310607597001,0.0,0.0,1,USA,1.234961174777098,0.030974357414479885,0.015821678166937803,0.030974357414479885,0.015821678166937803,1.22,10.0,0.035396164698514816,0.013560250468877166,0.17698082349257407,0.040680751406631493,0.0,0.0,1,PAR,1.1427570304321415,0.030974357414479885,0.0158216781669378,0.030974357414479885,0.0158216781669378
72,Jacob Italiano,DEF,4.2,Australia,AUS,2.41,80.0,0.049170769784972465,0.01805127403579363,0.34419538849480724,0.05415382210738089,0.9059169265670824,-0.8894289674215058,2,TUR,1.0625034877986228,0.046278219647869843,0.02265250482228993,0.046278219647869843,0.02265250482228993,3.0,80.0,0.05715180450292593,0.020981222975234293,0.4000626315204815,0.06294366892570288,1.2046650528867873,-0.6641693591174116,2,USA,1.234961174777098,0.04627821964786985,0.022652504822289934,0.04627821964786985,0.022652504822289934,2.71,80.0,0.052884760858486125,0.019414731856927357,0.37019332600940286,0.05824419557078207,1.0502336869472166,-0.7704719514193422,2,PAR,1.1427570304321415,0.046278219647869843,0.022652504822289934,0.046278219647869843,0.022652504822289934
73,Ante Suto,FWD,4.0,Australia,AUS,1.2,10.0,0.03291036278520601,0.01260794117639905,0.16455181392603005,0.03782382352919715,0.0,0.0,1,TUR,1.0625034877986228,0.030974357414479885,0.0158216781669378,0.030974357414479885,0.0158216781669378,1.24,10.0,0.038252128820551796,0.014654368691990004,0.19126064410275898,0.04396310607597001,0.0,0.0,1,USA,1.234961174777098,0.030974357414479885,0.015821678166937803,0.030974357414479885,0.015821678166937803,1.22,10.0,0.035396164698514816,0.013560250468877166,0.17698082349257407,0.040680751406631493,0.0,0.0,1,PAR,1.1427570304321415,0.030974357414479885,0.0158216781669378,0.030974357414479885,0.0158216781669378
74,Mathew Ryan,GK,4.1,Australia,AUS,2.02,90.0,0.0,0.0,0.0,0.0,0.9059169265670824,-0.8894289674215058,2,TUR,1.0625034877986228,0.0,0.0,0.0,0.0,2.54,90.0,0.0,0.0,0.0,0.0,1.2046650528867873,-0.6641693591174116,2,USA,1.234961174777098,0.0,0.0,0.0,0.0,2.28,90.0,0.0,0.0,0.0,0.0,1.0502336869472166,-0.7704719514193422,2,PAR,1.1427570304321415,0.0,0.0,0.0,0.0
75,Paul Izzo,GK,3.6,Australia,AUS,0.11,5.0,0.0,0.0,0.0,0.0,0.0,-0.8894289674215058,1,TUR,1.0625034877986228,0.0,0.0,0.0,0.0,0.34,5.0,0.0,0.0,0.0,0.0,0.0,-0.6641693591174116,1,USA,1.234961174777098,0.0,0.0,0.0,0.0,0.23,5.0,0.0,0.0,0.0,0.0,0.0,-0.7704719514193422,1,PAR,1.1427570304321415,0.0,0.0,0.0,0.0
76,Patrick Beach,GK,3.5,Australia,AUS,0.11,5.0,0.0,0.0,0.0,0.0,0.0,-0.8894289674215058,1,TUR,1.0625034877986228,0.0,0.0,0.0,0.0,0.34,5.0,0.0,0.0,0.0,0.0,0.0,-0.6641693591174116,1,USA,1.234961174777098,0.0,0.0,0.0,0.0,0.23,5.0,0.0,0.0,0.0,0.0,0.0,-0.7704719514193422,1,PAR,1.1427570304321415,0.0,0.0,0.0,0.0
77,Paul Okon,MID,4.7,Australia,AUS,1.12,10.0,0.013657452634750562,0.011340782184513136,0.08194471580850338,0.03402234655353941,0.0,0.0,1,TUR,1.0625034877986228,0.012854030872921775,0.014231523083291831,0.012854030872921775,0.014231523083291831,1.13,10.0,0.01587422906744456,0.013181533849357104,0.09524537440466736,0.03954460154807131,0.0,0.0,1,USA,1.234961174777098,0.012854030872921774,0.014231523083291833,0.012854030872921774,0.014231523083291833,1.12,10.0,0.014689034149423155,0.012197379792891786,0.08813420489653892,0.03659213937867536,0.0,0.0,1,PAR,1.1427570304321415,0.012854030872921774,0.014231523083291833,0.012854030872921774,0.014231523083291833
78,Patrick Yazbek,MID,4.9,Australia,AUS,1.05,10.0,0.00624394477856003,0.0029024504567981397,0.03746366867136018,0.008707351370394419,0.0,0.0,1,TUR,1.0625034877986228,0.005876634618392378,0.003642278813047051,0.005876634618392378,0.003642278813047051,1.05,10.0,0.007257415592065615,0.0033735546913697405,0.04354449355239369,0.010120664074109222,0.0,0.0,1,USA,1.234961174777098,0.0058766346183923785,0.003642278813047051,0.0058766346183923785,0.003642278813047051,1.05,10.0,0.006715565525448795,0.0031216797903026645,0.04029339315269277,0.009365039370907994,0.0,0.0,1,PAR,1.1427570304321415,0.0058766346183923785,0.003642278813047051,0.0058766346183923785,0.003642278813047051
79,Alex Robertson,MID,5.1,Australia,AUS,1.41,35.0,0.04780108422162697,0.03969273764579597,0.2868065053297618,0.1190782129373879,0.0,0.0,1,TUR,1.0625034877986228,0.04498910805522621,0.049810330791521404,0.04498910805522621,0.049810330791521404,1.47,35.0,0.055559801736055965,0.04613536847274986,0.3333588104163358,0.1384061054182496,0.0,0.0,1,USA,1.234961174777098,0.044989108055226205,0.04981033079152141,0.044989108055226205,0.04981033079152141,1.44,35.0,0.051411619522981046,0.04269082927512125,0.3084697171378863,0.12807248782536376,0.0,0.0,1,PAR,1.1427570304321415,0.04498910805522621,0.04981033079152142,0.04498910805522621,0.04981033079152142
80,Connor Metcalfe,MID,5.3,Australia,AUS,1.41,35.0,0.04780108422162697,0.03969273764579597,0.2868065053297618,0.1190782129373879,0.0,0.0,1,TUR,1.0625034877986228,0.04498910805522621,0.049810330791521404,0.04498910805522621,0.049810330791521404,1.47,35.0,0.055559801736055965,0.04613536847274986,0.3333588104163358,0.1384061054182496,0.0,0.0,1,USA,1.234961174777098,0.044989108055226205,0.04981033079152141,0.044989108055226205,0.04981033079152141,1.44,35.0,0.051411619522981046,0.04269082927512125,0.3084697171378863,0.12807248782536376,0.0,0.0,1,PAR,1.1427570304321415,0.04498910805522621,0.04981033079152142,0.04498910805522621,0.04981033079152142
81,Aiden O'Neill,MID,5.4,Australia,AUS,2.46,75.0,0.03495356757011243,0.021768378425986046,0.20972140542067458,0.06530513527795814,0.1811833853134165,0.0,2,TUR,1.0625034877986228,0.03289736737008924,0.02731709109785288,0.03289736737008924,0.02731709109785288,2.56,75.0,0.040626971454439186,0.02530166018527305,0.2437618287266351,0.07590498055581915,0.24093301057735744,0.0,2,USA,1.234961174777098,0.03289736737008924,0.027317091097852877,0.03289736737008924,0.027317091097852877,2.51,75.0,0.037593697844878406,0.02341259842726998,0.22556218706927045,0.07023779528180994,0.21004673738944332,0.0,2,PAR,1.1427570304321415,0.03289736737008924,0.027317091097852877,0.03289736737008924,0.027317091097852877
82,Awer Mabil,MID,5.6,Australia,AUS,3.05,75.0,0.10243089476062921,0.08505586638384853,0.6145853685637752,0.2551675991515456,0.1811833853134165,0.0,2,TUR,1.0625034877986228,0.0964052315469133,0.10673642312468876,0.0964052315469133,0.10673642312468876,3.25,75.0,0.11905671800583421,0.09886150387017828,0.7143403080350053,0.29658451161053484,0.24093301057735744,0.0,2,USA,1.234961174777098,0.0964052315469133,0.10673642312468874,0.0964052315469133,0.10673642312468874,3.15,75.0,0.11016775612067366,0.09148034844668838,0.661006536724042,0.27444104534006514,0.21004673738944332,0.0,2,PAR,1.1427570304321415,0.0964052315469133,0.10673642312468873,0.0964052315469133,0.10673642312468873
83,Ajdin Hrustic,MID,5.7,Australia,AUS,2.78,75.0,0.04682958583920023,0.10499846458439842,0.2809775150352014,0.31499539375319524,0.1811833853134165,0.0,2,TUR,1.0625034877986228,0.044074759637942836,0.13176234655874544,0.044074759637942836,0.13176234655874544,2.93,75.0,0.05443061694049211,0.12204103672318155,0.32658370164295264,0.36612311016954463,0.24093301057735744,0.0,2,USA,1.234961174777098,0.044074759637942836,0.13176234655874544,0.044074759637942836,0.13176234655874544,2.85,75.0,0.05036674144086597,0.11292926090718197,0.3022004486451958,0.3387877827215459,0.21004673738944332,0.0,2,PAR,1.1427570304321415,0.04407475963794284,0.13176234655874544,0.04407475963794284,0.13176234655874544
84,Riley McGree,MID,5.9,Australia,AUS,3.21,75.0,0.12861131611003088,0.0873051488461972,0.7716678966601853,0.26191544653859156,0.1811833853134165,0.0,2,TUR,1.0625034877986228,0.12104554722591808,0.10955904283142044,0.12104554722591808,0.10955904283142044,3.44,75.0,0.1494865512036565,0.10147587318190904,0.896919307221939,0.3044276195457271,0.24093301057735744,0.0,2,USA,1.234961174777098,0.12104554722591808,0.10955904283142043,0.12104554722591808,0.10955904283142043,3.32,75.0,0.1383256500949237,0.09389952483226635,0.8299539005695422,0.281698574496799,0.21004673738944332,0.0,2,PAR,1.1427570304321415,0.1210455472259181,0.10955904283142043,0.1210455472259181,0.10955904283142043
85,David Alaba,DEF,4.6,Austria,AUT,4.12,80.0,0.05402377971122411,0.06563594426057352,0.37816645797856874,0.19690783278172058,1.8965779594235563,-0.3487023160178894,2,JOR,1.9090185638411687,0.028299242728432112,0.04584271415954268,0.028299242728432112,0.04584271415954268,1.49,80.0,0.023994822141024223,0.02915239949905674,0.16796375498716956,0.08745719849717022,0.549491040945408,-1.318098929906551,2,ARG,0.8478962625002238,0.028299242728432112,0.04584271415954267,0.028299242728432112,0.04584271415954267,3.32,80.0,0.03981048042454608,0.048367561249870815,0.27867336297182255,0.14510268374961244,1.4355747003167751,-0.5349875954341679,2,ALG,1.4067684003624836,0.028299242728432105,0.04584271415954268,0.028299242728432105,0.04584271415954268
86,Philipp Lienhart,DEF,4.3,Austria,AUT,4.01,80.0,0.053456790267637215,0.03088960380054194,0.3741975318734605,0.09266881140162582,1.8965779594235563,-0.3487023160178894,2,JOR,1.9090185638411687,0.028002237002911014,0.021574509112080743,0.028002237002911014,0.021574509112080743,1.44,80.0,0.023742992096413718,0.013719709231057713,0.16620094467489602,0.04115912769317314,0.549491040945408,-1.318098929906551,2,ARG,0.8478962625002238,0.028002237002911018,0.021574509112080743,0.028002237002911018,0.021574509112080743,3.24,80.0,0.03939266215515628,0.02276275325415574,0.27574863508609393,0.06828825976246722,1.4355747003167751,-0.5349875954341679,2,ALG,1.4067684003624836,0.028002237002911018,0.021574509112080743,0.028002237002911018,0.021574509112080743
87,Alexander Prass,DEF,4.3,Austria,AUT,4.45,80.0,0.08918125520955762,0.09241312921807246,0.6242687864669033,0.2772393876542174,1.8965779594235563,-0.3487023160178894,2,JOR,1.9090185638411687,0.04671576112393297,0.06454494888523692,0.04671576112393297,0.06454494888523692,1.63,80.0,0.03961011925683602,0.041045565692295276,0.27727083479785214,0.12313669707688582,0.549491040945408,-1.318098929906551,2,ARG,0.8478962625002238,0.04671576112393297,0.06454494888523692,0.04671576112393297,0.06454494888523692,3.56,80.0,0.06571825654803108,0.06809984587107223,0.46002779583621756,0.2042995376132167,1.4355747003167751,-0.5349875954341679,2,ALG,1.4067684003624836,0.04671576112393297,0.0645449488852369,0.04671576112393297,0.0645449488852369
88,Kevin Danso,DEF,4.3,Austria,AUT,3.91,80.0,0.037816645797856874,0.032817972130286754,0.2647165205849981,0.09845391639086026,1.8965779594235563,-0.3487023160178894,2,JOR,1.9090185638411687,0.019809469909902476,0.022921357079771332,0.019809469909902476,0.022921357079771332,1.39,80.0,0.016796375498716955,0.014576199749528368,0.11757462849101868,0.043728599248585104,0.549491040945408,-1.318098929906551,2,ARG,0.8478962625002238,0.01980946990990248,0.022921357079771335,0.01980946990990248,0.022921357079771335,3.17,80.0,0.02786733629718226,0.0241837806249354,0.19507135408027582,0.0725513418748062,1.4355747003167751,-0.5349875954341679,2,ALG,1.4067684003624836,0.019809469909902476,0.022921357079771332,0.019809469909902476,0.022921357079771332
90,Stefan Posch,DEF,4.3,Austria,AUT,0.76,25.0,0.011123299311461573,0.009653001187669355,0.07786309518023102,0.028959003563008068,0.0,-0.3487023160178894,1,JOR,1.9090185638411687,0.005826710919500014,0.006742034097525232,0.005826710919500014,0.006742034097525232,-0.27,25.0,0.004940446411313305,0.004287409134705535,0.034583124879193135,0.012862227404116605,0.0,-1.318098929906551,1,ARG,0.8478962625002238,0.005826710919500015,0.006742034097525232,0.005826710919500015,0.006742034097525232,0.54,25.0,0.008196832799599651,0.007113360391923668,0.05737782959719756,0.021340081175771006,0.0,-0.5349875954341679,1,ALG,1.4067684003624836,0.005826710919500015,0.006742034097525232,0.005826710919500015,0.006742034097525232
91,Phillipp Mwene,DEF,3.9,Austria,AUT,0.68,5.0,0.002862596736255179,0.004402527598059651,0.020038177153786252,0.013207582794178954,0.0,-0.3487023160178894,1,JOR,1.9090185638411687,0.0014995122574896808,0.0030748977032479283,0.0014995122574896808,0.0030748977032479283,-0.3,5.0,0.0012714308386987735,0.0019553957026158305,0.008900015870891414,0.0058661871078474915,0.0,-1.318098929906551,1,ARG,0.8478962625002238,0.0014995122574896808,0.0030748977032479283,0.0014995122574896808,0.0030748977032479283,0.49,5.0,0.0021094664597926947,0.003244251692457272,0.014766265218548864,0.009732755077371816,0.0,-0.5349875954341679,1,ALG,1.4067684003624836,0.0014995122574896808,0.0030748977032479287,0.0014995122574896808,0.0030748977032479287
92,Marco Friedl,DEF,4.3,Austria,AUT,0.78,25.0,0.014312983681275895,0.009653001187669355,0.10019088576893126,0.028959003563008068,0.0,-0.3487023160178894,1,JOR,1.9090185638411687,0.007497561287448403,0.006742034097525232,0.007497561287448403,0.006742034097525232,-0.26,25.0,0.006357154193493867,0.004287409134705535,0.04450007935445707,0.012862227404116605,0.0,-1.318098929906551,1,ARG,0.8478962625002238,0.007497561287448403,0.006742034097525232,0.007497561287448403,0.006742034097525232,0.56,25.0,0.010547332298963473,0.007113360391923668,0.07383132609274431,0.021340081175771006,0.0,-0.5349875954341679,1,ALG,1.4067684003624836,0.007497561287448403,0.006742034097525232,0.007497561287448403,0.006742034097525232
93,David Affengruber,DEF,3.9,Austria,AUT,0.68,5.0,0.0027062375033341324,0.002757760505328833,0.018943662523338928,0.0082732815159865,0.0,-0.3487023160178894,1,JOR,1.9090185638411687,0.0014176066983282059,0.0019261279469731968,0.0014176066983282059,0.0019261279469731968,-0.31,5.0,0.0012019834212077679,0.001224867515501852,0.008413883948454375,0.003674602546505556,0.0,-1.318098929906551,1,ARG,0.8478962625002238,0.0014176066983282059,0.0019261279469731968,0.0014176066983282059,0.0019261279469731968,0.49,5.0,0.001994244307350312,0.0020322119481427188,0.013959710151452184,0.006096635844428156,0.0,-0.5349875954341679,1,ALG,1.4067684003624836,0.0014176066983282057,0.0019261279469731968,0.0014176066983282057,0.0019261279469731968
94,Michael Svoboda,DEF,3.8,Austria,AUT,0.69,5.0,0.0033764862319515068,0.004102246516285845,0.023635403623660546,0.012306739548857536,0.0,-0.3487023160178894,1,JOR,1.9090185638411687,0.001768702670527007,0.0028651696349714173,0.001768702670527007,0.0028651696349714173,-0.3,5.0,0.001499676383814014,0.0018220249686910462,0.010497734686698098,0.005466074906073139,0.0,-1.318098929906551,1,ARG,0.8478962625002238,0.001768702670527007,0.002865169634971417,0.001768702670527007,0.002865169634971417,0.49,5.0,0.00248815502653413,0.003022972578116926,0.01741708518573891,0.009068917734350777,0.0,-0.5349875954341679,1,ALG,1.4067684003624836,0.0017687026705270066,0.0028651696349714173,0.0017687026705270066,0.0028651696349714173
95,Marko Arnautovic,FWD,6.0,Austria,AUT,4.08,70.0,0.33647962288913374,0.13304101711764427,1.6823981144456688,0.3991230513529328,0.0,0.0,2,JOR,1.9090185638411687,0.17625791035373556,0.09292105702031532,0.17625791035373556,0.09292105702031532,2.92,70.0,0.1494484234250319,0.05909056271632165,0.7472421171251595,0.17727168814896493,0.0,0.0,2,ARG,0.8478962625002238,0.1762579103537356,0.0929210570203153,0.1762579103537356,0.0929210570203153,3.53,70.0,0.2479540585995586,0.09803880505834506,1.239770292997793,0.2941164151750352,0.0,0.0,2,ALG,1.4067684003624836,0.17625791035373556,0.0929210570203153,0.17625791035373556,0.0929210570203153
96,Michael Gregoritsch,FWD,6.0,Austria,AUT,4.52,70.0,0.41463222019854656,0.14809176896493315,2.0731611009927327,0.44427530689479944,0.0,0.0,2,JOR,1.9090185638411687,0.21719653650945017,0.10343309158604526,0.21719653650945017,0.10343309158604526,3.12,70.0,0.1841601315343562,0.06577539883098835,0.920800657671781,0.19732619649296504,0.0,0.0,2,ARG,0.8478962625002238,0.21719653650945017,0.10343309158604527,0.21719653650945017,0.10343309158604527,3.86,70.0,0.305545224229671,0.10912980359628537,1.527726121148355,0.3273894107888561,0.0,0.0,2,ALG,1.4067684003624836,0.21719653650945017,0.10343309158604527,0.21719653650945017,0.10343309158604527
97,Sasa Kalajdzic,FWD,6.0,Austria,AUT,1.99,35.0,0.13542406065552742,0.10316718200387318,0.6771203032776372,0.3095015460116195,0.0,0.0,1,JOR,1.9090185638411687,0.07093910097083517,0.07205600054252571,0.07093910097083517,0.07205600054252571,1.44,35.0,0.06014899857829715,0.04582201016304123,0.30074499289148576,0.1374660304891237,0.0,0.0,1,ARG,0.8478962625002238,0.07093910097083518,0.0720560005425257,0.07093910097083518,0.0720560005425257,1.73,35.0,0.09979488559589451,0.07602457846479535,0.49897442797947256,0.22807373539438605,0.0,0.0,1,ALG,1.4067684003624836,0.07093910097083518,0.07205600054252571,0.07093910097083518,0.07205600054252571
98,Alexander Schlager,GK,4.6,Austria,AUT,3.55,90.0,0.0,0.0,0.0,0.0,1.8965779594235563,-0.3487023160178894,2,JOR,1.9090185638411687,0.0,0.0,0.0,0.0,1.23,90.0,0.0,0.0,0.0,0.0,0.549491040945408,-1.318098929906551,2,ARG,0.8478962625002238,0.0,0.0,0.0,0.0,2.9,90.0,0.0,0.0,0.0,0.0,1.4355747003167751,-0.5349875954341679,2,ALG,1.4067684003624836,0.0,0.0,0.0,0.0
99,Patrick Pentz,GK,4.6,Austria,AUT,0.65,5.0,0.0,0.0,0.0,0.0,0.0,-0.3487023160178894,1,JOR,1.9090185638411687,0.0,0.0,0.0,0.0,-0.32,5.0,0.0,0.0,0.0,0.0,0.0,-1.318098929906551,1,ARG,0.8478962625002238,0.0,0.0,0.0,0.0,0.47,5.0,0.0,0.0,0.0,0.0,0.0,-0.5349875954341679,1,ALG,1.4067684003624836,0.0,0.0,0.0,0.0
101,Florian Wiegele,GK,3.5,Austria,AUT,0.65,5.0,0.0,0.0,0.0,0.0,0.0,-0.3487023160178894,1,JOR,1.9090185638411687,0.0,0.0,0.0,0.0,-0.32,5.0,0.0,0.0,0.0,0.0,0.0,-1.318098929906551,1,ARG,0.8478962625002238,0.0,0.0,0.0,0.0,0.47,5.0,0.0,0.0,0.0,0.0,0.0,-0.5349875954341679,1,ALG,1.4067684003624836,0.0,0.0,0.0,0.0
102,Carney Chukwuemeka,MID,5.0,Austria,AUT,1.07,5.0,0.010134527939335732,0.0024136717475707137,0.06080716763601439,0.007241015242712141,0.0,0.0,1,JOR,1.9090185638411687,0.005308763430222426,0.0016858028820241006,0.005308763430222426,0.0016858028820241006,1.03,5.0,0.004501280670983461,0.0010720394722352553,0.027007684025900768,0.003216118416705766,0.0,0.0,1,ARG,0.8478962625002238,0.005308763430222425,0.0016858028820241006,0.005308763430222425,0.0016858028820241006,1.05,5.0,0.007468200638636852,0.0017786506677536314,0.04480920383182111,0.005335952003260894,0.0,0.0,1,ALG,1.4067684003624836,0.005308763430222425,0.0016858028820241006,0.005308763430222425,0.0016858028820241006
103,Konrad Laimer,MID,5.8,Austria,AUT,1.73,35.0,0.05754502122212998,0.12725352595069034,0.3452701273327799,0.381760577852071,0.0,0.0,1,JOR,1.9090185638411687,0.03014377246617375,0.08887884651726756,0.03014377246617375,0.08887884651726756,1.32,35.0,0.025558792011725874,0.05652003133299165,0.15335275207035526,0.16956009399897495,0.0,0.0,1,ARG,0.8478962625002238,0.030143772466173748,0.08887884651726757,0.030143772466173748,0.08887884651726757,1.54,35.0,0.04240530657312993,0.0937739645558694,0.25443183943877956,0.2813218936676082,0.0,0.0,1,ALG,1.4067684003624836,0.030143772466173755,0.08887884651726757,0.030143772466173755,0.08887884651726757
104,Alessandro Schöpf,MID,5.3,Austria,AUT,1.09,5.0,0.010332693681702984,0.010594638863206487,0.06199616209021791,0.03178391658961946,0.0,0.0,1,JOR,1.9090185638411687,0.0054125684670726275,0.00739971073016621,0.0054125684670726275,0.00739971073016621,1.04,5.0,0.004589296573757447,0.004705640303768048,0.027535779442544678,0.014116920911304143,0.0,0.0,1,ARG,0.8478962625002238,0.0054125684670726275,0.007399710730166209,0.0054125684670726275,0.007399710730166209,1.07,5.0,0.007614230284276181,0.007807259420265765,0.045685381705657085,0.023421778260797298,0.0,0.0,1,ALG,1.4067684003624836,0.005412568467072628,0.007399710730166207,0.005412568467072628,0.007399710730166207
105,Florian Grillitsch,MID,5.5,Austria,AUT,1.1,10.0,0.011870108786554121,0.010332338235875265,0.07122065271932473,0.030997014707625795,0.0,0.0,1,JOR,1.9090185638411687,0.006217911659627905,0.007216509698809419,0.006217911659627905,0.007216509698809419,1.05,10.0,0.0052721440567550645,0.004589138701437841,0.031632864340530385,0.013767416104313524,0.0,0.0,1,ARG,0.8478962625002238,0.006217911659627906,0.007216509698809419,0.006217911659627906,0.007216509698809419,1.08,10.0,0.008747161639009984,0.007613968353895856,0.0524829698340599,0.022841905061687567,0.0,0.0,1,ALG,1.4067684003624836,0.006217911659627905,0.0072165096988094195,0.006217911659627905,0.0072165096988094195
106,Nicolas Seiwald,MID,5.6,Austria,AUT,1.26,35.0,0.026286114397949645,0.03573728189211372,0.15771668638769787,0.10721184567634115,0.0,0.0,1,JOR,1.9090185638411687,0.01376943886027955,0.02496031735469778,0.01376943886027955,0.02496031735469778,1.12,35.0,0.011675055746356371,0.01587281984690079,0.07005033447813823,0.04761845954070237,0.0,0.0,1,ARG,0.8478962625002238,0.01376943886027955,0.024960317354697777,0.01376943886027955,0.024960317354697777,1.2,35.0,0.019370411479364483,0.0263350392882061,0.1162224688761869,0.0790051178646183,0.0,0.0,1,ALG,1.4067684003624836,0.013769438860279551,0.02496031735469778,0.013769438860279551,0.02496031735469778
107,Marcel Sabitzer,MID,6.8,Austria,AUT,3.14,75.0,0.08025002076921378,0.09388338129249554,0.4815001246152827,0.28165014387748666,0.37931559188471126,0.0,2,JOR,1.9090185638411687,0.042037318174497657,0.0655718305176954,0.042037318174497657,0.0655718305176954,2.45,75.0,0.03564328496568929,0.04169858251593904,0.21385970979413574,0.1250957475478171,0.10989820818908161,0.0,2,ARG,0.8478962625002238,0.042037318174497657,0.06557183051769541,0.042037318174497657,0.06557183051769541,2.85,75.0,0.05913677084386682,0.06918328434466368,0.35482062506320095,0.20754985303399104,0.28711494006335503,0.0,2,ALG,1.4067684003624836,0.04203731817449765,0.06557183051769541,0.04203731817449765,0.06557183051769541
108,Romano Schmid,MID,6.0,Austria,AUT,3.59,75.0,0.11374170665226412,0.17463300840300436,0.6824502399135847,0.5238990252090131,0.37931559188471126,0.0,2,JOR,1.9090185638411687,0.05958124703795572,0.12197053271996289,0.05958124703795572,0.12197053271996289,2.65,75.0,0.05051871667858518,0.07756376912131333,0.3031123000715111,0.23269130736393998,0.10989820818908161,0.0,2,ARG,0.8478962625002238,0.05958124703795572,0.12197053271996287,0.05958124703795572,0.12197053271996287,3.18,75.0,0.08381701558718693,0.1286882184043666,0.5029020935231217,0.38606465521309974,0.28711494006335503,0.0,2,ALG,1.4067684003624836,0.05958124703795572,0.12197053271996287,0.05958124703795572,0.12197053271996287
109,Patrick Wimmer,MID,6.0,Austria,AUT,3.75,75.0,0.16158697219947896,0.13425819484774998,0.9695218331968738,0.40277458454324994,0.37931559188471126,0.0,2,JOR,1.9090185638411687,0.08464400255718156,0.09377118161882916,0.08464400255718156,0.09377118161882916,2.72,75.0,0.07176933341129361,0.059631175818626196,0.4306160004677617,0.17889352745587858,0.10989820818908161,0.0,2,ARG,0.8478962625002238,0.08464400255718155,0.09377118161882916,0.08464400255718155,0.09377118161882916,3.3,75.0,0.11907450807764426,0.09893575137451514,0.7144470484658656,0.2968072541235454,0.28711494006335503,0.0,2,ALG,1.4067684003624836,0.08464400255718155,0.09377118161882915,0.08464400255718155,0.09377118161882915
110,Paul Wanner,MID,5.6,Austria,AUT,1.14,10.0,0.01605823095044033,0.015527775821571865,0.09634938570264198,0.04658332746471559,0.0,0.0,1,JOR,1.9090185638411687,0.00841177307261449,0.010845206792421591,0.00841177307261449,0.010845206792421591,1.06,10.0,0.0071323109492698504,0.00689670772900223,0.042793865695619104,0.020690123187006693,0.0,0.0,1,ARG,0.8478962625002238,0.008411773072614492,0.010845206792421591,0.008411773072614492,0.010845206792421591,1.11,10.0,0.011833416549574101,0.011442520658231448,0.0710004992974446,0.034327561974694346,0.0,0.0,1,ALG,1.4067684003624836,0.00841177307261449,0.010845206792421593,0.00841177307261449,0.010845206792421593
111,Xaver Schlager,MID,5.5,Austria,AUT,1.06,5.0,0.00853968575442857,0.004336281916868543,0.05123811452657142,0.013008845750605628,0.0,0.0,1,JOR,1.9090185638411687,0.0044733382462482305,0.003028629124935231,0.0044733382462482305,0.003028629124935231,1.03,5.0,0.0037929267798931807,0.001925972486648929,0.022757560679359086,0.005777917459946787,0.0,0.0,1,ARG,0.8478962625002238,0.004473338246248231,0.0030286291249352307,0.004473338246248231,0.0030286291249352307,1.05,5.0,0.006292950888954942,0.003195434812032272,0.03775770533372965,0.009586304436096817,0.0,0.0,1,ALG,1.4067684003624836,0.004473338246248231,0.0030286291249352307,0.004473338246248231,0.0030286291249352307
112,Christoph Baumgartner,MID,6.7,Austria,AUT,4.48,75.0,0.2572775032939086,0.18616866941879132,1.5436650197634516,0.558506008256374,0.37931559188471126,0.0,2,JOR,1.9090185638411687,0.13476951359563322,0.13002749017742965,0.13476951359563322,0.13002749017742965,3.04,75.0,0.11427056687671049,0.08268736720779538,0.6856234012602629,0.24806210162338613,0.10989820818908161,0.0,2,ARG,0.8478962625002238,0.13476951359563322,0.13002749017742965,0.13476951359563322,0.13002749017742965,3.84,75.0,0.1895894930585589,0.13718892327003845,1.1375369583513535,0.41156676981011536,0.28711494006335503,0.0,2,ALG,1.4067684003624836,0.1347695135956332,0.13002749017742968,0.1347695135956332,0.13002749017742968
114,Maxim De Cuyper,DEF,4.7,Belgium,BEL,4.23,80.0,0.07764946922159019,0.11900333212549395,0.5435462845511313,0.35700999637648184,1.7360510455775668,-0.4050351016092053,2,EGY,1.7176304794187238,0.04520731912481439,0.0923779074730647,0.04520731912481439,0.0923779074730647,4.53,80.0,0.08574100132430218,0.13140418034604298,0.6001870092701153,0.39421254103812897,1.8863572193397662,-0.3520617842252896,2,IRN,1.8966176934220982,0.04520731912481439,0.09237790747306471,0.04520731912481439,0.09237790747306471,5.2,80.0,0.10486204205548721,0.16070853469036891,0.7340342943884105,0.4821256040711067,2.2333861509586073,-0.252596255493702,2,NZL,2.3195810785853084,0.0452073191248144,0.0923779074730647,0.0452073191248144,0.0923779074730647
115,Timothy Castagne,DEF,4.7,Belgium,BEL,0.64,10.0,0.005024007622689581,0.004017069031129153,0.03516805335882707,0.012051207093387459,0.0,-0.4050351016092053,1,EGY,1.7176304794187238,0.0029249641776209006,0.0031183028629755876,0.0029249641776209006,0.0031183028629755876,0.7,10.0,0.005547538811901617,0.0044356712875262124,0.03883277168331132,0.013307013862578636,0.0,-0.3520617842252896,1,IRN,1.8966176934220982,0.002924964177620901,0.003118302862975587,0.002924964177620901,0.003118302862975587,0.81,10.0,0.0067846915619492795,0.005424867238692426,0.047492840933644954,0.016274601716077277,0.0,-0.252596255493702,1,NZL,2.3195810785853084,0.002924964177620901,0.003118302862975587,0.002924964177620901,0.003118302862975587
116,Arthur Theate,DEF,4.5,Belgium,BEL,3.76,80.0,0.048678526680154786,0.030248223825259782,0.3407496867610835,0.09074467147577935,1.7360510455775668,-0.4050351016092053,2,EGY,1.7176304794187238,0.028340511689469116,0.023480583037857525,0.028340511689469116,0.023480583037857525,4.01,80.0,0.05375111591088293,0.033400266931100535,0.3762578113761805,0.1002008007933016,1.8863572193397662,-0.3520617842252896,2,IRN,1.8966176934220982,0.028340511689469116,0.023480583037857525,0.028340511689469116,0.023480583037857525,4.56,80.0,0.06573811467231831,0.04084883709657409,0.4601668027062282,0.12254651128972227,2.2333861509586073,-0.252596255493702,2,NZL,2.3195810785853084,0.028340511689469116,0.023480583037857522,0.028340511689469116,0.023480583037857522
117,Thomas Meunier,DEF,4.8,Belgium,BEL,3.97,80.0,0.06151916918196395,0.06818041134155603,0.43063418427374767,0.2045412340246681,1.7360510455775668,-0.4050351016092053,2,EGY,1.7176304794187238,0.035816300373746925,0.052925944323507404,0.035816300373746925,0.052925944323507404,4.24,80.0,0.06792982900176893,0.07528521183377775,0.4755088030123825,0.22585563550133325,1.8863572193397662,-0.3520617842252896,2,IRN,1.8966176934220982,0.035816300373746925,0.052925944323507404,0.035816300373746925,0.052925944323507404,4.84,80.0,0.08307881265187128,0.09207451426430048,0.5815516885630989,0.27622354279290146,2.2333861509586073,-0.252596255493702,2,NZL,2.3195810785853084,0.035816300373746925,0.05292594432350741,0.035816300373746925,0.05292594432350741
118,Zeno Debast,DEF,4.3,Belgium,BEL,0.66,10.0,0.004449991517812099,0.011151045897823246,0.031149940624684694,0.03345313769346974,0.0,-0.4050351016092053,1,EGY,1.7176304794187238,0.0025907734935619294,0.008656146578237989,0.0025907734935619294,0.008656146578237989,0.72,10.0,0.004913706847538537,0.012313050567855992,0.03439594793276976,0.03693915170356798,0.0,-0.3520617842252896,1,IRN,1.8966176934220982,0.002590773493561929,0.008656146578237989,0.002590773493561929,0.008656146578237989,0.83,10.0,0.006009509174566607,0.01505897536225635,0.04206656422196625,0.04517692608676905,0.0,-0.252596255493702,1,NZL,2.3195810785853084,0.0025907734935619294,0.008656146578237989,0.0025907734935619294,0.008656146578237989
119,Axel Witsel,MID,5.0,Belgium,BEL,1.05,5.0,0.005353233867047354,0.005005100500949652,0.032119403202284125,0.015015301502848955,0.0,0.0,1,EGY,1.7176304794187238,0.0031166388412360857,0.0038852753339926487,0.0031166388412360857,0.0038852753339926487,1.05,5.0,0.005911072370294907,0.0055266614567001816,0.03546643422176944,0.016579984370100546,0.0,0.0,1,IRN,1.8966176934220982,0.003116638841236086,0.0038852753339926483,0.003116638841236086,0.0038852753339926483,1.06,5.0,0.0072292964849152664,0.006759158362367672,0.0433757789094916,0.020277475087103015,0.0,0.0,1,NZL,2.3195810785853084,0.003116638841236086,0.0038852753339926487,0.003116638841236086,0.0038852753339926487
120,Koni De Winter,DEF,4.2,Belgium,BEL,0.66,10.0,0.006386688051453004,0.006433182644307199,0.04470681636017103,0.019299547932921594,0.0,-0.4050351016092053,1,EGY,1.7176304794187238,0.0037183131808503833,0.004993842949258252,0.0037183131808503833,0.004993842949258252,0.72,10.0,0.007052218568485438,0.007103558171800796,0.04936552997939807,0.02131067451540239,0.0,-0.3520617842252896,1,IRN,1.8966176934220982,0.003718313180850383,0.004993842949258253,0.003718313180850383,0.004993842949258253,0.83,10.0,0.008624928898554901,0.00868771771089457,0.06037450228988431,0.02606315313268371,0.0,-0.252596255493702,1,NZL,2.3195810785853084,0.0037183131808503833,0.004993842949258252,0.0037183131808503833,0.004993842949258252
121,Brandon Mechele,DEF,3.9,Belgium,BEL,0.63,5.0,0.0035885768733497003,0.004017069031129154,0.0251200381134479,0.012051207093387462,0.0,-0.4050351016092053,1,EGY,1.7176304794187238,0.0020892601268720718,0.003118302862975588,0.0020892601268720718,0.003118302862975588,0.69,5.0,0.00396252772278687,0.004435671287526213,0.02773769405950809,0.01330701386257864,0.0,-0.3520617842252896,1,IRN,1.8966176934220982,0.002089260126872072,0.003118302862975588,0.002089260126872072,0.003118302862975588,0.8,5.0,0.0048462082585352,0.005424867238692427,0.0339234578097464,0.01627460171607728,0.0,-0.252596255493702,1,NZL,2.3195810785853084,0.002089260126872072,0.003118302862975588,0.002089260126872072,0.003118302862975588
122,Joaquin Seys,DEF,3.9,Belgium,BEL,0.63,5.0,0.0035885768733497003,0.004017069031129154,0.0251200381134479,0.012051207093387462,0.0,-0.4050351016092053,1,EGY,1.7176304794187238,0.0020892601268720718,0.003118302862975588,0.0020892601268720718,0.003118302862975588,0.69,5.0,0.00396252772278687,0.004435671287526213,0.02773769405950809,0.01330701386257864,0.0,-0.3520617842252896,1,IRN,1.8966176934220982,0.002089260126872072,0.003118302862975588,0.002089260126872072,0.003118302862975588,0.8,5.0,0.0048462082585352,0.005424867238692427,0.0339234578097464,0.01627460171607728,0.0,-0.252596255493702,1,NZL,2.3195810785853084,0.002089260126872072,0.003118302862975588,0.002089260126872072,0.003118302862975588
123,Nathan Ngoy,DEF,3.7,Belgium,BEL,0.63,5.0,0.0030072355716425094,0.0037295829593313743,0.021050649001497567,0.011188748877994124,0.0,-0.4050351016092053,1,EGY,1.7176304794187238,0.001750804732261278,0.0028951380047653637,0.001750804732261278,0.0028951380047653637,0.68,5.0,0.0033206072329338794,0.004118227473552555,0.023244250630537155,0.012354682420657665,0.0,-0.3520617842252896,1,IRN,1.8966176934220982,0.001750804732261278,0.002895138004765364,0.001750804732261278,0.002895138004765364,0.79,5.0,0.004061133529250877,0.005036630501810221,0.02842793470475614,0.015109891505430663,0.0,-0.252596255493702,1,NZL,2.3195810785853084,0.001750804732261278,0.0028951380047653645,0.001750804732261278,0.0028951380047653645
124,Romelu Lukaku,FWD,7.4,Belgium,BEL,4.49,80.0,0.4087031513503265,0.14888983323413235,2.043515756751632,0.44666949970239705,0.0,0.0,2,EGY,1.7176304794187238,0.23794591225968392,0.11557769847720237,0.23794591225968392,0.11557769847720237,4.75,80.0,0.4512924272691786,0.16440503092264971,2.256462136345893,0.49321509276794917,0.0,0.0,2,IRN,1.8966176934220982,0.2379459122596839,0.11557769847720237,0.2379459122596839,0.11557769847720237,5.36,80.0,0.5519348358042827,0.20106888187061744,2.7596741790214137,0.6032066456118523,0.0,0.0,2,NZL,2.3195810785853084,0.2379459122596839,0.11557769847720235,0.2379459122596839,0.11557769847720235
125,Jérémy Doku,MID,7.5,Belgium,BEL,4.1,75.0,0.19866557775541197,0.18768324200156236,1.1919934665324718,0.5630497260046871,0.34721020911551337,0.0,2,EGY,1.7176304794187238,0.11566258292216837,0.14569159412764782,0.11566258292216837,0.14569159412764782,4.32,75.0,0.21936770123708516,0.2072409414040259,1.316206207422511,0.6217228242120777,0.37727144386795325,0.0,2,IRN,1.8966176934220982,0.11566258292216838,0.14569159412764782,0.11566258292216838,0.14569159412764782,4.82,75.0,0.268288738846566,0.25345759878556673,1.609732433079396,0.7603727963567002,0.44667723019172145,0.0,2,NZL,2.3195810785853084,0.11566258292216838,0.14569159412764782,0.11566258292216838,0.14569159412764782
127,Dodi Lukébakio,FWD,5.9,Belgium,BEL,1.62,20.0,0.10217578783758162,0.03722245830853309,0.510878939187908,0.11166737492559926,0.0,0.0,1,EGY,1.7176304794187238,0.05948647806492098,0.028894424619300592,0.05948647806492098,0.028894424619300592,1.69,20.0,0.11282310681729465,0.04110125773066243,0.5641155340864733,0.12330377319198729,0.0,0.0,1,IRN,1.8966176934220982,0.059486478064920974,0.028894424619300592,0.059486478064920974,0.028894424619300592,1.84,20.0,0.13798370895107068,0.05026722046765436,0.6899185447553534,0.15080166140296308,0.0,0.0,1,NZL,2.3195810785853084,0.059486478064920974,0.02889442461930059,0.059486478064920974,0.02889442461930059
128,Alexis Saelemaekers,MID,5.7,Belgium,BEL,1.25,20.0,0.029353647442844286,0.024374029857353773,0.1761218846570657,0.07312208957206132,0.0,0.0,1,EGY,1.7176304794187238,0.017089617234073578,0.018920662427619372,0.017089617234073578,0.018920662427619372,1.28,20.0,0.03241247041995517,0.026913947348617212,0.194474822519731,0.08074184204585164,0.0,0.0,1,IRN,1.8966176934220982,0.017089617234073578,0.018920662427619375,0.017089617234073578,0.018920662427619375,1.34,20.0,0.03964075277642247,0.0329160079210544,0.23784451665853482,0.09874802376316319,0.0,0.0,1,NZL,2.3195810785853084,0.01708961723407358,0.018920662427619372,0.01708961723407358,0.018920662427619372
129,Charles De Ketelaere,MID,5.6,Belgium,BEL,1.87,55.0,0.08813751083843982,0.11232631691501593,0.528825065030639,0.3369789507450478,0.0,0.0,1,EGY,1.7176304794187238,0.051313429689642615,0.08719478627558987,0.051313429689642615,0.08719478627558987,1.96,55.0,0.09732195865954699,0.12403138081833155,0.583931751957282,0.37209414245499467,0.0,0.0,1,IRN,1.8966176934220982,0.051313429689642615,0.08719478627558987,0.051313429689642615,0.08719478627558987,2.17,55.0,0.1190256605854126,0.15169153229711116,0.7141539635124756,0.45507459689133345,0.0,0.0,1,NZL,2.3195810785853084,0.051313429689642615,0.08719478627558988,0.051313429689642615,0.08719478627558988
132,Senne Lammens,GK,4.6,Belgium,BEL,0.59,5.0,0.0,0.0,0.0,0.0,0.0,-0.4050351016092053,1,EGY,1.7176304794187238,0.0,0.0,0.0,0.0,0.65,5.0,0.0,0.0,0.0,0.0,0.0,-0.3520617842252896,1,IRN,1.8966176934220982,0.0,0.0,0.0,0.0,0.75,5.0,0.0,0.0,0.0,0.0,0.0,-0.252596255493702,1,NZL,2.3195810785853084,0.0,0.0,0.0,0.0
135,Nicolas Raskin,MID,5.3,Belgium,BEL,1.08,5.0,0.009129607420364852,0.009647530381026134,0.05477764452218911,0.0289425911430784,0.0,0.0,1,EGY,1.7176304794187238,0.005315233706992944,0.007489022811077136,0.005315233706992944,0.007489022811077136,1.09,5.0,0.010080966293356346,0.010652859877447945,0.06048579776013808,0.03195857963234383,0.0,0.0,1,IRN,1.8966176934220982,0.005315233706992944,0.007489022811077135,0.005315233706992944,0.007489022811077135,1.11,5.0,0.012329115534999682,0.013028546707251207,0.07397469320999808,0.039085640121753626,0.0,0.0,1,NZL,2.3195810785853084,0.005315233706992945,0.007489022811077134,0.005315233706992945,0.007489022811077134
136,Amadou Onana,MID,5.9,Belgium,BEL,3.17,75.0,0.1176279156975606,0.03766659912280618,0.7057674941853637,0.11299979736841853,0.34721020911551337,0.0,2,EGY,1.7176304794187238,0.06848266673596055,0.029239194789287635,0.06848266673596055,0.029239194789287635,3.28,75.0,0.12988543742415173,0.04159168063408361,0.7793126245449105,0.12477504190225083,0.37727144386795325,0.0,2,IRN,1.8966176934220982,0.06848266673596054,0.02923919478928764,0.06848266673596054,0.02923919478928764,3.55,75.0,0.15885109797179758,0.05086701223972631,0.9531065878307855,0.15260103671917893,0.44667723019172145,0.0,2,NZL,2.3195810785853084,0.06848266673596054,0.02923919478928764,0.06848266673596054,0.02923919478928764
137,Youri Tielemans,MID,6.1,Belgium,BEL,3.24,80.0,0.06784299483625925,0.16179119755803825,0.4070579690175555,0.48537359267411473,0.34721020911551337,0.0,2,EGY,1.7176304794187238,0.039498015230387915,0.12559255283887077,0.039498015230387915,0.12559255283887077,3.36,80.0,0.07491263454100922,0.1786507934071891,0.4494758072460553,0.5359523802215673,0.37727144386795325,0.0,2,IRN,1.8966176934220982,0.03949801523038791,0.1255925528388708,0.03949801523038791,0.1255925528388708,3.65,80.0,0.09161884877008211,0.21849158188220266,0.5497130926204927,0.655474745646608,0.44667723019172145,0.0,2,NZL,2.3195810785853084,0.0394980152303879,0.12559255283887077,0.0394980152303879,0.12559255283887077
138,Kevin De Bruyne,MID,7.5,Belgium,BEL,4.37,80.0,0.2738032666789579,0.1274450350044849,1.6428196000737474,0.3823351050134547,0.34721020911551337,0.0,2,EGY,1.7176304794187238,0.15940755008703483,0.09893089076808848,0.15940755008703483,0.09893089076808848,4.61,80.0,0.30233517996013964,0.1407255583925741,1.8140110797608378,0.42217667517772234,0.37727144386795325,0.0,2,IRN,1.8966176934220982,0.15940755008703486,0.09893089076808846,0.15940755008703486,0.09893089076808846,5.18,80.0,0.36975873696552586,0.172108666734936,2.218552421793155,0.516326000204808,0.44667723019172145,0.0,2,NZL,2.3195810785853084,0.15940755008703486,0.09893089076808848,0.15940755008703486,0.09893089076808848
139,Sead Kolasinac,DEF,4.3,Bosnia and Herzegovina,BIH,2.25,80.0,0.019489804074124383,0.01851916853556042,0.1364286285188707,0.05555750560668127,0.9303045711063386,-0.8677420772919846,2,CAN,1.0759717885173734,0.01811367573213067,0.022948765922668857,0.01811367573213067,0.022948765922668857,1.76,80.0,0.01709899161069568,0.016247423843886614,0.11969294127486975,0.048742271531659845,0.698376396749349,-1.1081102629897266,2,SUI,0.9439824287217911,0.01811367573213067,0.022948765922668854,0.01811367573213067,0.022948765922668854,3.79,80.0,0.03322975832584291,0.03157484254288864,0.2326083082809004,0.09472452762866593,1.8348959985777193,-0.3694293087736891,2,QAT,1.8345121562985034,0.018113675732130675,0.022948765922668854,0.018113675732130675,0.022948765922668854
140,Amar Dedic,DEF,4.3,Bosnia and Herzegovina,BIH,2.43,80.0,0.025059701963841153,0.06490935262654675,0.17541791374688806,0.19472805787964026,0.9303045711063386,-0.8677420772919846,2,CAN,1.0759717885173734,0.023290296484791636,0.08043501179646859,0.023290296484791636,0.08043501179646859,1.92,80.0,0.021985630641364204,0.056946928342422244,0.1538994144895494,0.17084078502726674,0.698376396749349,-1.1081102629897266,2,SUI,0.9439824287217911,0.02329029648479164,0.08043501179646859,0.02329029648479164,0.08043501179646859,4.1,80.0,0.04272633202514656,0.11066925519947636,0.29908432417602593,0.3320077655984291,1.8348959985777193,-0.3694293087736891,2,QAT,1.8345121562985034,0.023290296484791636,0.08043501179646859,0.023290296484791636,0.08043501179646859
141,Tarik Muharemovic,DEF,3.9,Bosnia and Herzegovina,BIH,2.36,80.0,0.027873061822379135,0.03432704648883238,0.19511143275665394,0.10298113946649713,0.9303045711063386,-0.8677420772919846,2,CAN,1.0759717885173734,0.02590501174829741,0.042537728039794366,0.02590501174829741,0.042537728039794366,1.85,80.0,0.02445387590622432,0.03011615087048409,0.17117713134357024,0.09034845261145227,0.698376396749349,-1.1081102629897266,2,SUI,0.9439824287217911,0.025905011748297412,0.042537728039794366,0.025905011748297412,0.042537728039794366,3.97,80.0,0.047523058961307145,0.05852698439274186,0.33266141272915,0.17558095317822559,1.8348959985777193,-0.3694293087736891,2,QAT,1.8345121562985034,0.02590501174829741,0.042537728039794366,0.02590501174829741,0.042537728039794366
142,Nikola Katic,DEF,3.8,Bosnia and Herzegovina,BIH,2.39,80.0,0.029752707548372608,0.03957933926553496,0.20826895283860825,0.11873801779660488,0.9303045711063386,-0.8677420772919846,2,CAN,1.0759717885173734,0.027651940195727726,0.0490463160068202,0.027651940195727726,0.0490463160068202,1.88,80.0,0.02610294566483277,0.034724145377980936,0.1827206196538294,0.10417243613394281,0.698376396749349,-1.1081102629897266,2,SUI,0.9439824287217911,0.02765194019572772,0.04904631600682019,0.02765194019572772,0.04904631600682019,4.02,80.0,0.05072782043430172,0.06748204720212714,0.355094743040112,0.2024461416063814,1.8348959985777193,-0.3694293087736891,2,QAT,1.8345121562985034,0.02765194019572772,0.04904631600682019,0.02765194019572772,0.04904631600682019
143,Stjepan Radeljic,DEF,3.7,Bosnia and Herzegovina,BIH,0.23,25.0,0.00929772110886644,0.012368543520479676,0.06508404776206508,0.03710563056143903,0.0,-0.8677420772919846,1,CAN,1.0759717885173734,0.008641231311164914,0.015326973752131313,0.008641231311164914,0.015326973752131313,-0.02,25.0,0.008157170520260243,0.010851295430619044,0.0571001936418217,0.03255388629185713,0.0,-1.1081102629897266,1,SUI,0.9439824287217911,0.008641231311164914,0.015326973752131313,0.008641231311164914,0.015326973752131313,0.8,25.0,0.01585244388571929,0.021088139750664734,0.11096710720003503,0.0632644192519942,0.0,-0.3694293087736891,1,QAT,1.8345121562985034,0.008641231311164914,0.015326973752131313,0.008641231311164914,0.015326973752131313
144,Nihad Mujakic,DEF,3.6,Bosnia and Herzegovina,BIH,0.15,5.0,0.0011147148115069686,0.002114015424775818,0.00780300368054878,0.0063420462743274545,0.0,-0.8677420772919846,1,CAN,1.0759717885173734,0.0010360074710164852,0.0026196664848605476,0.0010360074710164852,0.0026196664848605476,-0.1,5.0,0.0009779728486640623,0.0018546893481148023,0.006845809940648436,0.005564068044344407,0.0,-1.1081102629897266,1,SUI,0.9439824287217911,0.0010360074710164852,0.002619666484860547,0.0010360074710164852,0.002619666484860547,0.65,5.0,0.0019005682995958115,0.0036043575089433322,0.01330397809717068,0.010813072526829996,0.0,-0.3694293087736891,1,QAT,1.8345121562985034,0.0010360074710164852,0.002619666484860547,0.0010360074710164852,0.002619666484860547
145,Nidal Celik,DEF,3.5,Bosnia and Herzegovina,BIH,0.15,5.0,0.001859544221773288,0.002473708704095935,0.013016809552413015,0.007421126112287805,0.0,-0.8677420772919846,1,CAN,1.0759717885173734,0.0017282462622329828,0.0030653947504262623,0.0017282462622329828,0.0030653947504262623,-0.09,5.0,0.0016314341040520482,0.0021702590861238085,0.011420038728364338,0.0065107772583714255,0.0,-1.1081102629897266,1,SUI,0.9439824287217911,0.0017282462622329824,0.003065394750426262,0.0017282462622329824,0.003065394750426262,0.67,5.0,0.0031704887771438575,0.004217627950132946,0.022193421440007,0.012652883850398838,0.0,-0.3694293087736891,1,QAT,1.8345121562985034,0.0017282462622329824,0.003065394750426262,0.0017282462622329824,0.003065394750426262
146,Ermedin Demirovic,FWD,6.2,Bosnia and Herzegovina,BIH,3.6,70.0,0.2709803036314805,0.08188138876920466,1.3549015181574027,0.245644166307614,0.0,0.0,2,CAN,1.0759717885173734,0.2518470340238898,0.10146658694094876,0.2518470340238898,0.10146658694094876,3.4,70.0,0.23773917484425108,0.07183700638097068,1.1886958742212554,0.21551101914291204,0.0,0.0,2,SUI,0.9439824287217911,0.25184703402388986,0.10146658694094876,0.25184703402388986,0.10146658694094876,4.73,70.0,0.46201644544454873,0.13960626540096713,2.3100822272227437,0.4188187962029014,0.0,0.0,2,QAT,1.8345121562985034,0.25184703402388986,0.10146658694094877,0.25184703402388986,0.10146658694094877
147,Edin Dzeko,FWD,6.1,Bosnia and Herzegovina,BIH,3.17,70.0,0.18531061449828828,0.08022548638633807,0.9265530724914415,0.2406764591590142,0.0,0.0,2,CAN,1.0759717885173734,0.17222627626104914,0.09941460949378499,0.17222627626104914,0.09941460949378499,3.02,70.0,0.1625785785546153,0.07038423339027869,0.8128928927730765,0.21115270017083607,0.0,0.0,2,SUI,0.9439824287217911,0.1722262762610491,0.099414609493785,0.1722262762610491,0.099414609493785,3.99,70.0,0.31595119743491895,0.1367829822225129,1.5797559871745948,0.4103489466675387,0.0,0.0,2,QAT,1.8345121562985034,0.1722262762610491,0.099414609493785,0.1722262762610491,0.099414609493785
148,Jovo Lukic,FWD,5.6,Bosnia and Herzegovina,BIH,1.58,35.0,0.09265530724914414,0.040112743193169036,0.46327653624572074,0.1203382295795071,0.0,0.0,1,CAN,1.0759717885173734,0.08611313813052457,0.04970730474689249,0.08611313813052457,0.04970730474689249,1.51,35.0,0.08128928927730765,0.035192116695139344,0.40644644638653826,0.10557635008541803,0.0,0.0,1,SUI,0.9439824287217911,0.08611313813052456,0.0497073047468925,0.08611313813052456,0.0497073047468925,2.0,35.0,0.15797559871745948,0.06839149111125645,0.7898779935872974,0.20517447333376934,0.0,0.0,1,QAT,1.8345121562985034,0.08611313813052456,0.0497073047468925,0.08611313813052456,0.0497073047468925
149,Haris Tabakovic,FWD,5.1,Bosnia and Herzegovina,BIH,1.16,10.0,0.027937252767669073,0.007987391601307021,0.13968626383834537,0.023962174803921064,0.0,0.0,1,CAN,1.0759717885173734,0.025964670324827924,0.00989789470510583,0.025964670324827924,0.00989789470510583,1.14,10.0,0.02451019255419168,0.007007579012218769,0.1225509627709584,0.02102273703665631,0.0,0.0,1,SUI,0.9439824287217911,0.025964670324827924,0.009897894705105832,0.025964670324827924,0.009897894705105832,1.28,10.0,0.04763250334517984,0.013618356118709431,0.23816251672589922,0.040855068356128295,0.0,0.0,1,QAT,1.8345121562985034,0.025964670324827927,0.009897894705105832,0.025964670324827927,0.009897894705105832
150,Esmir Bajraktarevic,FWD,4.7,Bosnia and Herzegovina,BIH,1.15,10.0,0.018952486773234967,0.01828779805494235,0.09476243386617483,0.05486339416482705,0.0,0.0,1,CAN,1.0759717885173734,0.017614297117724984,0.022662053968461847,0.017614297117724984,0.022662053968461847,1.13,10.0,0.016627586973417277,0.016044435558729687,0.08313793486708639,0.048133306676189064,0.0,0.0,1,SUI,0.9439824287217911,0.017614297117724987,0.022662053968461843,0.017614297117724987,0.022662053968461843,1.26,10.0,0.03231364218712018,0.031180360118876996,0.1615682109356009,0.09354108035663099,0.0,0.0,1,QAT,1.8345121562985034,0.017614297117724987,0.022662053968461843,0.017614297117724987,0.022662053968461843
151,Samed Bazdar,FWD,4.5,Bosnia and Herzegovina,BIH,1.08,5.0,0.013236472464163446,0.005730391884738434,0.06618236232081723,0.017191175654215303,0.0,0.0,1,CAN,1.0759717885173734,0.012301876875789222,0.007101043535270357,0.012301876875789222,0.007101043535270357,1.07,5.0,0.011612755611043949,0.005027445242162763,0.05806377805521974,0.015082335726488288,0.0,0.0,1,SUI,0.9439824287217911,0.012301876875789222,0.007101043535270356,0.012301876875789222,0.007101043535270356,1.14,5.0,0.02256794267392278,0.00977021301589378,0.1128397133696139,0.029310639047681337,0.0,0.0,1,QAT,1.8345121562985034,0.01230187687578922,0.007101043535270358,0.01230187687578922,0.007101043535270358
152,Kerim Alajbegovic,FWD,4.2,Bosnia and Herzegovina,BIH,1.07,5.0,0.01106731746460535,0.00421847165190384,0.05533658732302675,0.012655414955711519,0.0,0.0,1,CAN,1.0759717885173734,0.01028588071054862,0.005227487308896389,0.01028588071054862,0.005227487308896389,1.06,5.0,0.009709690654686309,0.003700992124473265,0.04854845327343155,0.011102976373419796,0.0,0.0,1,SUI,0.9439824287217911,0.01028588071054862,0.00522748730889639,0.01028588071054862,0.00522748730889639,1.12,5.0,0.018869573201737735,0.007192416761299933,0.09434786600868868,0.0215772502838998,0.0,0.0,1,QAT,1.8345121562985034,0.010285880710548622,0.00522748730889639,0.010285880710548622,0.00522748730889639
153,Nikola Vasilj,GK,4.0,Bosnia and Herzegovina,BIH,2.06,90.0,0.0,0.0,0.0,0.0,0.9303045711063386,-0.8677420772919846,2,CAN,1.0759717885173734,0.0,0.0,0.0,0.0,1.59,90.0,0.0,0.0,0.0,0.0,0.698376396749349,-1.1081102629897266,2,SUI,0.9439824287217911,0.0,0.0,0.0,0.0,3.47,90.0,0.0,0.0,0.0,0.0,1.8348959985777193,-0.3694293087736891,2,QAT,1.8345121562985034,0.0,0.0,0.0,0.0
154,Osman Hadzikic,GK,3.6,Bosnia and Herzegovina,BIH,0.13,5.0,0.0,0.0,0.0,0.0,0.0,-0.8677420772919846,1,CAN,1.0759717885173734,0.0,0.0,0.0,0.0,-0.11,5.0,0.0,0.0,0.0,0.0,0.0,-1.1081102629897266,1,SUI,0.9439824287217911,0.0,0.0,0.0,0.0,0.63,5.0,0.0,0.0,0.0,0.0,0.0,-0.3694293087736891,1,QAT,1.8345121562985034,0.0,0.0,0.0,0.0
155,Martin Zlomislic,GK,3.5,Bosnia and Herzegovina,BIH,0.13,5.0,0.0,0.0,0.0,0.0,0.0,-0.8677420772919846,1,CAN,1.0759717885173734,0.0,0.0,0.0,0.0,-0.11,5.0,0.0,0.0,0.0,0.0,0.0,-1.1081102629897266,1,SUI,0.9439824287217911,0.0,0.0,0.0,0.0,0.63,5.0,0.0,0.0,0.0,0.0,0.0,-0.3694293087736891,1,QAT,1.8345121562985034,0.0,0.0,0.0,0.0
156,Amar Memic,MID,4.7,Bosnia and Herzegovina,BIH,1.09,10.0,0.007454202687005726,0.013772865384590003,0.04472521612203435,0.04131859615377001,0.0,0.0,1,CAN,1.0759717885173734,0.006927879305531964,0.01706719517069397,0.006927879305531964,0.01706719517069397,1.08,10.0,0.006539796332727498,0.012083349261525387,0.039238777996364986,0.03625004778457616,0.0,0.0,1,SUI,0.9439824287217911,0.006927879305531963,0.01706719517069397,0.006927879305531963,0.01706719517069397,1.15,10.0,0.012709278803367221,0.0234824827609179,0.07625567282020332,0.0704474482827537,0.0,0.0,1,QAT,1.8345121562985034,0.006927879305531964,0.01706719517069397,0.006927879305531964,0.01706719517069397
157,Dzenis Burnic,MID,4.9,Bosnia and Herzegovina,BIH,1.34,35.0,0.03845097297688525,0.036081218734474514,0.23070583786131152,0.10824365620342355,0.0,0.0,1,CAN,1.0759717885173734,0.03573604195502975,0.044711480504759746,0.03573604195502975,0.044711480504759746,1.3,35.0,0.0337341956776128,0.03165513896897258,0.20240517406567682,0.09496541690691775,0.0,0.0,1,SUI,0.9439824287217911,0.035736041955029746,0.04471148050475974,0.035736041955029746,0.04471148050475974,1.58,35.0,0.0655582033844954,0.061517815884063964,0.3933492203069724,0.1845534476521919,0.0,0.0,1,QAT,1.8345121562985034,0.035736041955029746,0.04471148050475974,0.035736041955029746,0.04471148050475974
158,Ivan Sunjic,MID,5.1,Bosnia and Herzegovina,BIH,2.91,75.0,0.08239494209332553,0.07731689728815966,0.49436965255995313,0.23195069186447898,0.18606091422126772,0.0,2,CAN,1.0759717885173734,0.07657723276077802,0.09581031536734229,0.07657723276077802,0.09581031536734229,2.78,75.0,0.07228756216631314,0.06783244064779839,0.43372537299787883,0.20349732194339518,0.1396752793498698,0.0,2,SUI,0.9439824287217911,0.07657723276077802,0.0958103153673423,0.07657723276077802,0.0958103153673423,3.61,75.0,0.14048186439534727,0.13182389118013707,0.8428911863720836,0.39547167354041124,0.3669791997155439,0.0,2,QAT,1.8345121562985034,0.076577232760778,0.0958103153673423,0.076577232760778,0.0958103153673423
159,Armin Gigovic,MID,5.1,Bosnia and Herzegovina,BIH,2.66,75.0,0.03723707360031001,0.08500072038905414,0.2234224416018601,0.2550021611671624,0.18606091422126772,0.0,2,CAN,1.0759717885173734,0.03460785310330537,0.1053320310639745,0.03460785310330537,0.1053320310639745,2.56,75.0,0.03266920522530518,0.07457368987947735,0.19601523135183108,0.22372106963843205,0.1396752793498698,0.0,2,SUI,0.9439824287217911,0.03460785310330537,0.10533203106397451,0.03460785310330537,0.10533203106397451,3.18,75.0,0.06348852722140659,0.14492466857585462,0.38093116332843957,0.43477400572756386,0.3669791997155439,0.0,2,QAT,1.8345121562985034,0.03460785310330537,0.10533203106397451,0.03460785310330537,0.10533203106397451
160,Ivan Basic,MID,5.1,Bosnia and Herzegovina,BIH,1.34,35.0,0.03845097297688525,0.036081218734474514,0.23070583786131152,0.10824365620342355,0.0,0.0,1,CAN,1.0759717885173734,0.03573604195502975,0.044711480504759746,0.03573604195502975,0.044711480504759746,1.3,35.0,0.0337341956776128,0.03165513896897258,0.20240517406567682,0.09496541690691775,0.0,0.0,1,SUI,0.9439824287217911,0.035736041955029746,0.04471148050475974,0.035736041955029746,0.04471148050475974,1.58,35.0,0.0655582033844954,0.061517815884063964,0.3933492203069724,0.1845534476521919,0.0,0.0,1,QAT,1.8345121562985034,0.035736041955029746,0.04471148050475974,0.035736041955029746,0.04471148050475974
161,Benjamin Tahirovic,MID,5.3,Bosnia and Herzegovina,BIH,2.91,75.0,0.08239494209332553,0.07731689728815966,0.49436965255995313,0.23195069186447898,0.18606091422126772,0.0,2,CAN,1.0759717885173734,0.07657723276077802,0.09581031536734229,0.07657723276077802,0.09581031536734229,2.78,75.0,0.07228756216631314,0.06783244064779839,0.43372537299787883,0.20349732194339518,0.1396752793498698,0.0,2,SUI,0.9439824287217911,0.07657723276077802,0.0958103153673423,0.07657723276077802,0.0958103153673423,3.61,75.0,0.14048186439534727,0.13182389118013707,0.8428911863720836,0.39547167354041124,0.3669791997155439,0.0,2,QAT,1.8345121562985034,0.076577232760778,0.0958103153673423,0.076577232760778,0.0958103153673423
162,Amir Hadziahmetovic,MID,5.5,Bosnia and Herzegovina,BIH,2.5,75.0,0.029156512697224655,0.04667161412151591,0.17493907618334792,0.14001484236454773,0.18606091422126772,0.0,2,CAN,1.0759717885173734,0.02709784123373777,0.0578349911148094,0.02709784123373777,0.0578349911148094,2.42,75.0,0.025579885980941276,0.04094641153324574,0.15347931588564767,0.12283923459973722,0.1396752793498698,0.0,2,SUI,0.9439824287217911,0.02709784123373777,0.05783499111480941,0.02709784123373777,0.05783499111480941,2.9,75.0,0.04971131915273877,0.07957424569465034,0.2982679149164326,0.23872273708395103,0.3669791997155439,0.0,2,QAT,1.8345121562985034,0.027097841233737766,0.0578349911148094,0.027097841233737766,0.0578349911148094
164,Gabriel Magalhães,DEF,5.5,Brazil,BRA,4.14,85.0,0.05331223779019434,0.11511973363622224,0.3731856645313604,0.34535920090866673,1.7989539082775936,-0.3820233601956359,2,MAR,1.7915681496511793,0.02975730384611621,0.08567521040799646,0.02975730384611621,0.08567521040799646,5.63,85.0,0.08393447191944726,0.18124382788600485,0.5875413034361309,0.5437314836580145,2.6603162230020767,-0.16305616047882532,2,HAI,2.8206343005232317,0.029757303846116207,0.08567521040799646,0.029757303846116207,0.08567521040799646,4.47,85.0,0.05990145359417599,0.1293481509690522,0.41931017515923197,0.3880444529071566,1.9818530402377856,-0.321776234528862,2,SCO,2.013000031990266,0.02975730384611621,0.08567521040799644,0.02975730384611621,0.08567521040799644
165,Marquinhos,DEF,5.2,Brazil,BRA,3.73,85.0,0.028889124994510327,0.037587055207577984,0.2022238749615723,0.11276116562273394,1.7989539082775936,-0.3820233601956359,2,MAR,1.7915681496511793,0.01612504944349177,0.027973300161571662,0.01612504944349177,0.027973300161571662,4.99,85.0,0.04548286755794594,0.059176837450920824,0.3183800729056216,0.17753051235276246,2.6603162230020767,-0.16305616047882532,2,HAI,2.8206343005232317,0.016125049443491773,0.027973300161571665,0.016125049443491773,0.027973300161571665,4.01,85.0,0.03245972504559355,0.042232690590087794,0.22721807531915486,0.12669807177026338,1.9818530402377856,-0.321776234528862,2,SCO,2.013000031990266,0.01612504944349177,0.027973300161571662,0.01612504944349177,0.027973300161571662
166,Ibañez,DEF,4.4,Brazil,BRA,0.75,25.0,0.011238377320081245,0.019432049833882855,0.07866864124056872,0.05829614950164856,0.0,-0.3820233601956359,1,MAR,1.7915681496511793,0.006272927614988787,0.014461855544571424,0.006272927614988787,0.014461855544571424,1.05,25.0,0.017693634795536758,0.030593704348672684,0.1238554435687573,0.09178111304601805,0.0,-0.16305616047882532,1,HAI,2.8206343005232317,0.006272927614988786,0.014461855544571425,0.006272927614988786,0.014461855544571425,0.83,25.0,0.012627403489645047,0.02183378675539566,0.08839182442751534,0.06550136026618698,0.0,-0.321776234528862,1,SCO,2.013000031990266,0.006272927614988786,0.014461855544571425,0.006272927614988786,0.014461855544571425
167,Danilo,DEF,4.3,Brazil,BRA,0.76,25.0,0.01181048098520447,0.019916326990307535,0.08267336689643129,0.059748980970922606,0.0,-0.3820233601956359,1,MAR,1.7915681496511793,0.006592258847370102,0.01482226766473477,0.006592258847370102,0.01482226766473477,1.06,25.0,0.018594351422819854,0.03135614744001546,0.130160459959739,0.09406844232004638,0.0,-0.16305616047882532,1,HAI,2.8206343005232317,0.006592258847370102,0.014822267664734773,0.006592258847370102,0.014822267664734773,0.84,25.0,0.01327021727064413,0.022377918962459532,0.0928915208945089,0.0671337568873786,0.0,-0.321776234528862,1,SCO,2.013000031990266,0.006592258847370102,0.01482226766473477,0.006592258847370102,0.01482226766473477
168,Douglas Santos,DEF,4.3,Brazil,BRA,0.68,10.0,0.005218753918119808,0.00950602097991446,0.036531277426838656,0.028518062939743384,0.0,-0.3820233601956359,1,MAR,1.7915681496511793,0.002912953056871382,0.007074637178805466,0.002912953056871382,0.007074637178805466,0.94,10.0,0.00821637530802542,0.014966223217721702,0.057514627156177944,0.04489866965316511,0.0,-0.16305616047882532,1,HAI,2.8206343005232317,0.0029129530568713824,0.007074637178805465,0.0029129530568713824,0.007074637178805465,0.75,10.0,0.005863774596668235,0.010680933650441192,0.041046422176677644,0.03204280095132358,0.0,-0.321776234528862,1,SCO,2.013000031990266,0.0029129530568713824,0.007074637178805464,0.0029129530568713824,0.007074637178805464
169,Bremer,DEF,4.3,Brazil,BRA,0.66,5.0,0.0037924494008801635,0.006020611415159112,0.026547145806161146,0.01806183424547734,0.0,-0.3820233601956359,1,MAR,1.7915681496511793,0.002116832341331006,0.004480701383557069,0.002116832341331006,0.004480701383557069,0.91,5.0,0.005970809910415136,0.009478815009647229,0.04179566937290595,0.028436445028941687,0.0,-0.16305616047882532,1,HAI,2.8206343005232317,0.002116832341331006,0.00448070138355707,0.002116832341331006,0.00448070138355707,0.73,5.0,0.004261183570817344,0.006764739021329407,0.029828284995721408,0.02029421706398822,0.0,-0.321776234528862,1,SCO,2.013000031990266,0.0021168323413310055,0.00448070138355707,0.0021168323413310055,0.00448070138355707
170,Léo Pereira,DEF,4.2,Brazil,BRA,0.65,5.0,0.003072533441867266,0.0021489399984518263,0.02150773409307086,0.006446819995355479,0.0,-0.3820233601956359,1,MAR,1.7915681496511793,0.0017149966873799874,0.0015992991010846953,0.0017149966873799874,0.0015992991010846953,0.88,5.0,0.00483737848170771,0.0033832784259865975,0.03386164937195397,0.010149835277959793,0.0,-0.16305616047882532,1,HAI,2.8206343005232317,0.0017149966873799872,0.0015992991010846955,0.0017149966873799872,0.0015992991010846955,0.71,5.0,0.0034522883865591146,0.0024145418562341214,0.0241660187059138,0.007243625568702365,0.0,-0.321776234528862,1,SCO,2.013000031990266,0.0017149966873799874,0.0015992991010846955,0.0017149966873799874,0.0015992991010846955
173,Vinícius Júnior,MID,10.0,Brazil,BRA,4.4,83.0,0.25715862107553855,0.16494387457228085,1.5429517264532313,0.49483162371684253,0.3597907816555187,0.0,2,MAR,1.7915681496511793,0.1435382857892443,0.12275567978767327,0.1435382857892443,0.12275567978767327,5.74,83.0,0.4048690123354488,0.2596866607448682,2.429214074012693,0.7790599822346045,0.5320632446004153,0.0,2,HAI,2.8206343005232317,0.1435382857892443,0.12275567978767325,0.1435382857892443,0.12275567978767325,4.69,83.0,0.2889425738855767,0.18533039050467978,1.7336554433134603,0.5559911715140393,0.39637060804755714,0.0,2,SCO,2.013000031990266,0.1435382857892443,0.12275567978767324,0.1435382857892443,0.12275567978767324
174,Matheus Cunha,FWD,7.3,Brazil,BRA,3.49,75.0,0.2442824487432813,0.0898313832877035,1.2214122437164066,0.2694941498631105,0.0,0.0,2,MAR,1.7915681496511793,0.13635118976123986,0.0668549380832978,0.13635118976123986,0.0668549380832978,4.35,75.0,0.3845968427577052,0.14142999863783,1.922984213788526,0.42428999591349004,0.0,0.0,2,HAI,2.8206343005232317,0.13635118976123986,0.0668549380832978,0.13635118976123986,0.0668549380832978,3.68,75.0,0.2744749493512867,0.10093424437528929,1.3723747467564333,0.30280273312586786,0.0,0.0,2,SCO,2.013000031990266,0.1363511897612399,0.0668549380832978,0.1363511897612399,0.0668549380832978
176,Gabriel Martinelli,MID,6.5,Brazil,BRA,1.17,10.0,0.010356610559028536,0.03718234119016901,0.06213966335417122,0.11154702357050704,0.0,0.0,1,MAR,1.7915681496511793,0.005780751662193248,0.02767210107518263,0.005780751662193248,0.02767210107518263,1.27,10.0,0.01630538642118896,0.05853965809515445,0.09783231852713375,0.17561897428546336,0.0,0.0,1,HAI,2.8206343005232317,0.005780751662193248,0.027672101075182632,0.005780751662193248,0.027672101075182632,1.2,10.0,0.011636653280922792,0.04177795526218537,0.06981991968553675,0.12533386578655611,0.0,0.0,1,SCO,2.013000031990266,0.005780751662193249,0.027672101075182625,0.005780751662193249,0.027672101075182625
177,Luiz Henrique,FWD,6.1,Brazil,BRA,2.7,70.0,0.07611658721907472,0.10680844115539408,0.3805829360953736,0.32042532346618224,0.0,0.0,2,MAR,1.7915681496511793,0.04248601273353443,0.07948972239855148,0.04248601273353443,0.07948972239855148,3.1,70.0,0.119837504808674,0.16815857815231808,0.59918752404337,0.5044757344569543,0.0,0.0,2,HAI,2.8206343005232317,0.04248601273353443,0.07948972239855147,0.04248601273353443,0.07948972239855147,2.79,70.0,0.08552434499174363,0.1200096102983861,0.4276217249587182,0.3600288308951583,0.0,0.0,2,SCO,2.013000031990266,0.042486012733534424,0.07948972239855147,0.042486012733534424,0.07948972239855147
178,Igor Thiago,FWD,5.9,Brazil,BRA,1.27,10.0,0.04933195465462279,0.0076498931145159805,0.24665977327311395,0.02294967934354794,0.0,0.0,1,MAR,1.7915681496511793,0.027535628306535696,0.005693256763917819,0.027535628306535696,0.005693256763917819,1.42,10.0,0.077667937687873,0.01204394648249437,0.388339688439365,0.03613183944748311,0.0,0.0,1,HAI,2.8206343005232317,0.027535628306535692,0.005693256763917819,0.027535628306535692,0.005693256763917819,1.3,10.0,0.05542922066192843,0.008595394535921525,0.2771461033096422,0.025786183607764575,0.0,0.0,1,SCO,2.013000031990266,0.0275356283065357,0.0056932567639178195,0.0275356283065357,0.0056932567639178195
179,Rayan,FWD,5.6,Brazil,BRA,1.25,10.0,0.036062860142615,0.021714673250343895,0.180314300713075,0.06514401975103168,0.0,0.0,1,MAR,1.7915681496511793,0.02012921481643692,0.016160645450613957,0.02012921481643692,0.016160645450613957,1.39,10.0,0.05677715375384243,0.03418745315744733,0.2838857687692121,0.10256235947234199,0.0,0.0,1,HAI,2.8206343005232317,0.02012921481643692,0.016160645450613957,0.02012921481643692,0.016160645450613957,1.28,10.0,0.040520110069426456,0.024398534856801928,0.20260055034713229,0.07319560457040578,0.0,0.0,1,SCO,2.013000031990266,0.02012921481643692,0.016160645450613957,0.02012921481643692,0.016160645450613957
181,Endrick,FWD,5.5,Brazil,BRA,1.65,20.0,0.061904914928780023,0.11287729568232285,0.3095245746439001,0.33863188704696856,0.0,0.0,1,MAR,1.7915681496511793,0.03455348039137277,0.08400632760694421,0.03455348039137277,0.08400632760694421,2.02,20.0,0.09746273199436295,0.17771334683185389,0.48731365997181475,0.5331400404955616,0.0,0.0,1,HAI,2.8206343005232317,0.03455348039137277,0.0840063276069442,0.03455348039137277,0.0840063276069442,1.73,20.0,0.06955615713320842,0.1268285551201226,0.3477807856660421,0.38048566536036776,0.0,0.0,1,SCO,2.013000031990266,0.03455348039137278,0.08400632760694421,0.03455348039137278,0.08400632760694421
182,Ederson,GK,5.0,Brazil,BRA,3.42,90.0,0.0,0.0,0.0,0.0,1.7989539082775936,-0.3820233601956359,2,MAR,1.7915681496511793,0.0,0.0,0.0,0.0,4.5,90.0,0.0,0.0,0.0,0.0,2.6603162230020767,-0.16305616047882532,2,HAI,2.8206343005232317,0.0,0.0,0.0,0.0,3.66,90.0,0.0,0.0,0.0,0.0,1.9818530402377856,-0.321776234528862,2,SCO,2.013000031990266,0.0,0.0,0.0,0.0
183,Alisson Becker,GK,5.0,Brazil,BRA,0.62,5.0,0.0,0.0,0.0,0.0,0.0,-0.3820233601956359,1,MAR,1.7915681496511793,0.0,0.0,0.0,0.0,0.84,5.0,0.0,0.0,0.0,0.0,0.0,-0.16305616047882532,1,HAI,2.8206343005232317,0.0,0.0,0.0,0.0,0.68,5.0,0.0,0.0,0.0,0.0,0.0,-0.321776234528862,1,SCO,2.013000031990266,0.0,0.0,0.0,0.0
186,Fabinho,MID,5.2,Brazil,BRA,1.04,5.0,0.003170019518920431,0.006312819186185293,0.019020117113522587,0.018938457558555877,0.0,0.0,1,MAR,1.7915681496511793,0.001769410513095825,0.004698170287234608,0.001769410513095825,0.004698170287234608,1.06,5.0,0.004990859984944494,0.009938865196404764,0.029945159909666966,0.02981659558921429,0.0,0.0,1,HAI,2.8206343005232317,0.0017694105130958248,0.004698170287234607,0.0017694105130958248,0.004698170287234607,1.04,5.0,0.0035618234194658084,0.007093062703874236,0.02137094051679485,0.02127918811162271,0.0,0.0,1,SCO,2.013000031990266,0.001769410513095825,0.004698170287234607,0.001769410513095825,0.004698170287234607
187,Danilo,MID,5.6,Brazil,BRA,1.08,10.0,0.008417650638983094,0.01050939934362362,0.050505903833898566,0.03152819803087086,0.0,0.0,1,MAR,1.7915681496511793,0.0046984819643182555,0.007821378416943327,0.0046984819643182555,0.007821378416943327,1.13,10.0,0.013252699388945842,0.01654593618015183,0.07951619633367506,0.04963780854045549,0.0,0.0,1,HAI,2.8206343005232317,0.0046984819643182555,0.007821378416943326,0.0046984819643182555,0.007821378416943326,1.09,10.0,0.009458044344478335,0.011808326252636168,0.056748266066870015,0.0354249787579085,0.0,0.0,1,SCO,2.013000031990266,0.0046984819643182555,0.007821378416943327,0.0046984819643182555,0.007821378416943327
188,Casemiro,MID,6.3,Brazil,BRA,3.76,80.0,0.18341865340533997,0.10055180761976137,1.10051192043204,0.30165542285928415,0.3597907816555187,0.0,2,MAR,1.7915681496511793,0.10237883132776826,0.07483336698771516,0.10237883132776826,0.07483336698771516,4.74,80.0,0.28877324329058557,0.15830817131189423,1.7326394597435133,0.4749245139356827,0.5320632446004153,0.0,2,HAI,2.8206343005232317,0.10237883132776826,0.07483336698771517,0.10237883132776826,0.07483336698771517,3.97,80.0,0.20608859073792352,0.11297967760515747,1.236531544427541,0.3389390328154724,0.39637060804755714,0.0,2,SCO,2.013000031990266,0.10237883132776825,0.07483336698771519,0.10237883132776825,0.07483336698771519
190,Lucas Paquetá,MID,6.5,Brazil,BRA,1.37,25.0,0.04684272825863625,0.02905577014678131,0.2810563695518175,0.08716731044034393,0.0,0.0,1,MAR,1.7915681496511793,0.02614621624511275,0.021624087741188083,0.02614621624511275,0.021624087741188083,1.58,25.0,0.07374891436986276,0.04574523270023928,0.4424934862191766,0.13723569810071784,0.0,0.0,1,HAI,2.8206343005232317,0.026146216245112753,0.021624087741188083,0.026146216245112753,0.021624087741188083,1.41,25.0,0.05263233413783638,0.03264696698607894,0.31579400482701825,0.09794090095823682,0.0,0.0,1,SCO,2.013000031990266,0.02614621624511275,0.02162408774118808,0.02614621624511275,0.02162408774118808
195,João Paulo,MID,4.6,Cabo Verde,CPV,1.03,10.0,0.003319957173307115,0.002942196460147446,0.01991974303984269,0.008826589380442338,0.0,0.0,1,ESP,0.5211264005467183,0.00637073303103454,0.0075277871345883615,0.00637073303103454,0.0075277871345883615,1.04,10.0,0.004661059999918744,0.004130702149580766,0.027966359999512462,0.012392106448742298,0.0,0.0,1,URU,0.7316363717036556,0.006370733031034541,0.007527787134588362,0.006370733031034541,0.007527787134588362,1.07,10.0,0.008293805324534307,0.007350096219069377,0.04976283194720584,0.02205028865720813,0.0,0.0,1,KSA,1.3018604427672085,0.00637073303103454,0.007527787134588363,0.00637073303103454,0.007527787134588363
196,Yannick Semedo,MID,4.7,Cabo Verde,CPV,1.19,35.0,0.02146409011798303,0.019120273319372598,0.1287845407078982,0.057360819958117794,0.0,0.0,1,ESP,0.5211264005467183,0.041187877059125896,0.0489203727395461,0.041187877059125896,0.0489203727395461,1.26,35.0,0.030134548929715104,0.02684394301016395,0.18080729357829062,0.08053182903049186,0.0,0.0,1,URU,0.7316363717036556,0.041187877059125896,0.0489203727395461,0.041187877059125896,0.0489203727395461,1.47,35.0,0.053620867864834984,0.04776562358628177,0.3217252071890099,0.1432968707588453,0.0,0.0,1,KSA,1.3018604427672085,0.041187877059125896,0.0489203727395461,0.041187877059125896,0.0489203727395461
198,Kevin Pina,MID,4.7,Cabo Verde,CPV,1.05,10.0,0.00613259717656658,0.005462935234106457,0.03679558305939948,0.01638880570231937,0.0,0.0,1,ESP,0.5211264005467183,0.01176796487403597,0.01397724935415603,0.01176796487403597,0.01397724935415603,1.07,10.0,0.008609871122775743,0.007669698002903986,0.051659226736654455,0.02300909400871196,0.0,0.0,1,URU,0.7316363717036556,0.01176796487403597,0.01397724935415603,0.01176796487403597,0.01397724935415603,1.13,10.0,0.015320247961381423,0.013647321024651935,0.09192148776828854,0.040941963073955805,0.0,0.0,1,KSA,1.3018604427672085,0.01176796487403597,0.013977249354156028,0.01176796487403597,0.013977249354156028
199,Steven Moreira,DEF,3.9,Cabo Verde,CPV,-0.54,80.0,0.012762236445401604,0.01785592538091622,0.08933565511781123,0.05356777614274866,0.11495657943312959,-2.7956300203838675,2,ESP,0.5211264005467183,0.024489713881339786,0.04568546226579811,0.024489713881339786,0.04568546226579811,1.0,80.0,0.01791756540820409,0.0250688593888146,0.12542295785742863,0.0752065781664438,0.40012569006755366,-1.6054396065112708,2,URU,0.7316363717036556,0.024489713881339786,0.04568546226579811,0.024489713881339786,0.04568546226579811,3.06,80.0,0.031882189756803264,0.0446070721000324,0.22317532829762285,0.1338212163000972,1.3034163182915899,-0.6051324214667159,2,KSA,1.3018604427672085,0.024489713881339786,0.04568546226579811,0.024489713881339786,0.04568546226579811
200,Wagner Pina,DEF,3.8,Cabo Verde,CPV,-0.48,80.0,0.009956092059119263,0.04219957945021358,0.06969264441383484,0.12659873835064075,0.11495657943312959,-2.7956300203838675,2,ESP,0.5211264005467183,0.01910494660925687,0.10797016976032847,0.01910494660925687,0.10797016976032847,1.07,80.0,0.013977873818788752,0.05924617744175586,0.09784511673152127,0.17773853232526757,0.40012569006755366,-1.6054396065112708,2,URU,0.7316363717036556,0.01910494660925687,0.10797016976032846,0.01910494660925687,0.10797016976032846,3.19,80.0,0.024871974251771026,0.10542156975737392,0.1741038197623972,0.31626470927212175,1.3034163182915899,-0.6051324214667159,2,KSA,1.3018604427672085,0.01910494660925687,0.10797016976032847,0.01910494660925687,0.10797016976032847
201,Pico,DEF,3.7,Cabo Verde,CPV,-0.5,80.0,0.016608547108968245,0.020974008392741335,0.11625982976277771,0.06292202517822401,0.11495657943312959,-2.7956300203838675,2,ESP,0.5211264005467183,0.03187047728064452,0.053663265753407276,0.03187047728064452,0.053663265753407276,1.05,80.0,0.023317600362074548,0.029446497787193954,0.16322320253452183,0.08833949336158187,0.40012569006755366,-1.6054396065112708,2,URU,0.7316363717036556,0.03187047728064452,0.053663265753407276,0.03187047728064452,0.053663265753407276,3.15,80.0,0.04149091366378214,0.052396562185548876,0.29043639564647494,0.1571896865566466,1.3034163182915899,-0.6051324214667159,2,KSA,1.3018604427672085,0.03187047728064452,0.05366326575340727,0.03187047728064452,0.05366326575340727
202,Kelvin Pires,DEF,3.6,Cabo Verde,CPV,-0.5,80.0,0.016608547108968245,0.020974008392741335,0.11625982976277771,0.06292202517822401,0.11495657943312959,-2.7956300203838675,2,ESP,0.5211264005467183,0.03187047728064452,0.053663265753407276,0.03187047728064452,0.053663265753407276,1.05,80.0,0.023317600362074548,0.029446497787193954,0.16322320253452183,0.08833949336158187,0.40012569006755366,-1.6054396065112708,2,URU,0.7316363717036556,0.03187047728064452,0.053663265753407276,0.03187047728064452,0.053663265753407276,3.15,80.0,0.04149091366378214,0.052396562185548876,0.29043639564647494,0.1571896865566466,1.3034163182915899,-0.6051324214667159,2,KSA,1.3018604427672085,0.03187047728064452,0.05366326575340727,0.03187047728064452,0.05366326575340727
203,Sidny Cabral,DEF,3.5,Cabo Verde,CPV,-1.68,25.0,0.011061730432703414,0.011162015872306683,0.07743211302892389,0.03348604761692005,0.0,-2.7956300203838675,1,ESP,0.5211264005467183,0.021226578467524296,0.028558690970422306,0.021226578467524296,0.028558690970422306,-0.45,25.0,0.015530136853662418,0.015670932781654295,0.10871095797563693,0.047012798344962886,0.0,-1.6054396065112708,1,URU,0.7316363717036556,0.021226578467524296,0.028558690970422303,0.021226578467524296,0.028558690970422303,0.67,25.0,0.027634042842164072,0.027884572553704395,0.1934382998951485,0.08365371766111318,0.0,-0.6051324214667159,1,KSA,1.3018604427672085,0.021226578467524296,0.028558690970422303,0.021226578467524296,0.028558690970422303
205,Diney,DEF,3.5,Cabo Verde,CPV,-1.74,25.0,0.005190170971552576,0.006554377622731668,0.036331196800868035,0.019663132868195002,0.0,-2.7956300203838675,1,ESP,0.5211264005467183,0.009959524150201413,0.016769770547939773,0.009959524150201413,0.016769770547939773,-0.53,25.0,0.007286750113148296,0.00920203055849811,0.05100725079203807,0.027606091675494333,0.0,-1.6054396065112708,1,URU,0.7316363717036556,0.009959524150201415,0.016769770547939773,0.009959524150201415,0.016769770547939773,0.53,25.0,0.012965910519931918,0.016373925682984028,0.09076137363952343,0.049121777048952084,0.0,-0.6051324214667159,1,KSA,1.3018604427672085,0.009959524150201413,0.016769770547939777,0.009959524150201413,0.016769770547939777
206,Ryan Mendes,FWD,4.9,Cabo Verde,CPV,2.64,70.0,0.10344403330966827,0.04251334297144356,0.5172201665483414,0.1275400289143307,0.0,0.0,2,ESP,0.5211264005467183,0.19850084970008086,0.10877295265753166,0.19850084970008086,0.10877295265753166,2.91,70.0,0.14523044145465983,0.059686686316387474,0.7261522072732991,0.17906005894916244,0.0,0.0,2,URU,0.7316363717036556,0.19850084970008086,0.10877295265753165,0.19850084970008086,0.10877295265753165,3.61,70.0,0.2584204040802144,0.10620540323087309,1.2921020204010718,0.3186162096926193,0.0,0.0,2,KSA,1.3018604427672085,0.19850084970008086,0.10877295265753166,0.19850084970008086,0.10877295265753166
207,Jovane Cabral,FWD,4.9,Cabo Verde,CPV,2.47,70.0,0.08378155609676884,0.016781571748914943,0.4189077804838442,0.05034471524674483,0.0,0.0,2,ESP,0.5211264005467183,0.1607701241174365,0.042936663686735106,0.1607701241174365,0.042936663686735106,2.66,70.0,0.1176252702876276,0.023560518624617232,0.5881263514381381,0.07068155587385169,0.0,0.0,2,URU,0.7316363717036556,0.1607701241174365,0.0429366636867351,0.1607701241174365,0.0429366636867351,3.17,70.0,0.20930026496726495,0.041923157998619766,1.0465013248363246,0.1257694739958593,0.0,0.0,2,KSA,1.3018604427672085,0.1607701241174365,0.042936663686735106,0.1607701241174365,0.042936663686735106
208,Dailon Livramento,FWD,4.9,Cabo Verde,CPV,1.08,35.0,0.009162507411759517,0.013015972055905687,0.045812537058797585,0.039047916167717064,0.0,0.0,1,ESP,0.5211264005467183,0.017582120963641545,0.033302149708146336,0.017582120963641545,0.033302149708146336,1.12,35.0,0.012863719188693482,0.018273797986800108,0.06431859594346741,0.054821393960400325,0.0,0.0,1,URU,0.7316363717036556,0.017582120963641548,0.03330214970814634,0.017582120963641548,0.03330214970814634,1.21,35.0,0.022889467782513002,0.03251606352311045,0.114447338912565,0.09754819056933134,0.0,0.0,1,KSA,1.3018604427672085,0.017582120963641548,0.03330214970814634,0.017582120963641548,0.03330214970814634
209,Nuno da Costa,FWD,4.7,Cabo Verde,CPV,1.06,10.0,0.009668474777731742,0.003595496668303887,0.04834237388865871,0.01078649000491166,0.0,0.0,1,ESP,0.5211264005467183,0.018553031985308093,0.009199295128224348,0.018553031985308093,0.009199295128224348,1.08,10.0,0.01357407300583268,0.005047904182383882,0.06787036502916341,0.015143712547151647,0.0,0.0,1,URU,0.7316363717036556,0.01855303198530809,0.009199295128224346,0.01855303198530809,0.009199295128224346,1.15,10.0,0.024153458435067374,0.00898214882158228,0.12076729217533687,0.02694644646474684,0.0,0.0,1,KSA,1.3018604427672085,0.018553031985308093,0.009199295128224348,0.018553031985308093,0.009199295128224348
210,Garry Rodrigues,FWD,4.7,Cabo Verde,CPV,1.09,10.0,0.014777719044238323,0.006073334710206222,0.07388859522119162,0.018220004130618667,0.0,0.0,1,ESP,0.5211264005467183,0.02835726424286869,0.015538993236790234,0.02835726424286869,0.015538993236790234,1.13,10.0,0.02074720592209426,0.00852666947376964,0.10373602961047129,0.02558000842130892,0.0,0.0,1,URU,0.7316363717036556,0.02835726424286869,0.015538993236790238,0.02835726424286869,0.015538993236790238,1.23,10.0,0.03691720058288776,0.015172200461553298,0.18458600291443883,0.04551660138465989,0.0,0.0,1,KSA,1.3018604427672085,0.02835726424286869,0.015538993236790238,0.02835726424286869,0.015538993236790238
211,Willy Semedo,FWD,4.5,Cabo Verde,CPV,1.05,5.0,0.0073888595221191615,0.003036667355103111,0.03694429761059581,0.009110002065309333,0.0,0.0,1,ESP,0.5211264005467183,0.014178632121434345,0.007769496618395117,0.014178632121434345,0.007769496618395117,1.06,5.0,0.01037360296104713,0.00426333473688482,0.051868014805235646,0.01279000421065446,0.0,0.0,1,URU,0.7316363717036556,0.014178632121434345,0.007769496618395119,0.014178632121434345,0.007769496618395119,1.12,5.0,0.01845860029144388,0.007586100230776649,0.09229300145721941,0.022758300692329946,0.0,0.0,1,KSA,1.3018604427672085,0.014178632121434345,0.007769496618395119,0.014178632121434345,0.007769496618395119
214,Vozinha,GK,3.9,Cabo Verde,CPV,-0.68,90.0,0.0,0.0,0.0,0.0,0.11495657943312959,-2.7956300203838675,2,ESP,0.5211264005467183,0.0,0.0,0.0,0.0,0.79,90.0,0.0,0.0,0.0,0.0,0.40012569006755366,-1.6054396065112708,2,URU,0.7316363717036556,0.0,0.0,0.0,0.0,2.7,90.0,0.0,0.0,0.0,0.0,1.3034163182915899,-0.6051324214667159,2,KSA,1.3018604427672085,0.0,0.0,0.0,0.0
215,CJ dos Santos,GK,3.6,Cabo Verde,CPV,-1.8,5.0,0.0,0.0,0.0,0.0,0.0,-2.7956300203838675,1,ESP,0.5211264005467183,0.0,0.0,0.0,0.0,-0.61,5.0,0.0,0.0,0.0,0.0,0.0,-1.6054396065112708,1,URU,0.7316363717036556,0.0,0.0,0.0,0.0,0.39,5.0,0.0,0.0,0.0,0.0,0.0,-0.6051324214667159,1,KSA,1.3018604427672085,0.0,0.0,0.0,0.0
216,Márcio da Rosa,GK,3.5,Cabo Verde,CPV,-1.8,5.0,0.0,0.0,0.0,0.0,0.0,-2.7956300203838675,1,ESP,0.5211264005467183,0.0,0.0,0.0,0.0,-0.61,5.0,0.0,0.0,0.0,0.0,0.0,-1.6054396065112708,1,URU,0.7316363717036556,0.0,0.0,0.0,0.0,0.39,5.0,0.0,0.0,0.0,0.0,0.0,-0.6051324214667159,1,KSA,1.3018604427672085,0.0,0.0,0.0,0.0
217,Telmo Arcanjo,MID,4.9,Cabo Verde,CPV,2.21,75.0,0.025985049414153766,0.010887231644467872,0.1559102964849226,0.032661694933403616,0.022991315886625917,0.0,2,ESP,0.5211264005467183,0.04986323737752035,0.027855638946829995,0.04986323737752035,0.027855638946829995,2.34,75.0,0.03648175807628709,0.015285148957909304,0.21889054845772254,0.04585544687372791,0.08002513801351073,0.0,2,URU,0.7316363717036556,0.049863237377520346,0.02785563894683,0.049863237377520346,0.02785563894683,2.73,75.0,0.06491497629010506,0.027198115839662695,0.3894898577406304,0.08159434751898809,0.26068326365831795,0.0,2,KSA,1.3018604427672085,0.04986323737752035,0.027855638946829995,0.04986323737752035,0.027855638946829995
218,Deroy Duarte,MID,4.9,Cabo Verde,CPV,2.42,75.0,0.04599447882424935,0.040972014255798425,0.2759668729454961,0.12291604276739528,0.022991315886625917,0.0,2,ESP,0.5211264005467183,0.08825973655526977,0.10482937015617022,0.08825973655526977,0.10482937015617022,2.64,75.0,0.06457403342081808,0.057522735021779896,0.38744420052490847,0.17256820506533968,0.08002513801351073,0.0,2,URU,0.7316363717036556,0.08825973655526978,0.10482937015617022,0.08825973655526978,0.10482937015617022,3.26,75.0,0.11490185971036067,0.10235490768488952,0.689411158262164,0.30706472305466853,0.26068326365831795,0.0,2,KSA,1.3018604427672085,0.08825973655526977,0.10482937015617022,0.08825973655526977,0.10482937015617022
219,Laros Duarte,MID,5.1,Cabo Verde,CPV,2.42,75.0,0.04599447882424935,0.040972014255798425,0.2759668729454961,0.12291604276739528,0.022991315886625917,0.0,2,ESP,0.5211264005467183,0.08825973655526977,0.10482937015617022,0.08825973655526977,0.10482937015617022,2.64,75.0,0.06457403342081808,0.057522735021779896,0.38744420052490847,0.17256820506533968,0.08002513801351073,0.0,2,URU,0.7316363717036556,0.08825973655526978,0.10482937015617022,0.08825973655526978,0.10482937015617022,3.26,75.0,0.11490185971036067,0.10235490768488952,0.689411158262164,0.30706472305466853,0.26068326365831795,0.0,2,KSA,1.3018604427672085,0.08825973655526977,0.10482937015617022,0.08825973655526977,0.10482937015617022
220,Richie Laryea,DEF,3.9,Canada,CAN,0.74,25.0,0.013194926045476656,0.02039599666058051,0.09236448231833659,0.061187989981741533,0.0,-0.416938035682749,1,BIH,1.681681163070717,0.007846270943169144,0.01617111662501495,0.007846270943169144,0.01617111662501495,0.98,25.0,0.01870966474937142,0.028920378820886015,0.13096765324559995,0.08676113646265804,0.0,-0.239519689126715,1,QAT,2.3845295280887284,0.007846270943169144,0.01617111662501495,0.007846270943169144,0.01617111662501495,0.38,25.0,0.009215495283561782,0.014244809738327842,0.06450846698493248,0.04273442921498353,0.0,-0.7302888540985865,1,SUI,1.1745063802040467,0.007846270943169144,0.016171116625014952,0.007846270943169144,0.016171116625014952
221,Derek Cornelius,DEF,4.0,Canada,CAN,3.85,80.0,0.04708028364983821,0.07666444316028197,0.3295619855488675,0.2299933294808459,1.704831235826878,-0.416938035682749,2,BIH,1.681681163070717,0.027995963018263542,0.060783970107860553,0.027995963018263542,0.060783970107860553,4.84,80.0,0.06675720048432945,0.10870587866749207,0.4673004033903062,0.32611763600247623,2.2873258887260937,-0.239519689126715,2,QAT,2.3845295280887284,0.027995963018263542,0.060783970107860553,0.027995963018263542,0.060783970107860553,2.77,80.0,0.032881437184907075,0.0535433705293607,0.23017006029434953,0.1606301115880821,1.1054309349508946,-0.7302888540985865,2,SUI,1.1745063802040467,0.027995963018263546,0.06078397010786055,0.027995963018263546,0.06078397010786055
223,Joel Waterman,DEF,3.7,Canada,CAN,0.61,5.0,0.001757185777137596,0.003788432142812854,0.012300300439963172,0.011365296428438563,0.0,-0.416938035682749,1,BIH,1.681681163070717,0.0010448982932823063,0.0030036864109605267,0.0010448982932823063,0.0030036864109605267,0.79,5.0,0.002491590834181175,0.005371784205040673,0.017441135839268228,0.01611535261512202,0.0,-0.239519689126715,1,QAT,2.3845295280887284,0.001044898293282306,0.0030036864109605267,0.001044898293282306,0.0030036864109605267,0.29,5.0,0.0012272397121243879,0.0026458866403539995,0.008590677984870714,0.007937659921061999,0.0,-0.7302888540985865,1,SUI,1.1745063802040467,0.0010448982932823063,0.0030036864109605267,0.0010448982932823063,0.0030036864109605267
225,Luc De Fougerolles,DEF,3.5,Canada,CAN,0.62,5.0,0.0029425177281148882,0.004791527697517623,0.02059762409680422,0.014374583092552868,0.0,-0.416938035682749,1,BIH,1.681681163070717,0.0017497476886414714,0.0037989981317412846,0.0017497476886414714,0.0037989981317412846,0.81,5.0,0.004172325030270591,0.006794117416718254,0.029206275211894138,0.020382352250154764,0.0,-0.239519689126715,1,QAT,2.3845295280887284,0.0017497476886414714,0.0037989981317412846,0.0017497476886414714,0.0037989981317412846,0.29,5.0,0.002055089824056692,0.003346460658085044,0.014385628768396845,0.010039381974255131,0.0,-0.7302888540985865,1,SUI,1.1745063802040467,0.0017497476886414716,0.003798998131741284,0.0017497476886414716,0.003798998131741284
226,Jonathan David,FWD,7.0,Canada,CAN,3.56,70.0,0.2096462775617858,0.1719750770394131,1.048231387808929,0.5159252311182393,0.0,0.0,2,BIH,1.681681163070717,0.12466469992384038,0.13635171027337903,0.12466469992384038,0.13635171027337903,4.22,70.0,0.297266658078718,0.24385100951420363,1.48633329039359,0.7315530285426108,0.0,0.0,2,QAT,2.3845295280887284,0.12466469992384036,0.13635171027337903,0.12466469992384036,0.13635171027337903,3.09,70.0,0.14641948544677344,0.120109465250863,0.7320974272338672,0.360328395752589,0.0,0.0,2,SUI,1.1745063802040467,0.12466469992384036,0.13635171027337903,0.12466469992384036,0.13635171027337903
227,Cyle Larin,FWD,6.2,Canada,CAN,3.93,70.0,0.2932330202123886,0.1553952732714539,1.466165101061943,0.4661858198143617,0.0,0.0,2,BIH,1.681681163070717,0.17436897472107665,0.12320629037488903,0.17436897472107665,0.12320629037488903,4.74,70.0,0.4157879690049644,0.22034177808389774,2.0789398450248218,0.6610253342516932,0.0,0.0,2,QAT,2.3845295280887284,0.17436897472107668,0.12320629037488903,0.17436897472107668,0.12320629037488903,3.35,70.0,0.2047974733195427,0.1085299305949347,1.0239873665977135,0.3255897917848041,0.0,0.0,2,SUI,1.1745063802040467,0.17436897472107668,0.12320629037488903,0.17436897472107668,0.12320629037488903
228,Tajon Buchanan,FWD,5.5,Canada,CAN,1.69,35.0,0.11854150906064967,0.03262936887844375,0.5927075453032483,0.09788810663533123,0.0,0.0,1,BIH,1.681681163070717,0.07048988337610632,0.025870436160334666,0.07048988337610632,0.025870436160334666,1.98,35.0,0.1680852083418563,0.04626661419663929,0.8404260417092815,0.13879984258991787,0.0,0.0,1,QAT,2.3845295280887284,0.07048988337610632,0.025870436160334666,0.07048988337610632,0.025870436160334666,1.48,35.0,0.08279081776507605,0.022788744246730906,0.4139540888253802,0.06836623274019271,0.0,0.0,1,SUI,1.1745063802040467,0.07048988337610633,0.025870436160334662,0.07048988337610633,0.025870436160334662
229,Liam Millar,FWD,5.1,Canada,CAN,1.17,10.0,0.017862214811335726,0.0280495673196095,0.08931107405667862,0.0841487019588285,0.0,0.0,1,BIH,1.681681163070717,0.010621641725902234,0.02223930666174678,0.010621641725902234,0.02223930666174678,1.25,10.0,0.025327618332193203,0.039772712564366666,0.126638091660966,0.1193181376931,0.0,0.0,1,QAT,2.3845295280887284,0.010621641725902235,0.02223930666174678,0.010621641725902235,0.02223930666174678,1.12,10.0,0.012475185975313698,0.019590155674151965,0.06237592987656849,0.05877046702245589,0.0,0.0,1,SUI,1.1745063802040467,0.010621641725902235,0.022239306661746783,0.010621641725902235,0.022239306661746783
230,Tani Oluwaseyi,FWD,4.9,Canada,CAN,1.15,5.0,0.019698010191932784,0.017711562149935918,0.09849005095966393,0.053134686449807754,0.0,0.0,1,BIH,1.681681163070717,0.011713284672800046,0.014042742892352597,0.011713284672800046,0.014042742892352597,1.21,5.0,0.02793067317320083,0.025114001311629656,0.13965336586600413,0.07534200393488896,0.0,0.0,1,QAT,2.3845295280887284,0.011713284672800046,0.014042742892352595,0.011713284672800046,0.014042742892352595,1.11,5.0,0.013757327581349923,0.012369968341974864,0.06878663790674962,0.037109905025924594,0.0,0.0,1,SUI,1.1745063802040467,0.011713284672800046,0.014042742892352595,0.011713284672800046,0.014042742892352595
232,Jacen Russell-Rowe,FWD,4.5,Canada,CAN,1.09,5.0,0.016002850667538458,0.004219964566265243,0.08001425333769228,0.012659893698795728,0.0,0.0,1,BIH,1.681681163070717,0.009515983777993663,0.003345830080782313,0.009515983777993663,0.003345830080782313,1.13,5.0,0.022691144307439227,0.0059836729676946915,0.11345572153719613,0.017951018903084075,0.0,0.0,1,QAT,2.3845295280887284,0.009515983777993665,0.0033458300807823137,0.009515983777993665,0.0033458300807823137,1.06,5.0,0.011176583661171769,0.002947274082718086,0.05588291830585884,0.008841822248154258,0.0,0.0,1,SUI,1.1745063802040467,0.009515983777993665,0.0033458300807823133,0.009515983777993665,0.0033458300807823133
233,Daniel Jebbison,FWD,4.2,Canada,CAN,1.08,5.0,0.01311129946503602,0.006305804887444256,0.0655564973251801,0.01891741466233277,0.0,0.0,1,BIH,1.681681163070717,0.007796542979107314,0.004999603988293064,0.007796542979107314,0.004999603988293064,1.12,5.0,0.018591086950694252,0.008941277504126238,0.09295543475347126,0.026823832512378715,0.0,0.0,1,QAT,2.3845295280887284,0.007796542979107314,0.004999603988293065,0.007796542979107314,0.004999603988293065,1.06,5.0,0.009157089472496606,0.004404050087057852,0.04578544736248303,0.013212150261173556,0.0,0.0,1,SUI,1.1745063802040467,0.007796542979107314,0.004999603988293065,0.007796542979107314,0.004999603988293065
235,Maxime Crépeau,GK,4.0,Canada,CAN,3.29,90.0,0.0,0.0,0.0,0.0,1.704831235826878,-0.416938035682749,2,BIH,1.681681163070717,0.0,0.0,0.0,0.0,4.05,90.0,0.0,0.0,0.0,0.0,2.2873258887260937,-0.239519689126715,2,QAT,2.3845295280887284,0.0,0.0,0.0,0.0,2.38,90.0,0.0,0.0,0.0,0.0,1.1054309349508946,-0.7302888540985865,2,SUI,1.1745063802040467,0.0,0.0,0.0,0.0
236,Dayne St. Clair,GK,3.8,Canada,CAN,0.58,5.0,0.0,0.0,0.0,0.0,0.0,-0.416938035682749,1,BIH,1.681681163070717,0.0,0.0,0.0,0.0,0.76,5.0,0.0,0.0,0.0,0.0,0.0,-0.239519689126715,1,QAT,2.3845295280887284,0.0,0.0,0.0,0.0,0.27,5.0,0.0,0.0,0.0,0.0,0.0,-0.7302888540985865,1,SUI,1.1745063802040467,0.0,0.0,0.0,0.0
237,Owen Goodman,GK,3.5,Canada,CAN,0.58,5.0,0.0,0.0,0.0,0.0,0.0,-0.416938035682749,1,BIH,1.681681163070717,0.0,0.0,0.0,0.0,0.76,5.0,0.0,0.0,0.0,0.0,0.0,-0.239519689126715,1,QAT,2.3845295280887284,0.0,0.0,0.0,0.0,0.27,5.0,0.0,0.0,0.0,0.0,0.0,-0.7302888540985865,1,SUI,1.1745063802040467,0.0,0.0,0.0,0.0
238,Ali Ahmed,MID,4.9,Canada,CAN,1.1,5.0,0.010391127633777024,0.011514514637163445,0.062346765802662144,0.03454354391149034,0.0,0.0,1,BIH,1.681681163070717,0.006179011730620226,0.00912936799199849,0.006179011730620226,0.00912936799199849,1.14,5.0,0.014734035926070563,0.016326935662281376,0.08840421555642339,0.04898080698684413,0.0,0.0,1,QAT,2.3845295280887284,0.006179011730620226,0.009129367991998491,0.006179011730620226,0.009129367991998491,1.07,5.0,0.007257288700969104,0.008041875715374625,0.043543732205814624,0.024125627146123874,0.0,0.0,1,SUI,1.1745063802040467,0.006179011730620226,0.00912936799199849,0.006179011730620226,0.00912936799199849
239,Ralph Priso,MID,4.9,Canada,CAN,1.04,5.0,0.002966076948866024,0.007847195272591015,0.017796461693196146,0.023541585817773047,0.0,0.0,1,BIH,1.681681163070717,0.0017637570153012986,0.006221706741970192,0.0017637570153012986,0.006221706741970192,1.06,5.0,0.00420573068335959,0.01112688258100248,0.02523438410015754,0.03338064774300744,0.0,0.0,1,QAT,2.3845295280887284,0.0017637570153012986,0.0062217067419701915,0.0017637570153012986,0.0062217067419701915,1.03,5.0,0.002071543867601022,0.005480575698151892,0.012429263205606132,0.016441727094455676,0.0,0.0,1,SUI,1.1745063802040467,0.001763757015301299,0.0062217067419701915,0.001763757015301299,0.0062217067419701915
240,Niko Sigur,MID,4.9,Canada,CAN,1.08,5.0,0.008692043099514912,0.009984092689893231,0.05215225859708947,0.02995227806967969,0.0,0.0,1,BIH,1.681681163070717,0.00516866293705961,0.007915961645319634,0.00516866293705961,0.007915961645319634,1.12,5.0,0.012324829394156451,0.014156883214861875,0.0739489763649387,0.04247064964458563,0.0,0.0,1,QAT,2.3845295280887284,0.00516866293705961,0.007915961645319634,0.00516866293705961,0.007915961645319634,1.06,5.0,0.0060706275967007,0.006973010593408825,0.0364237655802042,0.020919031780226475,0.0,0.0,1,SUI,1.1745063802040467,0.0051686629370596105,0.007915961645319634,0.0051686629370596105,0.007915961645319634
241,Nathan Saliba,MID,5.1,Canada,CAN,1.25,35.0,0.03310773068947047,0.01788662699090339,0.1986463841368228,0.05365988097271017,0.0,0.0,1,BIH,1.681681163070717,0.01968728164203041,0.014181544344781551,0.01968728164203041,0.014181544344781551,1.36,35.0,0.046944904403220654,0.025362233433023497,0.2816694264193239,0.0760867002990705,0.0,0.0,1,QAT,2.3845295280887284,0.01968728164203041,0.014181544344781553,0.01968728164203041,0.014181544344781553,1.18,35.0,0.023122837897438714,0.012492235735569412,0.13873702738463228,0.03747670720670823,0.0,0.0,1,SUI,1.1745063802040467,0.019687281642030405,0.014181544344781551,0.019687281642030405,0.014181544344781551
242,Mathieu Choinière,MID,5.3,Canada,CAN,3.57,75.0,0.13038064649272368,0.14976139034839847,0.7822838789563421,0.4492841710451954,0.3409662471653756,0.0,2,BIH,1.681681163070717,0.07752994405589414,0.11873942467979452,0.07752994405589414,0.11873942467979452,4.2,75.0,0.18487244091234678,0.21235324822292814,1.1092346454740807,0.6370597446687845,0.4574651777452187,0.0,2,QAT,2.3845295280887284,0.07752994405589414,0.11873942467979452,0.07752994405589414,0.11873942467979452,3.08,75.0,0.09105941395051047,0.10459515890113237,0.5463564837030628,0.3137854767033971,0.22108618699017893,0.0,2,SUI,1.1745063802040467,0.07752994405589413,0.11873942467979451,0.07752994405589413,0.11873942467979451
243,Jonathan Osorio,MID,5.6,Canada,CAN,3.25,75.0,0.11629482226383452,0.06885904128591967,0.6977689335830071,0.206577123857759,0.3409662471653756,0.0,2,BIH,1.681681163070717,0.06915390670814345,0.0545953995704191,0.06915390670814345,0.0545953995704191,3.74,75.0,0.16489953252826126,0.09763825678010024,0.9893971951695675,0.2929147703403007,0.4574651777452187,0.0,2,QAT,2.3845295280887284,0.06915390670814345,0.05459539957041909,0.06915390670814345,0.05459539957041909,2.85,75.0,0.08122170464474991,0.04809198384393487,0.48733022786849944,0.1442759515318046,0.22108618699017893,0.0,2,SUI,1.1745063802040467,0.06915390670814345,0.0545953995704191,0.06915390670814345,0.0545953995704191
244,Marcelo Flores,MID,5.7,Canada,CAN,3.58,75.0,0.18665896103221935,0.038035156155947984,1.119953766193316,0.11410546846784395,0.3409662471653756,0.0,2,BIH,1.681681163070717,0.11099545212921559,0.030156454537828115,0.11099545212921559,0.030156454537828115,4.21,75.0,0.2646719330856735,0.05393171723093734,1.588031598514041,0.16179515169281203,0.4574651777452187,0.0,2,QAT,2.3845295280887284,0.11099545212921559,0.03015645453782811,0.11099545212921559,0.03015645453782811,3.08,75.0,0.13036486669939656,0.026564211194259297,0.7821892001963794,0.0796926335827779,0.22108618699017893,0.0,2,SUI,1.1745063802040467,0.11099545212921559,0.030156454537828115,0.11099545212921559,0.030156454537828115
245,Ismaël Koné,MID,6.0,Canada,CAN,3.26,75.0,0.13171378559999877,0.04204400294873428,0.7902827135999926,0.12613200884620285,0.3409662471653756,0.0,2,BIH,1.681681163070717,0.07832268594808542,0.033334898332303575,0.07832268594808542,0.033334898332303575,3.76,75.0,0.1867627573624298,0.05961603704191018,1.120576544174579,0.17884811112573054,0.4574651777452187,0.0,2,QAT,2.3845295280887284,0.07832268594808542,0.033334898332303575,0.07832268594808542,0.033334898332303575,2.86,75.0,0.09199049436074415,0.02936403808105784,0.5519429661644649,0.08809211424317352,0.22108618699017893,0.0,2,SUI,1.1745063802040467,0.0783226859480854,0.033334898332303575,0.0783226859480854,0.033334898332303575
246,Kevin Castaño,MID,4.3,Colombia,COL,1.04,5.0,0.005617009984992689,0.002675904433966622,0.03370205990995613,0.008027713301899865,0.0,0.0,1,UZB,2.205314292994001,0.002547033773298076,0.0016178521990978037,0.002547033773298076,0.0016178521990978037,1.04,5.0,0.005193480627070861,0.0024741379977655065,0.031160883762425165,0.007422413993296519,0.0,0.0,1,COD,2.039030923546013,0.0025470337732980755,0.0016178521990978035,0.0025470337732980755,0.0016178521990978035,1.02,5.0,0.0032303317837943817,0.0015389075623033534,0.01938199070276629,0.00461672268691006,0.0,0.0,1,POR,1.268272065199797,0.0025470337732980755,0.0016178521990978037,0.0025470337732980755,0.0016178521990978037
247,Richard Ríos,MID,4.7,Colombia,COL,1.12,5.0,0.01529083622502568,0.009579052729066865,0.09174501735015408,0.028737158187200594,0.0,0.0,1,UZB,2.205314292994001,0.006933631307611207,0.0057914966342882315,0.006933631307611207,0.0057914966342882315,1.11,5.0,0.014137888648686028,0.008856780548194765,0.08482733189211616,0.026570341644584296,0.0,0.0,1,COD,2.039030923546013,0.0069336313076112065,0.00579149663428823,0.0069336313076112065,0.00579149663428823,1.07,5.0,0.008793730897838034,0.005508895047724806,0.05276238538702821,0.016526685143174416,0.0,0.0,1,POR,1.268272065199797,0.006933631307611207,0.005791496634288231,0.006933631307611207,0.005791496634288231
248,Daniel Muñoz,DEF,4.6,Colombia,COL,5.12,85.0,0.13369660677914735,0.10627969855548094,0.9358762474540314,0.31883909566644286,2.139205485171819,-0.27684451798325777,2,UZB,2.205314292994001,0.060624740520607075,0.06425672077255554,0.060624740520607075,0.06425672077255554,4.85,85.0,0.12361572065347083,0.09826608052567663,0.8653100445742958,0.2947982415770299,2.0031340089208296,-0.31535175566830637,2,COD,2.039030923546013,0.060624740520607075,0.06425672077255554,0.060624740520607075,0.06425672077255554,3.34,85.0,0.07688866486227214,0.06112125296788178,0.5382206540359049,0.18336375890364534,1.2553525231969045,-0.6330919889557289,2,POR,1.268272065199797,0.06062474052060707,0.06425672077255555,0.06062474052060707,0.06425672077255555
249,Jhon Lucumí,DEF,4.3,Colombia,COL,4.48,80.0,0.0730099268386703,0.0364946872884062,0.5110694878706921,0.1094840618652186,2.139205485171819,-0.27684451798325777,2,UZB,2.205314292994001,0.03310635906664797,0.022064693094219486,0.03310635906664797,0.022064693094219486,4.26,80.0,0.06750488990291312,0.033742943653249265,0.4725342293203918,0.1012288309597478,2.0031340089208296,-0.31535175566830637,2,COD,2.039030923546013,0.03310635906664797,0.022064693094219486,0.03310635906664797,0.022064693094219486,2.98,80.0,0.04198787038470364,0.020988025408954083,0.2939150926929255,0.06296407622686225,1.2553525231969045,-0.6330919889557289,2,POR,1.268272065199797,0.03310635906664797,0.022064693094219486,0.03310635906664797,0.022064693094219486
250,Dávinson Sánchez,DEF,4.3,Colombia,COL,4.43,80.0,0.06681257258375993,0.03339688243718103,0.4676880080863195,0.10019064731154309,2.139205485171819,-0.27684451798325777,2,UZB,2.205314292994001,0.030296168122618556,0.020191759843198535,0.030296168122618556,0.020191759843198535,4.21,80.0,0.06177482366696818,0.0308787170408223,0.43242376566877727,0.0926361511224669,2.0031340089208296,-0.31535175566830637,2,COD,2.039030923546013,0.030296168122618553,0.020191759843198535,0.030296168122618553,0.020191759843198535,2.95,80.0,0.03842378371251368,0.0192064837172638,0.26896648598759576,0.0576194511517914,1.2553525231969045,-0.6330919889557289,2,POR,1.268272065199797,0.03029616812261855,0.020191759843198535,0.03029616812261855,0.020191759843198535
251,Déiver Machado,DEF,3.9,Colombia,COL,0.85,15.0,0.01057680009854042,0.01648127803834601,0.07403760068978293,0.04944383411503803,0.0,-0.27684451798325777,1,UZB,2.205314292994001,0.004796051126200718,0.009964583032120729,0.004796051126200718,0.009964583032120729,0.8,15.0,0.009779296557230947,0.015238569707052042,0.06845507590061663,0.04571570912115613,0.0,-0.31535175566830637,1,COD,2.039030923546013,0.004796051126200719,0.009964583032120729,0.004796051126200719,0.009964583032120729,0.44,15.0,0.0060826976666303965,0.009478351725751956,0.04257888366641278,0.02843505517725587,0.0,-0.6330919889557289,1,POR,1.268272065199797,0.004796051126200718,0.009964583032120727,0.004796051126200718,0.009964583032120727
252,Johan Mojica,DEF,3.9,Colombia,COL,4.53,75.0,0.05356437944640938,0.09817082515817654,0.37495065612486567,0.29451247547452963,2.139205485171819,-0.27684451798325777,2,UZB,2.205314292994001,0.02428877353970656,0.059354094770106065,0.02428877353970656,0.059354094770106065,4.31,75.0,0.04952556034246782,0.0907686260064952,0.34667892239727477,0.2723058780194856,2.0031340089208296,-0.31535175566830637,2,COD,2.039030923546013,0.024288773539706557,0.059354094770106065,0.024288773539706557,0.059354094770106065,3.01,75.0,0.03080477297837382,0.05645785526411016,0.21563341084861676,0.16937356579233048,1.2553525231969045,-0.6330919889557289,2,POR,1.268272065199797,0.02428877353970656,0.05935409477010606,0.02428877353970656,0.05935409477010606
253,Santiago Arias,DEF,3.9,Colombia,COL,0.75,5.0,0.0034266358213984748,0.002204003280280927,0.023986450749789324,0.006612009840842781,0.0,-0.27684451798325777,1,UZB,2.205314292994001,0.0015538083765585951,0.0013325406948616566,0.0015538083765585951,0.0013325406948616566,0.71,5.0,0.003168263329067803,0.002037818762779807,0.022177843303474623,0.0061134562883394215,0.0,-0.31535175566830637,1,COD,2.039030923546013,0.0015538083765585951,0.0013325406948616566,0.0015538083765585951,0.0013325406948616566,0.38,5.0,0.0019706517586627133,0.0012675181042762244,0.013794562310638993,0.003802554312828673,0.0,-0.6330919889557289,1,POR,1.268272065199797,0.0015538083765585951,0.0013325406948616568,0.0015538083765585951,0.0013325406948616568
256,Luis Díaz,MID,8.1,Colombia,COL,7.25,85.0,0.5805181322651407,0.44492408008194595,3.4831087935908442,1.334772240245838,0.42784109703436385,0.0,2,UZB,2.205314292994001,0.26323600863122865,0.26900116172127925,0.26323600863122865,0.26900116172127925,6.86,85.0,0.5367463617899003,0.4113762654146178,3.220478170739402,1.2341287962438534,0.40062680178416593,0.0,2,COD,2.039030923546013,0.26323600863122865,0.26900116172127925,0.26323600863122865,0.26900116172127925,5.02,85.0,0.3338548763016799,0.25587499418804355,2.0031292578100794,0.7676249825641306,0.2510705046393809,0.0,2,POR,1.268272065199797,0.26323600863122865,0.26900116172127925,0.26323600863122865,0.26900116172127925
257,Jhon Córdoba,FWD,6.1,Colombia,COL,1.91,20.0,0.15413814896865063,0.0451702482154059,0.7706907448432532,0.1355107446462177,0.0,0.0,1,UZB,2.205314292994001,0.06989395999396895,0.02730993845724149,0.06989395999396895,0.02730993845724149,1.84,20.0,0.1425159457967906,0.041764356775840415,0.712579728983953,0.12529307032752124,0.0,0.0,1,COD,2.039030923546013,0.06989395999396897,0.02730993845724149,0.06989395999396897,0.02730993845724149,1.52,20.0,0.08864455698654299,0.025977324035733766,0.44322278493271494,0.07793197210720129,0.0,0.0,1,POR,1.268272065199797,0.06989395999396895,0.02730993845724149,0.06989395999396895,0.02730993845724149
259,Luis Suárez,FWD,5.7,Colombia,COL,5.22,75.0,0.4601660162505058,0.30578898600734117,2.300830081252529,0.9173669580220235,0.0,0.0,2,UZB,2.205314292994001,0.20866232886278108,0.18488006417273845,0.20866232886278108,0.18488006417273845,4.98,75.0,0.4254689411303384,0.2827321259965387,2.127344705651692,0.848196377989616,0.0,0.0,2,COD,2.039030923546013,0.2086623288627811,0.18488006417273842,0.2086623288627811,0.18488006417273842,3.85,75.0,0.2646406027561986,0.17585866560197247,1.3232030137809931,0.5275759968059174,0.0,0.0,2,POR,1.268272065199797,0.2086623288627811,0.18488006417273845,0.2086623288627811,0.18488006417273845
261,Andrés Gómez,FWD,4.9,Colombia,COL,1.14,5.0,0.012864594482316279,0.024116484467664127,0.0643229724115814,0.07234945340299238,0.0,0.0,1,UZB,2.205314292994001,0.00583345173211158,0.014580829918758269,0.00583345173211158,0.014580829918758269,1.13,5.0,0.011894588472788563,0.022298072321484754,0.059472942363942814,0.06689421696445426,0.0,0.0,1,COD,2.039030923546013,0.00583345173211158,0.014580829918758267,0.00583345173211158,0.014580829918758267,1.08,5.0,0.007398403875528485,0.0138693444550429,0.036992019377642425,0.0416080333651287,0.0,0.0,1,POR,1.268272065199797,0.005833451732111579,0.014580829918758266,0.005833451732111579,0.014580829918758266
262,Camilo Vargas,GK,4.3,Colombia,COL,3.86,90.0,0.0,0.0,0.0,0.0,2.139205485171819,-0.27684451798325777,2,UZB,2.205314292994001,0.0,0.0,0.0,0.0,3.69,90.0,0.0,0.0,0.0,0.0,2.0031340089208296,-0.31535175566830637,2,COD,2.039030923546013,0.0,0.0,0.0,0.0,2.62,90.0,0.0,0.0,0.0,0.0,1.2553525231969045,-0.6330919889557289,2,POR,1.268272065199797,0.0,0.0,0.0,0.0
263,David Ospina,GK,4.0,Colombia,COL,0.72,5.0,0.0,0.0,0.0,0.0,0.0,-0.27684451798325777,1,UZB,2.205314292994001,0.0,0.0,0.0,0.0,0.68,5.0,0.0,0.0,0.0,0.0,0.0,-0.31535175566830637,1,COD,2.039030923546013,0.0,0.0,0.0,0.0,0.37,5.0,0.0,0.0,0.0,0.0,0.0,-0.6330919889557289,1,POR,1.268272065199797,0.0,0.0,0.0,0.0
264,Álvaro Montero,GK,3.8,Colombia,COL,0.72,5.0,0.0,0.0,0.0,0.0,0.0,-0.27684451798325777,1,UZB,2.205314292994001,0.0,0.0,0.0,0.0,0.68,5.0,0.0,0.0,0.0,0.0,0.0,-0.31535175566830637,1,COD,2.039030923546013,0.0,0.0,0.0,0.0,0.37,5.0,0.0,0.0,0.0,0.0,0.0,-0.6330919889557289,1,POR,1.268272065199797,0.0,0.0,0.0,0.0
265,Jefferson Lerma,MID,4.9,Colombia,COL,1.12,10.0,0.01279314046148273,0.015803811033820798,0.07675884276889638,0.0474114331014624,0.0,0.0,1,UZB,2.205314292994001,0.005801050898787935,0.009554986385403941,0.005801050898787935,0.009554986385403941,1.11,10.0,0.01182852217169299,0.014612184535424831,0.07097113303015795,0.043836553606274496,0.0,0.0,1,COD,2.039030923546013,0.005801050898787935,0.009554986385403941,0.005801050898787935,0.009554986385403941,1.07,10.0,0.0073573108037349125,0.009088741736979149,0.04414386482240948,0.027266225210937446,0.0,0.0,1,POR,1.268272065199797,0.005801050898787935,0.009554986385403941,0.005801050898787935,0.009554986385403941
266,Gustavo Puerta,MID,5.3,Colombia,COL,1.13,5.0,0.015991425576853412,0.01015760501782456,0.09594855346112047,0.030472815053473677,0.0,0.0,1,UZB,2.205314292994001,0.007251313623484919,0.006141289429867335,0.007251313623484919,0.006141289429867335,1.12,5.0,0.01478565271461624,0.009391709293459317,0.08871391628769744,0.028175127880377952,0.0,0.0,1,COD,2.039030923546013,0.007251313623484919,0.006141289429867334,0.007251313623484919,0.006141289429867334,1.07,5.0,0.00919663850466864,0.005841619371155646,0.05517983102801184,0.017524858113466938,0.0,0.0,1,POR,1.268272065199797,0.007251313623484918,0.006141289429867336,0.007251313623484918,0.006141289429867336
267,Juan Fernando Quintero,MID,5.6,Colombia,COL,1.38,15.0,0.047974276730560234,0.030472815053473677,0.2878456603833614,0.09141844516042102,0.0,0.0,1,UZB,2.205314292994001,0.021753940870454756,0.018423868289602,0.021753940870454756,0.018423868289602,1.35,15.0,0.04435695814384872,0.028175127880377952,0.26614174886309233,0.08452538364113385,0.0,0.0,1,COD,2.039030923546013,0.021753940870454756,0.018423868289602,0.021753940870454756,0.018423868289602,1.22,15.0,0.02758991551400592,0.017524858113466935,0.16553949308403554,0.052574574340400804,0.0,0.0,1,POR,1.268272065199797,0.021753940870454756,0.018423868289602,0.021753940870454756,0.018423868289602
268,Jaminton Campaz,MID,5.5,Colombia,COL,1.21,10.0,0.02936445183858757,0.009614792085921673,0.17618671103152542,0.02884437625776502,0.0,0.0,1,UZB,2.205314292994001,0.013315313799885415,0.005813104654495508,0.013315313799885415,0.005813104654495508,1.19,10.0,0.02715033659468533,0.0088898251142442,0.16290201956811198,0.026669475342732597,0.0,0.0,1,COD,2.039030923546013,0.013315313799885415,0.005813104654495508,0.013315313799885415,0.005813104654495508,1.12,10.0,0.016887440531764032,0.005529448684034676,0.1013246431905842,0.01658834605210403,0.0,0.0,1,POR,1.268272065199797,0.013315313799885415,0.005813104654495507,0.013315313799885415,0.005813104654495507
269,Jhon Arias,MID,6.3,Colombia,COL,4.08,75.0,0.1457175955627893,0.2586255662326381,0.8743055733767358,0.7758766986979143,0.42784109703436385,0.0,2,UZB,2.205314292994001,0.06607565915920252,0.15636505390894964,0.06607565915920252,0.15636505390894964,3.93,75.0,0.13473031231930027,0.23912488521171577,0.8083818739158016,0.7173746556351472,0.40062680178416593,0.0,2,COD,2.039030923546013,0.06607565915920252,0.15636505390894967,0.06607565915920252,0.15636505390894967,3.2,75.0,0.08380191270127967,0.14873507238463585,0.502811476207678,0.44620521715390754,0.2510705046393809,0.0,2,POR,1.268272065199797,0.06607565915920252,0.15636505390894964,0.06607565915920252,0.15636505390894964
270,James Rodríguez,MID,6.5,Colombia,COL,4.66,80.0,0.29270963856881443,0.15963787555087045,1.7562578314128867,0.47891362665261134,0.42784109703436385,0.0,2,UZB,2.205314292994001,0.13272921664667717,0.09651708212779127,0.13272921664667717,0.09651708212779127,4.47,80.0,0.27063897720061303,0.14760098633174742,1.6238338632036782,0.44280295899524225,0.40062680178416593,0.0,2,COD,2.039030923546013,0.1327292166466772,0.09651708212779125,0.1327292166466772,0.09651708212779125,3.54,80.0,0.16833675770883252,0.09180743930795417,1.0100205462529952,0.2754223179238625,0.2510705046393809,0.0,2,POR,1.268272065199797,0.13272921664667717,0.09651708212779125,0.13272921664667717,0.09651708212779125
271,Jorge Carrascal,MID,6.1,Colombia,COL,1.25,10.0,0.031982851153706825,0.02031521003564912,0.19189710692224093,0.060945630106947354,0.0,0.0,1,UZB,2.205314292994001,0.014502627246969838,0.01228257885973467,0.014502627246969838,0.01228257885973467,1.23,10.0,0.02957130542923248,0.018783418586918635,0.17742783257539488,0.056350255760755905,0.0,0.0,1,COD,2.039030923546013,0.014502627246969838,0.012282578859734668,0.014502627246969838,0.012282578859734668,1.15,10.0,0.01839327700933728,0.011683238742311293,0.11035966205602368,0.035049716226933876,0.0,0.0,1,POR,1.268272065199797,0.014502627246969836,0.012282578859734671,0.014502627246969836,0.012282578859734671
272,Aaron Wan-Bissaka,DEF,4.3,Congo DR,COD,1.58,80.0,0.01817824895116144,0.04541254245446767,0.12724774265813008,0.136237627363403,0.5817730629523672,-1.2674673585149427,2,POR,0.8699923622788688,0.02089472245887896,0.06959837721718767,0.02089472245887896,0.06959837721718767,1.76,80.0,0.019112924037619973,0.04774752929280227,0.13379046826333982,0.14324258787840682,0.6507738985789275,-1.1691857032617976,2,COL,0.9147249538841407,0.020894722458878957,0.06959837721718769,0.020894722458878957,0.06959837721718769,3.34,80.0,0.029507795088914414,0.07371579082304529,0.2065545656224009,0.22114737246913585,1.441795977512137,-0.5319075648590441,2,UZB,1.4122128277600279,0.020894722458878957,0.06959837721718769,0.020894722458878957,0.06959837721718769
273,Arthur Masuaku,DEF,4.2,Congo DR,COD,1.62,80.0,0.02596892707308777,0.0398286953559374,0.1817824895116144,0.1194860860678122,0.5817730629523672,-1.2674673585149427,2,POR,0.8699923622788688,0.029849603512684227,0.06104068201489283,0.029849603512684227,0.06104068201489283,1.8,80.0,0.027304177196599957,0.041876576280847,0.19112924037619972,0.12562972884254098,0.6507738985789275,-1.1691857032617976,2,COL,0.9147249538841407,0.02984960351268422,0.06104068201489282,0.02984960351268422,0.06104068201489282,3.4,80.0,0.042153992984163446,0.06465182561748936,0.2950779508891441,0.19395547685246808,1.441795977512137,-0.5319075648590441,2,UZB,1.4122128277600279,0.029849603512684224,0.06104068201489283,0.029849603512684224,0.06104068201489283
274,Chancel Mbemba,DEF,4.2,Congo DR,COD,1.49,80.0,0.016912299078610474,0.018527494303224416,0.11838609355027332,0.05558248290967325,0.5817730629523672,-1.2674673585149427,2,POR,0.8699923622788688,0.01943959488829326,0.028394876562967013,0.01943959488829326,0.028394876562967013,1.66,80.0,0.01778188253772043,0.0194801266159544,0.12447317776404301,0.0584403798478632,0.6507738985789275,-1.1691857032617976,2,COL,0.9147249538841407,0.01943959488829326,0.02839487656296701,0.01943959488829326,0.02839487656296701,3.19,80.0,0.02745284526770601,0.030074706693663435,0.19216991687394208,0.0902241200809903,1.441795977512137,-0.5319075648590441,2,UZB,1.4122128277600279,0.019439594888293263,0.02839487656296701,0.019439594888293263,0.02839487656296701
275,Axel Tuanzebe,DEF,4.0,Congo DR,COD,1.57,80.0,0.027300545413879315,0.019914347677968694,0.1911038178971552,0.05974304303390608,0.5817730629523672,-1.2674673585149427,2,POR,0.8699923622788688,0.031380212743900335,0.030520341007446404,0.031380212743900335,0.030520341007446404,1.75,80.0,0.028704263655038757,0.0209382881404235,0.2009298455852713,0.06281486442127049,0.6507738985789275,-1.1691857032617976,2,COL,0.9147249538841407,0.031380212743900335,0.03052034100744641,0.031380212743900335,0.03052034100744641,3.32,80.0,0.044315538974774756,0.032325912808744674,0.3102087728234233,0.09697773842623403,1.441795977512137,-0.5319075648590441,2,UZB,1.4122128277600279,0.031380212743900335,0.030520341007446408,0.031380212743900335,0.030520341007446408
276,Joris Kayembe,DEF,3.9,Congo DR,COD,-0.17,25.0,0.008115289710339927,0.012446467298730439,0.05680702797237949,0.03733940189619132,0.0,-1.2674673585149427,1,POR,0.8699923622788688,0.00932800109771382,0.01907521312965401,0.00932800109771382,0.01907521312965401,-0.07,25.0,0.008532555373937488,0.013086430087764691,0.05972788761756241,0.03925929026329407,0.0,-1.1691857032617976,1,COL,0.9147249538841407,0.00932800109771382,0.019075213129654014,0.00932800109771382,0.019075213129654014,0.62,25.0,0.013173122807551079,0.020203695505465427,0.09221185965285755,0.06061108651639628,0.0,-0.5319075648590441,1,UZB,1.4122128277600279,0.00932800109771382,0.01907521312965401,0.00932800109771382,0.01907521312965401
277,Dylan Batubinsika,DEF,3.8,Congo DR,COD,-0.26,5.0,0.0009556438002752848,0.001046911776052081,0.006689506601926994,0.003140735328156243,0.0,-1.2674673585149427,1,POR,0.8699923622788688,0.0010984507930300212,0.0016044765777173606,0.0010984507930300212,0.0016044765777173606,-0.16,5.0,0.0010047803509983838,0.0011007410726705225,0.007033462456988687,0.0033022232180115675,0.0,-1.1691857032617976,1,COL,0.9147249538841407,0.0010984507930300212,0.0016044765777173608,0.0010984507930300212,0.0016044765777173608,0.48,5.0,0.001551246300580171,0.0016993968036697245,0.010858724104061197,0.005098190411009174,0.0,-0.5319075648590441,1,UZB,1.4122128277600279,0.001098450793030021,0.0016044765777173606,0.001098450793030021,0.0016044765777173606
278,Steve Kapuadi,DEF,3.7,Congo DR,COD,-0.25,5.0,0.0016230579420679857,0.0024892934597460876,0.0113614055944759,0.007467880379238263,0.0,-1.2674673585149427,1,POR,0.8699923622788688,0.0018656002195427642,0.003815042625930802,0.0018656002195427642,0.003815042625930802,-0.15,5.0,0.0017065110747874973,0.0026172860175529373,0.011945577523512482,0.007851858052658811,0.0,-1.1691857032617976,1,COL,0.9147249538841407,0.0018656002195427638,0.0038150426259308014,0.0018656002195427638,0.0038150426259308014,0.5,5.0,0.0026346245615102154,0.004040739101093085,0.018442371930571508,0.012122217303279255,0.0,-0.5319075648590441,1,UZB,1.4122128277600279,0.001865600219542764,0.003815042625930802,0.001865600219542764,0.003815042625930802
281,Yoane Wissa,FWD,6.2,Congo DR,COD,3.05,70.0,0.16174386233424828,0.08073091962517316,0.8087193116712414,0.2421927588755195,0.0,0.0,2,POR,0.8699923622788688,0.18591411757980772,0.12372663351312739,0.18591411757980772,0.12372663351312739,3.1,70.0,0.17006028262960035,0.08488187935090157,0.8503014131480018,0.2546456380527047,0.0,0.0,2,COL,0.9147249538841407,0.18591411757980775,0.12372663351312739,0.18591411757980775,0.12372663351312739,3.71,70.0,0.26255030170789057,0.1310462542371017,1.3127515085394528,0.3931387627113051,0.0,0.0,2,UZB,1.4122128277600279,0.18591411757980772,0.12372663351312739,0.18591411757980772,0.12372663351312739
282,Simon Banza,FWD,5.6,Congo DR,COD,1.53,35.0,0.08087193116712414,0.04036545981258658,0.4043596558356207,0.12109637943775975,0.0,0.0,1,POR,0.8699923622788688,0.09295705878990386,0.061863316756563695,0.09295705878990386,0.061863316756563695,1.55,35.0,0.08503014131480018,0.04244093967545078,0.4251507065740009,0.12732281902635234,0.0,0.0,1,COL,0.9147249538841407,0.09295705878990387,0.061863316756563695,0.09295705878990387,0.061863316756563695,1.85,35.0,0.13127515085394528,0.06552312711855085,0.6563757542697264,0.19656938135565255,0.0,0.0,1,UZB,1.4122128277600279,0.09295705878990386,0.061863316756563695,0.09295705878990386,0.061863316756563695
283,Cédric Bakambu,FWD,6.5,Congo DR,COD,3.05,70.0,0.16174386233424828,0.08073091962517316,0.8087193116712414,0.2421927588755195,0.0,0.0,2,POR,0.8699923622788688,0.18591411757980772,0.12372663351312739,0.18591411757980772,0.12372663351312739,3.1,70.0,0.17006028262960035,0.08488187935090157,0.8503014131480018,0.2546456380527047,0.0,0.0,2,COL,0.9147249538841407,0.18591411757980775,0.12372663351312739,0.18591411757980775,0.12372663351312739,3.71,70.0,0.26255030170789057,0.1310462542371017,1.3127515085394528,0.3931387627113051,0.0,0.0,2,UZB,1.4122128277600279,0.18591411757980772,0.12372663351312739,0.18591411757980772,0.12372663351312739
284,Meschack Elia,FWD,4.9,Congo DR,COD,1.15,10.0,0.023106266047749752,0.011532988517881879,0.11553133023874876,0.03459896555364564,0.0,0.0,1,POR,0.8699923622788688,0.026559159654258244,0.0176752333590182,0.026559159654258244,0.0176752333590182,1.16,10.0,0.024294326089942902,0.012125982764414511,0.12147163044971451,0.036377948293243534,0.0,0.0,1,COL,0.9147249538841407,0.026559159654258244,0.017675233359018203,0.026559159654258244,0.017675233359018203,1.24,10.0,0.03750718595827008,0.0187208934624431,0.1875359297913504,0.0561626803873293,0.0,0.0,1,UZB,1.4122128277600279,0.026559159654258244,0.0176752333590182,0.026559159654258244,0.0176752333590182
285,Fiston Mayele,FWD,4.9,Congo DR,COD,1.15,10.0,0.023106266047749752,0.011532988517881879,0.11553133023874876,0.03459896555364564,0.0,0.0,1,POR,0.8699923622788688,0.026559159654258244,0.0176752333590182,0.026559159654258244,0.0176752333590182,1.16,10.0,0.024294326089942902,0.012125982764414511,0.12147163044971451,0.036377948293243534,0.0,0.0,1,COL,0.9147249538841407,0.026559159654258244,0.017675233359018203,0.026559159654258244,0.017675233359018203,1.24,10.0,0.03750718595827008,0.0187208934624431,0.1875359297913504,0.0561626803873293,0.0,0.0,1,UZB,1.4122128277600279,0.026559159654258244,0.0176752333590182,0.026559159654258244,0.0176752333590182
287,Nathanaël Mbuku,FWD,4.5,Congo DR,COD,1.08,5.0,0.011553133023874876,0.0057664942589409395,0.05776566511937438,0.01729948277682282,0.0,0.0,1,POR,0.8699923622788688,0.013279579827129122,0.0088376166795091,0.013279579827129122,0.0088376166795091,1.08,5.0,0.012147163044971451,0.006062991382207256,0.060735815224857256,0.018188974146621767,0.0,0.0,1,COL,0.9147249538841407,0.013279579827129122,0.008837616679509101,0.013279579827129122,0.008837616679509101,1.12,5.0,0.01875359297913504,0.00936044673122155,0.0937679648956752,0.02808134019366465,0.0,0.0,1,UZB,1.4122128277600279,0.013279579827129122,0.0088376166795091,0.013279579827129122,0.0088376166795091
288,Brian Cipenga,FWD,4.2,Congo DR,COD,1.08,5.0,0.011553133023874876,0.0057664942589409395,0.05776566511937438,0.01729948277682282,0.0,0.0,1,POR,0.8699923622788688,0.013279579827129122,0.0088376166795091,0.013279579827129122,0.0088376166795091,1.08,5.0,0.012147163044971451,0.006062991382207256,0.060735815224857256,0.018188974146621767,0.0,0.0,1,COL,0.9147249538841407,0.013279579827129122,0.008837616679509101,0.013279579827129122,0.008837616679509101,1.12,5.0,0.01875359297913504,0.00936044673122155,0.0937679648956752,0.02808134019366465,0.0,0.0,1,UZB,1.4122128277600279,0.013279579827129122,0.0088376166795091,0.013279579827129122,0.0088376166795091
289,Lionel Mpasi,GK,4.0,Congo DR,COD,1.31,90.0,0.0,0.0,0.0,0.0,0.5817730629523672,-1.2674673585149427,2,POR,0.8699923622788688,0.0,0.0,0.0,0.0,1.48,90.0,0.0,0.0,0.0,0.0,0.6507738985789275,-1.1691857032617976,2,COL,0.9147249538841407,0.0,0.0,0.0,0.0,2.91,90.0,0.0,0.0,0.0,0.0,1.441795977512137,-0.5319075648590441,2,UZB,1.4122128277600279,0.0,0.0,0.0,0.0
290,Matthieu Epolo,GK,3.7,Congo DR,COD,-0.27,5.0,0.0,0.0,0.0,0.0,0.0,-1.2674673585149427,1,POR,0.8699923622788688,0.0,0.0,0.0,0.0,-0.17,5.0,0.0,0.0,0.0,0.0,0.0,-1.1691857032617976,1,COL,0.9147249538841407,0.0,0.0,0.0,0.0,0.47,5.0,0.0,0.0,0.0,0.0,0.0,-0.5319075648590441,1,UZB,1.4122128277600279,0.0,0.0,0.0,0.0
291,Timothy Fayulu,GK,3.6,Congo DR,COD,-0.27,5.0,0.0,0.0,0.0,0.0,0.0,-1.2674673585149427,1,POR,0.8699923622788688,0.0,0.0,0.0,0.0,-0.17,5.0,0.0,0.0,0.0,0.0,0.0,-1.1691857032617976,1,COL,0.9147249538841407,0.0,0.0,0.0,0.0,0.47,5.0,0.0,0.0,0.0,0.0,0.0,-0.5319075648590441,1,UZB,1.4122128277600279,0.0,0.0,0.0,0.0
292,Ngal'ayel Mukau,MID,4.9,Congo DR,COD,1.14,35.0,0.018854769750665554,0.010133992941188153,0.11312861850399333,0.03040197882356446,0.0,0.0,1,POR,0.8699923622788688,0.021672339399942703,0.0155311600125516,0.021672339399942703,0.0155311600125516,1.15,35.0,0.019824229658174035,0.010655054719686353,0.11894537794904421,0.03196516415905906,0.0,0.0,1,COL,0.9147249538841407,0.021672339399942703,0.015531160012551599,0.021672339399942703,0.015531160012551599,1.23,35.0,0.03060595570816815,0.016449977549789222,0.1836357342490089,0.04934993264936767,0.0,0.0,1,UZB,1.4122128277600279,0.021672339399942703,0.015531160012551599,0.021672339399942703,0.015531160012551599
293,Samuel Moutoussamy,MID,5.1,Congo DR,COD,1.16,35.0,0.022801265351811255,0.00916207782869993,0.13680759211086752,0.027486233486099788,0.0,0.0,1,POR,0.8699923622788688,0.026208581063959388,0.014041621859301032,0.026208581063959388,0.014041621859301032,1.17,35.0,0.023973643105099016,0.00963316643078076,0.1438418586305941,0.02889949929234228,0.0,0.0,1,COL,0.9147249538841407,0.02620858106395939,0.014041621859301035,0.02620858106395939,0.014041621859301035,1.27,35.0,0.03701209437591201,0.0148723188841954,0.22207256625547206,0.0446169566525862,0.0,0.0,1,UZB,1.4122128277600279,0.02620858106395939,0.014041621859301034,0.02620858106395939,0.014041621859301034
294,Noah Sadiki,MID,5.3,Congo DR,COD,2.39,75.0,0.028766568406375457,0.0344966620015652,0.17259941043825275,0.10348998600469558,0.11635461259047343,0.0,2,POR,0.8699923622788688,0.033065311436785434,0.052868911647613724,0.033065311436785434,0.052868911647613724,2.42,75.0,0.03024566547917831,0.03627038457657613,0.18147399287506985,0.10881115372972838,0.1301547797157855,0.0,2,COL,0.9147249538841407,0.03306531143678544,0.052868911647613724,0.03306531143678544,0.052868911647613724,2.74,75.0,0.046695256964908755,0.055996616413853735,0.2801715417894525,0.1679898492415612,0.2883591955024274,0.0,2,UZB,1.4122128277600279,0.03306531143678544,0.05286891164761372,0.03306531143678544,0.05286891164761372
295,Charles Pickel,MID,5.3,Congo DR,COD,2.78,75.0,0.07191642101593865,0.07780400595615633,0.4314985260956319,0.233412017868469,0.11635461259047343,0.0,2,POR,0.8699923622788688,0.0826632785919636,0.1192409026861731,0.0826632785919636,0.1192409026861731,2.83,75.0,0.07561416369794577,0.08180447190803475,0.4536849821876746,0.24541341572410424,0.1301547797157855,0.0,2,COL,0.9147249538841407,0.0826632785919636,0.1192409026861731,0.0826632785919636,0.1192409026861731,3.37,75.0,0.11673814241227187,0.12629514927532412,0.7004288544736312,0.37888544782597233,0.2883591955024274,0.0,2,UZB,1.4122128277600279,0.08266327859196358,0.1192409026861731,0.08266327859196358,0.1192409026861731
296,Edo Kayembe,MID,5.6,Congo DR,COD,2.55,75.0,0.055711448808590164,0.03380730786230812,0.334268692851541,0.10142192358692437,0.11635461259047343,0.0,2,POR,0.8699923622788688,0.06403671023347711,0.05181242093321807,0.06403671023347711,0.05181242093321807,2.59,75.0,0.058575976815209436,0.035545585761572684,0.35145586089125663,0.10663675728471805,0.1301547797157855,0.0,2,COL,0.9147249538841407,0.06403671023347712,0.05181242093321806,0.06403671023347712,0.05181242093321806,3.0,75.0,0.09043346363926823,0.05487762410939456,0.5426007818356093,0.1646328723281837,0.2883591955024274,0.0,2,UZB,1.4122128277600279,0.06403671023347711,0.05181242093321807,0.06403671023347711,0.05181242093321807
297,Théo Bongonda,MID,6.2,Congo DR,COD,2.78,75.0,0.07191642101593865,0.07780400595615633,0.4314985260956319,0.233412017868469,0.11635461259047343,0.0,2,POR,0.8699923622788688,0.0826632785919636,0.1192409026861731,0.0826632785919636,0.1192409026861731,2.83,75.0,0.07561416369794577,0.08180447190803475,0.4536849821876746,0.24541341572410424,0.1301547797157855,0.0,2,COL,0.9147249538841407,0.0826632785919636,0.1192409026861731,0.0826632785919636,0.1192409026861731,3.37,75.0,0.11673814241227187,0.12629514927532412,0.7004288544736312,0.37888544782597233,0.2883591955024274,0.0,2,UZB,1.4122128277600279,0.08266327859196358,0.1192409026861731,0.08266327859196358,0.1192409026861731
298,Christ Inao Oulaï,MID,4.6,Côte d'Ivoire,CIV,1.24,35.0,0.024104910409224512,0.03281848881205946,0.14462946245534708,0.09845546643617839,0.0,0.0,1,ECU,1.0315555098763736,0.023367535899365566,0.042419418697099594,0.023367535899365566,0.042419418697099594,1.22,35.0,0.022036118014969,0.03000185772350888,0.132216708089814,0.09000557317052664,0.0,0.0,1,GER,0.9430227521579322,0.023367535899365566,0.0424194186970996,0.023367535899365566,0.0424194186970996,1.49,35.0,0.048205091643110924,0.06563053891991763,0.28923054985866553,0.1968916167597529,0.0,0.0,1,CUW,2.0629086374665504,0.023367535899365566,0.0424194186970996,0.023367535899365566,0.0424194186970996
299,Evan Ndicka,DEF,4.4,Côte d'Ivoire,CIV,2.2,80.0,0.034706808793457083,0.017681009256747034,0.24294766155419958,0.0530430277702411,0.850152365391724,-0.9418080776721633,2,ECU,1.0315555098763736,0.033645119880767745,0.02285352439426294,0.033645119880767745,0.02285352439426294,1.86,80.0,0.031728113546645155,0.016163545103089705,0.2220967948265161,0.048490635309269114,0.6967861758405938,-1.1100718407368497,2,GER,0.9430227521579322,0.033645119880767745,0.02285352439426294,0.033645119880767745,0.02285352439426294,4.31,80.0,0.06940680841063333,0.03535854965210814,0.4858476588744333,0.10607564895632443,2.022647874356309,-0.30956000538912565,2,CUW,2.0629086374665504,0.033645119880767745,0.022853524394262935,0.033645119880767745,0.022853524394262935
300,Wilfried Singo,DEF,4.4,Côte d'Ivoire,CIV,2.32,80.0,0.04369637081720281,0.0368971706159507,0.3058745957204197,0.1106915118478521,0.850152365391724,-0.9418080776721633,2,ECU,1.0315555098763736,0.042359689225487815,0.04769130407129537,0.042359689225487815,0.04769130407129537,1.97,80.0,0.03994615071397423,0.03373048861448531,0.2796230549978196,0.10119146584345594,0.6967861758405938,-1.1100718407368497,2,GER,0.9430227521579322,0.042359689225487815,0.04769130407129537,0.042359689225487815,0.04769130407129537,4.55,80.0,0.08738416878365758,0.07378710232553916,0.611689181485603,0.2213613069766175,2.022647874356309,-0.30956000538912565,2,CUW,2.0629086374665504,0.042359689225487815,0.04769130407129537,0.042359689225487815,0.04769130407129537
301,Ousmane Diomande,DEF,4.3,Côte d'Ivoire,CIV,2.14,80.0,0.019133636057600142,0.03340130032964754,0.13393545240320098,0.10020390098894262,0.850152365391724,-0.9418080776721633,2,ECU,1.0315555098763736,0.018548333923293383,0.04317272961058006,0.018548333923293383,0.04317272961058006,1.8,80.0,0.01749150090428846,0.03053464972165459,0.12244050633001922,0.09160394916496377,0.6967861758405938,-1.1100718407368497,2,GER,0.9430227521579322,0.018548333923293383,0.04317272961058006,0.018548333923293383,0.04317272961058006,4.18,80.0,0.03826351826097575,0.06679604761250511,0.2678446278268303,0.20038814283751533,2.022647874356309,-0.30956000538912565,2,CUW,2.0629086374665504,0.018548333923293386,0.04317272961058005,0.018548333923293386,0.04317272961058005
302,Odilon Kossounou,DEF,4.3,Côte d'Ivoire,CIV,2.19,80.0,0.03325761771872269,0.017681009256747034,0.23280332403105883,0.0530430277702411,0.850152365391724,-0.9418080776721633,2,ECU,1.0315555098763736,0.03224025987967282,0.02285352439426294,0.03224025987967282,0.02285352439426294,1.85,80.0,0.030403298602016033,0.016163545103089705,0.21282309021411222,0.048490635309269114,0.6967861758405938,-1.1100718407368497,2,GER,0.9430227521579322,0.03224025987967283,0.02285352439426294,0.03224025987967283,0.02285352439426294,4.28,80.0,0.06650871057994336,0.03535854965210814,0.4655609740596035,0.10607564895632443,2.022647874356309,-0.30956000538912565,2,CUW,2.0629086374665504,0.03224025987967282,0.022853524394262935,0.03224025987967282,0.022853524394262935
303,Guéla Doué,DEF,3.9,Côte d'Ivoire,CIV,0.21,25.0,0.010332581086303744,0.02581203211896752,0.0723280676041262,0.07743609635690256,0.0,-0.9418080776721633,1,ECU,1.0315555098763736,0.010016505158837306,0.03336324850750359,0.010016505158837306,0.03336324850750359,0.03,25.0,0.009445792261890882,0.023596726821356294,0.06612054583323618,0.07079018046406887,0.0,-1.1100718407368497,1,GER,0.9430227521579322,0.010016505158837306,0.03336324850750359,0.010016505158837306,0.03336324850750359,0.99,25.0,0.020663135009393742,0.05161900014005411,0.1446419450657562,0.15485700042016234,0.0,-0.30956000538912565,1,CUW,2.0629086374665504,0.010016505158837306,0.03336324850750359,0.010016505158837306,0.03336324850750359
304,Emmanuel Agbadou,DEF,3.9,Côte d'Ivoire,CIV,0.08,5.0,0.0018192755645943888,0.0021622051689502643,0.012734928952160721,0.006486615506850793,0.0,-0.9418080776721633,1,ECU,1.0315555098763736,0.0017636235250320356,0.0027947504498449377,0.0017636235250320356,0.0027947504498449377,-0.09,5.0,0.0016631371103461843,0.0019766349456055436,0.01164195977242329,0.005929904836816631,0.0,-1.1100718407368497,1,GER,0.9430227521579322,0.0017636235250320358,0.0027947504498449373,0.0017636235250320358,0.0027947504498449373,0.73,5.0,0.0036381942030277916,0.004323986131911486,0.02546735942119454,0.012971958395734458,0.0,-0.30956000538912565,1,CUW,2.0629086374665504,0.0017636235250320358,0.0027947504498449373,0.0017636235250320358,0.0027947504498449373
305,Ghislain Konan,DEF,4.0,Côte d'Ivoire,CIV,0.12,25.0,0.0059792612680000445,0.005229775267075614,0.04185482887600031,0.015689325801226842,0.0,-0.9418080776721633,1,ECU,1.0315555098763736,0.005796354351029182,0.0067597270555705075,0.005796354351029182,0.0067597270555705075,-0.06,25.0,0.0054660940325901445,0.004780932308835401,0.03826265822813101,0.014342796926506203,0.0,-1.1100718407368497,1,GER,0.9430227521579322,0.005796354351029182,0.006759727055570507,0.005796354351029182,0.006759727055570507,0.81,25.0,0.011957349456554921,0.010458524497389547,0.08370144619588445,0.03137557349216864,0.0,-0.30956000538912565,1,CUW,2.0629086374665504,0.005796354351029182,0.006759727055570507,0.005796354351029182,0.006759727055570507
306,Clément Akpa,DEF,3.6,Côte d'Ivoire,CIV,0.07,5.0,0.0012560855980688055,0.0010986382932063022,0.008792599186481639,0.003295914879618907,0.0,-0.9418080776721633,1,ECU,1.0315555098763736,0.0012176616634225923,0.0014200409416493325,0.0012176616634225923,0.0014200409416493325,-0.1,5.0,0.0011482826530379788,0.0010043481877283213,0.008037978571265852,0.0030130445631849643,0.0,-1.1100718407368497,1,GER,0.9430227521579322,0.0012176616634225923,0.0014200409416493325,0.0012176616634225923,0.0014200409416493325,0.71,5.0,0.002511924762986354,0.0021970610430634063,0.017583473340904477,0.006591183129190219,0.0,-0.30956000538912565,1,CUW,2.0629086374665504,0.0012176616634225926,0.0014200409416493325,0.0012176616634225926,0.0014200409416493325
307,Yan Diomande,FWD,5.9,Côte d'Ivoire,CIV,3.28,70.0,0.1858308380403848,0.11713796891250225,0.929154190201924,0.3514139067375067,0.0,0.0,2,ECU,1.0315555098763736,0.1801462318422938,0.1514062569145899,0.1801462318422938,0.1514062569145899,3.17,70.0,0.16988199534280082,0.10708465881714563,0.8494099767140041,0.3212539764514369,0.0,0.0,2,GER,0.9430227521579322,0.1801462318422938,0.1514062569145899,0.1801462318422938,0.1514062569145899,4.56,70.0,0.3716252176745196,0.23425295636669033,1.858126088372598,0.702758869100071,0.0,0.0,2,CUW,2.0629086374665504,0.1801462318422938,0.1514062569145899,0.1801462318422938,0.1514062569145899
308,Nicolas Pépé,FWD,5.9,Côte d'Ivoire,CIV,3.05,70.0,0.13837514884793564,0.12081952436889566,0.6918757442396782,0.362458573106687,0.0,0.0,2,ECU,1.0315555098763736,0.13414222261729683,0.15616483806851428,0.13414222261729683,0.15616483806851428,2.96,70.0,0.12649916795314528,0.11045024653925109,0.6324958397657264,0.3313507396177533,0.0,0.0,2,GER,0.9430227521579322,0.13414222261729683,0.15616483806851425,0.13414222261729683,0.15616483806851425,4.11,70.0,0.2767231496861825,0.2416153449900774,1.3836157484309126,0.7248460349702321,0.0,0.0,2,CUW,2.0629086374665504,0.13414222261729683,0.15616483806851425,0.13414222261729683,0.15616483806851425
309,Elye Wahi,FWD,5.9,Côte d'Ivoire,CIV,1.58,35.0,0.10024571800682638,0.02463150720893799,0.5012285900341319,0.07389452162681397,0.0,0.0,1,ECU,1.0315555098763736,0.09717917944991666,0.0318373653162429,0.09717917944991666,0.0318373653162429,1.53,35.0,0.09164217725730998,0.022517519896485656,0.45821088628654993,0.06755255968945698,0.0,0.0,1,GER,0.9430227521579322,0.09717917944991666,0.031837365316242906,0.09717917944991666,0.031837365316242906,2.15,35.0,0.20047176866914498,0.04925818192879159,1.002358843345725,0.14777454578637478,0.0,0.0,1,CUW,2.0629086374665504,0.09717917944991666,0.031837365316242906,0.09717917944991666,0.031837365316242906
310,Amad Diallo,FWD,5.9,Côte d'Ivoire,CIV,1.07,10.0,0.009621200458844919,0.00863955193727113,0.04810600229422459,0.025918655811813386,0.0,0.0,1,ECU,1.0315555098763736,0.009326885821198288,0.011167021525006164,0.009326885821198288,0.011167021525006164,1.07,10.0,0.008795465536169205,0.007898066528938635,0.04397732768084603,0.023694199586815904,0.0,0.0,1,GER,0.9430227521579322,0.009326885821198288,0.011167021525006163,0.009326885821198288,0.011167021525006163,1.15,10.0,0.019240513321214247,0.01727740886903258,0.09620256660607124,0.05183222660709774,0.0,0.0,1,CUW,2.0629086374665504,0.009326885821198286,0.011167021525006164,0.009326885821198286,0.011167021525006164
311,Simon Adingra,FWD,5.6,Côte d'Ivoire,CIV,1.17,10.0,0.02745783798909428,0.010942080014477525,0.1372891899454714,0.03282624004343258,0.0,0.0,1,ECU,1.0315555098763736,0.026617896687290202,0.014143145841033638,0.026617896687290202,0.014143145841033638,1.16,10.0,0.025101282190703914,0.010002981236386915,0.12550641095351955,0.030008943709160744,0.0,0.0,1,GER,0.9430227521579322,0.026617896687290202,0.014143145841033638,0.026617896687290202,0.014143145841033638,1.34,10.0,0.054910288987403244,0.021882013287313058,0.2745514449370162,0.06564603986193918,0.0,0.0,1,CUW,2.0629086374665504,0.026617896687290206,0.014143145841033638,0.026617896687290206,0.014143145841033638
312,Evann Guessand,FWD,5.3,Côte d'Ivoire,CIV,1.09,5.0,0.01372891899454714,0.0054710400072387625,0.0686445949727357,0.01641312002171629,0.0,0.0,1,ECU,1.0315555098763736,0.013308948343645101,0.007071572920516819,0.013308948343645101,0.007071572920516819,1.08,5.0,0.012550641095351957,0.005001490618193457,0.06275320547675978,0.015004471854580372,0.0,0.0,1,GER,0.9430227521579322,0.013308948343645101,0.007071572920516819,0.013308948343645101,0.007071572920516819,1.17,5.0,0.027455144493701622,0.010941006643656529,0.1372757224685081,0.03282301993096959,0.0,0.0,1,CUW,2.0629086374665504,0.013308948343645103,0.007071572920516819,0.013308948343645103,0.007071572920516819
314,Bazoumana Touré,FWD,4.5,Côte d'Ivoire,CIV,1.07,5.0,0.007200228770937829,0.00988501534835316,0.036001143854689145,0.029655046045059478,0.0,0.0,1,ECU,1.0315555098763736,0.006979972189572947,0.012776840740301445,0.006979972189572947,0.012776840740301445,1.06,5.0,0.006582272584196909,0.009036638639101995,0.032911362920984545,0.027109915917305986,0.0,0.0,1,GER,0.9430227521579322,0.006979972189572948,0.012776840740301446,0.006979972189572948,0.012776840740301446,1.13,5.0,0.014399044919146342,0.019768091342026776,0.07199522459573171,0.05930427402608033,0.0,0.0,1,CUW,2.0629086374665504,0.006979972189572947,0.012776840740301448,0.006979972189572947,0.012776840740301448
316,Alban Lafont,GK,4.1,Côte d'Ivoire,CIV,0.06,5.0,0.0,0.0,0.0,0.0,0.0,-0.9418080776721633,1,ECU,1.0315555098763736,0.0,0.0,0.0,0.0,-0.11,5.0,0.0,0.0,0.0,0.0,0.0,-1.1100718407368497,1,GER,0.9430227521579322,0.0,0.0,0.0,0.0,0.69,5.0,0.0,0.0,0.0,0.0,0.0,-0.30956000538912565,1,CUW,2.0629086374665504,0.0,0.0,0.0,0.0
317,Yahia Fofana,GK,4.2,Côte d'Ivoire,CIV,1.91,90.0,0.0,0.0,0.0,0.0,0.850152365391724,-0.9418080776721633,2,ECU,1.0315555098763736,0.0,0.0,0.0,0.0,1.59,90.0,0.0,0.0,0.0,0.0,0.6967861758405938,-1.1100718407368497,2,GER,0.9430227521579322,0.0,0.0,0.0,0.0,3.71,90.0,0.0,0.0,0.0,0.0,2.022647874356309,-0.30956000538912565,2,CUW,2.0629086374665504,0.0,0.0,0.0,0.0
318,Mohamed Koné,GK,3.7,Côte d'Ivoire,CIV,0.06,5.0,0.0,0.0,0.0,0.0,0.0,-0.9418080776721633,1,ECU,1.0315555098763736,0.0,0.0,0.0,0.0,-0.11,5.0,0.0,0.0,0.0,0.0,0.0,-1.1100718407368497,1,GER,0.9430227521579322,0.0,0.0,0.0,0.0,0.69,5.0,0.0,0.0,0.0,0.0,0.0,-0.30956000538912565,1,CUW,2.0629086374665504,0.0,0.0,0.0,0.0
319,Parfait Guiagon,MID,4.9,Côte d'Ivoire,CIV,1.34,35.0,0.03988149370539576,0.03444821840753624,0.23928896223237456,0.10334465522260872,0.0,0.0,1,ECU,1.0315555098763736,0.03866151004338617,0.04452591977548505,0.03866151004338617,0.04452591977548505,1.31,35.0,0.036458683603695564,0.0314917165567809,0.2187521016221734,0.0944751496703427,0.0,0.0,1,GER,0.9430227521579322,0.03866151004338617,0.04452591977548505,0.03866151004338617,0.04452591977548505,1.69,35.0,0.07975516300600112,0.06888967837199308,0.47853097803600675,0.20666903511597925,0.0,0.0,1,CUW,2.0629086374665504,0.03866151004338617,0.04452591977548505,0.03866151004338617,0.04452591977548505
320,Jean Michaël Seri,MID,5.5,Côte d'Ivoire,CIV,2.9,75.0,0.08546034365441947,0.07381761087329193,0.5127620619265169,0.2214528326198758,0.1700304730783448,0.0,2,ECU,1.0315555098763736,0.0828460929501132,0.09541268523318223,0.0828460929501132,0.09541268523318223,2.81,75.0,0.07812575057934762,0.0674822497645305,0.4687545034760857,0.20244674929359152,0.13935723516811876,0.0,2,GER,0.9430227521579322,0.0828460929501132,0.09541268523318223,0.0828460929501132,0.09541268523318223,3.87,75.0,0.17090392072714522,0.1476207393685566,1.0254235243628713,0.44286221810566984,0.40452957487126184,0.0,2,CUW,2.0629086374665504,0.0828460929501132,0.09541268523318223,0.0828460929501132,0.09541268523318223
321,Ibrahim Sangaré,MID,5.8,Côte d'Ivoire,CIV,2.69,75.0,0.060316970410448346,0.0538969679389926,0.3619018224626901,0.16169090381697782,0.1700304730783448,0.0,2,ECU,1.0315555098763736,0.05847186102246404,0.0696643304510769,0.05847186102246404,0.0696643304510769,2.62,75.0,0.055140295305200156,0.049271286471910626,0.33084177183120095,0.14781385941573189,0.13935723516811876,0.0,2,GER,0.9430227521579322,0.05847186102246403,0.0696643304510769,0.05847186102246403,0.0696643304510769,3.45,75.0,0.12062210715198478,0.1077833617581379,0.7237326429119086,0.32335008527441367,0.40452957487126184,0.0,2,CUW,2.0629086374665504,0.05847186102246404,0.06966433045107688,0.05847186102246404,0.06966433045107688
322,Franck Kessie,MID,5.9,Côte d'Ivoire,CIV,2.8,75.0,0.07797175516816418,0.05283361230902033,0.4678305310089851,0.158500836927061,0.1700304730783448,0.0,2,ECU,1.0315555098763736,0.07558658203232192,0.0682898939878374,0.07558658203232192,0.0682898939878374,2.71,75.0,0.07127986661433153,0.04829919282973789,0.42767919968598916,0.14489757848921367,0.13935723516811876,0.0,2,GER,0.9430227521579322,0.07558658203232192,0.0682898939878374,0.07558658203232192,0.0682898939878374,3.66,75.0,0.15592821295105086,0.10565685911938862,0.9355692777063052,0.31697057735816586,0.40452957487126184,0.0,2,CUW,2.0629086374665504,0.07558658203232192,0.0682898939878374,0.07558658203232192,0.0682898939878374
323,Seko Fofana,MID,6.8,Côte d'Ivoire,CIV,2.9,75.0,0.08546034365441947,0.07381761087329193,0.5127620619265169,0.2214528326198758,0.1700304730783448,0.0,2,ECU,1.0315555098763736,0.0828460929501132,0.09541268523318223,0.0828460929501132,0.09541268523318223,2.81,75.0,0.07812575057934762,0.0674822497645305,0.4687545034760857,0.20244674929359152,0.13935723516811876,0.0,2,GER,0.9430227521579322,0.0828460929501132,0.09541268523318223,0.0828460929501132,0.09541268523318223,3.87,75.0,0.17090392072714522,0.1476207393685566,1.0254235243628713,0.44286221810566984,0.40452957487126184,0.0,2,CUW,2.0629086374665504,0.0828460929501132,0.09541268523318223,0.0828460929501132,0.09541268523318223
324,Petar Sucic,MID,4.2,Croatia,CRO,1.03,5.0,0.0034178310520177396,0.003772187180439911,0.020506986312106436,0.011316561541319733,0.0,0.0,1,ENG,1.006132025540712,0.003397000557835281,0.004998929344834474,0.003397000557835281,0.004998929344834474,1.06,5.0,0.005968927310889373,0.00658777766964875,0.03581356386533624,0.01976333300894625,0.0,0.0,1,PAN,1.7571169651773733,0.003397000557835281,0.004998929344834474,0.003397000557835281,0.004998929344834474,1.06,5.0,0.006868085243972204,0.0075801590883743854,0.041208511463833225,0.022740477265123155,0.0,0.0,1,GHA,2.021808688883128,0.0033970005578352813,0.0049989293448344735,0.0033970005578352813,0.0049989293448344735
325,Josip Stanisic,DEF,4.3,Croatia,CRO,2.21,80.0,0.03025049665578067,0.05868446913847225,0.2117534765904647,0.17605340741541675,0.8049413922603665,-0.9874119997456416,2,ENG,1.006132025540712,0.030066130376402194,0.0777690768855565,0.030066130376402194,0.0777690768855565,4.05,80.0,0.05282970776161105,0.10248702327134611,0.36980795433127733,0.3074610698140383,1.7698317847805822,-0.392519764167895,2,PAN,1.7571169651773733,0.030066130376402187,0.07776907688555648,0.030066130376402187,0.07776907688555648,4.45,80.0,0.0607879636361029,0.11792564653022859,0.4255157454527203,0.3537769395906858,1.9890557338717363,-0.3195890386775426,2,GHA,2.021808688883128,0.03006613037640219,0.0777690768855565,0.03006613037640219,0.0777690768855565
326,Josip Sutalo,DEF,4.3,Croatia,CRO,1.98,80.0,0.015969427118044145,0.01697171462265896,0.11178598982630902,0.05091514386797688,0.8049413922603665,-0.9874119997456416,2,ENG,1.006132025540712,0.015872099001581735,0.022491037215568974,0.015872099001581735,0.022491037215568974,3.66,80.0,0.027889134428654115,0.029639537291933936,0.1952239410005788,0.0889186118758018,1.7698317847805822,-0.392519764167895,2,PAN,1.7571169651773733,0.015872099001581735,0.022491037215568974,0.015872099001581735,0.022491037215568974,4.0,80.0,0.032090347672211174,0.034104430848323354,0.22463243370547822,0.10231329254497007,1.9890557338717363,-0.3195890386775426,2,GHA,2.021808688883128,0.015872099001581735,0.022491037215568974,0.015872099001581735,0.022491037215568974
327,Duje Caleta-Car,DEF,4.0,Croatia,CRO,2.03,80.0,0.022698006630438763,0.018746817427579922,0.15888604641307136,0.056240452282739765,0.8049413922603665,-0.9874119997456416,2,ENG,1.006132025540712,0.02255967015684694,0.024843416108013685,0.02255967015684694,0.024843416108013685,3.75,80.0,0.039639979161401454,0.03273959093726376,0.2774798541298102,0.09821877281179128,1.7698317847805822,-0.392519764167895,2,PAN,1.7571169651773733,0.022559670156846942,0.02484341610801369,0.022559670156846942,0.02484341610801369,4.1,80.0,0.04561133714145055,0.03767147591154084,0.31927935999015383,0.11301442773462252,1.9890557338717363,-0.3195890386775426,2,GHA,2.021808688883128,0.022559670156846942,0.02484341610801368,0.022559670156846942,0.02484341610801368
328,Marin Pongracic,DEF,4.0,Croatia,CRO,0.07,25.0,0.005474213696395872,0.005817791205152545,0.038319495874771105,0.017453373615457637,0.0,-0.9874119997456416,1,ENG,1.006132025540712,0.005440850263616188,0.007709778382250205,0.005440850263616188,0.007709778382250205,0.7,25.0,0.009560210303189787,0.010160236794907199,0.0669214721223285,0.030480710384721596,0.0,-0.392519764167895,1,PAN,1.7571169651773733,0.005440850263616188,0.007709778382250205,0.005440850263616188,0.007709778382250205,0.79,25.0,0.011000358337891265,0.011690772691947576,0.07700250836523886,0.035072318075842726,0.0,-0.3195890386775426,1,GHA,2.021808688883128,0.005440850263616188,0.007709778382250204,0.005440850263616188,0.007709778382250204
329,Martin Erlic,DEF,3.9,Croatia,CRO,0.11,25.0,0.008356814596325262,0.012433837482639978,0.058497702174276835,0.03730151244791993,0.0,-0.9874119997456416,1,ENG,1.006132025540712,0.008305882711400795,0.016477410077413816,0.008305882711400795,0.016477410077413816,0.77,25.0,0.014594407422975773,0.021714552591906324,0.10216085196083041,0.06514365777571897,0.0,-0.392519764167895,1,PAN,1.7571169651773733,0.008305882711400793,0.016477410077413816,0.008305882711400793,0.016477410077413816,0.87,25.0,0.016792905834754276,0.024985628148604246,0.11755034084327994,0.07495688444581274,0.0,-0.3195890386775426,1,GHA,2.021808688883128,0.008305882711400793,0.016477410077413816,0.008305882711400793,0.016477410077413816
330,Luka Vuskovic,DEF,3.7,Croatia,CRO,0.04,5.0,0.0028379935653189314,0.0011703231145248725,0.01986595495723252,0.0035109693435746176,0.0,-0.9874119997456416,1,ENG,1.006132025540712,0.0028206969793986496,0.001550920535034053,0.0028206969793986496,0.001550920535034053,0.65,5.0,0.004956294516125938,0.0020438615878127274,0.03469406161288156,0.006131584763438182,0.0,-0.392519764167895,1,PAN,1.7571169651773733,0.002820696979398649,0.001550920535034053,0.002820696979398649,0.001550920535034053,0.73,5.0,0.005702909661654583,0.0023517484601243382,0.03992036763158208,0.007055245380373014,0.0,-0.3195890386775426,1,GHA,2.021808688883128,0.0028206969793986496,0.001550920535034053,0.0028206969793986496,0.001550920535034053
332,Ante Budimir,FWD,6.8,Croatia,CRO,2.97,70.0,0.1848257419472479,0.015199572041700181,0.9241287097362395,0.045598716125100545,0.0,0.0,2,ENG,1.006132025540712,0.18369929318959854,0.020142581233023475,0.18369929318959854,0.020142581233023475,3.69,70.0,0.3227811445545359,0.026544653405256687,1.6139057227726794,0.07963396021577006,0.0,0.0,2,PAN,1.7571169651773733,0.18369929318959852,0.02014258123302347,0.18369929318959852,0.02014258123302347,3.95,70.0,0.3714048271124195,0.030543334315095812,1.8570241355620976,0.09163000294528743,0.0,0.0,2,GHA,2.021808688883128,0.18369929318959852,0.02014258123302347,0.18369929318959852,0.02014258123302347
333,Andrej Kramaric,FWD,6.2,Croatia,CRO,3.31,70.0,0.19934867879258586,0.10469085101843627,0.9967433939629293,0.3140725530553088,0.0,0.0,2,ENG,1.006132025540712,0.19813371777471508,0.1387370621493717,0.19813371777471508,0.1387370621493717,4.29,70.0,0.3481441168756175,0.1828329342011465,1.7407205843780877,0.5484988026034394,0.0,0.0,2,PAN,1.7571169651773733,0.19813371777471508,0.13873706214937173,0.19813371777471508,0.13873706214937173,4.63,70.0,0.40058847215763643,0.21037484829278866,2.002942360788182,0.631124544878366,0.0,0.0,2,GHA,2.021808688883128,0.1981337177747151,0.1387370621493717,0.1981337177747151,0.1387370621493717
334,Ivan Perisic,FWD,5.4,Croatia,CRO,1.53,35.0,0.05294268363547097,0.08969740196283194,0.26471341817735483,0.2690922058884958,0.0,0.0,1,ENG,1.006132025540712,0.05262001635125241,0.11886763656704935,0.05262001635125241,0.11886763656704935,1.93,35.0,0.09245952343869639,0.15664825561687554,0.46229761719348195,0.4699447668506266,0.0,0.0,1,PAN,1.7571169651773733,0.05262001635125241,0.11886763656704935,0.05262001635125241,0.11886763656704935,2.07,35.0,0.10638760626813439,0.18024571532869665,0.531938031340672,0.5407371459860899,0.0,0.0,1,GHA,2.021808688883128,0.05262001635125241,0.11886763656704936,0.05262001635125241,0.11886763656704936
335,Marco Pasalic,FWD,5.3,Croatia,CRO,1.13,10.0,0.020087438802610044,0.01065795151628657,0.10043719401305022,0.03197385454885971,0.0,0.0,1,ENG,1.006132025540712,0.019965012833991366,0.014123993333855377,0.019965012833991366,0.014123993333855377,1.23,10.0,0.03508086276059021,0.018613131227227058,0.17540431380295107,0.05583939368168117,0.0,0.0,1,PAN,1.7571169651773733,0.019965012833991363,0.014123993333855377,0.019965012833991363,0.014123993333855377,1.27,10.0,0.040365436421426905,0.02141700933308713,0.20182718210713452,0.0642510279992614,0.0,0.0,1,GHA,2.021808688883128,0.019965012833991366,0.014123993333855377,0.019965012833991366,0.014123993333855377
336,Petar Musa,FWD,5.1,Croatia,CRO,1.2,10.0,0.031154190737472925,0.013555347183890015,0.15577095368736463,0.04066604155167004,0.0,0.0,1,ENG,1.006132025540712,0.030964316756272762,0.017963642729167208,0.030964316756272762,0.017963642729167208,1.34,10.0,0.054407926287572884,0.023673166046853652,0.2720396314378644,0.07101949814056095,0.0,0.0,1,PAN,1.7571169651773733,0.030964316756272762,0.017963642729167208,0.030964316756272762,0.017963642729167208,1.39,10.0,0.0626039246631617,0.027239286715366857,0.31301962331580846,0.08171786014610058,0.0,0.0,1,GHA,2.021808688883128,0.03096431675627276,0.017963642729167204,0.03096431675627276,0.017963642729167204
337,Igor Matanovic,FWD,4.9,Croatia,CRO,1.09,5.0,0.015502308041437747,0.0040147786566952,0.07751154020718873,0.0120443359700856,0.0,0.0,1,ENG,1.006132025540712,0.015407826853644332,0.0053204132986922085,0.015407826853644332,0.0053204132986922085,1.16,5.0,0.027073353961053963,0.007011441351665542,0.13536676980526982,0.021034324054996625,0.0,0.0,1,PAN,1.7571169651773733,0.015407826853644332,0.0053204132986922085,0.015407826853644332,0.0053204132986922085,1.18,5.0,0.031151678209504895,0.008067643376808938,0.15575839104752448,0.024202930130426813,0.0,0.0,1,GHA,2.021808688883128,0.01540782685364433,0.005320413298692208,0.01540782685364433,0.005320413298692208
338,Dominik Livakovic,GK,4.5,Croatia,CRO,1.82,90.0,0.0,0.0,0.0,0.0,0.8049413922603665,-0.9874119997456416,2,ENG,1.006132025540712,0.0,0.0,0.0,0.0,3.38,90.0,0.0,0.0,0.0,0.0,1.7698317847805822,-0.392519764167895,2,PAN,1.7571169651773733,0.0,0.0,0.0,0.0,3.67,90.0,0.0,0.0,0.0,0.0,1.9890557338717363,-0.3195890386775426,2,GHA,2.021808688883128,0.0,0.0,0.0,0.0
339,Ivor Pandur,GK,3.9,Croatia,CRO,0.01,5.0,0.0,0.0,0.0,0.0,0.0,-0.9874119997456416,1,ENG,1.006132025540712,0.0,0.0,0.0,0.0,0.61,5.0,0.0,0.0,0.0,0.0,0.0,-0.392519764167895,1,PAN,1.7571169651773733,0.0,0.0,0.0,0.0,0.68,5.0,0.0,0.0,0.0,0.0,0.0,-0.3195890386775426,1,GHA,2.021808688883128,0.0,0.0,0.0,0.0
341,Luka Sucic,MID,4.9,Croatia,CRO,1.09,10.0,0.011941660568395138,0.007130278755514933,0.07164996341037083,0.0213908362665448,0.0,0.0,1,ENG,1.006132025540712,0.011868880291309176,0.0094490962411989,0.011868880291309176,0.0094490962411989,1.16,10.0,0.020855010917518717,0.01245237548325325,0.1251300655051123,0.03735712644975975,0.0,0.0,1,PAN,1.7571169651773733,0.011868880291309176,0.009449096241198898,0.011868880291309176,0.009449096241198898,1.19,10.0,0.0239966053002826,0.014328198661911628,0.1439796318016956,0.04298459598573488,0.0,0.0,1,GHA,2.021808688883128,0.011868880291309175,0.0094490962411989,0.011868880291309175,0.0094490962411989
342,Toni Fruk,MID,4.9,Croatia,CRO,1.05,5.0,0.004937118437852171,0.005181670388008423,0.029622710627113025,0.01554501116402527,0.0,0.0,1,ENG,1.006132025540712,0.004907028414286765,0.006866786540230586,0.004907028414286765,0.006866786540230586,1.08,5.0,0.008622222875350699,0.009049310344568101,0.05173333725210419,0.027147931033704303,0.0,0.0,1,PAN,1.7571169651773733,0.004907028414286765,0.006866786540230586,0.004907028414286765,0.006866786540230586,1.09,5.0,0.009921072684601379,0.010412496518807934,0.05952643610760827,0.031237489556423803,0.0,0.0,1,GHA,2.021808688883128,0.004907028414286765,0.006866786540230587,0.004907028414286765,0.006866786540230587
343,Nikola Moro,MID,5.6,Croatia,CRO,1.17,35.0,0.02392481736412418,0.010182912644987175,0.14354890418474509,0.030548737934961524,0.0,0.0,1,ENG,1.006132025540712,0.023779003904846968,0.013494468434881871,0.023779003904846968,0.013494468434881871,1.3,35.0,0.04178249117622561,0.01778351956723612,0.2506949470573536,0.053350558701708364,0.0,0.0,1,PAN,1.7571169651773733,0.023779003904846965,0.013494468434881873,0.023779003904846965,0.013494468434881873,1.35,35.0,0.048076596707805425,0.020462425150127455,0.28845958024683255,0.06138727545038236,0.0,0.0,1,GHA,2.021808688883128,0.023779003904846968,0.013494468434881873,0.023779003904846968,0.013494468434881873
344,Kristijan Jakic,MID,5.6,Croatia,CRO,1.06,10.0,0.0071911835003481165,0.005257277876325178,0.0431471010020887,0.015771833628975534,0.0,0.0,1,ENG,1.006132025540712,0.00714735573244819,0.0069669821227816555,0.00714735573244819,0.0069669821227816555,1.1,10.0,0.012558740013642466,0.009181351863020335,0.0753524400818548,0.027544055589061006,0.0,0.0,1,PAN,1.7571169651773733,0.007147355732448191,0.006966982122781654,0.007147355732448191,0.006966982122781654,1.12,10.0,0.014450585922402384,0.010564428743350026,0.0867035155344143,0.03169328623005008,0.0,0.0,1,GHA,2.021808688883128,0.00714735573244819,0.0069669821227816555,0.00714735573244819,0.0069669821227816555
345,Nikola Vlasic,MID,6.1,Croatia,CRO,2.83,75.0,0.08423262125126313,0.053106579645578904,0.5053957275075788,0.1593197389367367,0.1609882784520733,0.0,2,ENG,1.006132025540712,0.08371925265572888,0.07037721796274009,0.08371925265572888,0.07037721796274009,3.51,75.0,0.14710451915335207,0.09274575273323728,0.8826271149201124,0.27823725819971185,0.35396635695611645,0.0,2,PAN,1.7571169651773733,0.08371925265572888,0.07037721796274009,0.08371925265572888,0.07037721796274009,3.73,75.0,0.16926431244615453,0.10671695308236724,1.015585874676927,0.32015085924710174,0.39781114677434726,0.0,2,GHA,2.021808688883128,0.08371925265572888,0.07037721796274009,0.08371925265572888,0.07037721796274009
346,Luka Modric,MID,6.2,Croatia,CRO,2.58,75.0,0.04184884993140979,0.05658280770659865,0.2510930995884587,0.16974842311979596,0.1609882784520733,0.0,2,ENG,1.006132025540712,0.04159379571375787,0.0749839401725171,0.04159379571375787,0.0749839401725171,3.09,75.0,0.07308516409476587,0.09881666504473123,0.4385109845685952,0.2964499951341937,0.35396635695611645,0.0,2,PAN,1.7571169651773733,0.041593795713757875,0.07498394017251711,0.041593795713757875,0.07498394017251711,3.24,75.0,0.08409469757770546,0.11370238632561579,0.5045681854662327,0.34110715897684735,0.39781114677434726,0.0,2,GHA,2.021808688883128,0.04159379571375787,0.07498394017251711,0.04159379571375787,0.07498394017251711
347,Mario Pasalic,MID,6.4,Croatia,CRO,2.79,75.0,0.06068608162912239,0.08786886025577646,0.3641164897747343,0.2636065807673294,0.1609882784520733,0.0,2,ENG,1.006132025540712,0.06031622102130054,0.11644444006051032,0.06031622102130054,0.11644444006051032,3.45,75.0,0.1059826552319153,0.15345487584817682,0.6358959313914918,0.46036462754453045,0.35396635695611645,0.0,2,PAN,1.7571169651773733,0.06031622102130055,0.11644444006051032,0.06031622102130055,0.11644444006051032,3.66,75.0,0.12194785974146062,0.17657128551485274,0.7316871584487638,0.5297138565445583,0.39781114677434726,0.0,2,GHA,2.021808688883128,0.06031622102130055,0.11644444006051032,0.06031622102130055,0.11644444006051032
348,Martin Baturina,MID,6.5,Croatia,CRO,3.05,75.0,0.1077791608734039,0.08091640413373696,0.6466749652404234,0.2427492124012109,0.1609882784520733,0.0,2,ENG,1.006132025540712,0.10712228429015724,0.10723099564095628,0.10712228429015724,0.10723099564095628,3.91,75.0,0.1882263830747889,0.14131305122518895,1.1293582984487334,0.42393915367556684,0.35396635695611645,0.0,2,PAN,1.7571169651773733,0.10712228429015724,0.1072309956409563,0.10712228429015724,0.1072309956409563,4.19,75.0,0.2165807651508485,0.16260041902835565,1.2994845909050912,0.48780125708506694,0.39781114677434726,0.0,2,GHA,2.021808688883128,0.10712228429015724,0.10723099564095627,0.10712228429015724,0.10723099564095627
350,Tahith Chong,MID,4.2,Curaçao,CUW,2.54,75.0,0.055409393492620494,0.050513769088078156,0.33245636095572295,0.15154130726423448,0.05648110411477671,0.0,2,GER,0.6008954450976176,0.0922113721191863,0.11208554277940319,0.0922113721191863,0.11208554277940319,2.6,75.0,0.06117481989030567,0.055769798786106994,0.36704891934183403,0.16730939635832098,0.06564123164887369,0.0,2,ECU,0.663419472939142,0.09221137211918629,0.11208554277940319,0.09221137211918629,0.11208554277940319,2.86,75.0,0.08345409780767012,0.07608062027735378,0.5007245868460207,0.22824186083206133,0.1270837911216299,0.0,2,CIV,0.9050304305178638,0.0922113721191863,0.11208554277940319,0.0922113721191863,0.11208554277940319
351,Godfried Roemeratoe,MID,4.7,Curaçao,CUW,2.54,75.0,0.055409393492620494,0.050513769088078156,0.33245636095572295,0.15154130726423448,0.05648110411477671,0.0,2,GER,0.6008954450976176,0.0922113721191863,0.11208554277940319,0.0922113721191863,0.11208554277940319,2.6,75.0,0.06117481989030567,0.055769798786106994,0.36704891934183403,0.16730939635832098,0.06564123164887369,0.0,2,ECU,0.663419472939142,0.09221137211918629,0.11208554277940319,0.09221137211918629,0.11208554277940319,2.86,75.0,0.08345409780767012,0.07608062027735378,0.5007245868460207,0.22824186083206133,0.1270837911216299,0.0,2,CIV,0.9050304305178638,0.0922113721191863,0.11208554277940319,0.0922113721191863,0.11208554277940319
352,Leandro Bacuna,DEF,4.0,Curaçao,CUW,0.57,80.0,0.020008260678809096,0.025858533832087846,0.14005782475166367,0.07757560149626354,0.2824055205738836,-1.9303302413286267,2,GER,0.6008954450976176,0.033297407797056415,0.05737777743322614,0.033297407797056415,0.05737777743322614,0.78,80.0,0.022090148730962846,0.028549151147377716,0.15463104111673992,0.08564745344213315,0.32820615824436844,-1.7891924808911637,2,ECU,0.663419472939142,0.033297407797056415,0.05737777743322615,0.033297407797056415,0.05737777743322615,1.77,80.0,0.030135167313698842,0.03894647595941311,0.2109461711958919,0.11683942787823934,0.6354189556081495,-1.1899924285881802,2,CIV,0.9050304305178638,0.033297407797056415,0.05737777743322614,0.033297407797056415,0.05737777743322614
353,Riechedly Bazoer,DEF,3.8,Curaçao,CUW,0.47,80.0,0.011994070520082622,0.011072179611454371,0.08395849364057835,0.03321653883436311,0.2824055205738836,-1.9303302413286267,2,GER,0.6008954450976176,0.019960328569530332,0.024568177823693672,0.019960328569530332,0.024568177823693672,0.67,80.0,0.013242070659289912,0.01222425568715248,0.09269449461502939,0.036672767061457445,0.32820615824436844,-1.7891924808911637,2,ECU,0.663419472939142,0.019960328569530332,0.024568177823693672,0.019960328569530332,0.024568177823693672,1.62,80.0,0.018064704758560052,0.016676211414612688,0.12645293330992036,0.05002863424383806,0.6354189556081495,-1.1899924285881802,2,CIV,0.9050304305178638,0.019960328569530332,0.024568177823693672,0.019960328569530332,0.024568177823693672
354,Joshua Brenet,DEF,3.7,Curaçao,CUW,0.57,80.0,0.020008260678809096,0.025858533832087846,0.14005782475166367,0.07757560149626354,0.2824055205738836,-1.9303302413286267,2,GER,0.6008954450976176,0.033297407797056415,0.05737777743322614,0.033297407797056415,0.05737777743322614,0.78,80.0,0.022090148730962846,0.028549151147377716,0.15463104111673992,0.08564745344213315,0.32820615824436844,-1.7891924808911637,2,ECU,0.663419472939142,0.033297407797056415,0.05737777743322615,0.033297407797056415,0.05737777743322615,1.77,80.0,0.030135167313698842,0.03894647595941311,0.2109461711958919,0.11683942787823934,0.6354189556081495,-1.1899924285881802,2,CIV,0.9050304305178638,0.033297407797056415,0.05737777743322614,0.033297407797056415,0.05737777743322614
355,Shurandy Sambo,DEF,3.6,Curaçao,CUW,-0.92,5.0,0.00074677186211442,0.001277819243148794,0.00522740303480094,0.003833457729446382,0.0,-1.9303302413286267,1,GER,0.6008954450976176,0.0012427650570609738,0.002835366792617769,0.0012427650570609738,0.002835366792617769,-0.78,5.0,0.0008244745391425742,0.0014107781573607194,0.00577132177399802,0.004232334472082158,0.0,-1.7891924808911637,1,ECU,0.663419472939142,0.001242765057060974,0.002835366792617769,0.001242765057060974,0.002835366792617769,-0.18,5.0,0.0011247401946244508,0.0019245699217491855,0.007873181362371156,0.005773709765247556,0.0,-1.1899924285881802,1,CIV,0.9050304305178638,0.0012427650570609738,0.0028353667926177693,0.0012427650570609738,0.0028353667926177693
356,Sherel Floranus,DEF,3.6,Curaçao,CUW,-0.92,5.0,0.0009073784278715622,0.0016701165268394654,0.006351648995100935,0.005010349580518396,0.0,-1.9303302413286267,1,GER,0.6008954450976176,0.0015100437776228365,0.0037058394333879478,0.0015100437776228365,0.0037058394333879478,-0.78,5.0,0.001001792447065573,0.0018438945327714908,0.00701254712945901,0.0055316835983144725,0.0,-1.7891924808911637,1,ECU,0.663419472939142,0.001510043777622836,0.0037058394333879478,0.001510043777622836,0.0037058394333879478,-0.17,5.0,0.0013666355701628169,0.002515423093371878,0.009566448991139717,0.007546269280115634,0.0,-1.1899924285881802,1,CIV,0.9050304305178638,0.0015100437776228363,0.003705839433387948,0.0015100437776228363,0.003705839433387948
357,Roshon van Eijma,DEF,3.5,Curaçao,CUW,-0.92,5.0,0.0012505162924255685,0.0016161583645054904,0.00875361404697898,0.004848475093516471,0.0,-1.9303302413286267,1,GER,0.6008954450976176,0.002081087987316026,0.0035861110895766338,0.002081087987316026,0.0035861110895766338,-0.77,5.0,0.0013806342956851779,0.0017843219467111072,0.009664440069796245,0.005352965840133322,0.0,-1.7891924808911637,1,ECU,0.663419472939142,0.002081087987316026,0.003586111089576634,0.002081087987316026,0.003586111089576634,-0.17,5.0,0.0018834479571061776,0.0024341547474633195,0.013184135699743244,0.007302464242389959,0.0,-1.1899924285881802,1,CIV,0.9050304305178638,0.002081087987316026,0.0035861110895766338,0.002081087987316026,0.0035861110895766338
358,Ar'Jany Martha,DEF,3.5,Curaçao,CUW,-0.92,5.0,0.0012505162924255685,0.0016161583645054904,0.00875361404697898,0.004848475093516471,0.0,-1.9303302413286267,1,GER,0.6008954450976176,0.002081087987316026,0.0035861110895766338,0.002081087987316026,0.0035861110895766338,-0.77,5.0,0.0013806342956851779,0.0017843219467111072,0.009664440069796245,0.005352965840133322,0.0,-1.7891924808911637,1,ECU,0.663419472939142,0.002081087987316026,0.003586111089576634,0.002081087987316026,0.003586111089576634,-0.17,5.0,0.0018834479571061776,0.0024341547474633195,0.013184135699743244,0.007302464242389959,0.0,-1.1899924285881802,1,CIV,0.9050304305178638,0.002081087987316026,0.0035861110895766338,0.002081087987316026,0.0035861110895766338
359,Juriën Gaari,DEF,3.5,Curaçao,CUW,-0.92,5.0,0.0012505162924255685,0.0016161583645054904,0.00875361404697898,0.004848475093516471,0.0,-1.9303302413286267,1,GER,0.6008954450976176,0.002081087987316026,0.0035861110895766338,0.002081087987316026,0.0035861110895766338,-0.77,5.0,0.0013806342956851779,0.0017843219467111072,0.009664440069796245,0.005352965840133322,0.0,-1.7891924808911637,1,ECU,0.663419472939142,0.002081087987316026,0.003586111089576634,0.002081087987316026,0.003586111089576634,-0.17,5.0,0.0018834479571061776,0.0024341547474633195,0.013184135699743244,0.007302464242389959,0.0,-1.1899924285881802,1,CIV,0.9050304305178638,0.002081087987316026,0.0035861110895766338,0.002081087987316026,0.0035861110895766338
360,Livano Comenencia,DEF,4.5,Curaçao,CUW,0.47,80.0,0.01181118761507501,0.01090335349285532,0.08267831330552508,0.032710060478565964,0.2824055205738836,-1.9303302413286267,2,GER,0.6008954450976176,0.019655977943311323,0.02419356774251918,0.019655977943311323,0.02419356774251918,0.67,80.0,0.013040158527254998,0.01203786297019463,0.09128110969078498,0.03611358891058389,0.32820615824436844,-1.7891924808911637,2,ECU,0.663419472939142,0.01965597794331132,0.024193567742519184,0.01965597794331132,0.024193567742519184,1.62,80.0,0.01778925818028468,0.016421936272331426,0.12452480726199275,0.04926580881699428,0.6354189556081495,-1.1899924285881802,2,CIV,0.9050304305178638,0.01965597794331132,0.02419356774251918,0.01965597794331132,0.02419356774251918
361,Tyrese Noslin,DEF,3.5,Curaçao,CUW,-0.92,5.0,0.0011750560374667986,0.0018662651686848005,0.008225392262267591,0.005598795506054402,0.0,-1.9303302413286267,1,GER,0.6008954450976176,0.0019555083118926063,0.0041410757537730354,0.0019555083118926063,0.0041410757537730354,-0.77,5.0,0.0012973222936039045,0.002060452720476876,0.00908125605522733,0.006181358161430628,0.0,-1.7891924808911637,1,ECU,0.663419472939142,0.0019555083118926067,0.004141075753773036,0.0019555083118926067,0.004141075753773036,-0.17,5.0,0.0017697945293934268,0.002810849679183224,0.012388561705753988,0.008432549037549671,0.0,-1.1899924285881802,1,CIV,0.9050304305178638,0.0019555083118926067,0.004141075753773036,0.0019555083118926067,0.004141075753773036
362,Brandley Kuwas,FWD,4.4,Curaçao,CUW,2.47,70.0,0.06523297734145989,0.048486463897058664,0.32616488670729943,0.145459391691176,0.0,0.0,2,GER,0.6008954450976176,0.1085596136127518,0.10758713359677598,0.1085596136127518,0.10758713359677598,2.52,70.0,0.0720205616454487,0.05353154959935464,0.3601028082272435,0.16059464879806393,0.0,0.0,2,ECU,0.663419472939142,0.10855961361275179,0.10758713359677599,0.10855961361275179,0.10758713359677599,2.71,70.0,0.09824975384480172,0.07302722237795482,0.4912487692240086,0.21908166713386446,0.0,0.0,2,CIV,0.9050304305178638,0.10855961361275182,0.10758713359677599,0.10855961361275182,0.10758713359677599
363,Sontje Hansen,FWD,4.4,Curaçao,CUW,2.78,70.0,0.12461867799439502,0.05241404966361525,0.623093389971975,0.15724214899084576,0.0,0.0,2,GER,0.6008954450976176,0.20738828861342137,0.11630209568344102,0.20738828861342137,0.11630209568344102,2.86,70.0,0.1375854291256667,0.057867806265019577,0.6879271456283336,0.17360341879505872,0.0,0.0,2,ECU,0.663419472939142,0.2073882886134214,0.116302095683441,0.2073882886134214,0.116302095683441,3.18,70.0,0.18769271212816777,0.0789427017948858,0.9384635606408388,0.2368281053846574,0.0,0.0,2,CIV,0.9050304305178638,0.2073882886134214,0.116302095683441,0.2073882886134214,0.116302095683441
364,Kenji Gorré,FWD,4.2,Curaçao,CUW,1.39,35.0,0.06230933899719751,0.026207024831807625,0.3115466949859875,0.07862107449542288,0.0,0.0,1,GER,0.6008954450976176,0.10369414430671069,0.05815104784172051,0.10369414430671069,0.05815104784172051,1.43,35.0,0.06879271456283335,0.028933903132509788,0.3439635728141668,0.08680170939752936,0.0,0.0,1,ECU,0.663419472939142,0.1036941443067107,0.0581510478417205,0.1036941443067107,0.0581510478417205,1.59,35.0,0.09384635606408388,0.0394713508974429,0.4692317803204194,0.1184140526923287,0.0,0.0,1,CIV,0.9050304305178638,0.1036941443067107,0.0581510478417205,0.1036941443067107,0.0581510478417205
365,Jearl Margaritha,FWD,4.2,Curaçao,CUW,1.11,10.0,0.017802668284913576,0.007487721380516464,0.08901334142456788,0.02246316414154939,0.0,0.0,1,GER,0.6008954450976176,0.029626898373345915,0.01661458509763443,0.029626898373345915,0.01661458509763443,1.12,10.0,0.01965506130366667,0.008266829466431367,0.09827530651833336,0.0248004883992941,0.0,0.0,1,ECU,0.663419472939142,0.029626898373345912,0.01661458509763443,0.029626898373345912,0.01661458509763443,1.17,10.0,0.02681324458973825,0.011277528827840829,0.13406622294869125,0.033832586483522484,0.0,0.0,1,CIV,0.9050304305178638,0.029626898373345915,0.01661458509763443,0.029626898373345915,0.01661458509763443
366,Gervane Kastaneer,FWD,4.0,Curaçao,CUW,1.06,5.0,0.008901334142456788,0.003743860690258232,0.04450667071228394,0.011231582070774696,0.0,0.0,1,GER,0.6008954450976176,0.014813449186672958,0.008307292548817215,0.014813449186672958,0.008307292548817215,1.06,5.0,0.009827530651833335,0.004133414733215684,0.04913765325916668,0.01240024419964705,0.0,0.0,1,ECU,0.663419472939142,0.014813449186672956,0.008307292548817215,0.014813449186672956,0.008307292548817215,1.08,5.0,0.013406622294869126,0.0056387644139204145,0.06703311147434562,0.016916293241761242,0.0,0.0,1,CIV,0.9050304305178638,0.014813449186672958,0.008307292548817215,0.014813449186672958,0.008307292548817215
367,Jeremy Antonisse,FWD,4.0,Curaçao,CUW,1.02,5.0,0.002201230611593992,0.002022271160501526,0.01100615305796996,0.006066813481504578,0.0,0.0,1,GER,0.6008954450976176,0.0036632506196421478,0.004487239118441536,0.0036632506196421478,0.004487239118441536,1.02,5.0,0.002430271795326979,0.0022326913581812886,0.012151358976634895,0.006698074074543866,0.0,0.0,1,ECU,0.663419472939142,0.0036632506196421478,0.004487239118441537,0.0036632506196421478,0.004487239118441537,1.03,5.0,0.003315353285389564,0.0030458159633998073,0.01657676642694782,0.009137447890199421,0.0,0.0,1,CIV,0.9050304305178638,0.0036632506196421473,0.004487239118441537,0.0036632506196421473,0.004487239118441537
368,Eloy Room,GK,3.9,Curaçao,CUW,0.35,90.0,0.0,0.0,0.0,0.0,0.2824055205738836,-1.9303302413286267,2,GER,0.6008954450976176,0.0,0.0,0.0,0.0,0.54,90.0,0.0,0.0,0.0,0.0,0.32820615824436844,-1.7891924808911637,2,ECU,0.663419472939142,0.0,0.0,0.0,0.0,1.45,90.0,0.0,0.0,0.0,0.0,0.6354189556081495,-1.1899924285881802,2,CIV,0.9050304305178638,0.0,0.0,0.0,0.0
369,Trevor Doornbusch,GK,3.6,Curaçao,CUW,-0.93,5.0,0.0,0.0,0.0,0.0,0.0,-1.9303302413286267,1,GER,0.6008954450976176,0.0,0.0,0.0,0.0,-0.79,5.0,0.0,0.0,0.0,0.0,0.0,-1.7891924808911637,1,ECU,0.663419472939142,0.0,0.0,0.0,0.0,-0.19,5.0,0.0,0.0,0.0,0.0,0.0,-1.1899924285881802,1,CIV,0.9050304305178638,0.0,0.0,0.0,0.0
370,Tyrick Bodak,GK,3.5,Curaçao,CUW,-0.93,5.0,0.0,0.0,0.0,0.0,0.0,-1.9303302413286267,1,GER,0.6008954450976176,0.0,0.0,0.0,0.0,-0.79,5.0,0.0,0.0,0.0,0.0,0.0,-1.7891924808911637,1,ECU,0.663419472939142,0.0,0.0,0.0,0.0,-0.19,5.0,0.0,0.0,0.0,0.0,0.0,-1.1899924285881802,1,CIV,0.9050304305178638,0.0,0.0,0.0,0.0
371,Kevin Felida,MID,4.5,Curaçao,CUW,2.54,75.0,0.055409393492620494,0.050513769088078156,0.33245636095572295,0.15154130726423448,0.05648110411477671,0.0,2,GER,0.6008954450976176,0.0922113721191863,0.11208554277940319,0.0922113721191863,0.11208554277940319,2.6,75.0,0.06117481989030567,0.055769798786106994,0.36704891934183403,0.16730939635832098,0.06564123164887369,0.0,2,ECU,0.663419472939142,0.09221137211918629,0.11208554277940319,0.09221137211918629,0.11208554277940319,2.86,75.0,0.08345409780767012,0.07608062027735378,0.5007245868460207,0.22824186083206133,0.1270837911216299,0.0,2,CIV,0.9050304305178638,0.0922113721191863,0.11208554277940319,0.0922113721191863,0.11208554277940319
372,Juninho Bacuna,MID,5.1,Curaçao,CUW,2.54,75.0,0.055409393492620494,0.050513769088078156,0.33245636095572295,0.15154130726423448,0.05648110411477671,0.0,2,GER,0.6008954450976176,0.0922113721191863,0.11208554277940319,0.0922113721191863,0.11208554277940319,2.6,75.0,0.06117481989030567,0.055769798786106994,0.36704891934183403,0.16730939635832098,0.06564123164887369,0.0,2,ECU,0.663419472939142,0.09221137211918629,0.11208554277940319,0.09221137211918629,0.11208554277940319,2.86,75.0,0.08345409780767012,0.07608062027735378,0.5007245868460207,0.22824186083206133,0.1270837911216299,0.0,2,CIV,0.9050304305178638,0.0922113721191863,0.11208554277940319,0.0922113721191863,0.11208554277940319
373,Denis Visinsky,MID,4.9,Czechia,CZE,2.72,60.0,0.06420465244961276,0.021033109687947766,0.3852279146976766,0.0630993290638433,0.2733501422395454,0.0,2,KOR,1.3496531630411706,0.04757122363566397,0.02077878007369331,0.04757122363566397,0.02077878007369331,2.84,60.0,0.07477648583516242,0.02449638723431373,0.4486589150109745,0.07348916170294119,0.3211035717875147,0.0,2,RSA,1.5718848522345508,0.04757122363566396,0.02077878007369331,0.04757122363566396,0.02077878007369331,2.59,60.0,0.05471373239998632,0.01792393371974206,0.3282823943999179,0.05377180115922618,0.2126449332358226,0.0,2,MEX,1.1501434736895781,0.04757122363566397,0.020778780073693312,0.04757122363566397,0.020778780073693312
374,Ladislav Krejcí,DEF,4.4,Czechia,CZE,3.02,85.0,0.021694707350180812,0.02477905702780801,0.1518629514512657,0.07433717108342403,1.366750711197727,-0.570351875523958,2,KOR,1.3496531630411706,0.016074283337577024,0.02447943190774872,0.016074283337577024,0.02447943190774872,3.41,85.0,0.025266922488863558,0.028859136155323005,0.1768684574220449,0.08657740846596901,1.6055178589375734,-0.4570951261374371,2,RSA,1.5718848522345508,0.01607428333757702,0.024479431907748716,0.01607428333757702,0.024479431907748716,2.5,85.0,0.01848773207495134,0.021116144136244203,0.1294141245246594,0.06334843240873261,1.063224666179113,-0.7607764175794066,2,MEX,1.1501434736895781,0.01607428333757702,0.024479431907748716,0.01607428333757702,0.024479431907748716
375,Tomás Holes,DEF,3.9,Czechia,CZE,0.47,15.0,0.003362612843808846,0.005338608492795849,0.023538289906661923,0.01601582547838755,0.0,-0.570351875523958,1,KOR,1.3496531630411706,0.0024914644264841185,0.005274054736419713,0.0024914644264841185,0.005274054736419713,0.59,15.0,0.003916295191871628,0.006217655062525525,0.027414066343101395,0.018652965187576573,0.0,-0.4570951261374371,1,RSA,1.5718848522345508,0.0024914644264841185,0.005274054736419712,0.0024914644264841185,0.005274054736419712,0.27,15.0,0.0028655415500504567,0.004549439726231056,0.020058790850353198,0.013648319178693167,0.0,-0.7607764175794066,1,MEX,1.1501434736895781,0.0024914644264841185,0.005274054736419713,0.0024914644264841185,0.005274054736419713
376,David Jurásek,DEF,3.9,Czechia,CZE,3.07,60.0,0.012278252317022826,0.0626535604694453,0.08594776621915978,0.18796068140833588,1.366750711197727,-0.570351875523958,2,KOR,1.3496531630411706,0.009097338970670263,0.06189596180228326,0.009097338970670263,0.06189596180228326,3.47,60.0,0.014299969323639646,0.07296999357862306,0.10009978526547753,0.2189099807358692,1.6055178589375734,-0.4570951261374371,2,RSA,1.5718848522345508,0.009097338970670263,0.06189596180228325,0.009097338970670263,0.06189596180228325,2.54,60.0,0.010463245045058266,0.05339192738597663,0.07324271531540785,0.16017578215792988,1.063224666179113,-0.7607764175794066,2,MEX,1.1501434736895781,0.009097338970670261,0.06189596180228326,0.009097338970670261,0.06189596180228326
378,Robin Hranác,DEF,3.9,Czechia,CZE,2.91,60.0,0.01178725385517351,0.010492455588681006,0.08251077698621456,0.03147736676604302,1.366750711197727,-0.570351875523958,2,KOR,1.3496531630411706,0.008733542941220036,0.010365582186600079,0.008733542941220036,0.010365582186600079,3.28,60.0,0.01372812385564376,0.012220126217781718,0.09609686698950633,0.03666037865334515,1.6055178589375734,-0.4570951261374371,2,RSA,1.5718848522345508,0.008733542941220036,0.010365582186600077,0.008733542941220036,0.010365582186600077,2.4,60.0,0.010044827416031908,0.008941430027183271,0.07031379191222335,0.026824290081549816,1.063224666179113,-0.7607764175794066,2,MEX,1.1501434736895781,0.008733542941220036,0.010365582186600079,0.008733542941220036,0.010365582186600079
379,Jaroslav Zeleny,DEF,3.9,Czechia,CZE,2.96,60.0,0.01110605325881027,0.029347813293427637,0.07774237281167189,0.0880434398802829,1.366750711197727,-0.570351875523958,2,KOR,1.3496531630411706,0.008228820235404053,0.02899294336953777,0.008228820235404053,0.02899294336953777,3.34,60.0,0.012934757879792782,0.034180176378202934,0.09054330515854947,0.1025405291346088,1.6055178589375734,-0.4570951261374371,2,RSA,1.5718848522345508,0.008228820235404053,0.02899294336953777,0.008228820235404053,0.02899294336953777,2.44,60.0,0.00946432388991471,0.02500953344964404,0.06625026722940297,0.07502860034893212,1.063224666179113,-0.7607764175794066,2,MEX,1.1501434736895781,0.008228820235404053,0.028992943369537765,0.008228820235404053,0.028992943369537765
380,Vladimír Coufal,DEF,3.6,Czechia,CZE,3.01,60.0,0.011130549071913234,0.04631770488267721,0.07791384350339264,0.13895311464803162,1.366750711197727,-0.570351875523958,2,KOR,1.3496531630411706,0.008246969945102631,0.04575763724690041,0.008246969945102631,0.04575763724690041,3.4,60.0,0.01296328713354043,0.05394430264683467,0.090743009934783,0.161832907940504,1.6055178589375734,-0.4570951261374371,2,RSA,1.5718848522345508,0.00824696994510263,0.04575763724690041,0.00824696994510263,0.04575763724690041,2.49,60.0,0.00948519866007389,0.03947088588823324,0.06639639062051723,0.11841265766469972,1.063224666179113,-0.7607764175794066,2,MEX,1.1501434736895781,0.008246969945102631,0.04575763724690041,0.008246969945102631,0.04575763724690041
381,Stepán Chaloupek,DEF,3.5,Czechia,CZE,3.06,60.0,0.031033437248423786,0.01602551442302057,0.2172340607389665,0.04807654326906172,1.366750711197727,-0.570351875523958,2,KOR,1.3496531630411706,0.022993638734929652,0.015831735996439573,0.022993638734929652,0.015831735996439573,3.46,60.0,0.03614335242518954,0.018664249498034878,0.2530034669763268,0.055992748494104634,1.6055178589375734,-0.4570951261374371,2,RSA,1.5718848522345508,0.022993638734929652,0.015831735996439573,0.022993638734929652,0.015831735996439573,2.53,60.0,0.026445983527355228,0.013656575875111009,0.1851218846914866,0.040969727625333026,1.063224666179113,-0.7607764175794066,2,MEX,1.1501434736895781,0.022993638734929652,0.015831735996439573,0.022993638734929652,0.015831735996439573
382,Patrik Schick,FWD,7.3,Czechia,CZE,2.85,60.0,0.14471735848466882,0.04315928617776713,0.7235867924233441,0.1294778585333014,0.0,0.0,2,KOR,1.3496531630411706,0.10722559132049712,0.042637409728305216,0.10722559132049712,0.042637409728305216,2.99,60.0,0.16854628276858194,0.05026582386783078,0.8427314138429097,0.15079747160349233,0.0,0.0,2,RSA,1.5718848522345508,0.10722559132049711,0.04263740972830521,0.10722559132049711,0.04263740972830521,2.73,60.0,0.12332481406977565,0.036779353900529076,0.6166240703488782,0.11033806170158722,0.0,0.0,2,MEX,1.1501434736895781,0.10722559132049712,0.04263740972830521,0.10722559132049712,0.04263740972830521
383,Tomás Chory,FWD,5.3,Czechia,CZE,2.9,60.0,0.14322453985481007,0.05983471741720185,0.7161226992740504,0.17950415225160554,0.0,0.0,2,KOR,1.3496531630411706,0.10611951557397348,0.05911120383193009,0.10611951557397348,0.05911120383193009,3.04,60.0,0.1668076590571974,0.06968700442556988,0.834038295285987,0.20906101327670965,0.0,0.0,2,RSA,1.5718848522345508,0.10611951557397348,0.05911120383193009,0.10611951557397348,0.05911120383193009,2.76,60.0,0.12205266826850514,0.05098977398192158,0.6102633413425257,0.15296932194576474,0.0,0.0,2,MEX,1.1501434736895781,0.10611951557397348,0.05911120383193009,0.10611951557397348,0.05911120383193009
384,Mojmír Chytil,FWD,4.9,Czechia,CZE,2.76,60.0,0.13853574362195983,0.021466496670429495,0.6926787181097992,0.06439949001128849,0.0,0.0,2,KOR,1.3496531630411706,0.10264544063290863,0.021206926597407277,0.10264544063290863,0.021206926597407277,2.88,60.0,0.16134681328180994,0.02500113501068588,0.8067340664090497,0.07500340503205764,0.0,0.0,2,RSA,1.5718848522345508,0.10264544063290863,0.021206926597407277,0.10264544063290863,0.021206926597407277,2.65,60.0,0.11805698364793091,0.018293256167266438,0.5902849182396546,0.05487976850179931,0.0,0.0,2,MEX,1.1501434736895781,0.10264544063290863,0.02120692659740728,0.10264544063290863,0.02120692659740728
386,Tomás Ladra,FWD,4.4,Czechia,CZE,2.45,60.0,0.04475981896495505,0.07475569215205775,0.22379909482477528,0.22426707645617328,0.0,0.0,2,KOR,1.3496531630411706,0.0331639418116117,0.07385175608980006,0.0331639418116117,0.07385175608980006,2.52,60.0,0.05212989777406049,0.08706484253135809,0.2606494888703025,0.26119452759407424,0.0,0.0,2,RSA,1.5718848522345508,0.0331639418116117,0.07385175608980005,0.0331639418116117,0.07385175608980005,2.38,60.0,0.038143291236446115,0.06370508646539856,0.19071645618223057,0.19111525939619567,0.0,0.0,2,MEX,1.1501434736895781,0.0331639418116117,0.07385175608980005,0.0331639418116117,0.07385175608980005
387,Matej Kovár,GK,4.1,Czechia,CZE,2.8,90.0,0.0,0.0,0.0,0.0,1.366750711197727,-0.570351875523958,2,KOR,1.3496531630411706,0.0,0.0,0.0,0.0,3.15,90.0,0.0,0.0,0.0,0.0,1.6055178589375734,-0.4570951261374371,2,RSA,1.5718848522345508,0.0,0.0,0.0,0.0,2.3,90.0,0.0,0.0,0.0,0.0,1.063224666179113,-0.7607764175794066,2,MEX,1.1501434736895781,0.0,0.0,0.0,0.0
388,Lukás Hornícek,GK,3.8,Czechia,CZE,-0.57,0.0,0.0,0.0,0.0,0.0,0.0,-0.570351875523958,0,KOR,1.3496531630411706,0.0,0.0,0.0,0.0,-0.46,0.0,0.0,0.0,0.0,0.0,0.0,-0.4570951261374371,0,RSA,1.5718848522345508,0.0,0.0,0.0,0.0,-0.76,0.0,0.0,0.0,0.0,0.0,0.0,-0.7607764175794066,0,MEX,1.1501434736895781,0.0,0.0,0.0,0.0
390,Lukás Cerv,MID,5.3,Czechia,CZE,2.47,60.0,0.017316690121110374,0.03035871889723271,0.10390014072666225,0.09107615669169813,0.2733501422395454,0.0,2,KOR,1.3496531630411706,0.012830474225015496,0.029991625234862047,0.012830474225015496,0.029991625234862047,2.55,60.0,0.020168028081287696,0.03535753605043137,0.12100816848772618,0.1060726081512941,0.3211035717875147,0.0,2,RSA,1.5718848522345508,0.012830474225015497,0.029991625234862047,0.012830474225015497,0.029991625234862047,2.38,60.0,0.014756886194243922,0.025871004021915184,0.08854131716546353,0.07761301206574556,0.2126449332358226,0.0,2,MEX,1.1501434736895781,0.012830474225015497,0.029991625234862047,0.012830474225015497,0.029991625234862047
391,Vladimír Darida,MID,5.3,Czechia,CZE,2.72,60.0,0.05599925904212484,0.03595408442280368,0.3359955542527491,0.10786225326841103,0.2733501422395454,0.0,2,KOR,1.3496531630411706,0.04149159248880048,0.035519332331563284,0.04149159248880048,0.035519332331563284,2.84,60.0,0.06522000572823435,0.04187422534010195,0.3913200343694061,0.12562267602030586,0.3211035717875147,0.0,2,RSA,1.5718848522345508,0.04149159248880049,0.035519332331563284,0.04149159248880049,0.035519332331563284,2.59,60.0,0.0477212843139814,0.03063924620321905,0.2863277058838884,0.09191773860965716,0.2126449332358226,0.0,2,MEX,1.1501434736895781,0.04149159248880049,0.035519332331563284,0.04149159248880049,0.035519332331563284
392,Pavel Bucha,MID,5.5,Czechia,CZE,2.51,60.0,0.024728380083915046,0.028936502709086227,0.14837028050349027,0.08680950812725868,0.2733501422395454,0.0,2,KOR,1.3496531630411706,0.018322025807130063,0.02858660629904221,0.018322025807130063,0.02858660629904221,2.6,60.0,0.02880011482847827,0.03370114006369294,0.17280068897086961,0.10110342019107882,0.3211035717875147,0.0,2,RSA,1.5718848522345508,0.018322025807130066,0.02858660629904221,0.018322025807130066,0.02858660629904221,2.41,60.0,0.02107295840684267,0.024659024002332587,0.126437750441056,0.07397707200699777,0.2126449332358226,0.0,2,MEX,1.1501434736895781,0.018322025807130066,0.02858660629904221,0.018322025807130066,0.02858660629904221
393,Tomás Soucek,MID,5.6,Czechia,CZE,2.58,60.0,0.044335886149942036,0.013936778419548096,0.2660153168996522,0.04181033525864429,0.2733501422395454,0.0,2,KOR,1.3496531630411706,0.03284983680550941,0.013768256715816168,0.03284983680550941,0.013768256715816168,2.68,60.0,0.05163616087295727,0.016231585629951046,0.3098169652377436,0.04869475688985314,0.3211035717875147,0.0,2,RSA,1.5718848522345508,0.03284983680550941,0.013768256715816168,0.03284983680550941,0.013768256715816168,2.47,60.0,0.03778202541362435,0.011876602954334002,0.22669215248174607,0.03562980886300201,0.2126449332358226,0.0,2,MEX,1.1501434736895781,0.03284983680550941,0.013768256715816168,0.03284983680550941,0.013768256715816168
395,Michal Sadílek,MID,5.6,Czechia,CZE,2.51,60.0,0.018488889179322943,0.04341457179023164,0.11093333507593767,0.13024371537069493,0.2733501422395454,0.0,2,KOR,1.3496531630411706,0.013698992960281714,0.04288960846049829,0.013698992960281714,0.04288960846049829,2.6,60.0,0.02153323952513457,0.050563144392996064,0.12919943715080742,0.1516894331789882,0.3211035717875147,0.0,2,RSA,1.5718848522345508,0.013698992960281712,0.04288960846049828,0.013698992960281712,0.04288960846049828,2.42,60.0,0.015755807349387484,0.03699690244495756,0.0945348440963249,0.11099070733487268,0.2126449332358226,0.0,2,MEX,1.1501434736895781,0.013698992960281712,0.04288960846049828,0.013698992960281712,0.04288960846049828
396,Lukás Provod,MID,5.9,Czechia,CZE,2.77,60.0,0.04310506940178668,0.07885188678551443,0.2586304164107201,0.2365556603565433,0.2733501422395454,0.0,2,KOR,1.3496531630411706,0.03193788640087215,0.07789842007293947,0.03193788640087215,0.07789842007293947,2.9,60.0,0.05020267984591879,0.09183550989424309,0.30121607907551273,0.27550652968272926,0.3211035717875147,0.0,2,RSA,1.5718848522345508,0.031937886400872154,0.07789842007293948,0.031937886400872154,0.07789842007293948,2.63,60.0,0.03673315160740224,0.06719576959321542,0.22039890964441344,0.20158730877964626,0.2126449332358226,0.0,2,MEX,1.1501434736895781,0.031937886400872154,0.07789842007293947,0.031937886400872154,0.07789842007293947
397,Pavel Sulc,MID,5.9,Czechia,CZE,3.0,60.0,0.0970719970723493,0.04808220062260109,0.5824319824340958,0.14424660186780325,0.2733501422395454,0.0,2,KOR,1.3496531630411706,0.07192366137505815,0.04750079693487826,0.07192366137505815,0.04750079693487826,3.17,60.0,0.11305571383270116,0.0559993373782534,0.6783342829962069,0.16799801213476018,0.3211035717875147,0.0,2,RSA,1.5718848522345508,0.07192366137505816,0.04750079693487826,0.07192366137505816,0.04750079693487826,2.83,60.0,0.08272252973438232,0.040974548692278116,0.49633517840629393,0.12292364607683434,0.2126449332358226,0.0,2,MEX,1.1501434736895781,0.07192366137505815,0.04750079693487826,0.07192366137505815,0.04750079693487826
398,Denil Castillo,MID,4.9,Ecuador,ECU,1.09,5.0,0.009875423778109937,0.010668091040212355,0.05925254266865962,0.03200427312063707,0.0,0.0,1,CIV,1.7717776045938185,0.005573737783176171,0.008028164116122633,0.005573737783176171,0.008028164116122633,1.14,5.0,0.01518036050231841,0.016398837305690937,0.09108216301391045,0.04919651191707281,0.0,0.0,1,CUW,2.7235512492422895,0.005573737783176171,0.008028164116122633,0.005573737783176171,0.008028164116122633,1.06,5.0,0.00680295799096037,0.007349008692789027,0.04081774794576222,0.02204702607836708,0.0,0.0,1,GER,1.2205378608757826,0.005573737783176171,0.008028164116122631,0.005573737783176171,0.008028164116122631
399,Jordy Alcívar,MID,4.9,Ecuador,ECU,1.09,5.0,0.009875423778109937,0.010668091040212355,0.05925254266865962,0.03200427312063707,0.0,0.0,1,CIV,1.7717776045938185,0.005573737783176171,0.008028164116122633,0.005573737783176171,0.008028164116122633,1.14,5.0,0.01518036050231841,0.016398837305690937,0.09108216301391045,0.04919651191707281,0.0,0.0,1,CUW,2.7235512492422895,0.005573737783176171,0.008028164116122633,0.005573737783176171,0.008028164116122633,1.06,5.0,0.00680295799096037,0.007349008692789027,0.04081774794576222,0.02204702607836708,0.0,0.0,1,GER,1.2205378608757826,0.005573737783176171,0.008028164116122631,0.005573737783176171,0.008028164116122631
400,Pervis Estupiñán,DEF,4.8,Ecuador,ECU,4.06,80.0,0.05764657409128846,0.08740469679953672,0.4035260186390192,0.26221409039861016,1.7822603220058442,-0.3880075742775424,2,CIV,1.7717776045938185,0.03253601013006595,0.06577552139193701,0.03253601013006595,0.06577552139193701,5.42,80.0,0.0886134910351009,0.13435725259242975,0.6202944372457063,0.40307175777728926,2.5754349680847817,-0.17850646655609848,2,CUW,2.7235512492422895,0.03253601013006595,0.06577552139193701,0.03253601013006595,0.06577552139193701,2.96,80.0,0.039711432205583486,0.06021113563327806,0.2779800254390844,0.18063340689983418,1.1817997702451948,-0.6787593609646242,2,GER,1.2205378608757826,0.03253601013006595,0.06577552139193701,0.03253601013006595,0.06577552139193701
403,Ángelo Preciado,DEF,4.3,Ecuador,ECU,3.85,80.0,0.03145377457251623,0.07846096038283995,0.22017642200761361,0.23538288114851985,1.7822603220058442,-0.3880075742775424,2,CIV,1.7717776045938185,0.017752665171387037,0.059045002923924866,0.017752665171387037,0.059045002923924866,5.1,80.0,0.04835029340491123,0.12060906860622765,0.3384520538343786,0.36182720581868294,2.5754349680847817,-0.17850646655609848,2,CUW,2.7235512492422895,0.01775266517138703,0.059045002923924866,0.01775266517138703,0.059045002923924866,2.82,80.0,0.02166779997312874,0.05404999617312869,0.15167459981190118,0.16214998851938606,1.1817997702451948,-0.6787593609646242,2,GER,1.2205378608757826,0.017752665171387034,0.05904500292392486,0.017752665171387034,0.05904500292392486
404,Joel Ordóñez,DEF,3.9,Ecuador,ECU,0.81,25.0,0.016715638203265184,0.025598947889657327,0.11700946742285628,0.07679684366897198,0.0,-0.3880075742775424,1,CIV,1.7717776045938185,0.009434388469481336,0.01926422956868104,0.009434388469481336,0.01926422956868104,1.12,25.0,0.025695040501892943,0.039350337380603624,0.1798652835132506,0.11805101214181088,0.0,-0.17850646655609848,1,CUW,2.7235512492422895,0.009434388469481336,0.01926422956868104,0.009434388469481336,0.01926422956868104,0.45,25.0,0.0115150283212119,0.01763454116188347,0.08060519824848329,0.052903623485650406,0.0,-0.6787593609646242,1,GER,1.2205378608757826,0.009434388469481336,0.01926422956868104,0.009434388469481336,0.01926422956868104
405,Félix Torres,DEF,3.9,Ecuador,ECU,0.81,25.0,0.016715638203265184,0.025598947889657327,0.11700946742285628,0.07679684366897198,0.0,-0.3880075742775424,1,CIV,1.7717776045938185,0.009434388469481336,0.01926422956868104,0.009434388469481336,0.01926422956868104,1.12,25.0,0.025695040501892943,0.039350337380603624,0.1798652835132506,0.11805101214181088,0.0,-0.17850646655609848,1,CUW,2.7235512492422895,0.009434388469481336,0.01926422956868104,0.009434388469481336,0.01926422956868104,0.45,25.0,0.0115150283212119,0.01763454116188347,0.08060519824848329,0.052903623485650406,0.0,-0.6787593609646242,1,GER,1.2205378608757826,0.009434388469481336,0.01926422956868104,0.009434388469481336,0.01926422956868104
406,José Hurtado,DEF,3.9,Ecuador,ECU,0.64,5.0,0.0028746103529211195,0.002314768846170319,0.020122272470447837,0.006944306538510957,0.0,-0.3880075742775424,1,CIV,1.7717776045938185,0.001622444230849236,0.0017419559055031491,0.001622444230849236,0.0017419559055031491,0.86,5.0,0.004418810011755383,0.003558229636918564,0.030931670082287678,0.010674688910755691,0.0,-0.17850646655609848,1,CUW,2.7235512492422895,0.0016224442308492362,0.0017419559055031491,0.0016224442308492362,0.0017419559055031491,0.34,5.0,0.001980254610910981,0.001594592350982063,0.013861782276376867,0.004783777052946189,0.0,-0.6787593609646242,1,GER,1.2205378608757826,0.001622444230849236,0.0017419559055031491,0.001622444230849236,0.0017419559055031491
407,Jackson Porozo,DEF,3.8,Ecuador,ECU,0.64,5.0,0.002833298219282374,0.002167136176077627,0.019833087534976618,0.006501408528232881,0.0,-0.3880075742775424,1,CIV,1.7717776045938185,0.0015991274593020438,0.0016308564313856195,0.0015991274593020438,0.0016308564313856195,0.86,5.0,0.004355305589479729,0.003331290803276345,0.030487139126358104,0.009993872409829034,0.0,-0.17850646655609848,1,CUW,2.7235512492422895,0.0015991274593020435,0.0016308564313856197,0.0015991274593020435,0.0016308564313856197,0.34,5.0,0.0019517956084442415,0.0014928915151191876,0.01366256925910969,0.004478674545357563,0.0,-0.6787593609646242,1,GER,1.2205378608757826,0.0015991274593020435,0.0016308564313856197,0.0015991274593020435,0.0016308564313856197
411,Yaimar Medina,DEF,3.5,Ecuador,ECU,0.65,5.0,0.0033431276406530367,0.005119789577931464,0.023401893484571258,0.015359368733794393,0.0,-0.3880075742775424,1,CIV,1.7717776045938185,0.0018868776938962672,0.0038528459137362075,0.0018868776938962672,0.0038528459137362075,0.88,5.0,0.005139008100378589,0.007870067476120724,0.03597305670265012,0.023610202428362172,0.0,-0.17850646655609848,1,CUW,2.7235512492422895,0.0018868776938962672,0.0038528459137362075,0.0018868776938962672,0.0038528459137362075,0.35,5.0,0.0023030056642423797,0.003526908232376694,0.016121039649696658,0.010580724697130083,0.0,-0.6787593609646242,1,GER,1.2205378608757826,0.0018868776938962672,0.003852845913736208,0.0018868776938962672,0.003852845913736208
412,Enner Valencia,FWD,5.9,Ecuador,ECU,3.59,70.0,0.3003147432662292,0.02811318139494469,1.501573716331146,0.08433954418483407,0.0,0.0,2,CIV,1.7717776045938185,0.16949911912622725,0.02115629058790341,0.16949911912622725,0.02115629058790341,4.44,70.0,0.4616395376417039,0.043215181245012925,2.3081976882085193,0.12964554373503878,0.0,0.0,2,CUW,2.7235512492422895,0.16949911912622725,0.021156290587903415,0.16949911912622725,0.021156290587903415,3.09,70.0,0.2068800922786549,0.019366540243669562,1.0344004613932745,0.05809962073100869,0.0,0.0,2,GER,1.2205378608757826,0.16949911912622728,0.021156290587903408,0.16949911912622728,0.021156290587903408
413,Gonzalo Plata,FWD,5.6,Ecuador,ECU,3.31,70.0,0.21316609085575638,0.08166457673789962,1.065830454278782,0.24499373021369886,0.0,0.0,2,CIV,1.7717776045938185,0.12031199079560828,0.061455852040844444,0.12031199079560828,0.061455852040844444,4.01,70.0,0.32767587283020577,0.12553362194931839,1.638379364151029,0.37660086584795516,0.0,0.0,2,CUW,2.7235512492422895,0.12031199079560828,0.06145585204084444,0.12031199079560828,0.06145585204084444,2.9,70.0,0.14684533988337858,0.05625689564117316,0.7342266994168929,0.1687706869235195,0.0,0.0,2,GER,1.2205378608757826,0.12031199079560828,0.06145585204084444,0.12031199079560828,0.06145585204084444
414,John Yeboah,MID,5.1,Ecuador,ECU,1.18,10.0,0.019750847556219874,0.02133618208042471,0.11850508533731924,0.06400854624127414,0.0,0.0,1,CIV,1.7717776045938185,0.011147475566352342,0.016056328232245266,0.011147475566352342,0.016056328232245266,1.28,10.0,0.03036072100463682,0.032797674611381875,0.1821643260278209,0.09839302383414562,0.0,0.0,1,CUW,2.7235512492422895,0.011147475566352342,0.016056328232245266,0.011147475566352342,0.016056328232245266,1.13,10.0,0.01360591598192074,0.014698017385578055,0.08163549589152444,0.04409405215673416,0.0,0.0,1,GER,1.2205378608757826,0.011147475566352342,0.016056328232245263,0.011147475566352342,0.016056328232245263
415,Kevin Rodríguez,FWD,4.9,Ecuador,ECU,2.08,35.0,0.16657765655200354,0.08302060958211496,0.8328882827600177,0.2490618287463449,0.0,0.0,1,CIV,1.7717776045938185,0.09401724918528452,0.062476320855665936,0.09401724918528452,0.062476320855665936,2.66,35.0,0.2560607964689053,0.1276180962858833,1.2803039823445264,0.38285428885764994,0.0,0.0,1,CUW,2.7235512492422895,0.09401724918528452,0.062476320855665936,0.09401724918528452,0.062476320855665936,1.75,35.0,0.11475161220603258,0.05719103625942267,0.5737580610301629,0.171573108778268,0.0,0.0,1,GER,1.2205378608757826,0.09401724918528452,0.06247632085566594,0.09401724918528452,0.06247632085566594
416,Alan Minda,FWD,4.9,Ecuador,ECU,1.31,10.0,0.047593616157715284,0.023720174166318563,0.23796808078857642,0.07116052249895569,0.0,0.0,1,CIV,1.7717776045938185,0.02686207119579557,0.017850377387333128,0.02686207119579557,0.017850377387333128,1.48,10.0,0.07316022756254435,0.036462313224538086,0.3658011378127218,0.10938693967361426,0.0,0.0,1,CUW,2.7235512492422895,0.026862071195795572,0.017850377387333125,0.026862071195795572,0.017850377387333125,1.21,10.0,0.032786174916009304,0.016340296074120762,0.16393087458004652,0.04902088822236229,0.0,0.0,1,GER,1.2205378608757826,0.026862071195795572,0.017850377387333125,0.026862071195795572,0.017850377387333125
417,Jordy Caicedo,FWD,4.9,Ecuador,ECU,1.31,10.0,0.047593616157715284,0.023720174166318563,0.23796808078857642,0.07116052249895569,0.0,0.0,1,CIV,1.7717776045938185,0.02686207119579557,0.017850377387333128,0.02686207119579557,0.017850377387333128,1.48,10.0,0.07316022756254435,0.036462313224538086,0.3658011378127218,0.10938693967361426,0.0,0.0,1,CUW,2.7235512492422895,0.026862071195795572,0.017850377387333125,0.026862071195795572,0.017850377387333125,1.21,10.0,0.032786174916009304,0.016340296074120762,0.16393087458004652,0.04902088822236229,0.0,0.0,1,GER,1.2205378608757826,0.026862071195795572,0.017850377387333125,0.026862071195795572,0.017850377387333125
419,John Mercado,FWD,4.4,Ecuador,ECU,1.12,5.0,0.017527457784135368,0.011782418247830799,0.08763728892067683,0.035347254743492394,0.0,0.0,1,CIV,1.7717776045938185,0.009892583436369572,0.008866739796448232,0.009892583436369572,0.008866739796448232,1.19,5.0,0.026942957976357932,0.01811176518699218,0.13471478988178967,0.05433529556097654,0.0,0.0,1,CUW,2.7235512492422895,0.009892583436369572,0.008866739796448232,0.009892583436369572,0.008866739796448232,1.08,5.0,0.012074272625961719,0.008116643718074324,0.06037136312980859,0.024349931154222973,0.0,0.0,1,GER,1.2205378608757826,0.009892583436369574,0.008866739796448232,0.009892583436369574,0.008866739796448232
420,Anthony Valencia,MID,4.2,Ecuador,ECU,1.09,5.0,0.009875423778109937,0.010668091040212355,0.05925254266865962,0.03200427312063707,0.0,0.0,1,CIV,1.7717776045938185,0.005573737783176171,0.008028164116122633,0.005573737783176171,0.008028164116122633,1.14,5.0,0.01518036050231841,0.016398837305690937,0.09108216301391045,0.04919651191707281,0.0,0.0,1,CUW,2.7235512492422895,0.005573737783176171,0.008028164116122633,0.005573737783176171,0.008028164116122633,1.06,5.0,0.00680295799096037,0.007349008692789027,0.04081774794576222,0.02204702607836708,0.0,0.0,1,GER,1.2205378608757826,0.005573737783176171,0.008028164116122631,0.005573737783176171,0.008028164116122631
421,Jeremy Arévalo,FWD,4.0,Ecuador,ECU,1.15,5.0,0.023796808078857642,0.011860087083159282,0.11898404039428821,0.03558026124947784,0.0,0.0,1,CIV,1.7717776045938185,0.013431035597897784,0.008925188693666564,0.013431035597897784,0.008925188693666564,1.24,5.0,0.036580113781272176,0.018231156612269043,0.1829005689063609,0.05469346983680713,0.0,0.0,1,CUW,2.7235512492422895,0.013431035597897786,0.008925188693666562,0.013431035597897786,0.008925188693666562,1.11,5.0,0.016393087458004652,0.008170148037060381,0.08196543729002326,0.024510444111181143,0.0,0.0,1,GER,1.2205378608757826,0.013431035597897786,0.008925188693666562,0.013431035597897786,0.008925188693666562
423,Hernán Galíndez,GK,4.2,Ecuador,ECU,3.39,90.0,0.0,0.0,0.0,0.0,1.7822603220058442,-0.3880075742775424,2,CIV,1.7717776045938185,0.0,0.0,0.0,0.0,4.4,90.0,0.0,0.0,0.0,0.0,2.5754349680847817,-0.17850646655609848,2,CUW,2.7235512492422895,0.0,0.0,0.0,0.0,2.5,90.0,0.0,0.0,0.0,0.0,1.1817997702451948,-0.6787593609646242,2,GER,1.2205378608757826,0.0,0.0,0.0,0.0
424,Moisés Ramírez,GK,3.9,Ecuador,ECU,0.61,5.0,0.0,0.0,0.0,0.0,0.0,-0.3880075742775424,1,CIV,1.7717776045938185,0.0,0.0,0.0,0.0,0.82,5.0,0.0,0.0,0.0,0.0,0.0,-0.17850646655609848,1,CUW,2.7235512492422895,0.0,0.0,0.0,0.0,0.32,5.0,0.0,0.0,0.0,0.0,0.0,-0.6787593609646242,1,GER,1.2205378608757826,0.0,0.0,0.0,0.0
425,Gonzalo Valle,GK,3.6,Ecuador,ECU,0.61,5.0,0.0,0.0,0.0,0.0,0.0,-0.3880075742775424,1,CIV,1.7717776045938185,0.0,0.0,0.0,0.0,0.82,5.0,0.0,0.0,0.0,0.0,0.0,-0.17850646655609848,1,CUW,2.7235512492422895,0.0,0.0,0.0,0.0,0.32,5.0,0.0,0.0,0.0,0.0,0.0,-0.6787593609646242,1,GER,1.2205378608757826,0.0,0.0,0.0,0.0
427,Kendry Páez,MID,5.2,Ecuador,ECU,3.73,75.0,0.14813135667164903,0.16002136560318533,0.8887881400298943,0.480064096809556,0.35645206440116883,0.0,2,CIV,1.7717776045938185,0.08360606674764255,0.12042246174183949,0.08360606674764255,0.12042246174183949,4.62,75.0,0.22770540753477614,0.24598255958536405,1.3662324452086567,0.7379476787560921,0.5150869936169563,0.0,2,CUW,2.7235512492422895,0.08360606674764257,0.12042246174183949,0.08360606674764257,0.12042246174183949,3.18,75.0,0.10204436986440554,0.11023513039183541,0.6122662191864332,0.33070539117550624,0.23635995404903895,0.0,2,GER,1.2205378608757826,0.08360606674764255,0.12042246174183949,0.08360606674764255,0.12042246174183949
428,Alan Franco,MID,5.6,Ecuador,ECU,2.89,75.0,0.0672318989569702,0.04340949558745821,0.4033913937418212,0.13022848676237464,0.35645206440116883,0.0,2,CIV,1.7717776045938185,0.03794601465931903,0.03266737727120846,0.03794601465931903,0.03266737727120846,3.34,75.0,0.10334791562915459,0.06672845713235175,0.6200874937749276,0.20018537139705522,0.5150869936169563,0.0,2,CUW,2.7235512492422895,0.03794601465931904,0.03266737727120847,0.03794601465931904,0.03266737727120847,2.6,75.0,0.046314547561046346,0.029903828081267212,0.27788728536627805,0.08971148424380164,0.23635995404903895,0.0,2,GER,1.2205378608757826,0.03794601465931904,0.03266737727120847,0.03794601465931904,0.03266737727120847
429,Pedro Vite,MID,5.2,Ecuador,ECU,1.63,35.0,0.07568557821419251,0.05869358120457726,0.45411346928515506,0.17608074361373177,0.0,0.0,1,CIV,1.7717776045938185,0.04271731283765916,0.04416926146366458,0.04271731283765916,0.04416926146366458,1.97,35.0,0.11634279074328031,0.09022293542810474,0.6980567444596819,0.2706688062843142,0.0,0.0,1,CUW,2.7235512492422895,0.042717312837659165,0.04416926146366458,0.042717312837659165,0.04416926146366458,1.43,35.0,0.05213809763323812,0.040432691927493235,0.31282858579942874,0.1212980757824797,0.0,0.0,1,GER,1.2205378608757826,0.042717312837659165,0.04416926146366458,0.042717312837659165,0.04416926146366458
430,Moisés Caicedo,MID,6.8,Ecuador,ECU,3.23,75.0,0.10958247521498725,0.07095011232908353,0.6574948512899235,0.2128503369872506,0.35645206440116883,0.0,2,CIV,1.7717776045938185,0.06184888833161943,0.05339279011476079,0.06184888833161943,0.05339279011476079,3.85,75.0,0.168448617079829,0.10906350016319108,1.010691702478974,0.3271905004895732,0.5150869936169563,0.0,2,CUW,2.7235512492422895,0.061848888331619445,0.05339279011476079,0.061848888331619445,0.05339279011476079,2.84,75.0,0.07548890986181994,0.04887594137464483,0.45293345917091965,0.1466278241239345,0.23635995404903895,0.0,2,GER,1.2205378608757826,0.06184888833161944,0.05339279011476079,0.06184888833161944,0.05339279011476079
432,Marwan Attia,MID,4.3,Egypt,EGY,1.09,10.0,0.011069441474175485,0.009439488836188807,0.06641664884505291,0.02831846650856642,0.0,0.0,1,BEL,1.057824892493692,0.010464342021750537,0.011897985388912997,0.010464342021750537,0.011897985388912997,1.16,10.0,0.01821020123255154,0.015528786311436333,0.10926120739530923,0.046586358934309,0.0,0.0,1,NZL,1.7402146446189293,0.010464342021750537,0.011897985388912995,0.010464342021750537,0.011897985388912995,1.13,10.0,0.015004594360282161,0.012795198500832656,0.09002756616169297,0.03838559550249797,0.0,0.0,1,IRN,1.4338784348881692,0.010464342021750537,0.011897985388912997,0.010464342021750537,0.011897985388912997
433,Zizo,MID,4.3,Egypt,EGY,1.09,10.0,0.011069441474175485,0.009439488836188807,0.06641664884505291,0.02831846650856642,0.0,0.0,1,BEL,1.057824892493692,0.010464342021750537,0.011897985388912997,0.010464342021750537,0.011897985388912997,1.16,10.0,0.01821020123255154,0.015528786311436333,0.10926120739530923,0.046586358934309,0.0,0.0,1,NZL,1.7402146446189293,0.010464342021750537,0.011897985388912995,0.010464342021750537,0.011897985388912995,1.13,10.0,0.015004594360282161,0.012795198500832656,0.09002756616169297,0.03838559550249797,0.0,0.0,1,IRN,1.4338784348881692,0.010464342021750537,0.011897985388912997,0.010464342021750537,0.011897985388912997
434,Hamdi Fathy,MID,4.4,Egypt,EGY,1.33,35.0,0.0387430451596142,0.03303821092666082,0.2324582709576852,0.09911463277998248,0.0,0.0,1,BEL,1.057824892493692,0.03662519707612688,0.04164294886119549,0.03662519707612688,0.04164294886119549,1.55,35.0,0.06373570431393039,0.05435075209002717,0.3824142258835823,0.16305225627008152,0.0,0.0,1,NZL,1.7402146446189293,0.03662519707612688,0.04164294886119549,0.03662519707612688,0.04164294886119549,1.45,35.0,0.052516080260987565,0.04478319475291429,0.3150964815659254,0.13434958425874288,0.0,0.0,1,IRN,1.4338784348881692,0.03662519707612688,0.04164294886119549,0.03662519707612688,0.04164294886119549
435,Emam Ashour,MID,4.6,Egypt,EGY,1.33,35.0,0.0387430451596142,0.03303821092666082,0.2324582709576852,0.09911463277998248,0.0,0.0,1,BEL,1.057824892493692,0.03662519707612688,0.04164294886119549,0.03662519707612688,0.04164294886119549,1.55,35.0,0.06373570431393039,0.05435075209002717,0.3824142258835823,0.16305225627008152,0.0,0.0,1,NZL,1.7402146446189293,0.03662519707612688,0.04164294886119549,0.03662519707612688,0.04164294886119549,1.45,35.0,0.052516080260987565,0.04478319475291429,0.3150964815659254,0.13434958425874288,0.0,0.0,1,IRN,1.4338784348881692,0.03662519707612688,0.04164294886119549,0.03662519707612688,0.04164294886119549
436,Mahmoud Saber,MID,4.9,Egypt,EGY,2.89,75.0,0.08302081105631615,0.07079616627141605,0.4981248663378969,0.21238849881424815,0.17949095192654801,0.0,2,BEL,1.057824892493692,0.07848256516312904,0.08923489041684748,0.07848256516312904,0.08923489041684748,3.52,75.0,0.13657650924413653,0.1164658973357725,0.8194590554648191,0.3493976920073175,0.35108599886294994,0.0,2,NZL,1.7402146446189293,0.07848256516312903,0.08923489041684747,0.07848256516312903,0.08923489041684747,3.26,75.0,0.1125344577021162,0.09596398875624493,0.6752067462126972,0.2878919662687348,0.29320738039868177,0.0,2,IRN,1.4338784348881692,0.07848256516312903,0.08923489041684748,0.07848256516312903,0.08923489041684748
437,Mohamed Abdelmonem,DEF,4.0,Egypt,EGY,2.32,80.0,0.029978708025420957,0.03624130793961267,0.2098509561779467,0.10872392381883803,0.89745475963274,-0.8971214313452718,2,BEL,1.057824892493692,0.02833995327407152,0.04568028627646586,0.02833995327407152,0.04568028627646586,3.88,80.0,0.04931760171535542,0.05962012736151824,0.34522321200748796,0.17886038208455474,1.7554299943147498,-0.3978100733839604,2,NZL,1.7402146446189293,0.028339953274071517,0.04568028627646586,0.028339953274071517,0.04568028627646586,3.38,80.0,0.04063604784542952,0.049124983043506786,0.28445233491800664,0.14737494913052035,1.4660369019934087,-0.5200825177933087,2,IRN,1.4338784348881692,0.02833995327407152,0.04568028627646586,0.02833995327407152,0.04568028627646586
438,Ahmed Fatouh,DEF,3.9,Egypt,EGY,2.32,80.0,0.029978708025420957,0.03624130793961267,0.2098509561779467,0.10872392381883803,0.89745475963274,-0.8971214313452718,2,BEL,1.057824892493692,0.02833995327407152,0.04568028627646586,0.02833995327407152,0.04568028627646586,3.88,80.0,0.04931760171535542,0.05962012736151824,0.34522321200748796,0.17886038208455474,1.7554299943147498,-0.3978100733839604,2,NZL,1.7402146446189293,0.028339953274071517,0.04568028627646586,0.028339953274071517,0.04568028627646586,3.38,80.0,0.04063604784542952,0.049124983043506786,0.28445233491800664,0.14737494913052035,1.4660369019934087,-0.5200825177933087,2,IRN,1.4338784348881692,0.02833995327407152,0.04568028627646586,0.02833995327407152,0.04568028627646586
439,Mohamed Hany,DEF,3.6,Egypt,EGY,2.32,80.0,0.029978708025420957,0.03624130793961267,0.2098509561779467,0.10872392381883803,0.89745475963274,-0.8971214313452718,2,BEL,1.057824892493692,0.02833995327407152,0.04568028627646586,0.02833995327407152,0.04568028627646586,3.88,80.0,0.04931760171535542,0.05962012736151824,0.34522321200748796,0.17886038208455474,1.7554299943147498,-0.3978100733839604,2,NZL,1.7402146446189293,0.028339953274071517,0.04568028627646586,0.028339953274071517,0.04568028627646586,3.38,80.0,0.04063604784542952,0.049124983043506786,0.28445233491800664,0.14737494913052035,1.4660369019934087,-0.5200825177933087,2,IRN,1.4338784348881692,0.02833995327407152,0.04568028627646586,0.02833995327407152,0.04568028627646586
440,Ramy Rabia,DEF,3.6,Egypt,EGY,0.2,25.0,0.00936834625794405,0.011325408731128962,0.06557842380560834,0.03397622619338689,0.0,-0.8971214313452718,1,BEL,1.057824892493692,0.00885623539814735,0.014275089461395581,0.00885623539814735,0.014275089461395581,0.77,25.0,0.015411750536048574,0.018631289800474453,0.10788225375234002,0.05589386940142336,0.0,-0.3978100733839604,1,NZL,1.7402146446189293,0.00885623539814735,0.014275089461395583,0.00885623539814735,0.014275089461395583,0.61,25.0,0.012698764951696724,0.015351557201095873,0.08889135466187707,0.04605467160328762,0.0,-0.5200825177933087,1,IRN,1.4338784348881692,0.00885623539814735,0.014275089461395583,0.00885623539814735,0.014275089461395583
441,Hossam Abdelmaguid,DEF,3.6,Egypt,EGY,0.2,25.0,0.00936834625794405,0.011325408731128962,0.06557842380560834,0.03397622619338689,0.0,-0.8971214313452718,1,BEL,1.057824892493692,0.00885623539814735,0.014275089461395581,0.00885623539814735,0.014275089461395581,0.77,25.0,0.015411750536048574,0.018631289800474453,0.10788225375234002,0.05589386940142336,0.0,-0.3978100733839604,1,NZL,1.7402146446189293,0.00885623539814735,0.014275089461395583,0.00885623539814735,0.014275089461395583,0.61,25.0,0.012698764951696724,0.015351557201095873,0.08889135466187707,0.04605467160328762,0.0,-0.5200825177933087,1,IRN,1.4338784348881692,0.00885623539814735,0.014275089461395583,0.00885623539814735,0.014275089461395583
442,Tarek Alaa,DEF,3.5,Egypt,EGY,0.12,5.0,0.0018736692515888098,0.002265081746225792,0.013115684761121668,0.006795245238677377,0.0,-0.8971214313452718,1,BEL,1.057824892493692,0.00177124707962947,0.002855017892279116,0.00177124707962947,0.002855017892279116,0.63,5.0,0.003082350107209714,0.00372625796009489,0.021576450750467997,0.011178773880284671,0.0,-0.3978100733839604,1,NZL,1.7402146446189293,0.0017712470796294698,0.002855017892279116,0.0017712470796294698,0.002855017892279116,0.51,5.0,0.002539752990339345,0.003070311440219174,0.017778270932375415,0.009210934320657522,0.0,-0.5200825177933087,1,IRN,1.4338784348881692,0.00177124707962947,0.002855017892279116,0.00177124707962947,0.002855017892279116
444,Yasser Ibrahim,DEF,3.5,Egypt,EGY,0.12,5.0,0.0018736692515888098,0.002265081746225792,0.013115684761121668,0.006795245238677377,0.0,-0.8971214313452718,1,BEL,1.057824892493692,0.00177124707962947,0.002855017892279116,0.00177124707962947,0.002855017892279116,0.63,5.0,0.003082350107209714,0.00372625796009489,0.021576450750467997,0.011178773880284671,0.0,-0.3978100733839604,1,NZL,1.7402146446189293,0.0017712470796294698,0.002855017892279116,0.0017712470796294698,0.002855017892279116,0.51,5.0,0.002539752990339345,0.003070311440219174,0.017778270932375415,0.009210934320657522,0.0,-0.5200825177933087,1,IRN,1.4338784348881692,0.00177124707962947,0.002855017892279116,0.00177124707962947,0.002855017892279116
445,Omar Marmoush,FWD,7.8,Egypt,EGY,3.15,70.0,0.18671822714028552,0.0734594515897911,0.9335911357014276,0.22037835476937329,0.0,0.0,2,BEL,1.057824892493692,0.17651147034375442,0.0925918232290406,0.17651147034375442,0.0925918232290406,3.9,70.0,0.30716784563542127,0.12084723506635771,1.5358392281771063,0.36254170519907314,0.0,0.0,2,NZL,1.7402146446189293,0.17651147034375442,0.0925918232290406,0.17651147034375442,0.0925918232290406,3.56,70.0,0.2530959908363121,0.09957406393132406,1.2654799541815607,0.2987221917939722,0.0,0.0,2,IRN,1.4338784348881692,0.17651147034375445,0.09259182322904058,0.17651147034375445,0.09259182322904058
447,Trezeguet,FWD,5.6,Egypt,EGY,3.15,70.0,0.18671822714028552,0.0734594515897911,0.9335911357014276,0.22037835476937329,0.0,0.0,2,BEL,1.057824892493692,0.17651147034375442,0.0925918232290406,0.17651147034375442,0.0925918232290406,3.9,70.0,0.30716784563542127,0.12084723506635771,1.5358392281771063,0.36254170519907314,0.0,0.0,2,NZL,1.7402146446189293,0.17651147034375442,0.0925918232290406,0.17651147034375442,0.0925918232290406,3.56,70.0,0.2530959908363121,0.09957406393132406,1.2654799541815607,0.2987221917939722,0.0,0.0,2,IRN,1.4338784348881692,0.17651147034375445,0.09259182322904058,0.17651147034375445,0.09259182322904058
448,Haissem Hassan,FWD,4.6,Egypt,EGY,1.18,35.0,0.01759499289482995,0.030729211651168018,0.08797496447414975,0.09218763495350406,0.0,0.0,1,BEL,1.057824892493692,0.016633180992131808,0.038732575204361325,0.016633180992131808,0.038732575204361325,1.3,35.0,0.028945305149104983,0.050552245945825205,0.14472652574552491,0.15165673783747563,0.0,0.0,1,NZL,1.7402146446189293,0.016633180992131808,0.03873257520436133,0.016633180992131808,0.03873257520436133,1.24,35.0,0.023849959528209605,0.04165335323491345,0.11924979764104802,0.12496005970474033,0.0,0.0,1,IRN,1.4338784348881692,0.016633180992131808,0.038732575204361325,0.016633180992131808,0.038732575204361325
451,Mohamed El Shenawy,GK,3.6,Egypt,EGY,2.0,90.0,0.0,0.0,0.0,0.0,0.89745475963274,-0.8971214313452718,2,BEL,1.057824892493692,0.0,0.0,0.0,0.0,3.36,90.0,0.0,0.0,0.0,0.0,1.7554299943147498,-0.3978100733839604,2,NZL,1.7402146446189293,0.0,0.0,0.0,0.0,2.95,90.0,0.0,0.0,0.0,0.0,1.4660369019934087,-0.5200825177933087,2,IRN,1.4338784348881692,0.0,0.0,0.0,0.0
452,El Mahdy Soliman,GK,3.6,Egypt,EGY,0.1,5.0,0.0,0.0,0.0,0.0,0.0,-0.8971214313452718,1,BEL,1.057824892493692,0.0,0.0,0.0,0.0,0.6,5.0,0.0,0.0,0.0,0.0,0.0,-0.3978100733839604,1,NZL,1.7402146446189293,0.0,0.0,0.0,0.0,0.48,5.0,0.0,0.0,0.0,0.0,0.0,-0.5200825177933087,1,IRN,1.4338784348881692,0.0,0.0,0.0,0.0
453,Mostafa Shobeir,GK,3.5,Egypt,EGY,0.1,5.0,0.0,0.0,0.0,0.0,0.0,-0.8971214313452718,1,BEL,1.057824892493692,0.0,0.0,0.0,0.0,0.6,5.0,0.0,0.0,0.0,0.0,0.0,-0.3978100733839604,1,NZL,1.7402146446189293,0.0,0.0,0.0,0.0,0.48,5.0,0.0,0.0,0.0,0.0,0.0,-0.5200825177933087,1,IRN,1.4338784348881692,0.0,0.0,0.0,0.0
454,Mohamed Alaa,GK,3.5,Egypt,EGY,0.1,5.0,0.0,0.0,0.0,0.0,0.0,-0.8971214313452718,1,BEL,1.057824892493692,0.0,0.0,0.0,0.0,0.6,5.0,0.0,0.0,0.0,0.0,0.0,-0.3978100733839604,1,NZL,1.7402146446189293,0.0,0.0,0.0,0.0,0.48,5.0,0.0,0.0,0.0,0.0,0.0,-0.5200825177933087,1,IRN,1.4338784348881692,0.0,0.0,0.0,0.0
455,Mohanad Lasheen,MID,5.3,Egypt,EGY,2.89,75.0,0.08302081105631615,0.07079616627141605,0.4981248663378969,0.21238849881424815,0.17949095192654801,0.0,2,BEL,1.057824892493692,0.07848256516312904,0.08923489041684748,0.07848256516312904,0.08923489041684748,3.52,75.0,0.13657650924413653,0.1164658973357725,0.8194590554648191,0.3493976920073175,0.35108599886294994,0.0,2,NZL,1.7402146446189293,0.07848256516312903,0.08923489041684747,0.07848256516312903,0.08923489041684747,3.26,75.0,0.1125344577021162,0.09596398875624493,0.6752067462126972,0.2878919662687348,0.29320738039868177,0.0,2,IRN,1.4338784348881692,0.07848256516312903,0.08923489041684748,0.07848256516312903,0.08923489041684748
456,Ibrahim Adel,MID,5.9,Egypt,EGY,2.89,75.0,0.08302081105631615,0.07079616627141605,0.4981248663378969,0.21238849881424815,0.17949095192654801,0.0,2,BEL,1.057824892493692,0.07848256516312904,0.08923489041684748,0.07848256516312904,0.08923489041684748,3.52,75.0,0.13657650924413653,0.1164658973357725,0.8194590554648191,0.3493976920073175,0.35108599886294994,0.0,2,NZL,1.7402146446189293,0.07848256516312903,0.08923489041684747,0.07848256516312903,0.08923489041684747,3.26,75.0,0.1125344577021162,0.09596398875624493,0.6752067462126972,0.2878919662687348,0.29320738039868177,0.0,2,IRN,1.4338784348881692,0.07848256516312903,0.08923489041684748,0.07848256516312903,0.08923489041684748
457,Nico O'Reilly,DEF,4.7,England,ENG,4.08,80.0,0.05854712872276623,0.0726292455382934,0.4098299010593636,0.2178877366148802,1.8281524868983663,-0.37176252292038525,2,CRO,1.8264237212935683,0.032055611214521516,0.05302109960687077,0.032055611214521516,0.05302109960687077,5.36,80.0,0.08790170226642248,0.10904436231830836,0.6153119158649574,0.32713308695492505,2.591618561909855,-0.175479016912103,2,GHA,2.742162727086049,0.03205561121452152,0.05302109960687077,0.03205561121452152,0.05302109960687077,4.98,80.0,0.07908271354817846,0.09810417599337731,0.5535789948372493,0.29431252798013197,2.3563755353144424,-0.22358837111497393,2,PAN,2.4670474388693977,0.03205561121452152,0.053021099606870764,0.03205561121452152,0.053021099606870764
459,Tino Livramento,DEF,4.6,England,ENG,0.72,20.0,0.0065969564616534864,0.014958553773581885,0.046178695231574404,0.044875661320745656,0.0,-0.37176252292038525,1,CRO,1.8264237212935683,0.0036119529026819573,0.010920104755675175,0.0036119529026819573,0.010920104755675175,0.96,20.0,0.009904562621724726,0.022458528177665683,0.06933193835207307,0.06737558453299705,0.0,-0.175479016912103,1,GHA,2.742162727086049,0.003611952902681957,0.010920104755675177,0.003611952902681957,0.010920104755675177,0.9,20.0,0.00891085915787841,0.020205312352255478,0.06237601410514887,0.060615937056766434,0.0,-0.22358837111497393,1,PAN,2.4670474388693977,0.0036119529026819577,0.010920104755675175,0.0036119529026819577,0.010920104755675175
461,Marc Guéhi,DEF,5.1,England,ENG,3.94,85.0,0.04210675997034394,0.06357385353772302,0.29474731979240754,0.19072156061316906,1.8281524868983663,-0.37176252292038525,2,CRO,1.8264237212935683,0.023054212163058054,0.0464104452116195,0.023054212163058054,0.0464104452116195,5.15,85.0,0.06321840129587164,0.09544874475507915,0.4425288090711015,0.2863462342652375,2.591618561909855,-0.175479016912103,2,GHA,2.742162727086049,0.023054212163058054,0.0464104452116195,0.023054212163058054,0.0464104452116195,4.79,85.0,0.056875835072024095,0.0858725774970858,0.39813084550416866,0.2576177324912574,2.3563755353144424,-0.22358837111497393,2,PAN,2.4670474388693977,0.023054212163058058,0.0464104452116195,0.023054212163058058,0.0464104452116195
462,Dan Burn,DEF,4.5,England,ENG,0.68,10.0,0.00424434008012534,0.00801240315528952,0.029710380560877377,0.024037209465868563,0.0,-0.37176252292038525,1,CRO,1.8264237212935683,0.002323852910276087,0.005849247402178007,0.002323852910276087,0.005849247402178007,0.91,10.0,0.006372382833789527,0.012029691155818076,0.04460667983652669,0.03608907346745423,0.0,-0.175479016912103,1,GHA,2.742162727086049,0.002323852910276087,0.005849247402178007,0.002323852910276087,0.005849247402178007,0.85,10.0,0.005733055370605818,0.010822778117142549,0.040131387594240724,0.032468334351427645,0.0,-0.22358837111497393,1,PAN,2.4670474388693977,0.0023238529102760875,0.005849247402178008,0.0023238529102760875,0.005849247402178008
463,Ezri Konsa,DEF,4.8,England,ENG,0.71,25.0,0.008246195577066857,0.009368482518252265,0.057723369039468,0.028105447554756795,0.0,-0.37176252292038525,1,CRO,1.8264237212935683,0.0045149411283524465,0.006839218018636638,0.0045149411283524465,0.006839218018636638,0.95,25.0,0.012380703277155907,0.014065686549840514,0.08666492294009136,0.04219705964952154,0.0,-0.175479016912103,1,GHA,2.742162727086049,0.0045149411283524465,0.006839218018636637,0.0045149411283524465,0.006839218018636637,0.89,25.0,0.01113857394734801,0.012654506472560213,0.07797001763143607,0.03796351941768064,0.0,-0.22358837111497393,1,PAN,2.4670474388693977,0.004514941128352446,0.006839218018636636,0.004514941128352446,0.006839218018636636
466,John Stones,DEF,4.6,England,ENG,3.84,70.0,0.03298478230826744,0.05246350210221269,0.23089347615787206,0.1573905063066381,1.8281524868983663,-0.37176252292038525,2,CRO,1.8264237212935683,0.01805976451340979,0.03829962090436518,0.01805976451340979,0.03829962090436518,5.0,70.0,0.04952281310862364,0.0787678446791069,0.3466596917603655,0.23630353403732068,2.591618561909855,-0.175479016912103,2,GHA,2.742162727086049,0.018059764513409786,0.03829962090436517,0.018059764513409786,0.03829962090436517,4.66,70.0,0.044554295789392045,0.07086523624633721,0.3118800705257443,0.21259570873901162,2.3563755353144424,-0.22358837111497393,2,PAN,2.4670474388693977,0.018059764513409786,0.03829962090436517,0.018059764513409786,0.03829962090436517
467,Djed Spence,DEF,4.5,England,ENG,0.65,5.0,0.0016492391154133716,0.0018736965036504527,0.011544673807893601,0.005621089510951359,0.0,-0.37176252292038525,1,CRO,1.8264237212935683,0.0009029882256704893,0.0013678436037273273,0.0009029882256704893,0.0013678436037273273,0.85,5.0,0.0024761406554311815,0.002813137309968103,0.01733298458801827,0.008439411929904309,0.0,-0.175479016912103,1,GHA,2.742162727086049,0.0009029882256704892,0.0013678436037273273,0.0009029882256704892,0.0013678436037273273,0.8,5.0,0.0022277147894696025,0.0025309012945120427,0.015594003526287217,0.007592703883536128,0.0,-0.22358837111497393,1,PAN,2.4670474388693977,0.0009029882256704894,0.0013678436037273273,0.0009029882256704894,0.0013678436037273273
468,Harry Kane,FWD,10.5,England,ENG,6.32,88.0,0.7658916363972815,0.16300282628018498,3.8294581819864075,0.4890084788405549,0.0,0.0,2,CRO,1.8264237212935683,0.4193395144117145,0.11899599155062651,0.4193395144117145,0.11899599155062651,8.48,88.0,1.1498971864141667,0.24472977952708086,5.749485932070834,0.7341893385812426,0.0,0.0,2,GHA,2.742162727086049,0.4193395144117145,0.11899599155062651,0.4193395144117145,0.11899599155062651,7.83,88.0,1.0345304750461572,0.22017656714302322,5.172652375230786,0.6605297014290696,0.0,0.0,2,PAN,2.4670474388693977,0.4193395144117145,0.11899599155062651,0.4193395144117145,0.11899599155062651
469,Bukayo Saka,MID,9.5,England,ENG,3.74,80.0,0.15047838660645957,0.15690075867348946,0.9028703196387574,0.4707022760204684,0.36563049737967324,0.0,2,CRO,1.8264237212935683,0.08238963656247464,0.11454133513798516,0.08238963656247464,0.11454133513798516,4.58,80.0,0.22592579047978392,0.23556823494454085,1.3555547428787036,0.7067047048336226,0.5183237123819711,0.0,2,GHA,2.742162727086049,0.08238963656247464,0.11454133513798515,0.08238963656247464,0.11454133513798515,4.33,80.0,0.20325914187083355,0.21193418062263572,1.2195548512250012,0.6358025418679072,0.4712751070628885,0.0,2,PAN,2.4670474388693977,0.08238963656247464,0.11454133513798516,0.08238963656247464,0.11454133513798516
471,Marcus Rashford,MID,7.5,England,ENG,3.98,70.0,0.1646298062012593,0.2081437716351863,0.9877788372075558,0.6244313149055589,0.36563049737967324,0.0,2,CRO,1.8264237212935683,0.09013779457740502,0.1519499695560006,0.09013779457740502,0.1519499695560006,4.94,70.0,0.24717250059189907,0.31250365717374357,1.4830350035513944,0.9375109715212306,0.5183237123819711,0.0,2,GHA,2.742162727086049,0.09013779457740503,0.1519499695560006,0.09013779457740503,0.1519499695560006,4.65,70.0,0.22237421525752296,0.28115083742206065,1.3342452915451377,0.843452512266182,0.4712751070628885,0.0,2,PAN,2.4670474388693977,0.09013779457740503,0.1519499695560006,0.09013779457740503,0.1519499695560006
474,Anthony Gordon,MID,7.0,England,ENG,1.39,25.0,0.0493891504377651,0.030372067688015265,0.2963349026265906,0.0911162030640458,0.0,0.0,1,CRO,1.8264237212935683,0.027041452573111094,0.022172341378705693,0.027041452573111094,0.022172341378705693,1.58,25.0,0.07415206333225038,0.045600126075685844,0.4449123799935023,0.13680037822705754,0.0,0.0,1,GHA,2.742162727086049,0.027041452573111097,0.022172341378705693,0.027041452573111097,0.022172341378705693,1.52,25.0,0.06671254631380202,0.041025163509055385,0.40027527788281214,0.12307549052716615,0.0,0.0,1,PAN,2.4670474388693977,0.0270414525731111,0.02217234137870569,0.0270414525731111,0.02217234137870569
475,Morgan Rogers,MID,7.2,England,ENG,1.24,15.0,0.027505301101737222,0.024940631595891223,0.16503180661042333,0.07482189478767368,0.0,0.0,1,CRO,1.8264237212935683,0.015059649511262664,0.018207262133912692,0.015059649511262664,0.018207262133912692,1.36,15.0,0.04129600957276411,0.03744545668942544,0.24777605743658465,0.11233637006827632,0.0,0.0,1,GHA,2.742162727086049,0.015059649511262662,0.018207262133912692,0.015059649511262662,0.018207262133912692,1.32,15.0,0.03715286975703133,0.03368863456221981,0.222917218542188,0.10106590368665942,0.0,0.0,1,PAN,2.4670474388693977,0.015059649511262664,0.018207262133912695,0.015059649511262664,0.018207262133912695
476,Noni Madueke,FWD,6.1,England,ENG,1.13,10.0,0.020580922712516013,0.009443376242763472,0.10290461356258007,0.028330128728290417,0.0,0.0,1,CRO,1.8264237212935683,0.011268427185089084,0.0068938922424676505,0.011268427185089084,0.0068938922424676505,1.2,10.0,0.03089986101983445,0.014178130763881839,0.15449930509917226,0.04253439229164552,0.0,0.0,1,GHA,2.742162727086049,0.011268427185089082,0.0068938922424676505,0.011268427185089082,0.0068938922424676505,1.18,10.0,0.02779974442706032,0.012755669400466069,0.1389987221353016,0.03826700820139821,0.0,0.0,1,PAN,2.4670474388693977,0.011268427185089082,0.0068938922424676505,0.011268427185089082,0.0068938922424676505
477,Jordan Pickford,GK,4.8,England,ENG,3.46,90.0,0.0,0.0,0.0,0.0,1.8281524868983663,-0.37176252292038525,2,CRO,1.8264237212935683,0.0,0.0,0.0,0.0,4.42,90.0,0.0,0.0,0.0,0.0,2.591618561909855,-0.175479016912103,2,GHA,2.742162727086049,0.0,0.0,0.0,0.0,4.13,90.0,0.0,0.0,0.0,0.0,2.3563755353144424,-0.22358837111497393,2,PAN,2.4670474388693977,0.0,0.0,0.0,0.0
478,Dean Henderson,GK,4.2,England,ENG,-0.37,0.0,0.0,0.0,0.0,0.0,0.0,-0.37176252292038525,0,CRO,1.8264237212935683,0.0,0.0,0.0,0.0,-0.18,0.0,0.0,0.0,0.0,0.0,0.0,-0.175479016912103,0,GHA,2.742162727086049,0.0,0.0,0.0,0.0,-0.22,0.0,0.0,0.0,0.0,0.0,0.0,-0.22358837111497393,0,PAN,2.4670474388693977,0.0,0.0,0.0,0.0
479,James Trafford,GK,4.0,England,ENG,-0.37,0.0,0.0,0.0,0.0,0.0,0.0,-0.37176252292038525,0,CRO,1.8264237212935683,0.0,0.0,0.0,0.0,-0.18,0.0,0.0,0.0,0.0,0.0,0.0,-0.175479016912103,0,GHA,2.742162727086049,0.0,0.0,0.0,0.0,-0.22,0.0,0.0,0.0,0.0,0.0,0.0,-0.22358837111497393,0,PAN,2.4670474388693977,0.0,0.0,0.0,0.0
482,Jordan Henderson,MID,5.1,England,ENG,1.09,10.0,0.007932387058873582,0.015134334178798137,0.04759432235324149,0.04540300253639441,0.0,0.0,1,CRO,1.8264237212935683,0.004343125292555581,0.011048428687788624,0.004343125292555581,0.011048428687788624,1.14,10.0,0.011909556296310608,0.022722442005391648,0.07145733777786364,0.06816732601617495,0.0,0.0,1,GHA,2.742162727086049,0.004343125292555581,0.011048428687788625,0.004343125292555581,0.011048428687788625,1.13,10.0,0.01071469612968815,0.02044274827330508,0.0642881767781289,0.06132824481991524,0.0,0.0,1,PAN,2.4670474388693977,0.004343125292555581,0.011048428687788625,0.004343125292555581,0.011048428687788625
485,Kobbie Mainoo,MID,6.1,England,ENG,1.04,5.0,0.003966193529436791,0.006447601925552058,0.023797161176620747,0.019342805776656175,0.0,0.0,1,CRO,1.8264237212935683,0.0021715626462777905,0.004706904792779433,0.0021715626462777905,0.004706904792779433,1.06,5.0,0.005954778148155304,0.009680324162026833,0.03572866888893182,0.0290409724860805,0.0,0.0,1,GHA,2.742162727086049,0.0021715626462777905,0.004706904792779433,0.0021715626462777905,0.004706904792779433,1.06,5.0,0.005357348064844075,0.008709118060521442,0.03214408838906445,0.026127354181564325,0.0,0.0,1,PAN,2.4670474388693977,0.0021715626462777905,0.004706904792779431,0.0021715626462777905,0.004706904792779431
486,Elliot Anderson,MID,6.5,England,ENG,3.19,80.0,0.086159780854155,0.10316163080883292,0.51695868512493,0.3094848924264988,0.36563049737967324,0.0,2,CRO,1.8264237212935683,0.04717403735488727,0.07531047668447093,0.04717403735488727,0.07531047668447093,3.76,80.0,0.1293588869207368,0.15488518659242934,0.7761533215244207,0.464655559777288,0.5183237123819711,0.0,2,GHA,2.742162727086049,0.04717403735488726,0.07531047668447093,0.04717403735488726,0.07531047668447093,3.59,80.0,0.11638058803750391,0.13934588896834307,0.6982835282250235,0.4180376669050292,0.4712751070628885,0.0,2,PAN,2.4670474388693977,0.04717403735488726,0.0753104766844709,0.04717403735488726,0.0753104766844709
488,Declan Rice,MID,7.0,England,ENG,3.34,85.0,0.09556468001705869,0.13498604311491721,0.5733880801023521,0.4049581293447516,0.36563049737967324,0.0,2,CRO,1.8264237212935683,0.05232338964004191,0.09854306463585429,0.05232338964004191,0.09854306463585429,3.99,85.0,0.14347924882572327,0.20266583914295327,0.8608754929543396,0.6079975174288599,0.5183237123819711,0.0,2,GHA,2.742162727086049,0.05232338964004191,0.0985430646358543,0.05232338964004191,0.0985430646358543,3.79,85.0,0.12908428440443098,0.18233281142116936,0.7745057064265859,0.5469984342635081,0.4712751070628885,0.0,2,PAN,2.4670474388693977,0.05232338964004191,0.09854306463585427,0.05232338964004191,0.09854306463585427
491,Jude Bellingham,MID,8.3,England,ENG,3.72,85.0,0.1506625957304337,0.15111450612302418,0.9039755743826021,0.45334351836907255,0.36563049737967324,0.0,2,CRO,1.8264237212935683,0.08249049438742867,0.11031723132753081,0.08249049438742867,0.11031723132753081,4.56,85.0,0.22620235904810784,0.22688084992626334,1.3572141542886471,0.68064254977879,0.5183237123819711,0.0,2,GHA,2.742162727086049,0.08249049438742867,0.11031723132753081,0.08249049438742867,0.11031723132753081,4.3,85.0,0.20350796290957635,0.20411838225731083,1.221047777457458,0.6123551467719325,0.4712751070628885,0.0,2,PAN,2.4670474388693977,0.08249049438742868,0.11031723132753081,0.08249049438742868,0.11031723132753081
492,Theo Hernández,DEF,5.0,France,FRA,0.72,25.0,0.014282355483660074,0.008294638269382617,0.09997648838562051,0.02488391480814785,0.0,-0.40834829074023954,1,SEN,1.7074668637763741,0.008364645772435104,0.006477149236179036,0.008364645772435104,0.006477149236179036,1.05,25.0,0.023924336667857066,0.013894327075238626,0.16747035667499946,0.04168298122571588,0.0,-0.15700204152509356,1,IRQ,2.8601733197952566,0.008364645772435102,0.006477149236179035,0.008364645772435102,0.006477149236179035,0.67,25.0,0.013311895980451507,0.007731033019295608,0.09318327186316055,0.023193099057886822,0.0,-0.4494441786087491,1,NOR,1.5914476646840918,0.008364645772435104,0.006477149236179036,0.008364645772435104,0.006477149236179036
493,Maxence Lacroix,DEF,4.5,France,FRA,0.61,5.0,0.0019729366212560507,0.002630271191448167,0.013810556348792354,0.007890813574344503,0.0,-0.40834829074023954,1,SEN,1.7074668637763741,0.0011554757887907363,0.0020539363484382888,0.0011554757887907363,0.0020539363484382888,0.88,5.0,0.003304861022768643,0.004405960458270665,0.0231340271593805,0.013217881374811995,0.0,-0.15700204152509356,1,IRQ,2.8601733197952566,0.0011554757887907363,0.0020539363484382883,0.0011554757887907363,0.0020539363484382883,0.57,5.0,0.001838879245670026,0.0024515491538489144,0.012872154719690183,0.007354647461546743,0.0,-0.4494441786087491,1,NOR,1.5914476646840918,0.0011554757887907363,0.0020539363484382888,0.0011554757887907363,0.0020539363484382888
494,Dayot Upamecano,DEF,5.3,France,FRA,3.66,80.0,0.033218168454460635,0.0365712495811705,0.23252717918122445,0.1097137487435115,1.727273943221491,-0.40834829074023954,2,SEN,1.7074668637763741,0.01945464896518847,0.02855789892190471,0.01945464896518847,0.02855789892190471,5.11,80.0,0.055643667916214445,0.06126040542438118,0.3895056754135011,0.18378121627314353,2.6952202176656486,-0.15700204152509356,2,IRQ,2.8601733197952566,0.019454648965188465,0.02855789892190471,0.019454648965188465,0.02855789892190471,3.49,80.0,0.030961055662897967,0.0340863011606622,0.21672738964028576,0.1022589034819866,1.6237630930523694,-0.4494441786087491,2,NOR,1.5914476646840918,0.019454648965188465,0.02855789892190471,0.019454648965188465,0.02855789892190471
495,Ibrahima Konaté,DEF,4.9,France,FRA,0.61,5.0,0.0019729366212560507,0.0014190103860087378,0.013810556348792354,0.004257031158026213,0.0,-0.40834829074023954,1,SEN,1.7074668637763741,0.0011554757887907363,0.001108082322503827,0.0011554757887907363,0.001108082322503827,0.87,5.0,0.003304861022768643,0.0023769806212216573,0.0231340271593805,0.007130941863664972,0.0,-0.15700204152509356,1,IRQ,2.8601733197952566,0.0011554757887907363,0.0011080823225038273,0.0011554757887907363,0.0011080823225038273,0.57,5.0,0.001838879245670026,0.0013225912683198305,0.012872154719690183,0.003967773804959491,0.0,-0.4494441786087491,1,NOR,1.5914476646840918,0.0011554757887907363,0.0011080823225038273,0.0011554757887907363,0.0011080823225038273
496,Lucas Hernández,DEF,5.2,France,FRA,0.61,5.0,0.0015106478366346378,0.004137457945227695,0.010574534856442466,0.012412373835683086,0.0,-0.40834829074023954,1,SEN,1.7074668637763741,0.0008847303972233844,0.0032308741742934546,0.0008847303972233844,0.0032308741742934546,0.88,5.0,0.0025304822773501833,0.006930645084697252,0.01771337594145128,0.020791935254091756,0.0,-0.15700204152509356,1,IRQ,2.8601733197952566,0.0008847303972233844,0.003230874174293455,0.0008847303972233844,0.003230874174293455,0.57,5.0,0.0014080021245361839,0.003856325369675597,0.009856014871753287,0.011568976109026791,0.0,-0.4494441786087491,1,NOR,1.5914476646840918,0.0008847303972233843,0.0032308741742934546,0.0008847303972233843,0.0032308741742934546
498,Lucas Digne,DEF,5.0,France,FRA,3.78,70.0,0.02273215797209503,0.10182812657219041,0.1591251058046652,0.3054843797165712,1.727273943221491,-0.40834829074023954,2,SEN,1.7074668637763741,0.01331338162652171,0.07951594160328551,0.01331338162652171,0.07951594160328551,5.32,70.0,0.03807857892442978,0.17057203100408613,0.26655005247100844,0.5117160930122584,2.6952202176656486,-0.15700204152509356,2,IRQ,2.8601733197952566,0.013313381626521712,0.0795159416032855,0.013313381626521712,0.0795159416032855,3.61,70.0,0.021187550098576074,0.09490909467727901,0.14831285069003253,0.284727284031837,1.6237630930523694,-0.4494441786087491,2,NOR,1.5914476646840918,0.013313381626521712,0.0795159416032855,0.013313381626521712,0.0795159416032855
499,Malo Gusto,DEF,5.1,France,FRA,0.74,25.0,0.012774775204786013,0.019207659984437988,0.0894234264335021,0.05762297995331396,0.0,-0.40834829074023954,1,SEN,1.7074668637763741,0.007481711929994512,0.014998951871863756,0.007481711929994512,0.014998951871863756,1.09,25.0,0.02139899284856418,0.03217470147659837,0.14979294993994927,0.09652410442979512,0.0,-0.15700204152509356,1,IRQ,2.8601733197952566,0.007481711929994512,0.014998951871863753,0.007481711929994512,0.014998951871863753,0.69,25.0,0.011906752978828875,0.017902535196889998,0.08334727085180213,0.05370760559066999,0.0,-0.4494441786087491,1,NOR,1.5914476646840918,0.007481711929994511,0.014998951871863756,0.007481711929994511,0.014998951871863756
500,Kylian Mbappé,FWD,10.5,France,FRA,4.75,85.0,0.48552014782929825,0.10902793589900611,2.427600739146491,0.32708380769701834,0.0,0.0,2,SEN,1.7074668637763741,0.28435113918139643,0.0851381565772593,0.28435113918139643,0.0851381565772593,6.61,85.0,0.8132935417400178,0.1826324129541211,4.066467708700089,0.5478972388623633,0.0,0.0,2,IRQ,2.8601733197952566,0.2843511391813965,0.08513815657725932,0.2843511391813965,0.08513815657725932,4.57,85.0,0.45252995640049454,0.1016196903452909,2.2626497820024727,0.30485907103587273,0.0,0.0,2,NOR,1.5914476646840918,0.28435113918139643,0.0851381565772593,0.28435113918139643,0.0851381565772593
501,Ousmane Dembélé,MID,10.0,France,FRA,5.0,75.0,0.3144068481017393,0.2574642684578494,1.886441088610436,0.7723928053735483,0.3454547886442982,0.0,2,SEN,1.7074668637763741,0.18413642734264912,0.20104969446838558,0.18413642734264912,0.20104969446838558,6.99,75.0,0.5266620966878628,0.4312777290535983,3.1599725801271767,1.2938331871607949,0.5390440435331297,0.0,2,IRQ,2.8601733197952566,0.18413642734264912,0.20104969446838558,0.18413642734264912,0.20104969446838558,4.8,75.0,0.29304348727773083,0.2399700500603718,1.758260923666385,0.7199101501811154,0.3247526186104739,0.0,2,NOR,1.5914476646840918,0.18413642734264907,0.20104969446838555,0.18413642734264907,0.20104969446838555
502,Marcus Thuram,FWD,7.5,France,FRA,1.4,15.0,0.06330029162101077,0.029081698753432184,0.3165014581050538,0.08724509626029656,0.0,0.0,1,SEN,1.7074668637763741,0.03707263254351574,0.022709429483246474,0.03707263254351574,0.022709429483246474,1.68,15.0,0.10603415449553709,0.04871467823681501,0.5301707724776854,0.14614403471044501,0.0,0.0,1,IRQ,2.8601733197952566,0.03707263254351574,0.022709429483246474,0.03707263254351574,0.022709429483246474,1.38,15.0,0.05899915448506959,0.027105651388065498,0.2949957724253479,0.08131695416419649,0.0,0.0,1,NOR,1.5914476646840918,0.03707263254351574,0.022709429483246474,0.03707263254351574,0.022709429483246474
505,Désiré Doué,MID,7.5,France,FRA,3.78,70.0,0.17821814416868922,0.12250058699850372,1.0693088650121354,0.36750176099551113,0.3454547886442982,0.0,2,SEN,1.7074668637763741,0.10437575565860606,0.09565873251370852,0.10437575565860606,0.09565873251370852,4.95,70.0,0.29853275156821385,0.20520041590585514,1.791196509409283,0.6156012477175654,0.5390440435331297,0.0,2,IRQ,2.8601733197952566,0.10437575565860607,0.09565873251370853,0.10437575565860607,0.09565873251370853,3.66,70.0,0.16610855259252602,0.11417689984918623,0.9966513155551562,0.3425306995475587,0.3247526186104739,0.0,2,NOR,1.5914476646840918,0.10437575565860607,0.09565873251370852,0.10437575565860607,0.09565873251370852
506,Mike Maignan,GK,5.0,France,FRA,3.32,90.0,0.0,0.0,0.0,0.0,1.727273943221491,-0.40834829074023954,2,SEN,1.7074668637763741,0.0,0.0,0.0,0.0,4.54,90.0,0.0,0.0,0.0,0.0,2.6952202176656486,-0.15700204152509356,2,IRQ,2.8601733197952566,0.0,0.0,0.0,0.0,3.17,90.0,0.0,0.0,0.0,0.0,1.6237630930523694,-0.4494441786087491,2,NOR,1.5914476646840918,0.0,0.0,0.0,0.0
508,Brice Samba,GK,4.5,France,FRA,0.59,5.0,0.0,0.0,0.0,0.0,0.0,-0.40834829074023954,1,SEN,1.7074668637763741,0.0,0.0,0.0,0.0,0.84,5.0,0.0,0.0,0.0,0.0,0.0,-0.15700204152509356,1,IRQ,2.8601733197952566,0.0,0.0,0.0,0.0,0.55,5.0,0.0,0.0,0.0,0.0,0.0,-0.4494441786087491,1,NOR,1.5914476646840918,0.0,0.0,0.0,0.0
509,N'Golo Kanté,MID,5.1,France,FRA,2.87,70.0,0.07751826001426312,0.02126956865270725,0.46510956008557874,0.06380870595812174,0.3454547886442982,0.0,2,SEN,1.7074668637763741,0.045399569185675066,0.016609063093355907,0.045399569185675066,0.016609063093355907,3.43,70.0,0.12985063651506668,0.035628599344809476,0.7791038190904,0.10688579803442844,0.5390440435331297,0.0,2,IRQ,2.8601733197952566,0.04539956918567506,0.016609063093355907,0.04539956918567506,0.016609063093355907,2.82,70.0,0.07225103835820644,0.019824341004383995,0.4335062301492386,0.059473023013151986,0.3247526186104739,0.0,2,NOR,1.5914476646840918,0.045399569185675066,0.016609063093355903,0.045399569185675066,0.016609063093355903
510,Adrien Rabiot,MID,6.4,France,FRA,1.12,10.0,0.014279845841475442,0.010725871433308557,0.08567907504885265,0.032177614299925675,0.0,0.0,1,SEN,1.7074668637763741,0.008363175968108079,0.008375659999309415,0.008363175968108079,0.008375659999309415,1.2,10.0,0.02392013277273559,0.01796687944927586,0.14352079663641354,0.05390063834782759,0.0,0.0,1,IRQ,2.8601733197952566,0.008363175968108079,0.008375659999309415,0.008363175968108079,0.008375659999309415,1.11,10.0,0.01330955686378772,0.0099970684095667,0.07985734118272632,0.0299912052287001,0.0,0.0,1,NOR,1.5914476646840918,0.008363175968108079,0.008375659999309415,0.008363175968108079,0.008375659999309415
511,Warren Zaïre-Emery,MID,6.1,France,FRA,1.05,5.0,0.004932467241098809,0.005594700940192521,0.029594803446592852,0.016784102820577563,0.0,0.0,1,SEN,1.7074668637763741,0.002888763082751579,0.00436881172445816,0.002888763082751579,0.00436881172445816,1.08,5.0,0.008262363096495562,0.009371669050127953,0.049574178578973366,0.02811500715038386,0.0,0.0,1,IRQ,2.8601733197952566,0.0028887630827515785,0.00436881172445816,0.0028887630827515785,0.00436881172445816,1.04,5.0,0.0045973152618706175,0.005214551412250065,0.027583891571223706,0.015643654236750196,0.0,0.0,1,NOR,1.5914476646840918,0.0028887630827515785,0.00436881172445816,0.0028887630827515785,0.00436881172445816
512,Manu Koné,MID,6.1,France,FRA,1.04,5.0,0.004089867741977385,0.00456948739796599,0.02453920645186431,0.013708462193897968,0.0,0.0,1,SEN,1.7074668637763741,0.002395283814136163,0.0035682390055170074,0.002395283814136163,0.0035682390055170074,1.06,5.0,0.006850926858529673,0.007654336501674378,0.04110556115117804,0.022963009505023134,0.0,0.0,1,IRQ,2.8601733197952566,0.002395283814136163,0.0035682390055170074,0.002395283814136163,0.0035682390055170074,1.04,5.0,0.0038119688322626006,0.004258999224273546,0.022871812993575602,0.012776997672820638,0.0,0.0,1,NOR,1.5914476646840918,0.002395283814136163,0.0035682390055170074,0.002395283814136163,0.0035682390055170074
514,Maghnes Akliouche,MID,6.4,France,FRA,1.07,5.0,0.007531600640939426,0.007698261599040542,0.045189603845636556,0.023094784797121626,0.0,0.0,1,SEN,1.7074668637763741,0.00441097909465834,0.006011448313567412,0.00441097909465834,0.006011448313567412,1.11,5.0,0.012616164720716421,0.012895338059845277,0.07569698832429853,0.038686014179535835,0.0,0.0,1,IRQ,2.8601733197952566,0.004410979094658341,0.0060114483135674125,0.004410979094658341,0.0060114483135674125,1.06,5.0,0.007019842379164366,0.007175179034996986,0.042119054274986197,0.021525537104990958,0.0,0.0,1,NOR,1.5914476646840918,0.004410979094658341,0.006011448313567412,0.004410979094658341,0.006011448313567412
515,Aurélien Tchouaméni,MID,6.5,France,FRA,2.74,80.0,0.051854040351505676,0.026748152409866735,0.31112424210903405,0.0802444572296002,0.3454547886442982,0.0,2,SEN,1.7074668637763741,0.030368987797995104,0.02088720078249587,0.030368987797995104,0.02088720078249587,3.19,80.0,0.0868605686490133,0.04480576080247596,0.5211634118940798,0.1344172824074279,0.5390440435331297,0.0,2,IRQ,2.8601733197952566,0.030368987797995104,0.020887200782495865,0.030368987797995104,0.020887200782495865,2.69,80.0,0.04833065470993899,0.024930665180318088,0.2899839282596339,0.07479199554095427,0.3247526186104739,0.0,2,NOR,1.5914476646840918,0.030368987797995104,0.020887200782495865,0.030368987797995104,0.020887200782495865
516,Rayan Cherki,MID,8.0,France,FRA,1.4,20.0,0.029587789896654743,0.07492689611634812,0.17752673937992847,0.22478068834904436,0.0,0.0,1,SEN,1.7074668637763741,0.01732847092049327,0.05850920464375992,0.01732847092049327,0.05850920464375992,1.67,20.0,0.04956243019964281,0.12550984956339215,0.29737458119785687,0.3765295486901764,0.0,0.0,1,IRQ,2.8601733197952566,0.01732847092049327,0.05850920464375992,0.01732847092049327,0.05850920464375992,1.37,20.0,0.02757735457896521,0.06983575281962652,0.16546412747379127,0.20950725845887957,0.0,0.0,1,NOR,1.5914476646840918,0.01732847092049327,0.05850920464375992,0.01732847092049327,0.05850920464375992
517,Michael Olise,MID,9.5,France,FRA,4.84,80.0,0.2446265549054596,0.3416854941062946,1.4677593294327576,1.025056482318884,0.3454547886442982,0.0,2,SEN,1.7074668637763741,0.14326869826593494,0.2668166911308564,0.14326869826593494,0.2668166911308564,6.71,80.0,0.4097733083420241,0.5723564859363952,2.4586398500521445,1.7170694578091856,0.5390440435331297,0.0,2,IRQ,2.8601733197952566,0.14326869826593494,0.2668166911308563,0.14326869826593494,0.2668166911308563,4.65,80.0,0.22800463527765197,0.3184685999992035,1.368027811665912,0.9554057999976105,0.3247526186104739,0.0,2,NOR,1.5914476646840918,0.14326869826593494,0.2668166911308564,0.14326869826593494,0.2668166911308564
518,Lennart Karl,MID,4.8,Germany,GER,1.22,5.0,0.023471275167143292,0.02505402242239312,0.14082765100285977,0.07516206726717936,0.0,0.0,1,CUW,2.87384913721385,0.008167191124687329,0.011623909827863632,0.008167191124687329,0.011623909827863632,1.15,5.0,0.01609520283589263,0.01718055665368858,0.09657121701535577,0.05154166996106574,0.0,0.0,1,CIV,1.970714605568731,0.008167191124687329,0.011623909827863632,0.008167191124687329,0.011623909827863632,1.11,5.0,0.011780351634415235,0.012574740481313055,0.07068210980649141,0.037724221443939165,0.0,0.0,1,ECU,1.4423994069155852,0.008167191124687329,0.01162390982786363,0.008167191124687329,0.01162390982786363
519,Angelo Stiller,MID,5.8,Germany,GER,1.1,5.0,0.009420472765677756,0.013521555963632423,0.05652283659406654,0.04056466789089727,0.0,0.0,1,CUW,2.87384913721385,0.00327799836243692,0.006273377767603278,0.00327799836243692,0.006273377767603278,1.07,5.0,0.006459999249884821,0.009272277894649454,0.038759995499308926,0.027816833683948362,0.0,0.0,1,CIV,1.970714605568731,0.00327799836243692,0.006273377767603277,0.00327799836243692,0.006273377767603277,1.05,5.0,0.004728182893849273,0.006786537278511289,0.02836909736309564,0.020359611835533867,0.0,0.0,1,ECU,1.4423994069155852,0.00327799836243692,0.006273377767603278,0.00327799836243692,0.006273377767603278
520,Antonio Rüdiger,DEF,5.5,Germany,GER,5.34,85.0,0.08518966582596688,0.051866916477893016,0.5963276607817681,0.15560074943367905,2.7416021268195627,-0.14921587046153018,2,CUW,2.87384913721385,0.029643054230938815,0.02406385489818585,0.029643054230938815,0.02406385489818585,4.13,85.0,0.058417999926577084,0.03556724273560613,0.4089259994860396,0.10670172820681839,1.9472442350936061,-0.3324715991766532,2,CIV,1.970714605568731,0.029643054230938812,0.024063854898185855,0.029643054230938812,0.024063854898185855,3.34,85.0,0.04275712384187267,0.026032267524934476,0.29929986689310867,0.07809680257480342,1.475357084322126,-0.5156092777402078,2,ECU,1.4423994069155852,0.029643054230938812,0.02406385489818585,0.029643054230938812,0.02406385489818585
521,David Raum,DEF,4.9,Germany,GER,5.87,75.0,0.09389859280174193,0.20829384395508715,0.6572901496121935,0.6248815318652614,2.7416021268195627,-0.14921587046153018,2,CUW,2.87384913721385,0.032673459293961093,0.096638728065837,0.032673459293961093,0.096638728065837,4.49,75.0,0.06439006344506452,0.14283551464719738,0.45073044411545166,0.42850654394159216,1.9472442350936061,-0.3324715991766532,2,CIV,1.970714605568731,0.032673459293961093,0.09663872806583701,0.032673459293961093,0.09663872806583701,3.6,75.0,0.04712817830748999,0.10454373303542984,0.32989724815242993,0.3136311991062895,1.475357084322126,-0.5156092777402078,2,ECU,1.4423994069155852,0.03267345929396109,0.096638728065837,0.03267345929396109,0.096638728065837
522,Malick Thiaw,DEF,4.7,Germany,GER,0.91,5.0,0.006917268773813721,0.0032377188047265104,0.04842088141669605,0.009713156414179532,0.0,-0.14921587046153018,1,CUW,2.87384913721385,0.0024069700403688906,0.0015021520616378752,0.0024069700403688906,0.0015021520616378752,0.71,5.0,0.00474345101372133,0.0022202347557412055,0.033204157096049305,0.006660704267223616,0.0,-0.3324715991766532,1,CIV,1.970714605568731,0.00240697004036889,0.0015021520616378748,0.00240697004036889,0.0015021520616378748,0.51,5.0,0.00347181215869167,0.0016250274321026206,0.02430268511084169,0.004875082296307862,0.0,-0.5156092777402078,1,ECU,1.4423994069155852,0.0024069700403688906,0.001502152061637875,0.0024069700403688906,0.001502152061637875
523,Jonathan Tah,DEF,5.3,Germany,GER,5.47,80.0,0.09212946904483013,0.07650683968704564,0.644906283313811,0.2295205190611369,2.7416021268195627,-0.14921587046153018,2,CUW,2.87384913721385,0.032057865477986836,0.035495641807288356,0.032057865477986836,0.035495641807288356,4.21,80.0,0.06317690372082627,0.052463834807744414,0.44223832604578384,0.15739150442323324,1.9472442350936061,-0.3324715991766532,2,CIV,1.970714605568731,0.032057865477986836,0.03549564180728835,0.032057865477986836,0.03549564180728835,3.4,80.0,0.046240246152427826,0.03839916951819058,0.3236817230669948,0.11519750855457173,1.475357084322126,-0.5156092777402078,2,ECU,1.4423994069155852,0.032057865477986836,0.035495641807288356,0.032057865477986836,0.035495641807288356
525,Nathaniel Brown,DEF,4.7,Germany,GER,1.08,15.0,0.021037883232012493,0.027351573560224093,0.14726518262408744,0.08205472068067228,0.0,-0.14921587046153018,1,CUW,2.87384913721385,0.007320454981296749,0.012689867493295535,0.007320454981296749,0.012689867493295535,0.82,15.0,0.014426527551049876,0.01875608040882703,0.10098569285734912,0.05626824122648109,0.0,-0.3324715991766532,1,CIV,1.970714605568731,0.007320454981296749,0.012689867493295535,0.007320454981296749,0.012689867493295535,0.6,15.0,0.010559019923374673,0.01372789300962513,0.07391313946362271,0.04118367902887539,0.0,-0.5156092777402078,1,ECU,1.4423994069155852,0.007320454981296749,0.012689867493295533,0.007320454981296749,0.012689867493295533
526,Nico Schlotterbeck,DEF,5.3,Germany,GER,5.72,80.0,0.12826010379145578,0.07650683968704564,0.8978207265401904,0.2295205190611369,2.7416021268195627,-0.14921587046153018,2,CUW,2.87384913721385,0.04463007543805931,0.035495641807288356,0.04463007543805931,0.035495641807288356,4.39,80.0,0.08795314151341777,0.052463834807744414,0.6156719905939243,0.15739150442323324,1.9472442350936061,-0.3324715991766532,2,CIV,1.970714605568731,0.04463007543805931,0.03549564180728835,0.04463007543805931,0.03549564180728835,3.53,80.0,0.06437439434245458,0.03839916951819058,0.4506207603971821,0.11519750855457173,1.475357084322126,-0.5156092777402078,2,ECU,1.4423994069155852,0.044630075438059316,0.035495641807288356,0.044630075438059316,0.035495641807288356
527,Waldemar Anton,DEF,3.9,Germany,GER,0.89,5.0,0.005005370258080516,0.003047471997919947,0.03503759180656361,0.009142415993759841,0.0,-0.14921587046153018,1,CUW,2.87384913721385,0.001741695551539334,0.0014138863256983264,0.001741695551539334,0.0014138863256983264,0.7,5.0,0.0034323848618726524,0.0020897748245006995,0.024026694033108566,0.006269324473502098,0.0,-0.3324715991766532,1,CIV,1.970714605568731,0.001741695551539334,0.0014138863256983262,0.001741695551539334,0.0014138863256983262,0.51,5.0,0.0025122206305678483,0.0015295415982249914,0.01758554441397494,0.004588624794674975,0.0,-0.5156092777402078,1,ECU,1.4423994069155852,0.0017416955515393339,0.0014138863256983264,0.0017416955515393339,0.0014138863256983264
528,Kai Havertz,FWD,7.8,Germany,GER,5.51,75.0,0.5671753877935113,0.22500706165947526,2.8358769389675564,0.6750211849784258,0.0,0.0,2,CUW,2.87384913721385,0.19735739794030338,0.10439288954354133,0.19735739794030338,0.10439288954354133,4.41,75.0,0.3889351066379961,0.15429644410573512,1.9446755331899803,0.46288933231720536,0.0,0.0,2,CIV,1.970714605568731,0.19735739794030338,0.10439288954354134,0.19735739794030338,0.10439288954354134,3.76,75.0,0.2846681937394967,0.11293218147285614,1.4233409686974836,0.33879654441856843,0.0,0.0,2,ECU,1.4423994069155852,0.19735739794030335,0.10439288954354133,0.19735739794030335,0.10439288954354133
529,Leroy Sané,MID,7.4,Germany,GER,4.84,75.0,0.27238262746913455,0.2176684186824225,1.6342957648148073,0.6530052560472676,0.5483204253639126,0.0,2,CUW,2.87384913721385,0.09477972380039583,0.10098809797809985,0.09477972380039583,0.10098809797809985,3.96,75.0,0.18678378600521034,0.14926403975553554,1.120702716031262,0.4477921192666066,0.38944884701872123,0.0,2,CIV,1.970714605568731,0.09477972380039583,0.10098809797809984,0.09477972380039583,0.10098809797809984,3.44,75.0,0.13671021739731393,0.10924887947185816,0.8202613043838836,0.3277466384155745,0.2950714168644252,0.0,2,ECU,1.4423994069155852,0.09477972380039583,0.10098809797809985,0.09477972380039583,0.10098809797809985
531,Deniz Undav,FWD,6.6,Germany,GER,2.43,20.0,0.23187400836344838,0.0889876458540093,1.159370041817242,0.2669629375620279,0.0,0.0,1,CUW,2.87384913721385,0.08068412685999463,0.041286159713673005,0.08068412685999463,0.041286159713673005,1.98,20.0,0.15900538724055177,0.061022428466684056,0.7950269362027589,0.18306728540005218,0.0,0.0,1,CIV,1.970714605568731,0.08068412685999463,0.04128615971367301,0.08068412685999463,0.04128615971367301,1.72,20.0,0.1163787367303581,0.04466334921361806,0.5818936836517905,0.13399004764085418,0.0,0.0,1,ECU,1.4423994069155852,0.08068412685999464,0.04128615971367301,0.08068412685999464,0.04128615971367301
532,Nick Woltemade,FWD,7.2,Germany,GER,1.43,10.0,0.06914968349986986,0.026635830149631508,0.34574841749934926,0.07990749044889453,0.0,0.0,1,CUW,2.87384913721385,0.024061695725235373,0.01235779559185189,0.024061695725235373,0.01235779559185189,1.29,10.0,0.047418735200472045,0.018265266199121548,0.23709367600236023,0.054795798597364644,0.0,0.0,1,CIV,1.970714605568731,0.02406169572523537,0.012357795591851888,0.02406169572523537,0.012357795591851888,1.21,10.0,0.03470657564346277,0.013368657774353398,0.17353287821731386,0.04010597332306019,0.0,0.0,1,ECU,1.4423994069155852,0.024061695725235373,0.01235779559185189,0.024061695725235373,0.01235779559185189
533,Alexander Nübel,GK,4.7,Germany,GER,0.85,5.0,0.0,0.0,0.0,0.0,0.0,-0.14921587046153018,1,CUW,2.87384913721385,0.0,0.0,0.0,0.0,0.67,5.0,0.0,0.0,0.0,0.0,0.0,-0.3324715991766532,1,CIV,1.970714605568731,0.0,0.0,0.0,0.0,0.48,5.0,0.0,0.0,0.0,0.0,0.0,-0.5156092777402078,1,ECU,1.4423994069155852,0.0,0.0,0.0,0.0
534,Oliver Baumann,GK,4.3,Germany,GER,4.59,90.0,0.0,0.0,0.0,0.0,2.7416021268195627,-0.14921587046153018,2,CUW,2.87384913721385,0.0,0.0,0.0,0.0,3.61,90.0,0.0,0.0,0.0,0.0,1.9472442350936061,-0.3324715991766532,2,CIV,1.970714605568731,0.0,0.0,0.0,0.0,2.96,90.0,0.0,0.0,0.0,0.0,1.475357084322126,-0.5156092777402078,2,ECU,1.4423994069155852,0.0,0.0,0.0,0.0
538,Pascal Groß,MID,5.6,Germany,GER,1.1,5.0,0.00947543013210046,0.01501054002778137,0.05685258079260276,0.04503162008334411,0.0,0.0,1,CUW,2.87384913721385,0.003297121623192349,0.006964197636963803,0.003297121623192349,0.006964197636963803,1.07,5.0,0.006497685739161645,0.010293334499423858,0.03898611443496987,0.030880003498271573,0.0,0.0,1,CIV,1.970714605568731,0.0032971216231923494,0.006964197636963804,0.0032971216231923494,0.006964197636963804,1.05,5.0,0.004755766273821196,0.007533865905899631,0.02853459764292718,0.022601597717698894,0.0,0.0,1,ECU,1.4423994069155852,0.0032971216231923494,0.006964197636963803,0.0032971216231923494,0.006964197636963803
540,Leon Goretzka,MID,6.1,Germany,GER,4.67,75.0,0.2617425406405852,0.18461418188802212,1.5704552438435113,0.5538425456640663,0.5483204253639126,0.0,2,CUW,2.87384913721385,0.09107734197012873,0.08565245799784862,0.09107734197012873,0.08565245799784862,3.85,75.0,0.17948744805691072,0.12659741248441692,1.0769246883414643,0.37979223745325075,0.38944884701872123,0.0,2,CIV,1.970714605568731,0.09107734197012876,0.08565245799784862,0.09107734197012876,0.08565245799784862,3.36,75.0,0.13136990404116164,0.0926587909627192,0.7882194242469698,0.2779763728881576,0.2950714168644252,0.0,2,ECU,1.4423994069155852,0.09107734197012875,0.08565245799784864,0.09107734197012875,0.08565245799784864
542,Joshua Kimmich,DEF,5.5,Germany,GER,6.11,85.0,0.09362213870254427,0.28765896958741416,0.6553549709178099,0.8629769087622425,2.7416021268195627,-0.14921587046153018,2,CUW,2.87384913721385,0.03257726283896357,0.13346048260385018,0.03257726283896357,0.13346048260385018,4.66,85.0,0.06420048768619696,0.1972593917502443,0.4494034138033787,0.5917781752507328,1.9472442350936061,-0.3324715991766532,2,CIV,1.970714605568731,0.03257726283896357,0.13346048260385016,0.03257726283896357,0.13346048260385016,3.72,85.0,0.046989424597854185,0.14437749071584596,0.3289259721849793,0.4331324721475379,1.475357084322126,-0.5156092777402078,2,ECU,1.4423994069155852,0.03257726283896357,0.1334604826038502,0.03257726283896357,0.1334604826038502
543,Florian Wirtz,MID,7.5,Germany,GER,4.66,80.0,0.2625003164920112,0.17826171492836546,1.5750018989520673,0.5347851447850964,0.5483204253639126,0.0,2,CUW,2.87384913721385,0.09134102173035465,0.0827052065793485,0.09134102173035465,0.0827052065793485,3.84,80.0,0.18000708561158077,0.12224126892187588,1.0800425136694847,0.36672380676562766,0.38944884701872123,0.0,2,CIV,1.970714605568731,0.09134102173035466,0.08270520657934849,0.09134102173035466,0.08270520657934849,3.35,80.0,0.13175023557092713,0.08947045568916241,0.7905014134255628,0.26841136706748725,0.2950714168644252,0.0,2,ECU,1.4423994069155852,0.09134102173035465,0.0827052065793485,0.09134102173035465,0.0827052065793485
565,Benjamin Asare,GK,3.8,Ghana,GHA,0.29,5.0,0.0,0.0,0.0,0.0,0.0,-0.712068468206274,1,PAN,1.1900052460221209,0.0,0.0,0.0,0.0,-0.81,5.0,0.0,0.0,0.0,0.0,0.0,-1.8065935768425265,1,ENG,0.6571553045301322,0.0,0.0,0.0,0.0,-0.15,5.0,0.0,0.0,0.0,0.0,0.0,-1.1542244383491058,1,CRO,0.9217778919031954,0.0,0.0,0.0,0.0
569,Woodensky Pierre,MID,4.2,Haiti,HAI,1.33,35.0,0.03617500610660824,0.03818020971415648,0.21705003663964945,0.11454062914246943,0.0,0.0,1,SCO,0.9664938524538915,0.03742911143693388,0.05267177453461411,0.03742911143693388,0.05267177453461411,1.22,35.0,0.023617504164328847,0.024926637448564746,0.1417050249859731,0.07477991234569424,0.0,0.0,1,BRA,0.6309929158784098,0.037429111436933886,0.05267177453461411,0.037429111436933886,0.05267177453461411,1.3,35.0,0.03259801499196032,0.03440494370589494,0.1955880899517619,0.10321483111768481,0.0,0.0,1,MAR,0.8709267663723808,0.037429111436933886,0.052671774534614114,0.037429111436933886,0.052671774534614114
570,Leverton Pierre,MID,4.2,Haiti,HAI,1.33,35.0,0.03617500610660824,0.03818020971415648,0.21705003663964945,0.11454062914246943,0.0,0.0,1,SCO,0.9664938524538915,0.03742911143693388,0.05267177453461411,0.03742911143693388,0.05267177453461411,1.22,35.0,0.023617504164328847,0.024926637448564746,0.1417050249859731,0.07477991234569424,0.0,0.0,1,BRA,0.6309929158784098,0.037429111436933886,0.05267177453461411,0.037429111436933886,0.05267177453461411,1.3,35.0,0.03259801499196032,0.03440494370589494,0.1955880899517619,0.10321483111768481,0.0,0.0,1,MAR,0.8709267663723808,0.037429111436933886,0.052671774534614114,0.037429111436933886,0.052671774534614114
571,Jean-Ricner Bellegarde,MID,4.7,Haiti,HAI,2.6,75.0,0.049443679607568736,0.05191562110186509,0.2966620776454124,0.15574686330559526,0.14723985592640945,0.0,2,SCO,0.9664938524538915,0.05115777972310232,0.0716205570889779,0.05115777972310232,0.0716205570889779,2.35,75.0,0.03228019659734571,0.03389404811580771,0.19368117958407427,0.10168214434742312,0.05956814661659908,0.0,2,BRA,0.6309929158784098,0.05115777972310231,0.0716205570889779,0.05115777972310231,0.0716205570889779,2.52,75.0,0.04455467966903205,0.04678219514346901,0.26732807801419234,0.14034658543040704,0.11663300636924945,0.0,2,MAR,0.8709267663723808,0.05115777972310232,0.0716205570889779,0.05115777972310232,0.0716205570889779
572,Carl Sainté,MID,4.7,Haiti,HAI,2.86,75.0,0.07751787022844622,0.08181473510176389,0.46510722137067734,0.24544420530529165,0.14723985592640945,0.0,2,SCO,0.9664938524538915,0.08020523879342974,0.1128680882884588,0.08020523879342974,0.1128680882884588,2.52,75.0,0.05060893749499038,0.05341422310406731,0.3036536249699423,0.16024266931220194,0.05956814661659908,0.0,2,BRA,0.6309929158784098,0.08020523879342974,0.1128680882884588,0.08020523879342974,0.1128680882884588,2.76,75.0,0.0698528892684864,0.07372487936977486,0.4191173356109184,0.22117463810932458,0.11663300636924945,0.0,2,MAR,0.8709267663723808,0.08020523879342975,0.1128680882884588,0.08020523879342975,0.1128680882884588
573,Danley Jean Jacques,MID,4.7,Haiti,HAI,2.63,75.0,0.05116802060020362,0.05763236648511504,0.3070081236012217,0.17289709945534512,0.14723985592640945,0.0,2,SCO,0.9664938524538915,0.05294189970302443,0.07950713304423493,0.05294189970302443,0.07950713304423493,2.37,75.0,0.0334059636657537,0.037626328284535854,0.2004357819945222,0.11287898485360756,0.05956814661659908,0.0,2,BRA,0.6309929158784098,0.052941899703024424,0.07950713304423494,0.052941899703024424,0.07950713304423494,2.55,75.0,0.04610851751396597,0.05193366771431565,0.2766511050837958,0.15580100314294695,0.11663300636924945,0.0,2,MAR,0.8709267663723808,0.052941899703024424,0.07950713304423494,0.052941899703024424,0.07950713304423494
574,Jean-Kévin Duverne,DEF,3.8,Haiti,HAI,1.99,80.0,0.027991603174711,0.041881830118504756,0.195941222222977,0.12564549035551426,0.7361992796320472,-1.062932204893115,2,SCO,0.9664938524538915,0.0289620085049081,0.05777837077413838,0.0289620085049081,0.05777837077413838,0.63,80.0,0.018274822196207265,0.0273433069871081,0.12792375537345085,0.0820299209613243,0.2978407330829954,-1.8802024471398322,2,BRA,0.6309929158784098,0.0289620085049081,0.05777837077413838,0.0289620085049081,0.05777837077413838,1.61,80.0,0.025223788414829,0.037740547218438614,0.176566518903803,0.11322164165531584,0.5831650318462472,-1.2653559780000307,2,MAR,0.8709267663723808,0.0289620085049081,0.05777837077413839,0.0289620085049081,0.05777837077413839
575,Carlens Arcus,DEF,3.8,Haiti,HAI,1.97,80.0,0.01822956964098426,0.05551474331629703,0.1276069874868898,0.1665442299488911,0.7361992796320472,-1.062932204893115,2,SCO,0.9664938524538915,0.01886154743219532,0.0765857512359024,0.01886154743219532,0.0765857512359024,0.61,80.0,0.011901502812219857,0.036243799865310435,0.083310519685539,0.10873139959593131,0.2978407330829954,-1.8802024471398322,2,BRA,0.6309929158784098,0.01886154743219532,0.0765857512359024,0.01886154743219532,0.0765857512359024,1.58,80.0,0.01642702651390115,0.050025435505563036,0.11498918559730806,0.1500763065166891,0.5831650318462472,-1.2653559780000307,2,MAR,0.8709267663723808,0.01886154743219532,0.0765857512359024,0.01886154743219532,0.0765857512359024
576,Hannes Delcroix,DEF,3.7,Haiti,HAI,1.91,80.0,0.02600055608106649,0.017659640011883124,0.18200389256746544,0.05297892003564937,0.7361992796320472,-1.062932204893115,2,SCO,0.9664938524538915,0.026901936328981357,0.024362479515754754,0.026901936328981357,0.024362479515754754,0.57,80.0,0.01697493124699927,0.011529413990755593,0.1188245187289949,0.03458824197226678,0.2978407330829954,-1.8802024471398322,2,BRA,0.6309929158784098,0.026901936328981357,0.024362479515754758,0.026901936328981357,0.024362479515754758,1.53,80.0,0.02342961641615541,0.015913451629102245,0.16400731491308787,0.047740354887306734,0.5831650318462472,-1.2653559780000307,2,MAR,0.8709267663723808,0.026901936328981357,0.02436247951575476,0.026901936328981357,0.02436247951575476
577,Ricardo Adé,DEF,3.5,Haiti,HAI,1.99,80.0,0.027991603174711,0.041881830118504756,0.195941222222977,0.12564549035551426,0.7361992796320472,-1.062932204893115,2,SCO,0.9664938524538915,0.0289620085049081,0.05777837077413838,0.0289620085049081,0.05777837077413838,0.63,80.0,0.018274822196207265,0.0273433069871081,0.12792375537345085,0.0820299209613243,0.2978407330829954,-1.8802024471398322,2,BRA,0.6309929158784098,0.0289620085049081,0.05777837077413838,0.0289620085049081,0.05777837077413838,1.61,80.0,0.025223788414829,0.037740547218438614,0.176566518903803,0.11322164165531584,0.5831650318462472,-1.2653559780000307,2,MAR,0.8709267663723808,0.0289620085049081,0.05777837077413839,0.0289620085049081,0.05777837077413839
578,Martin Expérience,DEF,3.5,Haiti,HAI,0.04,25.0,0.008747375992097189,0.013088071912032739,0.06123163194468032,0.039264215736098215,0.0,-1.062932204893115,1,SCO,0.9664938524538915,0.009050627657783783,0.018055740866918246,0.009050627657783783,0.018055740866918246,-0.81,25.0,0.0057108819363147715,0.008544783433471283,0.0399761735542034,0.02563435030041385,0.0,-1.8802024471398322,1,BRA,0.6309929158784098,0.009050627657783783,0.018055740866918246,0.009050627657783783,0.018055740866918246,-0.17,25.0,0.007882433879634065,0.011793921005762067,0.05517703715743845,0.0353817630172862,0.0,-1.2653559780000307,1,MAR,0.8709267663723808,0.009050627657783783,0.018055740866918246,0.009050627657783783,0.018055740866918246
580,Wilguens Paugain,DEF,3.5,Haiti,HAI,0.04,25.0,0.008747375992097189,0.013088071912032739,0.06123163194468032,0.039264215736098215,0.0,-1.062932204893115,1,SCO,0.9664938524538915,0.009050627657783783,0.018055740866918246,0.009050627657783783,0.018055740866918246,-0.81,25.0,0.0057108819363147715,0.008544783433471283,0.0399761735542034,0.02563435030041385,0.0,-1.8802024471398322,1,BRA,0.6309929158784098,0.009050627657783783,0.018055740866918246,0.009050627657783783,0.018055740866918246,-0.17,25.0,0.007882433879634065,0.011793921005762067,0.05517703715743845,0.0353817630172862,0.0,-1.2653559780000307,1,MAR,0.8709267663723808,0.009050627657783783,0.018055740866918246,0.009050627657783783,0.018055740866918246
581,Duke Lacroix,DEF,3.5,Haiti,HAI,-0.04,5.0,0.0017494751984194375,0.0026176143824065473,0.012246326388936062,0.007852843147219641,0.0,-1.062932204893115,1,SCO,0.9664938524538915,0.0018101255315567562,0.003611148173383649,0.0018101255315567562,0.003611148173383649,-0.87,5.0,0.001142176387262954,0.0017089566866942563,0.007995234710840678,0.005126870060082769,0.0,-1.8802024471398322,1,BRA,0.6309929158784098,0.0018101255315567562,0.003611148173383649,0.0018101255315567562,0.003611148173383649,-0.25,5.0,0.0015764867759268126,0.0023587842011524134,0.011035407431487688,0.00707635260345724,0.0,-1.2653559780000307,1,MAR,0.8709267663723808,0.0018101255315567562,0.0036111481733836492,0.0018101255315567562,0.0036111481733836492
582,Wilson Isidor,FWD,5.0,Haiti,HAI,2.98,70.0,0.18563822174037875,0.016978505727268934,0.9281911087018937,0.050935517181806805,0.0,0.0,2,SCO,0.9664938524538915,0.19207387741686124,0.02342281596399349,0.19207387741686124,0.02342281596399349,2.64,70.0,0.12119725597533752,0.011084723207402714,0.6059862798766876,0.033254169622208146,0.0,0.0,2,BRA,0.6309929158784098,0.19207387741686124,0.023422815963993492,0.19207387741686124,0.023422815963993492,2.88,70.0,0.167282280963272,0.015299668025142172,0.83641140481636,0.04589900407542652,0.0,0.0,2,MAR,0.8709267663723808,0.19207387741686122,0.02342281596399349,0.19207387741686122,0.02342281596399349
583,Duckens Nazon,FWD,6.0,Haiti,HAI,3.13,70.0,0.17434182003989265,0.08489252863634468,0.8717091001994632,0.25467758590903405,0.0,0.0,2,SCO,0.9664938524538915,0.1803858551166625,0.11711407981996745,0.1803858551166625,0.11711407981996745,2.74,70.0,0.11382219670328322,0.055423616037013575,0.5691109835164161,0.16627084811104073,0.0,0.0,2,BRA,0.6309929158784098,0.18038585511666247,0.11711407981996746,0.18038585511666247,0.11711407981996746,3.02,70.0,0.15710286949607163,0.07649834012571087,0.7855143474803582,0.2294950203771326,0.0,0.0,2,MAR,0.8709267663723808,0.1803858551166625,0.11711407981996746,0.1803858551166625,0.11711407981996746
584,Frantzdy Pierrot,FWD,4.7,Haiti,HAI,1.56,35.0,0.08717091001994633,0.04244626431817234,0.4358545500997316,0.12733879295451703,0.0,0.0,1,SCO,0.9664938524538915,0.09019292755833125,0.058557039909983725,0.09019292755833125,0.058557039909983725,1.37,35.0,0.05691109835164161,0.027711808018506787,0.28455549175820805,0.08313542405552037,0.0,0.0,1,BRA,0.6309929158784098,0.09019292755833123,0.05855703990998373,0.09019292755833123,0.05855703990998373,1.51,35.0,0.07855143474803582,0.038249170062855435,0.3927571737401791,0.1147475101885663,0.0,0.0,1,MAR,0.8709267663723808,0.09019292755833125,0.05855703990998373,0.09019292755833125,0.05855703990998373
585,Derrick Etienne,FWD,4.4,Haiti,HAI,1.05,10.0,0.004249463295858102,0.011218743696374881,0.021247316479290512,0.03365623108912465,0.0,0.0,1,SCO,0.9664938524538915,0.0043967825403843745,0.015476896092532007,0.0043967825403843745,0.015476896092532007,1.04,10.0,0.0027743386356404182,0.007324358845630454,0.013871693178202091,0.021973076536891362,0.0,0.0,1,BRA,0.6309929158784098,0.0043967825403843745,0.015476896092532009,0.0043967825403843745,0.015476896092532009,1.05,10.0,0.003829275600339505,0.010109432300512679,0.019146378001697526,0.030328296901538036,0.0,0.0,1,MAR,0.8709267663723808,0.0043967825403843745,0.015476896092532009,0.0043967825403843745,0.015476896092532009
586,Louicius Deedson,FWD,4.2,Haiti,HAI,1.16,10.0,0.024905974291413235,0.012127504090906382,0.12452987145706618,0.036382512272719145,0.0,0.0,1,SCO,0.9664938524538915,0.025769407873808926,0.01673058283142392,0.025769407873808926,0.01673058283142392,1.11,10.0,0.016260313814754745,0.007917659433859081,0.08130156907377373,0.023752978301577243,0.0,0.0,1,BRA,0.6309929158784098,0.025769407873808922,0.01673058283142392,0.025769407873808922,0.01673058283142392,1.15,10.0,0.022443267070867374,0.01092833430367298,0.11221633535433687,0.03278500291101894,0.0,0.0,1,MAR,0.8709267663723808,0.025769407873808926,0.01673058283142392,0.025769407873808926,0.01673058283142392
588,Yassin Fortuné,FWD,4.2,Haiti,HAI,1.08,5.0,0.012452987145706617,0.006063752045453191,0.06226493572853309,0.018191256136359572,0.0,0.0,1,SCO,0.9664938524538915,0.012884703936904463,0.00836529141571196,0.012884703936904463,0.00836529141571196,1.05,5.0,0.008130156907377372,0.0039588297169295406,0.040650784536886864,0.011876489150788622,0.0,0.0,1,BRA,0.6309929158784098,0.012884703936904461,0.00836529141571196,0.012884703936904461,0.00836529141571196,1.07,5.0,0.011221633535433687,0.00546416715183649,0.05610816767716843,0.01639250145550947,0.0,0.0,1,MAR,0.8709267663723808,0.012884703936904463,0.00836529141571196,0.012884703936904463,0.00836529141571196
589,Josué Casimir,FWD,4.2,Haiti,HAI,1.02,5.0,0.003624014298895316,0.0011282933621028243,0.01812007149447658,0.0033848800863084732,0.0,0.0,1,SCO,0.9664938524538915,0.0037496506467103543,0.0015565449750671873,0.0037496506467103543,0.0015565449750671873,1.01,5.0,0.0023660029950931315,0.0007366266393851483,0.011830014975465658,0.002209879918155445,0.0,0.0,1,BRA,0.6309929158784098,0.0037496506467103543,0.0015565449750671871,0.0037496506467103543,0.0015565449750671871,1.02,5.0,0.0032656711127655555,0.0010167275113863326,0.01632835556382778,0.0030501825341589977,0.0,0.0,1,MAR,0.8709267663723808,0.0037496506467103547,0.0015565449750671871,0.0037496506467103547,0.0015565449750671871
590,Ruben Providence,FWD,4.0,Haiti,HAI,1.08,5.0,0.012452987145706617,0.006063752045453191,0.06226493572853309,0.018191256136359572,0.0,0.0,1,SCO,0.9664938524538915,0.012884703936904463,0.00836529141571196,0.012884703936904463,0.00836529141571196,1.05,5.0,0.008130156907377372,0.0039588297169295406,0.040650784536886864,0.011876489150788622,0.0,0.0,1,BRA,0.6309929158784098,0.012884703936904461,0.00836529141571196,0.012884703936904461,0.00836529141571196,1.07,5.0,0.011221633535433687,0.00546416715183649,0.05610816767716843,0.01639250145550947,0.0,0.0,1,MAR,0.8709267663723808,0.012884703936904463,0.00836529141571196,0.012884703936904463,0.00836529141571196
591,Johny Placide,GK,3.9,Haiti,HAI,1.67,90.0,0.0,0.0,0.0,0.0,0.7361992796320472,-1.062932204893115,2,SCO,0.9664938524538915,0.0,0.0,0.0,0.0,0.42,90.0,0.0,0.0,0.0,0.0,0.2978407330829954,-1.8802024471398322,2,BRA,0.6309929158784098,0.0,0.0,0.0,0.0,1.32,90.0,0.0,0.0,0.0,0.0,0.5831650318462472,-1.2653559780000307,2,MAR,0.8709267663723808,0.0,0.0,0.0,0.0
592,Alexandre Pierre,GK,3.6,Haiti,HAI,-0.06,5.0,0.0,0.0,0.0,0.0,0.0,-1.062932204893115,1,SCO,0.9664938524538915,0.0,0.0,0.0,0.0,-0.88,5.0,0.0,0.0,0.0,0.0,0.0,-1.8802024471398322,1,BRA,0.6309929158784098,0.0,0.0,0.0,0.0,-0.27,5.0,0.0,0.0,0.0,0.0,0.0,-1.2653559780000307,1,MAR,0.8709267663723808,0.0,0.0,0.0,0.0
593,Josué Duverger,GK,3.5,Haiti,HAI,-0.06,5.0,0.0,0.0,0.0,0.0,0.0,-1.062932204893115,1,SCO,0.9664938524538915,0.0,0.0,0.0,0.0,-0.88,5.0,0.0,0.0,0.0,0.0,0.0,-1.8802024471398322,1,BRA,0.6309929158784098,0.0,0.0,0.0,0.0,-0.27,5.0,0.0,0.0,0.0,0.0,0.0,-1.2653559780000307,1,MAR,0.8709267663723808,0.0,0.0,0.0,0.0
594,Amir Mohammad Razzaghinia,MID,4.2,IR Iran,IRN,1.07,5.0,0.007316841361615677,0.007471851960589678,0.04390104816969406,0.022415555881769033,0.0,0.0,1,NZL,1.5810965443256546,0.0046277005587513605,0.006300987322083661,0.0046277005587513605,0.006300987322083661,1.04,5.0,0.004511037802737075,0.004606606182210895,0.02706622681642245,0.013819818546632685,0.0,0.0,1,BEL,0.9747903403573364,0.0046277005587513605,0.006300987322083661,0.0046277005587513605,0.006300987322083661,1.05,5.0,0.005677610758839268,0.005797893514877396,0.034065664553035606,0.017393680544632188,0.0,0.0,1,EGY,1.226875137394627,0.004627700558751361,0.006300987322083662,0.004627700558751361,0.006300987322083662
595,Hadi Habibinejad,MID,4.7,IR Iran,IRN,1.13,10.0,0.014633682723231354,0.014943703921179356,0.08780209633938812,0.044831111763538066,0.0,0.0,1,NZL,1.5810965443256546,0.009255401117502721,0.012601974644167322,0.009255401117502721,0.012601974644167322,1.08,10.0,0.00902207560547415,0.00921321236442179,0.0541324536328449,0.02763963709326537,0.0,0.0,1,BEL,0.9747903403573364,0.009255401117502721,0.012601974644167322,0.009255401117502721,0.012601974644167322,1.1,10.0,0.011355221517678536,0.011595787029754792,0.06813132910607121,0.034787361089264376,0.0,0.0,1,EGY,1.226875137394627,0.009255401117502723,0.012601974644167324,0.009255401117502723,0.012601974644167324
596,Mohammad Ghorbani,MID,5.1,IR Iran,IRN,1.46,35.0,0.051217889531309735,0.052302963724127745,0.3073073371878584,0.15690889117238324,0.0,0.0,1,NZL,1.5810965443256546,0.03239390391125952,0.04410691125458563,0.03239390391125952,0.04410691125458563,1.29,35.0,0.03157726461915952,0.03224624327547626,0.18946358771495714,0.09673872982642878,0.0,0.0,1,BEL,0.9747903403573364,0.03239390391125953,0.04410691125458562,0.03239390391125953,0.04410691125458562,1.36,35.0,0.039743275311874875,0.04058525460414177,0.23845965187124923,0.12175576381242531,0.0,0.0,1,EGY,1.226875137394627,0.03239390391125953,0.04410691125458563,0.03239390391125953,0.04410691125458563
597,Ramin Rezaeian,DEF,4.0,IR Iran,IRN,3.61,80.0,0.039631529984585474,0.05737380328154731,0.2774207098920983,0.17212140984464191,1.614144652739887,-0.4534616533957127,2,NZL,1.5810965443256546,0.02506585073936046,0.04838313299079618,0.02506585073936046,0.04838313299079618,1.98,80.0,0.024433949173567372,0.03537255800673936,0.1710376442149716,0.10611767402021807,0.7503768132249478,-1.0466930560670882,2,BEL,0.9747903403573364,0.02506585073936046,0.048383132990796184,0.02506585073936046,0.048383132990796184,2.87,80.0,0.030752669069766075,0.04452004720174917,0.21526868348836253,0.1335601416052475,1.1919128785960438,-0.672261010607378,2,EGY,1.226875137394627,0.02506585073936046,0.04838313299079618,0.02506585073936046,0.04838313299079618
598,Hossein Kanani,DEF,3.9,IR Iran,IRN,3.61,80.0,0.039631529984585474,0.05737380328154731,0.2774207098920983,0.17212140984464191,1.614144652739887,-0.4534616533957127,2,NZL,1.5810965443256546,0.02506585073936046,0.04838313299079618,0.02506585073936046,0.04838313299079618,1.98,80.0,0.024433949173567372,0.03537255800673936,0.1710376442149716,0.10611767402021807,0.7503768132249478,-1.0466930560670882,2,BEL,0.9747903403573364,0.02506585073936046,0.048383132990796184,0.02506585073936046,0.048383132990796184,2.87,80.0,0.030752669069766075,0.04452004720174917,0.21526868348836253,0.1335601416052475,1.1919128785960438,-0.672261010607378,2,EGY,1.226875137394627,0.02506585073936046,0.04838313299079618,0.02506585073936046,0.04838313299079618
599,Milad Mohammadi,DEF,3.8,IR Iran,IRN,3.61,80.0,0.039631529984585474,0.05737380328154731,0.2774207098920983,0.17212140984464191,1.614144652739887,-0.4534616533957127,2,NZL,1.5810965443256546,0.02506585073936046,0.04838313299079618,0.02506585073936046,0.04838313299079618,1.98,80.0,0.024433949173567372,0.03537255800673936,0.1710376442149716,0.10611767402021807,0.7503768132249478,-1.0466930560670882,2,BEL,0.9747903403573364,0.02506585073936046,0.048383132990796184,0.02506585073936046,0.048383132990796184,2.87,80.0,0.030752669069766075,0.04452004720174917,0.21526868348836253,0.1335601416052475,1.1919128785960438,-0.672261010607378,2,EGY,1.226875137394627,0.02506585073936046,0.04838313299079618,0.02506585073936046,0.04838313299079618
600,Shoja Khalilzadeh,DEF,3.8,IR Iran,IRN,3.61,80.0,0.039631529984585474,0.05737380328154731,0.2774207098920983,0.17212140984464191,1.614144652739887,-0.4534616533957127,2,NZL,1.5810965443256546,0.02506585073936046,0.04838313299079618,0.02506585073936046,0.04838313299079618,1.98,80.0,0.024433949173567372,0.03537255800673936,0.1710376442149716,0.10611767402021807,0.7503768132249478,-1.0466930560670882,2,BEL,0.9747903403573364,0.02506585073936046,0.048383132990796184,0.02506585073936046,0.048383132990796184,2.87,80.0,0.030752669069766075,0.04452004720174917,0.21526868348836253,0.1335601416052475,1.1919128785960438,-0.672261010607378,2,EGY,1.226875137394627,0.02506585073936046,0.04838313299079618,0.02506585073936046,0.04838313299079618
601,Ehsan Hajisafi,DEF,3.7,IR Iran,IRN,0.69,25.0,0.01238485312018296,0.017929313525483537,0.08669397184128072,0.053787940576450616,0.0,-0.4534616533957127,1,NZL,1.5810965443256546,0.007833078356050143,0.015119729059623808,0.007833078356050143,0.015119729059623808,0.04,25.0,0.007635609116739805,0.01105392437710605,0.053449263817178634,0.03316177313131815,0.0,-1.0466930560670882,1,BEL,0.9747903403573364,0.007833078356050144,0.015119729059623808,0.007833078356050144,0.015119729059623808,0.44,25.0,0.009610209084301899,0.013912514750546619,0.0672714635901133,0.041737544251639856,0.0,-0.672261010607378,1,EGY,1.226875137394627,0.007833078356050144,0.015119729059623806,0.007833078356050144,0.015119729059623806
603,Saleh Hardani,DEF,3.7,IR Iran,IRN,0.69,25.0,0.01238485312018296,0.017929313525483537,0.08669397184128072,0.053787940576450616,0.0,-0.4534616533957127,1,NZL,1.5810965443256546,0.007833078356050143,0.015119729059623808,0.007833078356050143,0.015119729059623808,0.04,25.0,0.007635609116739805,0.01105392437710605,0.053449263817178634,0.03316177313131815,0.0,-1.0466930560670882,1,BEL,0.9747903403573364,0.007833078356050144,0.015119729059623808,0.007833078356050144,0.015119729059623808,0.44,25.0,0.009610209084301899,0.013912514750546619,0.0672714635901133,0.041737544251639856,0.0,-0.672261010607378,1,EGY,1.226875137394627,0.007833078356050144,0.015119729059623806,0.007833078356050144,0.015119729059623806
606,Ali Nemati,DEF,3.5,IR Iran,IRN,0.57,5.0,0.002476970624036592,0.0035858627050967067,0.017338794368256145,0.01075758811529012,0.0,-0.4534616533957127,1,NZL,1.5810965443256546,0.0015666156712100287,0.003023945811924761,0.0015666156712100287,0.003023945811924761,-0.03,5.0,0.0015271218233479608,0.00221078487542121,0.010689852763435726,0.0066323546262636295,0.0,-1.0466930560670882,1,BEL,0.9747903403573364,0.0015666156712100287,0.0030239458119247615,0.0015666156712100287,0.0030239458119247615,0.35,5.0,0.0019220418168603797,0.0027825029501093233,0.013454292718022658,0.00834750885032797,0.0,-0.672261010607378,1,EGY,1.226875137394627,0.0015666156712100287,0.003023945811924761,0.0015666156712100287,0.003023945811924761
608,Aria Yousefi,DEF,3.5,IR Iran,IRN,0.57,5.0,0.002476970624036592,0.0035858627050967067,0.017338794368256145,0.01075758811529012,0.0,-0.4534616533957127,1,NZL,1.5810965443256546,0.0015666156712100287,0.003023945811924761,0.0015666156712100287,0.003023945811924761,-0.03,5.0,0.0015271218233479608,0.00221078487542121,0.010689852763435726,0.0066323546262636295,0.0,-1.0466930560670882,1,BEL,0.9747903403573364,0.0015666156712100287,0.0030239458119247615,0.0015666156712100287,0.0030239458119247615,0.35,5.0,0.0019220418168603797,0.0027825029501093233,0.013454292718022658,0.00834750885032797,0.0,-0.672261010607378,1,EGY,1.226875137394627,0.0015666156712100287,0.003023945811924761,0.0015666156712100287,0.003023945811924761
609,Danial Eiri,DEF,3.5,IR Iran,IRN,0.57,5.0,0.002476970624036592,0.0035858627050967067,0.017338794368256145,0.01075758811529012,0.0,-0.4534616533957127,1,NZL,1.5810965443256546,0.0015666156712100287,0.003023945811924761,0.0015666156712100287,0.003023945811924761,-0.03,5.0,0.0015271218233479608,0.00221078487542121,0.010689852763435726,0.0066323546262636295,0.0,-1.0466930560670882,1,BEL,0.9747903403573364,0.0015666156712100287,0.0030239458119247615,0.0015666156712100287,0.0030239458119247615,0.35,5.0,0.0019220418168603797,0.0027825029501093233,0.013454292718022658,0.00834750885032797,0.0,-0.672261010607378,1,EGY,1.226875137394627,0.0015666156712100287,0.003023945811924761,0.0015666156712100287,0.003023945811924761
610,Mehdi Taremi,FWD,6.1,IR Iran,IRN,3.85,70.0,0.31866035752468924,0.08684659454086974,1.5933017876234463,0.2605397836226092,0.0,0.0,2,NZL,1.5810965443256546,0.20154389601844297,0.07323743752612756,0.20154389601844297,0.07323743752612756,3.14,70.0,0.19646304299676165,0.05354335998974478,0.9823152149838082,0.16063007996923434,0.0,0.0,2,BEL,0.9747903403573364,0.201543896018443,0.07323743752612756,0.201543896018443,0.07323743752612756,3.44,70.0,0.24726919511867565,0.06738989342047362,1.2363459755933783,0.20216968026142085,0.0,0.0,2,EGY,1.226875137394627,0.201543896018443,0.07323743752612756,0.201543896018443,0.07323743752612756
611,Alireza Jahanbakhsh,FWD,5.3,IR Iran,IRN,3.58,70.0,0.24683949059125465,0.1162940402621701,1.2341974529562734,0.3488821207865103,0.0,0.0,2,NZL,1.5810965443256546,0.15611917657851368,0.09807036825552827,0.15611917657851368,0.09807036825552827,2.98,70.0,0.15218346527327645,0.0716985357380818,0.7609173263663822,0.2150956072142454,0.0,0.0,2,BEL,0.9747903403573364,0.15611917657851368,0.09807036825552828,0.15611917657851368,0.09807036825552828,3.23,70.0,0.1915387362147,0.09024007239588218,0.9576936810735,0.27072021718764655,0.0,0.0,2,EGY,1.226875137394627,0.15611917657851368,0.09807036825552827,0.15611917657851368,0.09807036825552827
612,Saman Ghoddos,FWD,4.9,IR Iran,IRN,1.79,35.0,0.12341974529562733,0.05814702013108505,0.6170987264781367,0.17444106039325516,0.0,0.0,1,NZL,1.5810965443256546,0.07805958828925684,0.049035184127764135,0.07805958828925684,0.049035184127764135,1.49,35.0,0.07609173263663822,0.0358492678690409,0.3804586631831911,0.1075478036071227,0.0,0.0,1,BEL,0.9747903403573364,0.07805958828925684,0.04903518412776414,0.07805958828925684,0.04903518412776414,1.61,35.0,0.09576936810735,0.04512003619794109,0.47884684053675,0.13536010859382328,0.0,0.0,1,EGY,1.226875137394627,0.07805958828925684,0.049035184127764135,0.07805958828925684,0.049035184127764135
614,Ali Alipour,FWD,4.6,IR Iran,IRN,1.23,10.0,0.03526278437017923,0.01661343432316716,0.17631392185089617,0.04984030296950148,0.0,0.0,1,NZL,1.5810965443256546,0.022302739511216238,0.014010052607932613,0.022302739511216238,0.014010052607932613,1.14,10.0,0.02174049503903949,0.010242647962583113,0.10870247519519745,0.03072794388774934,0.0,0.0,1,BEL,0.9747903403573364,0.022302739511216238,0.01401005260793261,0.022302739511216238,0.01401005260793261,1.18,10.0,0.0273626766021,0.012891438913697456,0.1368133830105,0.03867431674109237,0.0,0.0,1,EGY,1.226875137394627,0.02230273951121624,0.014010052607932613,0.02230273951121624,0.014010052607932613
615,Dennis Dargahi,FWD,4.6,IR Iran,IRN,1.11,5.0,0.017631392185089616,0.00830671716158358,0.08815696092544809,0.02492015148475074,0.0,0.0,1,NZL,1.5810965443256546,0.011151369755608119,0.007005026303966306,0.011151369755608119,0.007005026303966306,1.07,5.0,0.010870247519519744,0.005121323981291556,0.054351237597598724,0.01536397194387467,0.0,0.0,1,BEL,0.9747903403573364,0.011151369755608119,0.007005026303966305,0.011151369755608119,0.007005026303966305,1.09,5.0,0.01368133830105,0.006445719456848728,0.06840669150525,0.019337158370546184,0.0,0.0,1,EGY,1.226875137394627,0.01115136975560812,0.007005026303966306,0.01115136975560812,0.007005026303966306
616,Amirhossein Hosseinzadeh,FWD,4.5,IR Iran,IRN,1.11,5.0,0.017631392185089616,0.00830671716158358,0.08815696092544809,0.02492015148475074,0.0,0.0,1,NZL,1.5810965443256546,0.011151369755608119,0.007005026303966306,0.011151369755608119,0.007005026303966306,1.07,5.0,0.010870247519519744,0.005121323981291556,0.054351237597598724,0.01536397194387467,0.0,0.0,1,BEL,0.9747903403573364,0.011151369755608119,0.007005026303966305,0.011151369755608119,0.007005026303966305,1.09,5.0,0.01368133830105,0.006445719456848728,0.06840669150525,0.019337158370546184,0.0,0.0,1,EGY,1.226875137394627,0.01115136975560812,0.007005026303966306,0.01115136975560812,0.007005026303966306
618,Amirhossein Mahmoudi,FWD,4.0,IR Iran,IRN,1.11,5.0,0.017631392185089616,0.00830671716158358,0.08815696092544809,0.02492015148475074,0.0,0.0,1,NZL,1.5810965443256546,0.011151369755608119,0.007005026303966306,0.011151369755608119,0.007005026303966306,1.07,5.0,0.010870247519519744,0.005121323981291556,0.054351237597598724,0.01536397194387467,0.0,0.0,1,BEL,0.9747903403573364,0.011151369755608119,0.007005026303966305,0.011151369755608119,0.007005026303966305,1.09,5.0,0.01368133830105,0.006445719456848728,0.06840669150525,0.019337158370546184,0.0,0.0,1,EGY,1.226875137394627,0.01115136975560812,0.007005026303966306,0.01115136975560812,0.007005026303966306
620,Alireza Beiranvand,GK,4.2,IR Iran,IRN,3.16,90.0,0.0,0.0,0.0,0.0,1.614144652739887,-0.4534616533957127,2,NZL,1.5810965443256546,0.0,0.0,0.0,0.0,1.7,90.0,0.0,0.0,0.0,0.0,0.7503768132249478,-1.0466930560670882,2,BEL,0.9747903403573364,0.0,0.0,0.0,0.0,2.52,90.0,0.0,0.0,0.0,0.0,1.1919128785960438,-0.672261010607378,2,EGY,1.226875137394627,0.0,0.0,0.0,0.0
621,Payam Niazmand,GK,3.9,IR Iran,IRN,0.55,5.0,0.0,0.0,0.0,0.0,0.0,-0.4534616533957127,1,NZL,1.5810965443256546,0.0,0.0,0.0,0.0,-0.05,5.0,0.0,0.0,0.0,0.0,0.0,-1.0466930560670882,1,BEL,0.9747903403573364,0.0,0.0,0.0,0.0,0.33,5.0,0.0,0.0,0.0,0.0,0.0,-0.672261010607378,1,EGY,1.226875137394627,0.0,0.0,0.0,0.0
622,Hossein Hosseini,GK,3.8,IR Iran,IRN,0.55,5.0,0.0,0.0,0.0,0.0,0.0,-0.4534616533957127,1,NZL,1.5810965443256546,0.0,0.0,0.0,0.0,-0.05,5.0,0.0,0.0,0.0,0.0,0.0,-1.0466930560670882,1,BEL,0.9747903403573364,0.0,0.0,0.0,0.0,0.33,5.0,0.0,0.0,0.0,0.0,0.0,-0.672261010607378,1,EGY,1.226875137394627,0.0,0.0,0.0,0.0
623,Mohammad Khalifeh,GK,3.5,IR Iran,IRN,0.55,5.0,0.0,0.0,0.0,0.0,0.0,-0.4534616533957127,1,NZL,1.5810965443256546,0.0,0.0,0.0,0.0,-0.05,5.0,0.0,0.0,0.0,0.0,0.0,-1.0466930560670882,1,BEL,0.9747903403573364,0.0,0.0,0.0,0.0,0.33,5.0,0.0,0.0,0.0,0.0,0.0,-0.672261010607378,1,EGY,1.226875137394627,0.0,0.0,0.0,0.0
624,Omid Noorafkan,MID,5.3,IR Iran,IRN,1.46,35.0,0.051217889531309735,0.052302963724127745,0.3073073371878584,0.15690889117238324,0.0,0.0,1,NZL,1.5810965443256546,0.03239390391125952,0.04410691125458563,0.03239390391125952,0.04410691125458563,1.29,35.0,0.03157726461915952,0.03224624327547626,0.18946358771495714,0.09673872982642878,0.0,0.0,1,BEL,0.9747903403573364,0.03239390391125953,0.04410691125458562,0.03239390391125953,0.04410691125458562,1.36,35.0,0.039743275311874875,0.04058525460414177,0.23845965187124923,0.12175576381242531,0.0,0.0,1,EGY,1.226875137394627,0.03239390391125953,0.04410691125458563,0.03239390391125953,0.04410691125458563
625,Mehdi Torabi,MID,5.6,IR Iran,IRN,3.32,75.0,0.10975262042423516,0.11207777940884517,0.6585157225454109,0.3362333382265355,0.3228289305479774,0.0,2,NZL,1.5810965443256546,0.0694155083812704,0.09451480983125492,0.0694155083812704,0.09451480983125492,2.76,75.0,0.06766556704105611,0.06909909273316343,0.4059934022463367,0.2072972781994903,0.15007536264498955,0.0,2,BEL,0.9747903403573364,0.0694155083812704,0.09451480983125493,0.0694155083812704,0.09451480983125493,3.01,75.0,0.08516416138258902,0.08696840272316093,0.5109849682955341,0.2609052081694828,0.23838257571920876,0.0,2,EGY,1.226875137394627,0.06941550838127042,0.09451480983125492,0.06941550838127042,0.09451480983125492
626,Saeid Ezatolahi,MID,5.6,IR Iran,IRN,3.32,75.0,0.10975262042423516,0.11207777940884517,0.6585157225454109,0.3362333382265355,0.3228289305479774,0.0,2,NZL,1.5810965443256546,0.0694155083812704,0.09451480983125492,0.0694155083812704,0.09451480983125492,2.76,75.0,0.06766556704105611,0.06909909273316343,0.4059934022463367,0.2072972781994903,0.15007536264498955,0.0,2,BEL,0.9747903403573364,0.0694155083812704,0.09451480983125493,0.0694155083812704,0.09451480983125493,3.01,75.0,0.08516416138258902,0.08696840272316093,0.5109849682955341,0.2609052081694828,0.23838257571920876,0.0,2,EGY,1.226875137394627,0.06941550838127042,0.09451480983125492,0.06941550838127042,0.09451480983125492
627,Mohammad Mohebi,MID,5.9,IR Iran,IRN,3.32,75.0,0.10975262042423516,0.11207777940884517,0.6585157225454109,0.3362333382265355,0.3228289305479774,0.0,2,NZL,1.5810965443256546,0.0694155083812704,0.09451480983125492,0.0694155083812704,0.09451480983125492,2.76,75.0,0.06766556704105611,0.06909909273316343,0.4059934022463367,0.2072972781994903,0.15007536264498955,0.0,2,BEL,0.9747903403573364,0.0694155083812704,0.09451480983125493,0.0694155083812704,0.09451480983125493,3.01,75.0,0.08516416138258902,0.08696840272316093,0.5109849682955341,0.2609052081694828,0.23838257571920876,0.0,2,EGY,1.226875137394627,0.06941550838127042,0.09451480983125492,0.06941550838127042,0.09451480983125492
629,Mehdi Ghayedi,MID,5.9,IR Iran,IRN,3.32,75.0,0.10975262042423516,0.11207777940884517,0.6585157225454109,0.3362333382265355,0.3228289305479774,0.0,2,NZL,1.5810965443256546,0.0694155083812704,0.09451480983125492,0.0694155083812704,0.09451480983125492,2.76,75.0,0.06766556704105611,0.06909909273316343,0.4059934022463367,0.2072972781994903,0.15007536264498955,0.0,2,BEL,0.9747903403573364,0.0694155083812704,0.09451480983125493,0.0694155083812704,0.09451480983125493,3.01,75.0,0.08516416138258902,0.08696840272316093,0.5109849682955341,0.2609052081694828,0.23838257571920876,0.0,2,EGY,1.226875137394627,0.06941550838127042,0.09451480983125492,0.06941550838127042,0.09451480983125492
630,Zaid Ismael,MID,4.4,Iraq,IRQ,1.07,10.0,0.008027261771199076,0.007910266087426688,0.04816357062719445,0.023730798262280063,0.0,0.0,1,NOR,0.759441207152654,0.01056995814237603,0.01388787091162175,0.01056995814237603,0.01388787091162175,1.06,10.0,0.006531790172521545,0.0064365906786874524,0.03919074103512927,0.019309772036062357,0.0,0.0,1,FRA,0.6179579979919636,0.010569958142376028,0.01388787091162175,0.010569958142376028,0.01388787091162175,1.08,10.0,0.008611450838163136,0.008485940719295705,0.051668705028978815,0.025457822157887118,0.0,0.0,1,SEN,0.814710022704722,0.010569958142376028,0.013887870911621752,0.010569958142376028,0.013887870911621752
631,Marko Farji,MID,4.4,Iraq,IRQ,1.04,5.0,0.004013630885599538,0.003955133043713344,0.024081785313597226,0.011865399131140032,0.0,0.0,1,NOR,0.759441207152654,0.005284979071188015,0.006943935455810875,0.005284979071188015,0.006943935455810875,1.03,5.0,0.0032658950862607724,0.0032182953393437262,0.019595370517564634,0.009654886018031179,0.0,0.0,1,FRA,0.6179579979919636,0.005284979071188014,0.006943935455810875,0.005284979071188014,0.006943935455810875,1.04,5.0,0.004305725419081568,0.004242970359647853,0.025834352514489407,0.012728911078943559,0.0,0.0,1,SEN,0.814710022704722,0.005284979071188014,0.006943935455810876,0.005284979071188014,0.006943935455810876
632,Hasan Abdulkareem,MID,4.7,Iraq,IRQ,1.07,10.0,0.008027261771199076,0.007910266087426688,0.04816357062719445,0.023730798262280063,0.0,0.0,1,NOR,0.759441207152654,0.01056995814237603,0.01388787091162175,0.01056995814237603,0.01388787091162175,1.06,10.0,0.006531790172521545,0.0064365906786874524,0.03919074103512927,0.019309772036062357,0.0,0.0,1,FRA,0.6179579979919636,0.010569958142376028,0.01388787091162175,0.010569958142376028,0.01388787091162175,1.08,10.0,0.008611450838163136,0.008485940719295705,0.051668705028978815,0.025457822157887118,0.0,0.0,1,SEN,0.814710022704722,0.010569958142376028,0.013887870911621752,0.010569958142376028,0.013887870911621752
633,Peter Gwargis,MID,5.1,Iraq,IRQ,1.25,35.0,0.028095416199196765,0.02768593130599341,0.16857249719518058,0.08305779391798024,0.0,0.0,1,NOR,0.759441207152654,0.036994853498316105,0.048607548190676135,0.036994853498316105,0.048607548190676135,1.2,35.0,0.022861265603825412,0.022528067375406087,0.13716759362295247,0.06758420212621827,0.0,0.0,1,FRA,0.6179579979919636,0.036994853498316105,0.048607548190676135,0.036994853498316105,0.048607548190676135,1.27,35.0,0.03014007793357098,0.029700792517534966,0.18084046760142586,0.0891023775526049,0.0,0.0,1,SEN,0.814710022704722,0.036994853498316105,0.04860754819067613,0.036994853498316105,0.04860754819067613
634,Kevin Yakob,MID,5.1,Iraq,IRQ,1.25,35.0,0.028095416199196765,0.02768593130599341,0.16857249719518058,0.08305779391798024,0.0,0.0,1,NOR,0.759441207152654,0.036994853498316105,0.048607548190676135,0.036994853498316105,0.048607548190676135,1.2,35.0,0.022861265603825412,0.022528067375406087,0.13716759362295247,0.06758420212621827,0.0,0.0,1,FRA,0.6179579979919636,0.036994853498316105,0.048607548190676135,0.036994853498316105,0.048607548190676135,1.27,35.0,0.03014007793357098,0.029700792517534966,0.18084046760142586,0.0891023775526049,0.0,0.0,1,SEN,0.814710022704722,0.036994853498316105,0.04860754819067613,0.036994853498316105,0.04860754819067613
635,Amir Al Ammari,MID,5.3,Iraq,IRQ,2.63,75.0,0.06020446328399306,0.05932699565570017,0.36122677970395833,0.17798098696710052,0.08654293015629012,0.0,2,NOR,0.759441207152654,0.0792746860678202,0.10415903183716314,0.0792746860678202,0.10415903183716314,2.5,75.0,0.048988426293911584,0.048274430090155904,0.2939305577634695,0.1448232902704677,0.057258835315783435,0.0,2,FRA,0.6179579979919636,0.0792746860678202,0.10415903183716314,0.0792746860678202,0.10415903183716314,2.68,75.0,0.06458588128622351,0.06364455539471779,0.3875152877173411,0.19093366618415336,0.100665908254129,0.0,2,SEN,0.814710022704722,0.0792746860678202,0.10415903183716314,0.0792746860678202,0.10415903183716314
636,Aimar Sher,MID,5.3,Iraq,IRQ,2.63,75.0,0.06020446328399306,0.05932699565570017,0.36122677970395833,0.17798098696710052,0.08654293015629012,0.0,2,NOR,0.759441207152654,0.0792746860678202,0.10415903183716314,0.0792746860678202,0.10415903183716314,2.5,75.0,0.048988426293911584,0.048274430090155904,0.2939305577634695,0.1448232902704677,0.057258835315783435,0.0,2,FRA,0.6179579979919636,0.0792746860678202,0.10415903183716314,0.0792746860678202,0.10415903183716314,2.68,75.0,0.06458588128622351,0.06364455539471779,0.3875152877173411,0.19093366618415336,0.100665908254129,0.0,2,SEN,0.814710022704722,0.0792746860678202,0.10415903183716314,0.0792746860678202,0.10415903183716314
637,Merchas Doski,DEF,3.8,Iraq,IRQ,1.05,80.0,0.01644943596891757,0.012756110469176879,0.11514605178242299,0.03826833140753064,0.4327146507814506,-1.5336576159330313,2,NOR,0.759441207152654,0.021659920233444874,0.022395607628408636,0.021659920233444874,0.022395607628408636,0.49,80.0,0.013384920944125222,0.010379658640398711,0.09369444660887656,0.031138975921196133,0.2862941765789172,-1.9174321551110414,2,FRA,0.6179579979919636,0.021659920233444877,0.022395607628408636,0.021659920233444877,0.022395607628408636,1.27,80.0,0.017646554105172345,0.013684444499570134,0.12352587873620641,0.041053333498710404,0.503329541270645,-1.396613992457267,2,SEN,0.814710022704722,0.021659920233444877,0.022395607628408636,0.021659920233444877,0.022395607628408636
638,Frans Putros,DEF,3.7,Iraq,IRQ,1.14,80.0,0.021739754209263325,0.03037011793050143,0.15217827946484327,0.0911103537915043,0.4327146507814506,-1.5336576159330313,2,NOR,0.759441207152654,0.028625987113303237,0.05332011246245476,0.028625987113303237,0.05332011246245476,0.57,80.0,0.01768965768708062,0.024712192462503668,0.12382760380956434,0.074136577387511,0.2862941765789172,-1.9174321551110414,2,FRA,0.6179579979919636,0.02862598711330324,0.05332011246245476,0.02862598711330324,0.05332011246245476,1.37,80.0,0.02332187861102436,0.03258032252617864,0.16325315027717052,0.09774096757853591,0.503329541270645,-1.396613992457267,2,SEN,0.814710022704722,0.028625987113303237,0.05332011246245476,0.028625987113303237,0.05332011246245476
639,Rebin Sulaka,DEF,3.7,Iraq,IRQ,1.14,80.0,0.021739754209263325,0.03037011793050143,0.15217827946484327,0.0911103537915043,0.4327146507814506,-1.5336576159330313,2,NOR,0.759441207152654,0.028625987113303237,0.05332011246245476,0.028625987113303237,0.05332011246245476,0.57,80.0,0.01768965768708062,0.024712192462503668,0.12382760380956434,0.074136577387511,0.2862941765789172,-1.9174321551110414,2,FRA,0.6179579979919636,0.02862598711330324,0.05332011246245476,0.02862598711330324,0.05332011246245476,1.37,80.0,0.02332187861102436,0.03258032252617864,0.16325315027717052,0.09774096757853591,0.503329541270645,-1.396613992457267,2,SEN,0.814710022704722,0.028625987113303237,0.05332011246245476,0.028625987113303237,0.05332011246245476
640,Maytham Jabbar,DEF,3.6,Iraq,IRQ,1.14,80.0,0.021739754209263325,0.03037011793050143,0.15217827946484327,0.0911103537915043,0.4327146507814506,-1.5336576159330313,2,NOR,0.759441207152654,0.028625987113303237,0.05332011246245476,0.028625987113303237,0.05332011246245476,0.57,80.0,0.01768965768708062,0.024712192462503668,0.12382760380956434,0.074136577387511,0.2862941765789172,-1.9174321551110414,2,FRA,0.6179579979919636,0.02862598711330324,0.05332011246245476,0.02862598711330324,0.05332011246245476,1.37,80.0,0.02332187861102436,0.03258032252617864,0.16325315027717052,0.09774096757853591,0.503329541270645,-1.396613992457267,2,SEN,0.814710022704722,0.028625987113303237,0.05332011246245476,0.028625987113303237,0.05332011246245476
641,Hussein Ali,DEF,3.6,Iraq,IRQ,-0.46,25.0,0.006793673190394789,0.009490661853281698,0.047555712332763525,0.028471985559845092,0.0,-1.5336576159330313,1,NOR,0.759441207152654,0.008945620972907261,0.016662535144517113,0.008945620972907261,0.016662535144517113,-0.86,25.0,0.005528018027212693,0.007722560144532397,0.03869612619048885,0.023167680433597192,0.0,-1.9174321551110414,1,FRA,0.6179579979919636,0.008945620972907261,0.016662535144517113,0.008945620972907261,0.016662535144517113,-0.32,25.0,0.0072880870659451135,0.010181350789430827,0.05101660946161579,0.030544052368292482,0.0,-1.396613992457267,1,SEN,0.814710022704722,0.008945620972907263,0.016662535144517116,0.008945620972907263,0.016662535144517116
642,Zaid Tahseen,DEF,3.6,Iraq,IRQ,-0.46,25.0,0.006793673190394789,0.009490661853281698,0.047555712332763525,0.028471985559845092,0.0,-1.5336576159330313,1,NOR,0.759441207152654,0.008945620972907261,0.016662535144517113,0.008945620972907261,0.016662535144517113,-0.86,25.0,0.005528018027212693,0.007722560144532397,0.03869612619048885,0.023167680433597192,0.0,-1.9174321551110414,1,FRA,0.6179579979919636,0.008945620972907261,0.016662535144517113,0.008945620972907261,0.016662535144517113,-0.32,25.0,0.0072880870659451135,0.010181350789430827,0.05101660946161579,0.030544052368292482,0.0,-1.396613992457267,1,SEN,0.814710022704722,0.008945620972907263,0.016662535144517116,0.008945620972907263,0.016662535144517116
643,Munaf Younus,DEF,3.5,Iraq,IRQ,-0.52,5.0,0.0013587346380789578,0.0018981323706563395,0.009511142466552705,0.005694397111969019,0.0,-1.5336576159330313,1,NOR,0.759441207152654,0.0017891241945814523,0.0033325070289034224,0.0017891241945814523,0.0033325070289034224,-0.91,5.0,0.0011056036054425387,0.0015445120289064793,0.007739225238097771,0.004633536086719438,0.0,-1.9174321551110414,1,FRA,0.6179579979919636,0.0017891241945814525,0.0033325070289034224,0.0017891241945814525,0.0033325070289034224,-0.38,5.0,0.0014576174131890225,0.002036270157886165,0.010203321892323158,0.0061088104736584945,0.0,-1.396613992457267,1,SEN,0.814710022704722,0.0017891241945814523,0.0033325070289034224,0.0017891241945814523,0.0033325070289034224
644,Akam Hashim,DEF,3.5,Iraq,IRQ,-0.52,5.0,0.0013587346380789578,0.0018981323706563395,0.009511142466552705,0.005694397111969019,0.0,-1.5336576159330313,1,NOR,0.759441207152654,0.0017891241945814523,0.0033325070289034224,0.0017891241945814523,0.0033325070289034224,-0.91,5.0,0.0011056036054425387,0.0015445120289064793,0.007739225238097771,0.004633536086719438,0.0,-1.9174321551110414,1,FRA,0.6179579979919636,0.0017891241945814525,0.0033325070289034224,0.0017891241945814525,0.0033325070289034224,-0.38,5.0,0.0014576174131890225,0.002036270157886165,0.010203321892323158,0.0061088104736584945,0.0,-1.396613992457267,1,SEN,0.814710022704722,0.0017891241945814523,0.0033325070289034224,0.0017891241945814523,0.0033325070289034224
645,Ahmed Maknzi,DEF,3.5,Iraq,IRQ,-0.52,5.0,0.0013587346380789578,0.0018981323706563395,0.009511142466552705,0.005694397111969019,0.0,-1.5336576159330313,1,NOR,0.759441207152654,0.0017891241945814523,0.0033325070289034224,0.0017891241945814523,0.0033325070289034224,-0.91,5.0,0.0011056036054425387,0.0015445120289064793,0.007739225238097771,0.004633536086719438,0.0,-1.9174321551110414,1,FRA,0.6179579979919636,0.0017891241945814525,0.0033325070289034224,0.0017891241945814525,0.0033325070289034224,-0.38,5.0,0.0014576174131890225,0.002036270157886165,0.010203321892323158,0.0061088104736584945,0.0,-1.396613992457267,1,SEN,0.814710022704722,0.0017891241945814523,0.0033325070289034224,0.0017891241945814523,0.0033325070289034224
646,Aymen Hussein,FWD,5.3,Iraq,IRQ,2.86,70.0,0.13540304542067433,0.06155882154168632,0.6770152271033716,0.18467646462505896,0.0,0.0,2,NOR,0.759441207152654,0.17829299245999064,0.10807739684021384,0.17829299245999064,0.10807739684021384,2.7,70.0,0.11017758067657209,0.05009046883467114,0.5508879033828604,0.1502714065040134,0.0,0.0,2,FRA,0.6179579979919636,0.17829299245999067,0.10807739684021384,0.17829299245999067,0.10807739684021384,2.92,70.0,0.14525708793517184,0.06603880382516841,0.7262854396758591,0.19811641147550524,0.0,0.0,2,SEN,0.814710022704722,0.17829299245999067,0.10807739684021385,0.17829299245999067,0.10807739684021385
647,Mohanad Ali,FWD,4.9,Iraq,IRQ,2.86,70.0,0.13540304542067433,0.06155882154168632,0.6770152271033716,0.18467646462505896,0.0,0.0,2,NOR,0.759441207152654,0.17829299245999064,0.10807739684021384,0.17829299245999064,0.10807739684021384,2.7,70.0,0.11017758067657209,0.05009046883467114,0.5508879033828604,0.1502714065040134,0.0,0.0,2,FRA,0.6179579979919636,0.17829299245999067,0.10807739684021384,0.17829299245999067,0.10807739684021384,2.92,70.0,0.14525708793517184,0.06603880382516841,0.7262854396758591,0.19811641147550524,0.0,0.0,2,SEN,0.814710022704722,0.17829299245999067,0.10807739684021385,0.17829299245999067,0.10807739684021385
648,Ali Jasim,FWD,4.9,Iraq,IRQ,1.21,35.0,0.034037794455898114,0.012478340889651541,0.17018897227949056,0.037435022668954626,0.0,0.0,1,NOR,0.759441207152654,0.04481952537644726,0.021907934012756813,0.04481952537644726,0.021907934012756813,1.17,35.0,0.02769658417257936,0.010153637281997436,0.1384829208628968,0.030460911845992308,0.0,0.0,1,FRA,0.6179579979919636,0.04481952537644726,0.021907934012756817,0.04481952537644726,0.021907934012756817,1.22,35.0,0.03651491653706022,0.013386460062709993,0.18257458268530108,0.04015938018812998,0.0,0.0,1,SEN,0.814710022704722,0.04481952537644727,0.021907934012756813,0.04481952537644727,0.021907934012756813
649,Ali Al Hamadi,FWD,4.7,Iraq,IRQ,1.12,10.0,0.019343292202953475,0.008794117363098045,0.09671646101476737,0.026382352089294136,0.0,0.0,1,NOR,0.759441207152654,0.025470427494284378,0.015439628120030548,0.025470427494284378,0.015439628120030548,1.1,10.0,0.01573965438236744,0.007155781262095877,0.07869827191183719,0.021467343786287632,0.0,0.0,1,FRA,0.6179579979919636,0.025470427494284374,0.015439628120030548,0.025470427494284374,0.015439628120030548,1.13,10.0,0.020751012562167402,0.009434114832166916,0.10375506281083702,0.028302344496500747,0.0,0.0,1,SEN,0.814710022704722,0.025470427494284378,0.01543962812003055,0.025470427494284378,0.01543962812003055
650,Youssef Amyn,FWD,4.4,Iraq,IRQ,1.12,10.0,0.019343292202953475,0.008794117363098045,0.09671646101476737,0.026382352089294136,0.0,0.0,1,NOR,0.759441207152654,0.025470427494284378,0.015439628120030548,0.025470427494284378,0.015439628120030548,1.1,10.0,0.01573965438236744,0.007155781262095877,0.07869827191183719,0.021467343786287632,0.0,0.0,1,FRA,0.6179579979919636,0.025470427494284374,0.015439628120030548,0.025470427494284374,0.015439628120030548,1.13,10.0,0.020751012562167402,0.009434114832166916,0.10375506281083702,0.028302344496500747,0.0,0.0,1,SEN,0.814710022704722,0.025470427494284378,0.01543962812003055,0.025470427494284378,0.01543962812003055
651,Ali Yousif,FWD,4.2,Iraq,IRQ,1.06,5.0,0.009671646101476737,0.004397058681549023,0.048358230507383686,0.013191176044647068,0.0,0.0,1,NOR,0.759441207152654,0.012735213747142189,0.007719814060015274,0.012735213747142189,0.007719814060015274,1.05,5.0,0.00786982719118372,0.0035778906310479385,0.039349135955918595,0.010733671893143816,0.0,0.0,1,FRA,0.6179579979919636,0.012735213747142187,0.007719814060015274,0.012735213747142187,0.007719814060015274,1.07,5.0,0.010375506281083701,0.004717057416083458,0.05187753140541851,0.014151172248250373,0.0,0.0,1,SEN,0.814710022704722,0.012735213747142189,0.007719814060015275,0.012735213747142189,0.007719814060015275
652,Karar Nabeel,MID,4.0,Iraq,IRQ,1.04,5.0,0.004013630885599538,0.003955133043713344,0.024081785313597226,0.011865399131140032,0.0,0.0,1,NOR,0.759441207152654,0.005284979071188015,0.006943935455810875,0.005284979071188015,0.006943935455810875,1.03,5.0,0.0032658950862607724,0.0032182953393437262,0.019595370517564634,0.009654886018031179,0.0,0.0,1,FRA,0.6179579979919636,0.005284979071188014,0.006943935455810875,0.005284979071188014,0.006943935455810875,1.04,5.0,0.004305725419081568,0.004242970359647853,0.025834352514489407,0.012728911078943559,0.0,0.0,1,SEN,0.814710022704722,0.005284979071188014,0.006943935455810876,0.005284979071188014,0.006943935455810876
653,Ahmed Basil,GK,3.8,Iraq,IRQ,-0.53,5.0,0.0,0.0,0.0,0.0,0.0,-1.5336576159330313,1,NOR,0.759441207152654,0.0,0.0,0.0,0.0,-0.92,5.0,0.0,0.0,0.0,0.0,0.0,-1.9174321551110414,1,FRA,0.6179579979919636,0.0,0.0,0.0,0.0,-0.4,5.0,0.0,0.0,0.0,0.0,0.0,-1.396613992457267,1,SEN,0.814710022704722,0.0,0.0,0.0,0.0
654,Fahad Talib,GK,3.7,Iraq,IRQ,-0.53,5.0,0.0,0.0,0.0,0.0,0.0,-1.5336576159330313,1,NOR,0.759441207152654,0.0,0.0,0.0,0.0,-0.92,5.0,0.0,0.0,0.0,0.0,0.0,-1.9174321551110414,1,FRA,0.6179579979919636,0.0,0.0,0.0,0.0,-0.4,5.0,0.0,0.0,0.0,0.0,0.0,-1.396613992457267,1,SEN,0.814710022704722,0.0,0.0,0.0,0.0
655,Kumel Saadi,GK,3.5,Iraq,IRQ,-0.53,5.0,0.0,0.0,0.0,0.0,0.0,-1.5336576159330313,1,NOR,0.759441207152654,0.0,0.0,0.0,0.0,-0.92,5.0,0.0,0.0,0.0,0.0,0.0,-1.9174321551110414,1,FRA,0.6179579979919636,0.0,0.0,0.0,0.0,-0.4,5.0,0.0,0.0,0.0,0.0,0.0,-1.396613992457267,1,SEN,0.814710022704722,0.0,0.0,0.0,0.0
656,Zidane Iqbal,MID,5.6,Iraq,IRQ,2.63,75.0,0.06020446328399306,0.05932699565570017,0.36122677970395833,0.17798098696710052,0.08654293015629012,0.0,2,NOR,0.759441207152654,0.0792746860678202,0.10415903183716314,0.0792746860678202,0.10415903183716314,2.5,75.0,0.048988426293911584,0.048274430090155904,0.2939305577634695,0.1448232902704677,0.057258835315783435,0.0,2,FRA,0.6179579979919636,0.0792746860678202,0.10415903183716314,0.0792746860678202,0.10415903183716314,2.68,75.0,0.06458588128622351,0.06364455539471779,0.3875152877173411,0.19093366618415336,0.100665908254129,0.0,2,SEN,0.814710022704722,0.0792746860678202,0.10415903183716314,0.0792746860678202,0.10415903183716314
657,Ibrahim Bayesh,MID,5.6,Iraq,IRQ,2.34,75.0,0.0348163339015143,0.014583208181308668,0.2088980034090858,0.043749624543926,0.08654293015629012,0.0,2,NOR,0.759441207152654,0.04584467312756171,0.02560340075300887,0.04584467312756171,0.02560340075300887,2.26,75.0,0.028330082424504004,0.01186636970333647,0.16998049454702402,0.03559910911000941,0.057258835315783435,0.0,2,FRA,0.6179579979919636,0.04584467312756171,0.02560340075300887,0.04584467312756171,0.02560340075300887,2.37,75.0,0.03735011468464635,0.015644510406601465,0.2241006881078781,0.0469335312198044,0.100665908254129,0.0,2,SEN,0.814710022704722,0.0458446731275617,0.02560340075300887,0.0458446731275617,0.02560340075300887
659,Kaishu Sano,MID,4.9,Japan,JPN,1.03,5.0,0.002601470394106903,0.003187550886288172,0.015608822364641419,0.009562652658864516,0.0,0.0,1,NED,1.1503434777034498,0.0022614727205655903,0.003694607680889434,0.0022614727205655903,0.003694607680889434,1.04,5.0,0.004267234566453619,0.0052285920128521774,0.025603407398721717,0.01568577603855653,0.0,0.0,1,TUN,1.886927278692264,0.00226147272056559,0.003694607680889434,0.00226147272056559,0.003694607680889434,1.03,5.0,0.0035265893202673848,0.004321088158011445,0.021159535921604307,0.012963264474034335,0.0,0.0,1,SWE,1.55942156109024,0.0022614727205655903,0.003694607680889434,0.0022614727205655903,0.003694607680889434
662,Yukinari Sugawara,DEF,4.4,Japan,JPN,2.7,80.0,0.0196512989349082,0.08613660981730463,0.13755909254435741,0.2584098294519139,1.0635752798133886,-0.7605168302758355,2,NED,1.1503434777034498,0.017082983748593187,0.09983871366752486,0.017082983748593187,0.09983871366752486,4.17,80.0,0.03223434803667711,0.14129129421659914,0.22564043625673977,0.4238738826497974,1.8783594667062122,-0.3547110339839668,2,TUN,1.886927278692264,0.017082983748593183,0.09983871366752488,0.017082983748593183,0.09983871366752488,3.67,80.0,0.026639573185310385,0.11676798204348986,0.1864770122971727,0.35030394613046956,1.5937391864171155,-0.46210280480912486,2,SWE,1.55942156109024,0.017082983748593187,0.09983871366752488,0.017082983748593187,0.09983871366752488
663,Tsuyoshi Watanabe,DEF,4.3,Japan,JPN,0.32,25.0,0.008359119152652241,0.00590749654581422,0.05851383406856569,0.017722489637442662,0.0,-0.7605168302758355,1,NED,1.1503434777034498,0.007266628893606995,0.006847226253510495,0.007266628893606995,0.006847226253510495,0.77,25.0,0.01371160028348042,0.009690163500845088,0.09598120198436294,0.02907049050253526,0.0,-0.3547110339839668,1,TUN,1.886927278692264,0.007266628893606993,0.006847226253510494,0.007266628893606993,0.006847226253510494,0.64,25.0,0.011331737773132062,0.008008284190040559,0.07932216441192443,0.02402485257012168,0.0,-0.46210280480912486,1,SWE,1.55942156109024,0.007266628893606994,0.006847226253510494,0.007266628893606994,0.006847226253510494
665,Hiroki Ito,DEF,3.9,Japan,JPN,0.39,25.0,0.010543490516269014,0.025063158460636087,0.0738044336138831,0.07518947538190826,0.0,-0.7605168302758355,1,NED,1.1503434777034498,0.009165515101035806,0.02905005788436021,0.009165515101035806,0.02905005788436021,0.89,25.0,0.017294660467410346,0.04111151000219142,0.12106262327187242,0.12333453000657425,0.0,-0.3547110339839668,1,TUN,1.886927278692264,0.009165515101035807,0.02905005788436021,0.009165515101035807,0.02905005788436021,0.74,25.0,0.014292901867053426,0.03397596496184313,0.10005031306937398,0.10192789488552939,0.0,-0.46210280480912486,1,SWE,1.55942156109024,0.009165515101035806,0.02905005788436021,0.009165515101035806,0.02905005788436021
666,Shogo Taniguchi,DEF,3.9,Japan,JPN,0.26,5.0,0.001864114752392716,0.0027698925130628924,0.013048803266749013,0.008309677539188678,0.0,-0.7605168302758355,1,NED,1.1503434777034498,0.0016204853493968967,0.003210510677028646,0.0016204853493968967,0.003210510677028646,0.68,5.0,0.003057738010498169,0.004543500131263591,0.021404166073487184,0.013630500393790773,0.0,-0.3547110339839668,1,TUN,1.886927278692264,0.001620485349396897,0.003210510677028646,0.001620485349396897,0.003210510677028646,0.57,5.0,0.002527019793280372,0.003754904678901671,0.017689138552962606,0.011264714036705013,0.0,-0.46210280480912486,1,SWE,1.55942156109024,0.001620485349396897,0.0032105106770286456,0.001620485349396897,0.0032105106770286456
667,Ayumu Seko,DEF,3.8,Japan,JPN,0.25,5.0,0.0012140072680163663,0.0012884973333344794,0.008498050876114565,0.003865492000003438,0.0,-0.7605168302758355,1,NED,1.1503434777034498,0.0010553432879369343,0.0014934638894774168,0.0010553432879369343,0.0014934638894774168,0.67,5.0,0.001991356038392986,0.0021135433145975896,0.013939492268750901,0.006340629943792768,0.0,-0.3547110339839668,1,TUN,1.886927278692264,0.0010553432879369343,0.0014934638894774168,0.0010553432879369343,0.0014934638894774168,0.55,5.0,0.001645725077560721,0.0017467048424705813,0.011520075542925048,0.005240114527411744,0.0,-0.46210280480912486,1,SWE,1.55942156109024,0.0010553432879369345,0.0014934638894774168,0.0010553432879369345,0.0014934638894774168
668,Junnosuke Suzuki,DEF,3.5,Japan,JPN,0.25,5.0,0.0011075154024008955,0.0011754712514630333,0.007752607816806268,0.0035264137543890997,0.0,-0.7605168302758355,1,NED,1.1503434777034498,0.0009627693153108875,0.001362458285137292,0.0009627693153108875,0.001362458285137292,0.66,5.0,0.001816675684147987,0.0019281447782293797,0.012716729789035909,0.005784434334688139,0.0,-0.3547110339839668,1,TUN,1.886927278692264,0.0009627693153108874,0.0013624582851372922,0.0009627693153108874,0.0013624582851372922,0.55,5.0,0.0015013632286518855,0.0015934851194468458,0.010509542600563198,0.004780455358340537,0.0,-0.46210280480912486,1,SWE,1.55942156109024,0.0009627693153108874,0.0013624582851372922,0.0009627693153108874,0.0013624582851372922
669,Junya Ito,MID,5.0,Japan,JPN,1.35,35.0,0.038545480731678024,0.040401320280485875,0.23127288439006816,0.12120396084145763,0.0,0.0,1,NED,1.1503434777034498,0.03350780134697714,0.04682812402100194,0.03350780134697714,0.04682812402100194,1.58,35.0,0.06322678441061255,0.06627094846890977,0.3793607064636753,0.1988128454067293,0.0,0.0,1,TUN,1.886927278692264,0.03350780134697714,0.046828124021001935,0.03350780134697714,0.046828124021001935,1.48,35.0,0.05225278788520474,0.05476858969781866,0.3135167273112284,0.16430576909345598,0.0,0.0,1,SWE,1.55942156109024,0.03350780134697714,0.04682812402100194,0.03350780134697714,0.04682812402100194
670,Daizen Maeda,MID,5.0,Japan,JPN,1.48,35.0,0.06016664788450384,0.04020378451415919,0.36099988730702304,0.12061135354247757,0.0,0.0,1,NED,1.1503434777034498,0.05230320252227689,0.04659916543004724,0.05230320252227689,0.04659916543004724,1.79,35.0,0.09869233960225028,0.06594692731068723,0.5921540376135017,0.19784078193206167,0.0,0.0,1,TUN,1.886927278692264,0.05230320252227689,0.046599165430047225,0.05230320252227689,0.046599165430047225,1.65,35.0,0.081562741727308,0.05450080747531995,0.489376450363848,0.16350242242595986,0.0,0.0,1,SWE,1.55942156109024,0.05230320252227689,0.046599165430047225,0.05230320252227689,0.046599165430047225
671,Keito Nakamura,MID,5.5,Japan,JPN,2.97,75.0,0.08259745871073862,0.0865742577438983,0.4955847522644317,0.2597227732316949,0.21271505596267773,0.0,2,NED,1.1503434777034498,0.07180243145780815,0.10034598004500417,0.07180243145780815,0.10034598004500417,3.61,75.0,0.13548596659416975,0.14200917529052093,0.8129157995650185,0.4260275258715628,0.37567189334124246,0.0,2,TUN,1.886927278692264,0.07180243145780815,0.10034598004500415,0.07180243145780815,0.10034598004500415,3.34,75.0,0.11197025975401015,0.11736126363818286,0.6718215585240609,0.35208379091454856,0.3187478372834231,0.0,2,SWE,1.55942156109024,0.07180243145780815,0.10034598004500417,0.07180243145780815,0.10034598004500417
672,Ayase Ueda,FWD,7.0,Japan,JPN,3.58,70.0,0.2968579537326648,0.030387605439638702,1.484289768663324,0.09116281631891611,0.0,0.0,2,NED,1.1503434777034498,0.25806027459321385,0.03522148648483626,0.25806027459321385,0.03522148648483626,4.58,70.0,0.4869409716767514,0.049845287733246334,2.434704858383757,0.149535863199739,0.0,0.0,2,TUN,1.886927278692264,0.25806027459321385,0.035221486484836265,0.25806027459321385,0.035221486484836265,4.14,70.0,0.4024247562615255,0.041193859078576624,2.0121237813076274,0.12358157723572988,0.0,0.0,2,SWE,1.55942156109024,0.25806027459321385,0.035221486484836265,0.25806027459321385,0.035221486484836265
673,Koki Ogawa,FWD,4.9,Japan,JPN,3.29,70.0,0.20151862795757886,0.09439516242646387,1.0075931397878943,0.28318548727939163,0.0,0.0,2,NED,1.1503434777034498,0.17518126704198944,0.10941098811625055,0.17518126704198944,0.10941098811625055,4.12,70.0,0.33055431149740394,0.15483793354892122,1.6527715574870196,0.4645138006467637,0.0,0.0,2,TUN,1.886927278692264,0.17518126704198944,0.10941098811625057,0.17518126704198944,0.10941098811625057,3.75,70.0,0.2731814449243854,0.12796339041650187,1.365907224621927,0.38389017124950564,0.0,0.0,2,SWE,1.55942156109024,0.17518126704198944,0.10941098811625057,0.17518126704198944,0.10941098811625057
675,Keisuke Goto,FWD,4.2,Japan,JPN,1.6,35.0,0.09288304258013343,0.04491555002624289,0.4644152129006671,0.13474665007872866,0.0,0.0,1,NED,1.1503434777034498,0.0807437468725128,0.0520604508094834,0.0807437468725128,0.0520604508094834,1.98,35.0,0.1523575785575676,0.07367571358007324,0.761787892787838,0.22102714074021973,0.0,0.0,1,TUN,1.886927278692264,0.08074374687251282,0.052060450809483405,0.08074374687251282,0.052060450809483405,1.81,35.0,0.12591353979620912,0.0608881421042897,0.6295676989810456,0.1826644263128691,0.0,0.0,1,SWE,1.55942156109024,0.08074374687251282,0.052060450809483405,0.08074374687251282,0.052060450809483405
676,Kento Shiogai,FWD,4.0,Japan,JPN,1.17,10.0,0.026538012165752405,0.012833014293212255,0.13269006082876203,0.03849904287963676,0.0,0.0,1,NED,1.1503434777034498,0.023069641963575083,0.014874414516995258,0.023069641963575083,0.014874414516995258,1.28,10.0,0.04353073673073359,0.021050203880020924,0.21765368365366797,0.06315061164006278,0.0,0.0,1,TUN,1.886927278692264,0.023069641963575086,0.014874414516995256,0.023069641963575086,0.014874414516995256,1.23,10.0,0.035975297084631166,0.017396612029797056,0.17987648542315582,0.052189836089391164,0.0,0.0,1,SWE,1.55942156109024,0.023069641963575083,0.014874414516995258,0.023069641963575083,0.014874414516995258
677,Zion Suzuki,GK,4.3,Japan,JPN,2.3,90.0,0.0,0.0,0.0,0.0,1.0635752798133886,-0.7605168302758355,2,NED,1.1503434777034498,0.0,0.0,0.0,0.0,3.52,90.0,0.0,0.0,0.0,0.0,1.8783594667062122,-0.3547110339839668,2,TUN,1.886927278692264,0.0,0.0,0.0,0.0,3.13,90.0,0.0,0.0,0.0,0.0,1.5937391864171155,-0.46210280480912486,2,SWE,1.55942156109024,0.0,0.0,0.0,0.0
678,Keisuke Osako,GK,4.0,Japan,JPN,0.24,5.0,0.0,0.0,0.0,0.0,0.0,-0.7605168302758355,1,NED,1.1503434777034498,0.0,0.0,0.0,0.0,0.65,5.0,0.0,0.0,0.0,0.0,0.0,-0.3547110339839668,1,TUN,1.886927278692264,0.0,0.0,0.0,0.0,0.54,5.0,0.0,0.0,0.0,0.0,0.0,-0.46210280480912486,1,SWE,1.55942156109024,0.0,0.0,0.0,0.0
679,Tomoki Hayakawa,GK,3.8,Japan,JPN,0.24,5.0,0.0,0.0,0.0,0.0,0.0,-0.7605168302758355,1,NED,1.1503434777034498,0.0,0.0,0.0,0.0,0.65,5.0,0.0,0.0,0.0,0.0,0.0,-0.3547110339839668,1,TUN,1.886927278692264,0.0,0.0,0.0,0.0,0.54,5.0,0.0,0.0,0.0,0.0,0.0,-0.46210280480912486,1,SWE,1.55942156109024,0.0,0.0,0.0,0.0
680,Yuito Suzuki,MID,5.0,Japan,JPN,1.1,10.0,0.011894679378861316,0.008971446722756593,0.0713680762731679,0.026914340168269782,0.0,0.0,1,NED,1.1503434777034498,0.010340111114123845,0.010398571553216695,0.010340111114123845,0.010398571553216695,1.16,10.0,0.019511037725949337,0.014716011242398476,0.11706622635569602,0.044148033727195425,0.0,0.0,1,TUN,1.886927278692264,0.010340111114123843,0.010398571553216695,0.010340111114123843,0.010398571553216695,1.13,10.0,0.016124592215433543,0.012161817513469307,0.09674755329260126,0.03648545254040792,0.0,0.0,1,SWE,1.55942156109024,0.010340111114123841,0.010398571553216695,0.010340111114123841,0.010398571553216695
681,Ao Tanaka,MID,5.0,Japan,JPN,1.07,10.0,0.009643768452440336,0.003462970309755932,0.057862610714642014,0.010388910929267796,0.0,0.0,1,NED,1.1503434777034498,0.008383381693694819,0.004013839201800166,0.008383381693694819,0.004013839201800166,1.11,10.0,0.01581883160552211,0.0056803670116208375,0.09491298963313266,0.01704110103486251,0.0,0.0,1,TUN,1.886927278692264,0.00838338169369482,0.004013839201800166,0.00838338169369482,0.004013839201800166,1.09,10.0,0.013073226167996917,0.0046944505455273145,0.0784393570079815,0.014083351636581944,0.0,0.0,1,SWE,1.55942156109024,0.00838338169369482,0.004013839201800167,0.00838338169369482,0.004013839201800167
682,Daichi Kamada,MID,5.8,Japan,JPN,2.49,75.0,0.033038983484295445,0.025972277323169493,0.19823390090577267,0.07791683196950848,0.21271505596267773,0.0,2,NED,1.1503434777034498,0.02872097258312326,0.030103794013501252,0.02872097258312326,0.030103794013501252,2.83,75.0,0.0541943866376679,0.04260275258715628,0.3251663198260074,0.12780825776146884,0.37567189334124246,0.0,2,TUN,1.886927278692264,0.028720972583123262,0.03010379401350125,0.028720972583123262,0.03010379401350125,2.69,75.0,0.04478810390160406,0.035208379091454856,0.26872862340962433,0.10562513727436457,0.3187478372834231,0.0,2,SWE,1.55942156109024,0.028720972583123262,0.03010379401350125,0.028720972583123262,0.03010379401350125
684,Ritsu Doan,DEF,5.1,Japan,JPN,2.86,80.0,0.04641825329749823,0.07723485570240092,0.3249277730824876,0.23170456710720277,1.0635752798133886,-0.7605168302758355,2,NED,1.1503434777034498,0.040351646440563826,0.0895209210111666,0.040351646440563826,0.0895209210111666,4.44,80.0,0.07614062240884548,0.12668960090221928,0.5329843568619184,0.3800688027066579,1.8783594667062122,-0.3547110339839668,2,TUN,1.886927278692264,0.040351646440563826,0.0895209210111666,0.040351646440563826,0.0895209210111666,3.89,80.0,0.06292522748490548,0.10470064079510212,0.44047659239433834,0.3141019223853064,1.5937391864171155,-0.46210280480912486,2,SWE,1.55942156109024,0.04035164644056383,0.0895209210111666,0.04035164644056383,0.0895209210111666
685,Yousef Qashi,MID,4.2,Jordan,JOR,1.32,35.0,0.036623095226584156,0.031872481960102825,0.21973857135950492,0.09561744588030847,0.0,0.0,1,AUT,0.9693867241331782,0.03777965420284911,0.04383868847747092,0.03777965420284911,0.04383868847747092,1.34,35.0,0.039037887440370476,0.03397403620599936,0.23422732464222284,0.10192210861799808,0.0,0.0,1,ALG,1.033304519696384,0.037779654202849115,0.04383868847747092,0.037779654202849115,0.04383868847747092,1.19,35.0,0.02192373712513281,0.019079870548779007,0.13154242275079686,0.05723961164633702,0.0,0.0,1,ARG,0.580305394205526,0.03777965420284911,0.04383868847747092,0.03777965420284911,0.04383868847747092
686,Ibrahim Sadeh,MID,4.4,Jordan,JOR,1.32,35.0,0.036623095226584156,0.031872481960102825,0.21973857135950492,0.09561744588030847,0.0,0.0,1,AUT,0.9693867241331782,0.03777965420284911,0.04383868847747092,0.03777965420284911,0.04383868847747092,1.34,35.0,0.039037887440370476,0.03397403620599936,0.23422732464222284,0.10192210861799808,0.0,0.0,1,ALG,1.033304519696384,0.037779654202849115,0.04383868847747092,0.037779654202849115,0.04383868847747092,1.19,35.0,0.02192373712513281,0.019079870548779007,0.13154242275079686,0.05723961164633702,0.0,0.0,1,ARG,0.580305394205526,0.03777965420284911,0.04383868847747092,0.03777965420284911,0.04383868847747092
687,Mohammad Al Daoud,MID,4.7,Jordan,JOR,2.82,75.0,0.07847806119982319,0.06829817562879176,0.4708683671989391,0.20489452688637527,0.14822578938138561,0.0,2,AUT,0.9693867241331782,0.0809564018632481,0.09394004673743767,0.0809564018632481,0.09394004673743767,2.89,75.0,0.083652615943651,0.07280150615571292,0.501915695661906,0.21840451846713876,0.17065733043573297,0.0,2,ALG,1.033304519696384,0.08095640186324808,0.09394004673743767,0.08095640186324808,0.09394004673743767,2.45,75.0,0.04697943669671316,0.04088543689024072,0.2818766201802789,0.12265631067072216,0.048313253359853925,0.0,2,ARG,0.580305394205526,0.0809564018632481,0.09394004673743767,0.0809564018632481,0.09394004673743767
688,Noor Al Rawabdeh,MID,4.7,Jordan,JOR,2.82,75.0,0.07847806119982319,0.06829817562879176,0.4708683671989391,0.20489452688637527,0.14822578938138561,0.0,2,AUT,0.9693867241331782,0.0809564018632481,0.09394004673743767,0.0809564018632481,0.09394004673743767,2.89,75.0,0.083652615943651,0.07280150615571292,0.501915695661906,0.21840451846713876,0.17065733043573297,0.0,2,ALG,1.033304519696384,0.08095640186324808,0.09394004673743767,0.08095640186324808,0.09394004673743767,2.45,75.0,0.04697943669671316,0.04088543689024072,0.2818766201802789,0.12265631067072216,0.048313253359853925,0.0,2,ARG,0.580305394205526,0.0809564018632481,0.09394004673743767,0.0809564018632481,0.09394004673743767
689,Nizar Al Rashdan,MID,4.9,Jordan,JOR,2.82,75.0,0.07847806119982319,0.06829817562879176,0.4708683671989391,0.20489452688637527,0.14822578938138561,0.0,2,AUT,0.9693867241331782,0.0809564018632481,0.09394004673743767,0.0809564018632481,0.09394004673743767,2.89,75.0,0.083652615943651,0.07280150615571292,0.501915695661906,0.21840451846713876,0.17065733043573297,0.0,2,ALG,1.033304519696384,0.08095640186324808,0.09394004673743767,0.08095640186324808,0.09394004673743767,2.45,75.0,0.04697943669671316,0.04088543689024072,0.2818766201802789,0.12265631067072216,0.048313253359853925,0.0,2,ARG,0.580305394205526,0.0809564018632481,0.09394004673743767,0.0809564018632481,0.09394004673743767
690,Yazan Al Arab,DEF,3.7,Jordan,JOR,1.88,80.0,0.019775550626850498,0.020464044519958043,0.1384288543879535,0.06139213355987413,0.7411289469069281,-1.0572443532225544,2,AUT,0.9693867241331782,0.02040006339527057,0.0281470666081959,0.02040006339527057,0.0281470666081959,2.13,80.0,0.021079477708425838,0.021813368356832993,0.14755634395898087,0.06544010507049898,0.8532866521786648,-0.9387549790209436,2,ALG,1.033304519696384,0.02040006339527057,0.0281470666081959,0.02040006339527057,0.0281470666081959,0.28,80.0,0.011838266830410208,0.01225042093784874,0.08286786781287145,0.036751262813546216,0.24156626679926962,-2.0783626126390025,2,ARG,0.580305394205526,0.02040006339527057,0.0281470666081959,0.02040006339527057,0.0281470666081959
691,Abdallah Nasib,DEF,3.6,Jordan,JOR,1.99,80.0,0.028338326898718336,0.034962560051449564,0.19836828829102834,0.10488768015434868,0.7411289469069281,-1.0572443532225544,2,AUT,0.9693867241331782,0.029233252522679592,0.0480889056706967,0.029233252522679592,0.0480889056706967,2.24,80.0,0.03020685195711054,0.03726786268258798,0.21144796369977378,0.11180358804776394,0.8532866521786648,-0.9387549790209436,2,ALG,1.033304519696384,0.029233252522679592,0.0480889056706967,0.029233252522679592,0.0480889056706967,0.34,80.0,0.016964214129083267,0.0209296885216095,0.11874949890358287,0.0627890655648285,0.24156626679926962,-2.0783626126390025,2,ARG,0.580305394205526,0.029233252522679592,0.0480889056706967,0.029233252522679592,0.0480889056706967
692,Mohannad Abu Taha,DEF,3.5,Jordan,JOR,1.99,80.0,0.028338326898718336,0.034962560051449564,0.19836828829102834,0.10488768015434868,0.7411289469069281,-1.0572443532225544,2,AUT,0.9693867241331782,0.029233252522679592,0.0480889056706967,0.029233252522679592,0.0480889056706967,2.24,80.0,0.03020685195711054,0.03726786268258798,0.21144796369977378,0.11180358804776394,0.8532866521786648,-0.9387549790209436,2,ALG,1.033304519696384,0.029233252522679592,0.0480889056706967,0.029233252522679592,0.0480889056706967,0.34,80.0,0.016964214129083267,0.0209296885216095,0.11874949890358287,0.0627890655648285,0.24156626679926962,-2.0783626126390025,2,ARG,0.580305394205526,0.029233252522679592,0.0480889056706967,0.029233252522679592,0.0480889056706967
693,Mohammad Abu Hasheesh,DEF,3.5,Jordan,JOR,1.99,80.0,0.028338326898718336,0.034962560051449564,0.19836828829102834,0.10488768015434868,0.7411289469069281,-1.0572443532225544,2,AUT,0.9693867241331782,0.029233252522679592,0.0480889056706967,0.029233252522679592,0.0480889056706967,2.24,80.0,0.03020685195711054,0.03726786268258798,0.21144796369977378,0.11180358804776394,0.8532866521786648,-0.9387549790209436,2,ALG,1.033304519696384,0.029233252522679592,0.0480889056706967,0.029233252522679592,0.0480889056706967,0.34,80.0,0.016964214129083267,0.0209296885216095,0.11874949890358287,0.0627890655648285,0.24156626679926962,-2.0783626126390025,2,ARG,0.580305394205526,0.029233252522679592,0.0480889056706967,0.029233252522679592,0.0480889056706967
695,Husam Abu Al Dahab,DEF,3.5,Jordan,JOR,0.04,25.0,0.008855727155849482,0.01092580001607799,0.06199009009094637,0.03277740004823397,0.0,-1.0572443532225544,1,AUT,0.9693867241331782,0.009135391413337374,0.015027783022092721,0.009135391413337374,0.015027783022092721,0.16,25.0,0.009439641236597044,0.011646207088308746,0.06607748865617931,0.03493862126492624,0.0,-0.9387549790209436,1,ALG,1.033304519696384,0.009135391413337373,0.015027783022092725,0.009135391413337373,0.015027783022092725,-1.02,25.0,0.0053013169153385215,0.00654052766300297,0.03710921840736965,0.01962158298900891,0.0,-2.0783626126390025,1,ARG,0.580305394205526,0.009135391413337374,0.015027783022092723,0.009135391413337374,0.015027783022092723
696,Mohammad Taha,DEF,3.5,Jordan,JOR,0.04,25.0,0.008855727155849482,0.01092580001607799,0.06199009009094637,0.03277740004823397,0.0,-1.0572443532225544,1,AUT,0.9693867241331782,0.009135391413337374,0.015027783022092721,0.009135391413337374,0.015027783022092721,0.16,25.0,0.009439641236597044,0.011646207088308746,0.06607748865617931,0.03493862126492624,0.0,-0.9387549790209436,1,ALG,1.033304519696384,0.009135391413337373,0.015027783022092725,0.009135391413337373,0.015027783022092725,-1.02,25.0,0.0053013169153385215,0.00654052766300297,0.03710921840736965,0.01962158298900891,0.0,-2.0783626126390025,1,ARG,0.580305394205526,0.009135391413337374,0.015027783022092723,0.009135391413337374,0.015027783022092723
697,Ahmad Assaf,DEF,3.5,Jordan,JOR,-0.04,5.0,0.001771145431169896,0.0021851600032155977,0.012398018018189272,0.006555480009646793,0.0,-1.0572443532225544,1,AUT,0.9693867241331782,0.0018270782826674745,0.003005556604418544,0.0018270782826674745,0.003005556604418544,0.08,5.0,0.0018879282473194087,0.0023292414176617486,0.013215497731235861,0.006987724252985246,0.0,-0.9387549790209436,1,ALG,1.033304519696384,0.0018270782826674745,0.003005556604418544,0.0018270782826674745,0.003005556604418544,-1.07,5.0,0.0010602633830677042,0.0013081055326005938,0.007421843681473929,0.003924316597801781,0.0,-2.0783626126390025,1,ARG,0.580305394205526,0.0018270782826674745,0.003005556604418544,0.0018270782826674745,0.003005556604418544
698,Saleem Obaid,DEF,3.5,Jordan,JOR,-0.04,5.0,0.001771145431169896,0.0021851600032155977,0.012398018018189272,0.006555480009646793,0.0,-1.0572443532225544,1,AUT,0.9693867241331782,0.0018270782826674745,0.003005556604418544,0.0018270782826674745,0.003005556604418544,0.08,5.0,0.0018879282473194087,0.0023292414176617486,0.013215497731235861,0.006987724252985246,0.0,-0.9387549790209436,1,ALG,1.033304519696384,0.0018270782826674745,0.003005556604418544,0.0018270782826674745,0.003005556604418544,-1.07,5.0,0.0010602633830677042,0.0013081055326005938,0.007421843681473929,0.003924316597801781,0.0,-2.0783626126390025,1,ARG,0.580305394205526,0.0018270782826674745,0.003005556604418544,0.0018270782826674745,0.003005556604418544
699,Mohammad Abu Al Nadi,DEF,3.5,Jordan,JOR,-0.04,5.0,0.001771145431169896,0.0021851600032155977,0.012398018018189272,0.006555480009646793,0.0,-1.0572443532225544,1,AUT,0.9693867241331782,0.0018270782826674745,0.003005556604418544,0.0018270782826674745,0.003005556604418544,0.08,5.0,0.0018879282473194087,0.0023292414176617486,0.013215497731235861,0.006987724252985246,0.0,-0.9387549790209436,1,ALG,1.033304519696384,0.0018270782826674745,0.003005556604418544,0.0018270782826674745,0.003005556604418544,-1.07,5.0,0.0010602633830677042,0.0013081055326005938,0.007421843681473929,0.003924316597801781,0.0,-2.0783626126390025,1,ARG,0.580305394205526,0.0018270782826674745,0.003005556604418544,0.0018270782826674745,0.003005556604418544
700,Amer Jamous,DEF,3.5,Jordan,JOR,-0.04,5.0,0.001771145431169896,0.0021851600032155977,0.012398018018189272,0.006555480009646793,0.0,-1.0572443532225544,1,AUT,0.9693867241331782,0.0018270782826674745,0.003005556604418544,0.0018270782826674745,0.003005556604418544,0.08,5.0,0.0018879282473194087,0.0023292414176617486,0.013215497731235861,0.006987724252985246,0.0,-0.9387549790209436,1,ALG,1.033304519696384,0.0018270782826674745,0.003005556604418544,0.0018270782826674745,0.003005556604418544,-1.07,5.0,0.0010602633830677042,0.0013081055326005938,0.007421843681473929,0.003924316597801781,0.0,-2.0783626126390025,1,ARG,0.580305394205526,0.0018270782826674745,0.003005556604418544,0.0018270782826674745,0.003005556604418544
701,Mousa Al Tamari,FWD,5.6,Jordan,JOR,2.81,70.0,0.10693284246791426,0.0909299176591201,0.5346642123395713,0.2727897529773603,0.0,0.0,2,AUT,0.9693867241331782,0.11030978638946515,0.12506865133785733,0.11030978638946515,0.12506865133785733,2.86,70.0,0.11398360084297698,0.09692550202480438,0.5699180042148849,0.29077650607441313,0.0,0.0,2,ALG,1.033304519696384,0.11030978638946513,0.12506865133785733,0.11030978638946513,0.12506865133785733,2.48,70.0,0.06401336407546593,0.054433509763026584,0.32006682037732964,0.16330052928907976,0.0,0.0,2,ARG,0.580305394205526,0.11030978638946513,0.12506865133785733,0.11030978638946513,0.12506865133785733
702,Mohammad Abu Zraiq,FWD,4.2,Jordan,JOR,3.1,70.0,0.1765013406903233,0.07086748888406902,0.8825067034516165,0.21260246665220706,0.0,0.0,2,AUT,0.9693867241331782,0.18207526088017156,0.09747398311365495,0.18207526088017156,0.09747398311365495,3.17,70.0,0.18813918999237944,0.0755402304781115,0.9406959499618972,0.2266206914343345,0.0,0.0,2,ALG,1.033304519696384,0.18207526088017154,0.09747398311365495,0.18207526088017154,0.09747398311365495,2.66,70.0,0.10565925604014191,0.042423508646664235,0.5282962802007095,0.12727052593999272,0.0,0.0,2,ARG,0.580305394205526,0.1820752608801715,0.09747398311365495,0.1820752608801715,0.09747398311365495
703,Mahmoud Al Mardi,FWD,4.2,Jordan,JOR,1.55,35.0,0.08825067034516165,0.03543374444203451,0.44125335172580826,0.10630123332610353,0.0,0.0,1,AUT,0.9693867241331782,0.09103763044008578,0.04873699155682747,0.09103763044008578,0.04873699155682747,1.58,35.0,0.09406959499618972,0.03777011523905575,0.4703479749809486,0.11331034571716725,0.0,0.0,1,ALG,1.033304519696384,0.09103763044008577,0.04873699155682747,0.09103763044008577,0.04873699155682747,1.33,35.0,0.052829628020070955,0.021211754323332117,0.26414814010035476,0.06363526296999636,0.0,0.0,1,ARG,0.580305394205526,0.09103763044008575,0.04873699155682747,0.09103763044008575,0.04873699155682747
705,Ibrahim Sabra,FWD,4.0,Jordan,JOR,1.16,10.0,0.025214477241474756,0.010123926983438431,0.12607238620737377,0.030371780950315293,0.0,0.0,1,AUT,0.9693867241331782,0.026010751554310218,0.013924854730522136,0.026010751554310218,0.013924854730522136,1.17,10.0,0.026877027141768487,0.010791461496873071,0.13438513570884245,0.03237438449061921,0.0,0.0,1,ALG,1.033304519696384,0.026010751554310214,0.013924854730522135,0.026010751554310214,0.013924854730522135,1.09,10.0,0.015094179434305988,0.006060501235237748,0.07547089717152994,0.018181503705713243,0.0,0.0,1,ARG,0.580305394205526,0.026010751554310218,0.013924854730522136,0.026010751554310218,0.013924854730522136
707,Ali Azaizeh,FWD,4.0,Jordan,JOR,1.08,5.0,0.012607238620737378,0.005061963491719216,0.06303619310368688,0.015185890475157646,0.0,0.0,1,AUT,0.9693867241331782,0.013005375777155109,0.006962427365261068,0.013005375777155109,0.006962427365261068,1.08,5.0,0.013438513570884244,0.0053957307484365355,0.06719256785442122,0.016187192245309606,0.0,0.0,1,ALG,1.033304519696384,0.013005375777155107,0.006962427365261067,0.013005375777155107,0.006962427365261067,1.05,5.0,0.007547089717152994,0.003030250617618874,0.03773544858576497,0.009090751852856621,0.0,0.0,1,ARG,0.580305394205526,0.013005375777155109,0.006962427365261068,0.013005375777155109,0.006962427365261068
708,Odeh Fakhoury,FWD,4.0,Jordan,JOR,1.08,5.0,0.012607238620737378,0.005061963491719216,0.06303619310368688,0.015185890475157646,0.0,0.0,1,AUT,0.9693867241331782,0.013005375777155109,0.006962427365261068,0.013005375777155109,0.006962427365261068,1.08,5.0,0.013438513570884244,0.0053957307484365355,0.06719256785442122,0.016187192245309606,0.0,0.0,1,ALG,1.033304519696384,0.013005375777155107,0.006962427365261067,0.013005375777155107,0.006962427365261067,1.05,5.0,0.007547089717152994,0.003030250617618874,0.03773544858576497,0.009090751852856621,0.0,0.0,1,ARG,0.580305394205526,0.013005375777155109,0.006962427365261068,0.013005375777155109,0.006962427365261068
709,Yazeed  Abulaila,GK,3.9,Jordan,JOR,1.68,90.0,0.0,0.0,0.0,0.0,0.7411289469069281,-1.0572443532225544,2,AUT,0.9693867241331782,0.0,0.0,0.0,0.0,1.91,90.0,0.0,0.0,0.0,0.0,0.8532866521786648,-0.9387549790209436,2,ALG,1.033304519696384,0.0,0.0,0.0,0.0,0.16,90.0,0.0,0.0,0.0,0.0,0.24156626679926962,-2.0783626126390025,2,ARG,0.580305394205526,0.0,0.0,0.0,0.0
710,Abdallah Al Fakhouri,GK,3.6,Jordan,JOR,-0.06,5.0,0.0,0.0,0.0,0.0,0.0,-1.0572443532225544,1,AUT,0.9693867241331782,0.0,0.0,0.0,0.0,0.06,5.0,0.0,0.0,0.0,0.0,0.0,-0.9387549790209436,1,ALG,1.033304519696384,0.0,0.0,0.0,0.0,-1.08,5.0,0.0,0.0,0.0,0.0,0.0,-2.0783626126390025,1,ARG,0.580305394205526,0.0,0.0,0.0,0.0
713,Park Jin-Seob,MID,4.9,Korea Republic,KOR,1.08,10.0,0.009618905764700356,0.008145416225090968,0.057713434588202134,0.0244362486752729,0.0,0.0,1,CZE,1.2970017332844126,0.007416262845187021,0.008373585545861722,0.007416262845187021,0.008373585545861722,1.07,10.0,0.00836743315606403,0.007085652719656438,0.05020459893638418,0.021256958158969316,0.0,0.0,1,MEX,1.1282546655549426,0.007416262845187022,0.008373585545861722,0.007416262845187022,0.008373585545861722,1.1,10.0,0.011386721939817213,0.00964242627051828,0.06832033163890328,0.02892727881155484,0.0,0.0,1,RSA,1.5353719491221816,0.007416262845187021,0.008373585545861723,0.007416262845187021,0.008373585545861723
714,Kim Jin-Gyu,MID,4.9,Korea Republic,KOR,1.13,10.0,0.014249429696807741,0.015609925236035289,0.08549657818084644,0.04682977570810587,0.0,0.0,1,CZE,1.2970017332844126,0.01098643843807652,0.016047190311258456,0.01098643843807652,0.016047190311258456,1.12,10.0,0.01239550042559199,0.013578988003294068,0.07437300255355195,0.04073696400988221,0.0,0.0,1,MEX,1.1282546655549426,0.01098643843807652,0.016047190311258456,0.01098643843807652,0.016047190311258456,1.16,10.0,0.016868269398580403,0.018478804399598616,0.10120961639148242,0.055436413198795845,0.0,0.0,1,RSA,1.5353719491221816,0.01098643843807652,0.01604719031125846,0.01098643843807652,0.01604719031125846
715,Kim Min-Jae,DEF,5.0,Korea Republic,KOR,3.12,80.0,0.04238947086989742,0.04554010611078513,0.29672629608928197,0.13662031833235538,1.2966509517203504,-0.6089833533852407,2,CZE,1.2970017332844126,0.03268266323943459,0.04681577512412764,0.03268266323943459,0.04681577512412764,2.61,80.0,0.036874367282653094,0.03961508752902602,0.25812057097857166,0.11884526258707806,1.024511148921354,-0.7901245712758813,2,MEX,1.1282546655549426,0.03268266323943459,0.046815775124127636,0.03268266323943459,0.046815775124127636,3.61,80.0,0.05018004436043456,0.0539097209264982,0.3512603105230419,0.1617291627794946,1.5706331888434595,-0.47208570715234155,2,RSA,1.5353719491221816,0.03268266323943459,0.04681577512412764,0.03268266323943459,0.04681577512412764
716,Seol Young-Woo,DEF,4.2,Korea Republic,KOR,3.16,80.0,0.04498649469006926,0.05220456528214557,0.3149054628304848,0.15661369584643672,1.2966509517203504,-0.6089833533852407,2,CZE,1.2970017332844126,0.03468499195922386,0.05366691906154702,0.03468499195922386,0.05366691906154702,2.64,80.0,0.03913350400272998,0.04541246386286243,0.2739345280191099,0.13623739158858728,1.024511148921354,-0.7901245712758813,2,MEX,1.1282546655549426,0.03468499195922385,0.05366691906154702,0.03468499195922385,0.05366691906154702,3.66,80.0,0.05325436370972073,0.06179901159218236,0.3727805459680451,0.18539703477654706,1.5706331888434595,-0.47208570715234155,2,RSA,1.5353719491221816,0.03468499195922386,0.05366691906154702,0.03468499195922386,0.05366691906154702
717,Cho Yu-Min,DEF,3.9,Korea Republic,KOR,3.16,80.0,0.04498649469006926,0.05220456528214557,0.3149054628304848,0.15661369584643672,1.2966509517203504,-0.6089833533852407,2,CZE,1.2970017332844126,0.03468499195922386,0.05366691906154702,0.03468499195922386,0.05366691906154702,2.64,80.0,0.03913350400272998,0.04541246386286243,0.2739345280191099,0.13623739158858728,1.024511148921354,-0.7901245712758813,2,MEX,1.1282546655549426,0.03468499195922385,0.05366691906154702,0.03468499195922385,0.05366691906154702,3.66,80.0,0.05325436370972073,0.06179901159218236,0.3727805459680451,0.18539703477654706,1.5706331888434595,-0.47208570715234155,2,RSA,1.5353719491221816,0.03468499195922386,0.05366691906154702,0.03468499195922386,0.05366691906154702
718,Kim Moon-Hwan,DEF,3.9,Korea Republic,KOR,0.5,25.0,0.00807394991071088,0.016213495221823863,0.056517649374976164,0.04864048566547159,0.0,-0.6089833533852407,1,CZE,1.2970017332844126,0.006225087988329147,0.016667667493670178,0.006225087988329147,0.016667667493670178,0.3,25.0,0.007023484566322392,0.014104030210238877,0.049164391964256746,0.04231209063071663,0.0,-0.7901245712758813,1,MEX,1.1282546655549426,0.006225087988329147,0.016667667493670178,0.006225087988329147,0.016667667493670178,0.65,25.0,0.009557825478098003,0.019193301845307608,0.06690477834668603,0.05757990553592282,0.0,-0.47208570715234155,1,RSA,1.5353719491221816,0.0062250879883291475,0.016667667493670178,0.0062250879883291475,0.016667667493670178
719,Lee Han-Beom,DEF,3.7,Korea Republic,KOR,0.54,25.0,0.014058279590646644,0.016313926650670493,0.0984079571345265,0.048941779952011474,0.0,-0.6089833533852407,1,CZE,1.2970017332844126,0.010839059987257456,0.016770912206733445,0.010839059987257456,0.016770912206733445,0.34,25.0,0.012229220000853122,0.01419139495714451,0.08560454000597185,0.04257418487143353,0.0,-0.7901245712758813,1,MEX,1.1282546655549426,0.010839059987257456,0.016770912206733445,0.010839059987257456,0.016770912206733445,0.7,25.0,0.01664198865928773,0.019312191122556988,0.1164939206150141,0.05793657336767097,0.0,-0.47208570715234155,1,RSA,1.5353719491221816,0.010839059987257456,0.016770912206733445,0.010839059987257456,0.016770912206733445
720,Lee Tae-Seok,DEF,3.7,Korea Republic,KOR,0.43,5.0,0.002918827926214113,0.004816636593457682,0.020431795483498792,0.014449909780373048,0.0,-0.6089833533852407,1,CZE,1.2970017332844126,0.002250442579458033,0.004951560171278474,0.002250442579458033,0.004951560171278474,0.24,5.0,0.002539072339837025,0.004189965648765726,0.017773506378859175,0.01256989694629718,0.0,-0.7901245712758813,1,MEX,1.1282546655549426,0.002250442579458033,0.004951560171278474,0.002250442579458033,0.004951560171278474,0.57,5.0,0.0034552664096100297,0.005701864943528696,0.02418686486727021,0.017105594830586088,0.0,-0.47208570715234155,1,RSA,1.5353719491221816,0.002250442579458033,0.004951560171278475,0.002250442579458033,0.004951560171278475
722,Kim Tae-Hyeon,DEF,3.6,Korea Republic,KOR,0.41,5.0,0.001670472395319492,0.0021725918844150197,0.011693306767236445,0.006517775653245059,0.0,-0.6089833533852407,1,CZE,1.2970017332844126,0.0012879492389646506,0.0022334505073362187,0.0012879492389646506,0.0022334505073362187,0.23,5.0,0.0014531347378598047,0.0018899257163911066,0.010171943165018633,0.0056697771491733195,0.0,-0.7901245712758813,1,MEX,1.1282546655549426,0.0012879492389646506,0.0022334505073362187,0.0012879492389646506,0.0022334505073362187,0.55,5.0,0.001977481133399586,0.002571882944037552,0.013842367933797103,0.007715648832112655,0.0,-0.47208570715234155,1,RSA,1.5353719491221816,0.0012879492389646508,0.0022334505073362187,0.0012879492389646508,0.0022334505073362187
723,Son Heung-Min,FWD,7.4,Korea Republic,KOR,3.72,70.0,0.2801921459277981,0.10581623440577313,1.4009607296389905,0.3174487032173194,0.0,0.0,2,CZE,1.2970017332844126,0.2160306642137357,0.10878035774381832,0.2160306642137357,0.10878035774381832,3.49,70.0,0.24373760480208043,0.09204895960889906,1.218688024010402,0.2761468788266972,0.0,0.0,2,MEX,1.1282546655549426,0.21603066421373565,0.10878035774381832,0.21603066421373565,0.10878035774381832,4.03,70.0,0.33168742198400286,0.1252637324215009,1.6584371099200144,0.3757911972645027,0.0,0.0,2,RSA,1.5353719491221816,0.21603066421373568,0.10878035774381832,0.21603066421373568,0.10878035774381832
724,Hwang Hee-Chan,FWD,6.1,Korea Republic,KOR,2.85,70.0,0.11924937975372263,0.08354945784947138,0.5962468987686131,0.2506483735484141,0.0,0.0,2,CZE,1.2970017332844126,0.0919423441723135,0.08588984445728597,0.0919423441723135,0.08588984445728597,2.74,70.0,0.10373437877447099,0.07267921329954091,0.5186718938723549,0.21803763989862274,0.0,0.0,2,MEX,1.1282546655549426,0.09194234417231349,0.08588984445728597,0.09194234417231349,0.08588984445728597,3.0,70.0,0.14116569617870744,0.09890464342063814,0.7058284808935372,0.2967139302619144,0.0,0.0,2,RSA,1.5353719491221816,0.0919423441723135,0.08588984445728598,0.0919423441723135,0.08588984445728598
725,Cho Gue-Sung,FWD,5.3,Korea Republic,KOR,1.86,35.0,0.14009607296389906,0.052908117202886566,0.7004803648194953,0.1587243516086597,0.0,0.0,1,CZE,1.2970017332844126,0.10801533210686785,0.05439017887190916,0.10801533210686785,0.05439017887190916,1.75,35.0,0.12186880240104021,0.04602447980444953,0.609344012005201,0.1380734394133486,0.0,0.0,1,MEX,1.1282546655549426,0.10801533210686783,0.05439017887190916,0.10801533210686783,0.05439017887190916,2.02,35.0,0.16584371099200143,0.06263186621075045,0.8292185549600072,0.18789559863225136,0.0,0.0,1,RSA,1.5353719491221816,0.10801533210686784,0.05439017887190916,0.10801533210686784,0.05439017887190916
726,Oh Hyeon-Gyu,FWD,4.9,Korea Republic,KOR,1.22,10.0,0.039076867066760446,0.007677202028630325,0.19538433533380223,0.023031606085890974,0.0,0.0,1,CZE,1.2970017332844126,0.03012861591773331,0.007892255737843678,0.03012861591773331,0.007892255737843678,1.19,10.0,0.03399275147589552,0.0066783557684811715,0.1699637573794776,0.020035067305443514,0.0,0.0,1,MEX,1.1282546655549426,0.030128615917733314,0.007892255737843678,0.030128615917733314,0.007892255737843678,1.26,10.0,0.04625863174596378,0.009088161056387828,0.2312931587298189,0.02726448316916348,0.0,0.0,1,RSA,1.5353719491221816,0.03012861591773331,0.007892255737843678,0.03012861591773331,0.007892255737843678
727,Yang Hyun-Jun,FWD,4.7,Korea Republic,KOR,1.16,10.0,0.028289383206708922,0.00493746284108596,0.14144691603354462,0.014812388523257879,0.0,0.0,1,CZE,1.2970017332844126,0.021811368852277004,0.00507577100259048,0.021811368852277004,0.00507577100259048,1.14,10.0,0.02460877866972128,0.004295071736220897,0.1230438933486064,0.01288521520866269,0.0,0.0,1,MEX,1.1282546655549426,0.021811368852277,0.005075771002590479,0.021811368852277,0.005075771002590479,1.18,10.0,0.03348856390774338,0.0058448973131588955,0.1674428195387169,0.017534691939476686,0.0,0.0,1,RSA,1.5353719491221816,0.021811368852277,0.005075771002590479,0.021811368852277,0.005075771002590479
728,Eom Ji-Sung,FWD,4.6,Korea Republic,KOR,1.04,5.0,0.00587105831142634,0.0036369019326988124,0.0293552915571317,0.010910705798096438,0.0,0.0,1,CZE,1.2970017332844126,0.004526638755184228,0.0037387787945757462,0.004526638755184228,0.0037387787945757462,1.04,5.0,0.005107201294818423,0.0031637209638434773,0.025536006474092113,0.009491162891530432,0.0,0.0,1,MEX,1.1282546655549426,0.004526638755184228,0.0037387787945757462,0.004526638755184228,0.0037387787945757462,1.05,5.0,0.006950074168519214,0.004305312063873333,0.03475037084259607,0.01291593619162,0.0,0.0,1,RSA,1.5353719491221816,0.004526638755184228,0.0037387787945757462,0.004526638755184228,0.0037387787945757462
729,Jo Hyeon-Woo,GK,4.6,Korea Republic,KOR,2.69,90.0,0.0,0.0,0.0,0.0,1.2966509517203504,-0.6089833533852407,2,CZE,1.2970017332844126,0.0,0.0,0.0,0.0,2.23,90.0,0.0,0.0,0.0,0.0,1.024511148921354,-0.7901245712758813,2,MEX,1.1282546655549426,0.0,0.0,0.0,0.0,3.1,90.0,0.0,0.0,0.0,0.0,1.5706331888434595,-0.47208570715234155,2,RSA,1.5353719491221816,0.0,0.0,0.0,0.0
730,Kim Seung-Gyu,GK,4.1,Korea Republic,KOR,0.39,5.0,0.0,0.0,0.0,0.0,0.0,-0.6089833533852407,1,CZE,1.2970017332844126,0.0,0.0,0.0,0.0,0.21,5.0,0.0,0.0,0.0,0.0,0.0,-0.7901245712758813,1,MEX,1.1282546655549426,0.0,0.0,0.0,0.0,0.53,5.0,0.0,0.0,0.0,0.0,0.0,-0.47208570715234155,1,RSA,1.5353719491221816,0.0,0.0,0.0,0.0
731,Song Bum-Keun,GK,3.9,Korea Republic,KOR,0.39,5.0,0.0,0.0,0.0,0.0,0.0,-0.6089833533852407,1,CZE,1.2970017332844126,0.0,0.0,0.0,0.0,0.21,5.0,0.0,0.0,0.0,0.0,0.0,-0.7901245712758813,1,MEX,1.1282546655549426,0.0,0.0,0.0,0.0,0.53,5.0,0.0,0.0,0.0,0.0,0.0,-0.47208570715234155,1,RSA,1.5353719491221816,0.0,0.0,0.0,0.0
732,Paik Seung-Ho,MID,5.6,Korea Republic,KOR,1.29,35.0,0.03979552721912091,0.018666860914654845,0.23877316331472548,0.056000582743964536,0.0,0.0,1,CZE,1.2970017332844126,0.030682709357948378,0.01918975684263689,0.030682709357948378,0.01918975684263689,1.26,35.0,0.03461790998497156,0.01623819951642746,0.20770745990982936,0.04871459854928238,0.0,0.0,1,MEX,1.1282546655549426,0.03068270935794838,0.019189756842636886,0.03068270935794838,0.019189756842636886,1.35,35.0,0.04710937127126261,0.02209756077499509,0.28265622762757564,0.06629268232498528,0.0,0.0,1,RSA,1.5353719491221816,0.03068270935794838,0.01918975684263689,0.03068270935794838,0.01918975684263689
733,Jens Castrop,MID,5.6,Korea Republic,KOR,1.4,35.0,0.05349650685171673,0.026283351990202628,0.3209790411103004,0.07885005597060789,0.0,0.0,1,CZE,1.2970017332844126,0.041246287864432456,0.027019600992765562,0.041246287864432456,0.027019600992765562,1.35,35.0,0.046536316719868125,0.022863743161140527,0.27921790031920873,0.06859122948342158,0.0,0.0,1,MEX,1.1282546655549426,0.041246287864432456,0.027019600992765562,0.041246287864432456,0.027019600992765562,1.47,35.0,0.06332839339246825,0.03111385308057457,0.37997036035480947,0.09334155924172371,0.0,0.0,1,RSA,1.5353719491221816,0.04124628786443246,0.027019600992765562,0.04124628786443246,0.027019600992765562
735,Bae Jun-Ho,MID,5.9,Korea Republic,KOR,2.86,75.0,0.06655290715842568,0.06587092232426017,0.3993174429505541,0.19761276697278052,0.25933019034407007,0.0,2,CZE,1.2970017332844126,0.05131288991410442,0.0677160979653738,0.05131288991410442,0.0677160979653738,2.72,75.0,0.05789400744869547,0.057300752596956404,0.3473640446921728,0.1719022577908692,0.2049022297842708,0.0,2,MEX,1.1282546655549426,0.05131288991410442,0.0677160979653738,0.05131288991410442,0.0677160979653738,3.02,75.0,0.07878437180251044,0.07797704799003342,0.47270623081506263,0.23393114397010029,0.3141266377686919,0.0,2,RSA,1.5353719491221816,0.051312889914104425,0.0677160979653738,0.051312889914104425,0.0677160979653738
736,Lee Kang-In,MID,6.1,Korea Republic,KOR,3.37,75.0,0.11724820220068403,0.13729132266935848,0.7034892132041042,0.4118739680080754,0.25933019034407007,0.0,2,CZE,1.2970017332844126,0.09039941828279215,0.14113712587640528,0.09039941828279215,0.14113712587640528,3.18,75.0,0.10199356544101303,0.11942896556480209,0.6119613926460782,0.3582868966944063,0.2049022297842708,0.0,2,MEX,1.1282546655549426,0.09039941828279216,0.14113712587640528,0.09039941828279216,0.14113712587640528,3.63,75.0,0.13879673104836196,0.16252348803776928,0.8327803862901717,0.48757046411330784,0.3141266377686919,0.0,2,RSA,1.5353719491221816,0.09039941828279215,0.14113712587640526,0.09039941828279215,0.14113712587640526
737,Lee Jae-Sung,MID,6.2,Korea Republic,KOR,3.12,75.0,0.1106512174471833,0.06549653528186679,0.6639073046830998,0.19648960584560038,0.25933019034407007,0.0,2,CZE,1.2970017332844126,0.08531308371267934,0.0673312235967582,0.08531308371267934,0.0673312235967582,2.95,75.0,0.09625488473170986,0.056975075370424115,0.5775293083902592,0.17092522611127234,0.2049022297842708,0.0,2,MEX,1.1282546655549426,0.08531308371267934,0.06733122359675821,0.08531308371267934,0.06733122359675821,3.33,75.0,0.13098731562556035,0.07753385400790205,0.7859238937533621,0.23260156202370616,0.3141266377686919,0.0,2,RSA,1.5353719491221816,0.08531308371267936,0.06733122359675821,0.08531308371267936,0.06733122359675821
738,Obed Vargas,MID,4.7,Mexico,MEX,1.05,5.0,0.006153064879341217,0.0038017339254488966,0.0369183892760473,0.01140520177634669,0.0,0.0,1,RSA,1.886048690554659,0.0032624104086791585,0.0026876180835896045,0.0032624104086791585,0.0026876180835896045,1.04,5.0,0.005171645866952976,0.0031953541736273318,0.031029875201717856,0.009586062520881995,0.0,0.0,1,KOR,1.5852223414916105,0.0032624104086791577,0.002687618083589605,0.0032624104086791577,0.002687618083589605,1.04,5.0,0.005050640268526425,0.003120589629822176,0.030303841611158552,0.009361768889466528,0.0,0.0,1,CZE,1.5481314843435845,0.003262410408679158,0.002687618083589605,0.003262410408679158,0.002687618083589605
740,Johan Vásquez,DEF,4.7,Mexico,MEX,3.89,80.0,0.03849723232644632,0.03259762029901182,0.26948062628512426,0.09779286089703547,1.8776338387445832,-0.35495229245127374,2,RSA,1.886048690554659,0.020411579255212576,0.0230447357746813,0.020411579255212576,0.0230447357746813,3.47,80.0,0.032356891460489666,0.027398272502846828,0.22649824022342765,0.08219481750854049,1.617987748943325,-0.4518522153436076,2,KOR,1.5852223414916105,0.02041157925521258,0.0230447357746813,0.02041157925521258,0.0230447357746813,3.42,80.0,0.03159980849016896,0.026757210750872295,0.22119865943118272,0.08027163225261688,1.5829567179613746,-0.46673481728185284,2,CZE,1.5481314843435845,0.020411579255212576,0.0230447357746813,0.020411579255212576,0.0230447357746813
741,César Montes,DEF,4.7,Mexico,MEX,4.07,80.0,0.04836687447644803,0.06966793733672529,0.3385681213351362,0.20900381201017587,1.8776338387445832,-0.35495229245127374,2,RSA,1.886048690554659,0.025644552401361414,0.049251423667283994,0.025644552401361414,0.049251423667283994,3.63,80.0,0.04065231740419044,0.05855584286073545,0.28456622182933305,0.17566752858220636,1.617987748943325,-0.4518522153436076,2,KOR,1.5852223414916105,0.02564455240136141,0.049251423667284,0.02564455240136141,0.049251423667284,3.57,80.0,0.03970113897444648,0.05718575972105034,0.27790797282112534,0.17155727916315103,1.5829567179613746,-0.46673481728185284,2,CZE,1.5481314843435845,0.025644552401361414,0.049251423667283994,0.025644552401361414,0.049251423667283994
742,Jesús Gallardo,DEF,4.7,Mexico,MEX,4.38,80.0,0.0718125135623187,0.11759176106064878,0.5026875949362309,0.35277528318194634,1.8776338387445832,-0.35495229245127374,2,RSA,1.886048690554659,0.03807564137763575,0.08313094753742672,0.03807564137763575,0.08313094753742672,3.89,80.0,0.0603583573784506,0.09883577647927186,0.4225085016491542,0.29650732943781555,1.617987748943325,-0.4518522153436076,2,KOR,1.5852223414916105,0.038075641377635756,0.08313094753742671,0.038075641377635756,0.08313094753742671,3.82,80.0,0.058946099203293245,0.09652322790450381,0.4126226944230527,0.28956968371351144,1.5829567179613746,-0.46673481728185284,2,CZE,1.5481314843435845,0.038075641377635756,0.08313094753742672,0.038075641377635756,0.08313094753742672
743,Jorge Sánchez,DEF,4.0,Mexico,MEX,3.9,80.0,0.028662241392680737,0.05885690375869004,0.20063568974876517,0.17657071127607013,1.8776338387445832,-0.35495229245127374,2,RSA,1.886048690554659,0.015196978495953674,0.041608613855655445,0.015196978495953674,0.041608613855655445,3.48,80.0,0.024090589834953335,0.0494691782118618,0.16863412884467335,0.1484075346355854,1.617987748943325,-0.4518522153436076,2,KOR,1.5852223414916105,0.015196978495953674,0.04160861385565545,0.015196978495953674,0.04160861385565545,3.43,80.0,0.023526920876478292,0.048311703847376174,0.16468844613534805,0.14493511154212851,1.5829567179613746,-0.46673481728185284,2,CZE,1.5481314843435845,0.015196978495953672,0.041608613855655445,0.015196978495953672,0.041608613855655445
744,Israel Reyes,DEF,4.0,Mexico,MEX,0.76,25.0,0.008956950435212729,0.018392782424590637,0.0626986530464891,0.05517834727377191,0.0,-0.35495229245127374,1,RSA,1.886048690554659,0.004749055779985522,0.013002691829892327,0.004749055779985522,0.013002691829892327,0.65,25.0,0.0075283093234229164,0.015459118191206813,0.052698165263960414,0.04637735457362044,0.0,-0.4518522153436076,1,KOR,1.5852223414916105,0.004749055779985523,0.013002691829892329,0.004749055779985523,0.013002691829892329,0.63,25.0,0.007352162773899466,0.015097407452305056,0.05146513941729626,0.04529222235691517,0.0,-0.46673481728185284,1,CZE,1.5481314843435845,0.004749055779985523,0.013002691829892329,0.004749055779985523,0.013002691829892329
745,Jesús Angulo,DEF,3.9,Mexico,MEX,0.71,5.0,0.0057725163884079535,0.007611694250674292,0.04040761471885568,0.022835082752022874,0.0,-0.35495229245127374,1,RSA,1.886048690554659,0.003060640171866582,0.005381051782168505,0.003060640171866582,0.005381051782168505,0.6,5.0,0.004851795179709628,0.006397622629362571,0.0339625662579674,0.019192867888087713,0.0,-0.4518522153436076,1,KOR,1.5852223414916105,0.003060640171866582,0.005381051782168505,0.003060640171866582,0.005381051782168505,0.59,5.0,0.0047382734123134155,0.006247931762143664,0.03316791388619391,0.01874379528643099,0.0,-0.46673481728185284,1,CZE,1.5481314843435845,0.003060640171866582,0.005381051782168506,0.003060640171866582,0.005381051782168506
746,Richard Ledezma,DEF,3.9,Mexico,MEX,0.7,5.0,0.002433507232424063,0.012069250385197945,0.01703455062696844,0.03620775115559383,0.0,-0.35495229245127374,1,RSA,1.886048690554659,0.0012902674488792783,0.008532300320517217,0.0012902674488792783,0.008532300320517217,0.59,5.0,0.0020453607864628163,0.010144194819299943,0.014317525505239714,0.030432584457899828,0.0,-0.4518522153436076,1,KOR,1.5852223414916105,0.0012902674488792783,0.008532300320517218,0.0012902674488792783,0.008532300320517218,0.58,5.0,0.001997503660833687,0.009906842070050671,0.01398252562583581,0.02972052621015201,0.0,-0.46673481728185284,1,CZE,1.5481314843435845,0.0012902674488792783,0.008532300320517217,0.0012902674488792783,0.008532300320517217
747,Everardo López,DEF,3.5,Mexico,MEX,0.68,5.0,0.003022929654778002,0.00435424608354533,0.021160507583446012,0.013062738250635992,0.0,-0.35495229245127374,1,RSA,1.886048690554659,0.0016027845250850884,0.0030782139792052497,0.0016027845250850884,0.0030782139792052497,0.58,5.0,0.0025407698377619024,0.0036597401787959657,0.017785388864333316,0.010979220536387897,0.0,-0.4518522153436076,1,KOR,1.5852223414916105,0.0016027845250850881,0.00307821397920525,0.0016027845250850881,0.00307821397920525,0.56,5.0,0.002481321185902905,0.0035741099825656463,0.017369248301320334,0.01072232994769694,0.0,-0.46673481728185284,1,CZE,1.5481314843435845,0.0016027845250850884,0.0030782139792052497,0.0016027845250850884,0.0030782139792052497
748,Raúl Jiménez,FWD,7.0,Mexico,MEX,3.68,70.0,0.2697949336024928,0.11149826384944689,1.348974668012464,0.33449479154834066,0.0,0.0,2,RSA,1.886048690554659,0.1430477033565608,0.07882317807794376,0.1430477033565608,0.07882317807794376,3.41,70.0,0.22676241525988458,0.09371419718739615,1.1338120762994228,0.28114259156218846,0.0,0.0,2,KOR,1.5852223414916105,0.14304770335656078,0.07882317807794377,0.14304770335656078,0.07882317807794377,3.38,70.0,0.22145665332933323,0.09152148275886433,1.107283266646666,0.274564448276593,0.0,0.0,2,CZE,1.5481314843435845,0.1430477033565608,0.07882317807794377,0.1430477033565608,0.07882317807794377
749,Germán Berterame,FWD,5.6,Mexico,MEX,2.0,35.0,0.16454245119613692,0.058942645712225086,0.8227122559806845,0.17682793713667527,0.0,0.0,1,RSA,1.886048690554659,0.08724188936381458,0.04166922873017376,0.08724188936381458,0.04166922873017376,1.84,35.0,0.1382977921334582,0.049541244251846646,0.6914889606672909,0.14862373275553994,0.0,0.0,1,KOR,1.5852223414916105,0.08724188936381459,0.04166922873017375,0.08724188936381459,0.04166922873017375,1.82,35.0,0.13506191567774106,0.048382083694122176,0.6753095783887053,0.14514625108236653,0.0,0.0,1,CZE,1.5481314843435845,0.08724188936381459,0.04166922873017376,0.08724188936381459,0.04166922873017376
750,Julián Quiñones,FWD,5.6,Mexico,MEX,1.44,10.0,0.07931016210966352,0.013863279503874127,0.3965508105483176,0.04158983851162238,0.0,0.0,1,RSA,1.886048690554659,0.04205096215535113,0.009800580846296281,0.04205096215535113,0.009800580846296281,1.37,10.0,0.06666012468988082,0.011652074787857717,0.3333006234494041,0.03495622436357315,0.0,0.0,1,KOR,1.5852223414916105,0.04205096215535113,0.009800580846296281,0.04205096215535113,0.009800580846296281,1.36,10.0,0.06510041845963964,0.011379440829754473,0.3255020922981982,0.03413832248926342,0.0,0.0,1,CZE,1.5481314843435845,0.042050962155351125,0.009800580846296281,0.042050962155351125,0.009800580846296281
751,Alexis Vega,FWD,5.3,Mexico,MEX,1.3,10.0,0.023724680440678953,0.059633294809205664,0.11862340220339476,0.178899884427617,0.0,0.0,1,RSA,1.886048690554659,0.012579039215420189,0.04215747989105442,0.012579039215420189,0.04215747989105442,1.25,10.0,0.019940573998783184,0.05012173423821208,0.09970286999391592,0.15036520271463624,0.0,0.0,1,KOR,1.5852223414916105,0.01257903921542019,0.04215747989105442,0.01257903921542019,0.04215747989105442,1.24,10.0,0.019474006652184617,0.04894899143994218,0.09737003326092308,0.14684697431982652,0.0,0.0,1,CZE,1.5481314843435845,0.01257903921542019,0.04215747989105442,0.01257903921542019,0.04215747989105442
752,Roberto Alvarado,FWD,5.3,Mexico,MEX,1.07,5.0,0.009122640400045004,0.008420377958889298,0.04561320200022502,0.025261133876667893,0.0,0.0,1,RSA,1.886048690554659,0.00483690609141282,0.0059527469614533935,0.00483690609141282,0.0059527469614533935,1.06,5.0,0.007667571599804464,0.007077320607406665,0.03833785799902232,0.021231961822219994,0.0,0.0,1,KOR,1.5852223414916105,0.004836906091412819,0.005952746961453394,0.004836906091412819,0.005952746961453394,1.06,5.0,0.007488166606929455,0.006911726242017453,0.03744083303464727,0.020735178726052357,0.0,0.0,1,CZE,1.5481314843435845,0.00483690609141282,0.0059527469614533935,0.00483690609141282,0.0059527469614533935
753,Guillermo Martínez,FWD,4.7,Mexico,MEX,1.13,5.0,0.024190989411664608,0.0017078228386654438,0.12095494705832305,0.0051234685159963315,0.0,0.0,1,RSA,1.886048690554659,0.012826280431047832,0.0012073373978223922,0.012826280431047832,0.0012073373978223922,1.11,5.0,0.020332506297533668,0.0014354236625598006,0.10166253148766834,0.004306270987679402,0.0,0.0,1,KOR,1.5852223414916105,0.012826280431047834,0.0012073373978223922,0.012826280431047834,0.0012073373978223922,1.1,5.0,0.019856768562325152,0.0014018377783457255,0.09928384281162576,0.004205513335037176,0.0,0.0,1,CZE,1.5481314843435845,0.012826280431047834,0.0012073373978223922,0.012826280431047834,0.0012073373978223922
754,Armando González,FWD,4.4,Mexico,MEX,1.19,5.0,0.034807326215305696,0.005064100398777371,0.17403663107652848,0.015192301196332112,0.0,0.0,1,RSA,1.886048690554659,0.018455157806699773,0.003580042179637893,0.018455157806699773,0.003580042179637893,1.16,5.0,0.029255528470933788,0.0042563721349832325,0.14627764235466895,0.012769116404949698,0.0,0.0,1,KOR,1.5852223414916105,0.018455157806699773,0.003580042179637893,0.018455157806699773,0.003580042179637893,1.16,5.0,0.028571010849081212,0.0041567820101815894,0.14285505424540607,0.012470346030544768,0.0,0.0,1,CZE,1.5481314843435845,0.018455157806699773,0.003580042179637893,0.018455157806699773,0.003580042179637893
755,Guillermo Ochoa,GK,4.2,Mexico,MEX,3.52,90.0,0.0,0.0,0.0,0.0,1.8776338387445832,-0.35495229245127374,2,RSA,1.886048690554659,0.0,0.0,0.0,0.0,3.17,90.0,0.0,0.0,0.0,0.0,1.617987748943325,-0.4518522153436076,2,KOR,1.5852223414916105,0.0,0.0,0.0,0.0,3.12,90.0,0.0,0.0,0.0,0.0,1.5829567179613746,-0.46673481728185284,2,CZE,1.5481314843435845,0.0,0.0,0.0,0.0
756,Carlos Acevedo,GK,4.0,Mexico,MEX,0.65,5.0,0.0,0.0,0.0,0.0,0.0,-0.35495229245127374,1,RSA,1.886048690554659,0.0,0.0,0.0,0.0,0.55,5.0,0.0,0.0,0.0,0.0,0.0,-0.4518522153436076,1,KOR,1.5852223414916105,0.0,0.0,0.0,0.0,0.53,5.0,0.0,0.0,0.0,0.0,0.0,-0.46673481728185284,1,CZE,1.5481314843435845,0.0,0.0,0.0,0.0
757,Raúl Rangel,GK,3.9,Mexico,MEX,0.65,5.0,0.0,0.0,0.0,0.0,0.0,-0.35495229245127374,1,RSA,1.886048690554659,0.0,0.0,0.0,0.0,0.55,5.0,0.0,0.0,0.0,0.0,0.0,-0.4518522153436076,1,KOR,1.5852223414916105,0.0,0.0,0.0,0.0,0.53,5.0,0.0,0.0,0.0,0.0,0.0,-0.46673481728185284,1,CZE,1.5481314843435845,0.0,0.0,0.0,0.0
758,Brian Gutiérrez,MID,5.0,Mexico,MEX,1.1,5.0,0.013400239982382385,0.007131049101562495,0.08040143989429431,0.021393147304687485,0.0,0.0,1,RSA,1.886048690554659,0.007104927910658326,0.005041261933674582,0.007104927910658326,0.005041261933674582,1.09,5.0,0.011262890458662887,0.005993640784929109,0.06757734275197733,0.017980922354787328,0.0,0.0,1,KOR,1.5852223414916105,0.007104927910658325,0.005041261933674582,0.007104927910658325,0.005041261933674582,1.08,5.0,0.010999362592481637,0.00585340224025833,0.06599617555488982,0.01756020672077499,0.0,0.0,1,CZE,1.5481314843435845,0.007104927910658326,0.005041261933674582,0.007104927910658326,0.005041261933674582
759,Érik Lira,MID,5.6,Mexico,MEX,1.03,5.0,0.003023812799270075,0.002304267590409248,0.01814287679562045,0.006912802771227744,0.0,0.0,1,RSA,1.886048690554659,0.0016032527762476886,0.0016289912358035657,0.0016032527762476886,0.0016289912358035657,1.02,5.0,0.002541512119966286,0.001936734975817381,0.015249072719797717,0.005810204927452143,0.0,0.0,1,KOR,1.5852223414916105,0.0016032527762476886,0.001628991235803566,0.0016032527762476886,0.001628991235803566,1.02,5.0,0.002482046100270307,0.0018914194649004485,0.014892276601621842,0.005674258394701346,0.0,0.0,1,CZE,1.5481314843435845,0.0016032527762476888,0.001628991235803566,0.0016032527762476888,0.001628991235803566
760,Carlos Rodríguez,MID,5.9,Mexico,MEX,1.51,35.0,0.05892317774332375,0.052104973230314454,0.3535390664599425,0.15631491969094335,0.0,0.0,1,RSA,1.886048690554659,0.031241599455205642,0.03683536803070986,0.031241599455205642,0.03683536803070986,1.43,35.0,0.04952488144032411,0.04379418626951032,0.2971492886419447,0.13138255880853097,0.0,0.0,1,KOR,1.5852223414916105,0.031241599455205642,0.03683536803070986,0.031241599455205642,0.03683536803070986,1.42,35.0,0.04836610373785523,0.042769494739293805,0.2901966224271314,0.1283084842178814,0.0,0.0,1,CZE,1.5481314843435845,0.03124159945520564,0.03683536803070986,0.03124159945520564,0.03683536803070986
761,Érick Sánchez,MID,4.5,Mexico,MEX,1.05,5.0,0.006876515671559178,0.002304267590409248,0.04125909402935507,0.006912802771227744,0.0,0.0,1,RSA,1.886048690554659,0.0036459905335407307,0.0016289912358035657,0.0036459905335407307,0.0016289912358035657,1.04,5.0,0.005779705650635683,0.001936734975817381,0.034678233903814096,0.005810204927452143,0.0,0.0,1,KOR,1.5852223414916105,0.0036459905335407307,0.001628991235803566,0.0036459905335407307,0.001628991235803566,1.04,5.0,0.00564447273659307,0.0018914194649004485,0.03386683641955842,0.005674258394701346,0.0,0.0,1,CZE,1.5481314843435845,0.003645990533540731,0.001628991235803566,0.003645990533540731,0.001628991235803566
762,Orbelín Pineda,MID,6.2,Mexico,MEX,3.28,75.0,0.11396865960484204,0.07263891329242221,0.6838119576290522,0.21791673987726662,0.37552676774891663,0.0,2,RSA,1.886048690554659,0.06042720963440533,0.05135174127525498,0.06042720963440533,0.05135174127525498,3.08,75.0,0.0957905627464564,0.06105294565802331,0.5747433764787384,0.18315883697406993,0.323597549788665,0.0,2,KOR,1.5852223414916105,0.06042720963440532,0.05135174127525497,0.06042720963440532,0.05135174127525497,3.06,75.0,0.09354926574605288,0.05962443558306615,0.5612955944763173,0.17887330674919844,0.3165913435922749,0.0,2,CZE,1.5481314843435845,0.060427209634405336,0.05135174127525497,0.060427209634405336,0.05135174127525497
763,Álvaro Fidalgo,MID,6.4,Mexico,MEX,2.91,75.0,0.07232611209507485,0.03456401385613872,0.4339566725704491,0.10369204156841616,0.37552676774891663,0.0,2,RSA,1.886048690554659,0.03834795594476663,0.024434868537053487,0.03834795594476663,0.024434868537053487,2.78,75.0,0.060790036514180065,0.02905102463726071,0.36474021908508036,0.08715307391178213,0.323597549788665,0.0,2,KOR,1.5852223414916105,0.03834795594476662,0.024434868537053487,0.03834795594476662,0.024434868537053487,2.76,75.0,0.05936767795831394,0.028371291973506726,0.35620606774988367,0.08511387592052018,0.3165913435922749,0.0,2,CZE,1.5481314843435845,0.03834795594476663,0.02443486853705349,0.03834795594476663,0.02443486853705349
765,Samir El Mourabet,MID,4.7,Morocco,MAR,1.04,10.0,0.004570369338344862,0.005571704839852293,0.027422216030069172,0.01671511451955688,0.0,0.0,1,BRA,1.0222325785401172,0.004470968186977519,0.00726736746844757,0.004470968186977519,0.00726736746844757,1.06,10.0,0.006505666491809889,0.00793101187135326,0.039033998950859336,0.02379303561405978,0.0,0.0,1,SCO,1.4550912061416108,0.004470968186977519,0.007267367468447571,0.004470968186977519,0.007267367468447571,1.09,10.0,0.00960687204878902,0.01171166956705165,0.05764123229273412,0.03513500870115495,0.0,0.0,1,HAI,2.1487229716307814,0.004470968186977518,0.007267367468447571,0.004470968186977518,0.007267367468447571
766,Oussama Targhalline,MID,5.3,Morocco,MAR,1.21,35.0,0.019317698139796495,0.031658747962833626,0.11590618883877897,0.09497624388850087,0.0,0.0,1,BRA,1.0222325785401172,0.01889755672567657,0.04129360072903238,0.01889755672567657,0.04129360072903238,1.3,35.0,0.02749766860909423,0.04506446646805337,0.1649860116545654,0.13519339940416011,0.0,0.0,1,SCO,1.4550912061416108,0.01889755672567657,0.04129360072903238,0.01889755672567657,0.04129360072903238,1.44,35.0,0.04060561424415702,0.0665463813508661,0.24363368546494213,0.1996391440525983,0.0,0.0,1,HAI,2.1487229716307814,0.01889755672567657,0.04129360072903238,0.01889755672567657,0.04129360072903238
770,Souffian El Karouani,DEF,4.0,Morocco,MAR,2.28,80.0,0.021201905524889403,0.08594307856125158,0.14841333867422582,0.2578292356837547,0.8334927815663609,-0.9582667059644514,2,BRA,1.0222325785401172,0.020740784406586336,0.11209853199812202,0.020740784406586336,0.11209853199812202,3.56,80.0,0.030179732998502823,0.12233519109888846,0.21125813098951976,0.3670055732966654,1.4890307576457755,-0.5091186538959663,2,SCO,1.4550912061416108,0.020740784406586336,0.11209853199812199,0.020740784406586336,0.11209853199812199,4.66,80.0,0.04456619990407357,0.1806515180928397,0.31196339932851497,0.5419545542785191,2.0928172945122876,-0.2894902252748383,2,HAI,2.1487229716307814,0.020740784406586336,0.11209853199812199,0.020740784406586336,0.11209853199812199
773,Anass Salah-Eddine,DEF,3.9,Morocco,MAR,2.02,80.0,0.014825102003914646,0.01437341848580198,0.10377571402740252,0.043120255457405936,0.8334927815663609,-0.9582667059644514,2,BRA,1.0222325785401172,0.014502670248571851,0.01874774721858192,0.014502670248571851,0.01874774721858192,3.19,80.0,0.021102707944268467,0.020459761584543296,0.14771895560987927,0.06137928475362989,1.4890307576457755,-0.5091186538959663,2,SCO,1.4550912061416108,0.01450267024857185,0.01874774721858192,0.01450267024857185,0.01874774721858192,4.11,80.0,0.03116222071309263,0.03021278633617054,0.21813554499164842,0.09063835900851162,2.0928172945122876,-0.2894902252748383,2,HAI,2.1487229716307814,0.014502670248571851,0.01874774721858192,0.014502670248571851,0.01874774721858192
774,Ismaël Baouf,DEF,3.5,Morocco,MAR,0.13,25.0,0.007757988304936657,0.010530270717834838,0.0543059181345566,0.03159081215350451,0.0,-0.9582667059644514,1,BRA,1.0222325785401172,0.00758925949710592,0.013734996567184937,0.00758925949710592,0.013734996567184937,0.61,25.0,0.011043064755365527,0.01498925454097201,0.07730145328755869,0.04496776362291603,0.0,-0.5091186538959663,1,SCO,1.4550912061416108,0.00758925949710592,0.013734996567184937,0.00758925949710592,0.013734996567184937,0.89,25.0,0.01630721621909856,0.02213452697938515,0.11415051353368993,0.06640358093815546,0.0,-0.2894902252748383,1,HAI,2.1487229716307814,0.00758925949710592,0.013734996567184937,0.00758925949710592,0.013734996567184937
775,Abdelhamid Aït Boudlal,DEF,3.5,Morocco,MAR,0.06,5.0,0.0019522074885166421,0.0018159550482295017,0.013665452419616496,0.005447865144688506,0.0,-0.9582667059644514,1,BRA,1.0222325785401172,0.0019097488472776436,0.002368613022583601,0.0019097488472776436,0.002368613022583601,0.52,5.0,0.0027788587536127776,0.002584910984935424,0.019452011275289442,0.0077547329548062725,0.0,-0.5091186538959663,1,SCO,1.4550912061416108,0.0019097488472776438,0.0023686130225836015,0.0019097488472776438,0.0023686130225836015,0.75,5.0,0.004103521218190878,0.003817119909396902,0.02872464852733615,0.011451359728190705,0.0,-0.2894902252748383,1,HAI,2.1487229716307814,0.0019097488472776438,0.002368613022583601,0.0019097488472776438,0.002368613022583601
777,Ayoub El Kaabi,FWD,5.9,Morocco,MAR,3.18,70.0,0.21428228441810354,0.036893770503800466,1.0714114220905178,0.1106813115114014,0.0,0.0,2,BRA,1.0222325785401172,0.20962185017046403,0.048121821821917966,0.20962185017046403,0.048121821821917966,3.68,70.0,0.30501891079817656,0.05251622981743973,1.5250945539908827,0.1575486894523192,0.0,0.0,2,SCO,1.4550912061416108,0.20962185017046406,0.04812182182191797,0.20962185017046406,0.04812182182191797,4.48,70.0,0.4504192848170219,0.07755034798910893,2.2520964240851096,0.23265104396732678,0.0,0.0,2,HAI,2.1487229716307814,0.20962185017046406,0.04812182182191797,0.20962185017046406,0.04812182182191797
782,Gessime Yassine,FWD,4.0,Morocco,MAR,1.07,5.0,0.011044469647263456,0.004878713307323943,0.055222348236317276,0.014636139921971828,0.0,0.0,1,BRA,1.0222325785401172,0.010804263021079228,0.006363474626999123,0.010804263021079228,0.006363474626999123,1.1,5.0,0.015721188110813376,0.006944576977688768,0.07860594055406689,0.020833730933066303,0.0,0.0,1,SCO,1.4550912061416108,0.010804263021079227,0.006363474626999123,0.010804263021079227,0.006363474626999123,1.15,5.0,0.023215368144933923,0.010255008082816975,0.11607684072466962,0.030765024248450925,0.0,0.0,1,HAI,2.1487229716307814,0.010804263021079228,0.006363474626999123,0.010804263021079228,0.006363474626999123
783,Rayane Bounida,FWD,4.0,Morocco,MAR,1.07,5.0,0.011044469647263456,0.004878713307323943,0.055222348236317276,0.014636139921971828,0.0,0.0,1,BRA,1.0222325785401172,0.010804263021079228,0.006363474626999123,0.010804263021079228,0.006363474626999123,1.1,5.0,0.015721188110813376,0.006944576977688768,0.07860594055406689,0.020833730933066303,0.0,0.0,1,SCO,1.4550912061416108,0.010804263021079227,0.006363474626999123,0.010804263021079227,0.006363474626999123,1.15,5.0,0.023215368144933923,0.010255008082816975,0.11607684072466962,0.030765024248450925,0.0,0.0,1,HAI,2.1487229716307814,0.010804263021079228,0.006363474626999123,0.010804263021079228,0.006363474626999123
784,Yassir Zabiri,FWD,4.0,Morocco,MAR,1.07,5.0,0.011044469647263456,0.004878713307323943,0.055222348236317276,0.014636139921971828,0.0,0.0,1,BRA,1.0222325785401172,0.010804263021079228,0.006363474626999123,0.010804263021079228,0.006363474626999123,1.1,5.0,0.015721188110813376,0.006944576977688768,0.07860594055406689,0.020833730933066303,0.0,0.0,1,SCO,1.4550912061416108,0.010804263021079227,0.006363474626999123,0.010804263021079227,0.006363474626999123,1.15,5.0,0.023215368144933923,0.010255008082816975,0.11607684072466962,0.030765024248450925,0.0,0.0,1,HAI,2.1487229716307814,0.010804263021079228,0.006363474626999123,0.010804263021079228,0.006363474626999123
787,El Mehdi Al Harrar,GK,3.5,Morocco,MAR,0.04,5.0,0.0,0.0,0.0,0.0,0.0,-0.9582667059644514,1,BRA,1.0222325785401172,0.0,0.0,0.0,0.0,0.49,5.0,0.0,0.0,0.0,0.0,0.0,-0.5091186538959663,1,SCO,1.4550912061416108,0.0,0.0,0.0,0.0,0.71,5.0,0.0,0.0,0.0,0.0,0.0,-0.2894902252748383,1,HAI,2.1487229716307814,0.0,0.0,0.0,0.0
792,Ismael Saibari,MID,6.8,Morocco,MAR,3.39,75.0,0.1490036268588701,0.10809810799851245,0.8940217611532205,0.32429432399553737,0.16669855631327218,0.0,2,BRA,1.0222325785401172,0.14576294082865848,0.14099610371498925,0.14576294082865848,0.14099610371498925,4.03,75.0,0.21209837338112092,0.15387164296193354,1.2725902402867255,0.4616149288858006,0.2978061515291551,0.0,2,SCO,1.4550912061416108,0.14576294082865848,0.14099610371498927,0.14576294082865848,0.14099610371498927,4.98,75.0,0.3132041793709968,0.2272211752221252,1.879225076225981,0.6816635256663757,0.41856345890245755,0.0,2,HAI,2.1487229716307814,0.14576294082865848,0.14099610371498927,0.14576294082865848,0.14099610371498927
793,Kees Smit,MID,4.7,Netherlands,NED,1.11,10.0,0.011667372449568485,0.013803208848977733,0.0700042346974109,0.0414096265469332,0.0,0.0,1,JPN,1.5478017743131578,0.007538027571228183,0.011890591399192962,0.007538027571228183,0.011890591399192962,1.13,10.0,0.014091827690294679,0.01667148636196481,0.08455096614176807,0.050014459085894435,0.0,0.0,1,SWE,1.8694316990934905,0.007538027571228182,0.011890591399192964,0.007538027571228182,0.011890591399192964,1.16,10.0,0.017045057583274518,0.020165336341302062,0.10227034549964711,0.060496009023906186,0.0,0.0,1,TUN,2.2612092383866593,0.007538027571228182,0.011890591399192962,0.007538027571228182,0.011890591399192962
794,Luciano Valente,MID,4.9,Netherlands,NED,1.12,10.0,0.00884152444284235,0.022395723460401504,0.0530491466570541,0.06718717038120452,0.0,0.0,1,JPN,1.5478017743131578,0.005712310574631435,0.019292499278287474,0.005712310574631435,0.019292499278287474,1.15,10.0,0.010678774463282959,0.02704950727917667,0.06407264677969776,0.08114852183753,0.0,0.0,1,SWE,1.8694316990934905,0.005712310574631436,0.019292499278287474,0.005712310574631436,0.019292499278287474,1.18,10.0,0.012916729443890409,0.0327182831997237,0.07750037666334245,0.09815484959917109,0.0,0.0,1,TUN,2.2612092383866593,0.005712310574631435,0.019292499278287474,0.005712310574631435,0.019292499278287474
795,Denzel Dumfries,DEF,5.7,Netherlands,NED,3.8,80.0,0.07015652632060565,0.06296698555294351,0.49109568424423955,0.18890095665883055,1.5826401519222912,-0.46687150808790806,2,JPN,1.5478017743131578,0.045326557628309894,0.054242075523213404,0.045326557628309894,0.054242075523213404,4.33,80.0,0.08473490364115038,0.0760513915557887,0.5931443254880526,0.2281541746673661,1.8638927825534557,-0.35954927442508366,2,SWE,1.8694316990934905,0.045326557628309894,0.054242075523213404,0.045326557628309894,0.054242075523213404,4.91,80.0,0.10249283085339964,0.09198951171176778,0.7174498159737974,0.27596853513530334,2.18517413241691,-0.2647772190753828,2,TUN,2.2612092383866593,0.045326557628309894,0.054242075523213404,0.045326557628309894,0.054242075523213404
796,Virgil van Dijk,DEF,5.5,Netherlands,NED,3.72,85.0,0.07026993815654041,0.03582024337006235,0.49188956709578285,0.10746073011018706,1.5826401519222912,-0.46687150808790806,2,JPN,1.5478017743131578,0.045399830471006486,0.03085687410754537,0.045399830471006486,0.03085687410754537,4.23,85.0,0.08487188221597007,0.04326361394368685,0.5941031755117905,0.12979084183106054,1.8638927825534557,-0.35954927442508366,2,SWE,1.8694316990934905,0.04539983047100648,0.030856874107545364,0.04539983047100648,0.030856874107545364,4.8,85.0,0.10265851608222802,0.05233038659978677,0.7186096125755962,0.1569911597993603,2.18517413241691,-0.2647772190753828,2,TUN,2.2612092383866593,0.045399830471006486,0.030856874107545368,0.045399830471006486,0.030856874107545368
797,Micky van de Ven,DEF,5.1,Netherlands,NED,3.63,75.0,0.053721782277776804,0.04509550738624751,0.37605247594443764,0.13528652215874254,1.5826401519222912,-0.46687150808790806,2,JPN,1.5478017743131578,0.03470843823112687,0.038846927416364446,0.03470843823112687,0.038846927416364446,4.12,75.0,0.06488505465529695,0.05446625814340176,0.4541953825870787,0.16339877443020528,1.8638927825534557,-0.35954927442508366,2,SWE,1.8694316990934905,0.03470843823112686,0.03884692741636444,0.03470843823112686,0.03884692741636444,4.67,75.0,0.07848304117819678,0.06588077336761446,0.5493812882473774,0.19764232010284338,2.18517413241691,-0.2647772190753828,2,TUN,2.2612092383866593,0.03470843823112686,0.03884692741636444,0.03470843823112686,0.03884692741636444
798,Nathan Aké,DEF,5.0,Netherlands,NED,0.63,15.0,0.008250991224277379,0.012642438836492595,0.05775693856994165,0.03792731650947778,0.0,-0.46687150808790806,1,JPN,1.5478017743131578,0.005330780311282938,0.010890661449721896,0.005330780311282938,0.010890661449721896,0.76,15.0,0.009965529694815789,0.015269510803654187,0.06975870786371052,0.04580853241096256,0.0,-0.35954927442508366,1,SWE,1.8694316990934905,0.005330780311282938,0.010890661449721896,0.005330780311282938,0.010890661449721896,0.88,15.0,0.01205400968768269,0.01846954821168945,0.08437806781377882,0.05540864463506835,0.0,-0.2647772190753828,1,TUN,2.2612092383866593,0.005330780311282937,0.010890661449721895,0.005330780311282937,0.010890661449721895
799,Jeremie Frimpong,DEF,5.0,Netherlands,NED,0.62,15.0,0.005775693856994164,0.014414865595255913,0.04042985699895915,0.04324459678576774,0.0,-0.46687150808790806,1,JPN,1.5478017743131578,0.003731546217898056,0.012417495000096772,0.003731546217898056,0.012417495000096772,0.74,15.0,0.00697587078637105,0.017410244082386873,0.048831095504597355,0.05223073224716062,0.0,-0.35954927442508366,1,SWE,1.8694316990934905,0.0037315462178980556,0.012417495000096772,0.0037315462178980556,0.012417495000096772,0.86,15.0,0.008437806781377882,0.021058915808879232,0.05906464746964517,0.0631767474266377,0.0,-0.2647772190753828,1,TUN,2.2612092383866593,0.0037315462178980556,0.012417495000096772,0.0037315462178980556,0.012417495000096772
800,Lutsharel Geertruida,DEF,4.8,Netherlands,NED,0.55,5.0,0.0019252312856647216,0.002107073139415432,0.01347661899965305,0.006321219418246296,0.0,-0.46687150808790806,1,JPN,1.5478017743131578,0.001243848739299352,0.0018151102416203155,0.001243848739299352,0.0018151102416203155,0.66,5.0,0.0023252902621236837,0.0025449184672756975,0.016277031834865785,0.0076347554018270924,0.0,-0.35954927442508366,1,SWE,1.8694316990934905,0.001243848739299352,0.001815110241620316,0.001243848739299352,0.001815110241620316,0.76,5.0,0.002812602260459294,0.0030782580352815745,0.019688215823215057,0.009234774105844723,0.0,-0.2647772190753828,1,TUN,2.2612092383866593,0.0012438487392993519,0.0018151102416203155,0.0012438487392993519,0.0018151102416203155
801,Stefan de Vrij,DEF,4.5,Netherlands,NED,0.57,5.0,0.002750330408092459,0.004214146278830865,0.019252312856647216,0.012642438836492595,0.0,-0.46687150808790806,1,JPN,1.5478017743131578,0.0017769267704276456,0.003630220483240632,0.0017769267704276456,0.003630220483240632,0.68,5.0,0.003321843231605262,0.005089836934551395,0.023252902621236835,0.015269510803654185,0.0,-0.35954927442508366,1,SWE,1.8694316990934905,0.0017769267704276454,0.003630220483240632,0.0017769267704276454,0.003630220483240632,0.78,5.0,0.004018003229227563,0.006156516070563151,0.028126022604592942,0.018469548211689453,0.0,-0.2647772190753828,1,TUN,2.2612092383866593,0.0017769267704276458,0.0036302204832406324,0.0017769267704276458,0.0036302204832406324
802,Jan Paul van Hecke,DEF,4.3,Netherlands,NED,0.57,5.0,0.003029378529789431,0.004505190525196059,0.02120564970852602,0.013515571575588175,0.0,-0.46687150808790806,1,JPN,1.5478017743131578,0.0019572135011498666,0.003880936693542041,0.0019572135011498666,0.003880936693542041,0.68,5.0,0.0036588769609433146,0.005441359557811928,0.0256121387266032,0.016324078673435785,0.0,-0.35954927442508366,1,SWE,1.8694316990934905,0.0019572135011498666,0.0038809366935420413,0.0019572135011498666,0.0038809366935420413,0.79,5.0,0.004425669250295177,0.006581707428773279,0.03097968475206624,0.019745122286319836,0.0,-0.2647772190753828,1,TUN,2.2612092383866593,0.0019572135011498666,0.003880936693542041,0.0019572135011498666,0.003880936693542041
803,Jorrel Hato,DEF,4.3,Netherlands,NED,0.55,5.0,0.0019252312856647216,0.002107073139415432,0.01347661899965305,0.006321219418246296,0.0,-0.46687150808790806,1,JPN,1.5478017743131578,0.001243848739299352,0.0018151102416203155,0.001243848739299352,0.0018151102416203155,0.66,5.0,0.0023252902621236837,0.0025449184672756975,0.016277031834865785,0.0076347554018270924,0.0,-0.35954927442508366,1,SWE,1.8694316990934905,0.001243848739299352,0.001815110241620316,0.001243848739299352,0.001815110241620316,0.76,5.0,0.002812602260459294,0.0030782580352815745,0.019688215823215057,0.009234774105844723,0.0,-0.2647772190753828,1,TUN,2.2612092383866593,0.0012438487392993519,0.0018151102416203155,0.0012438487392993519,0.0018151102416203155
804,Cody Gakpo,FWD,7.7,Netherlands,NED,3.27,70.0,0.1733279695866125,0.13476967233108675,0.8666398479330626,0.4043090169932603,0.0,0.0,2,JPN,1.5478017743131578,0.11198331237443333,0.11609554881224264,0.11198331237443333,0.11609554881224264,3.54,70.0,0.20934515392225397,0.1627745243049465,1.04672576961127,0.48832357291483947,0.0,0.0,2,SWE,1.8694316990934905,0.11198331237443332,0.11609554881224261,0.11198331237443332,0.11609554881224261,3.86,70.0,0.25321770048620773,0.1968872456323593,1.2660885024310387,0.5906617368970779,0.0,0.0,2,TUN,2.2612092383866593,0.11198331237443332,0.11609554881224263,0.11198331237443332,0.11609554881224263
805,Donyell Malen,FWD,6.1,Netherlands,NED,4.63,70.0,0.46597893694121695,0.10098286348737279,2.3298946847060846,0.30294859046211836,0.0,0.0,2,JPN,1.5478017743131578,0.30105853648345676,0.08699034993864918,0.30105853648345676,0.08699034993864918,5.18,70.0,0.5628083713848682,0.1219668882679097,2.814041856924341,0.3659006648037291,0.0,0.0,2,SWE,1.8694316990934905,0.30105853648345676,0.08699034993864918,0.30105853648345676,0.08699034993864918,5.85,70.0,0.6807563439915596,0.14752753719882145,3.4037817199577978,0.44258261159646434,0.0,0.0,2,TUN,2.2612092383866593,0.30105853648345676,0.0869903499386492,0.30105853648345676,0.0869903499386492
806,Noa Lang,FWD,5.9,Netherlands,NED,1.89,35.0,0.13704041345973406,0.06833503362028664,0.6852020672986703,0.20500510086085993,0.0,0.0,1,JPN,1.5478017743131578,0.08853873650619518,0.05886630941537333,0.08853873650619518,0.05886630941537333,2.08,35.0,0.16551712062236731,0.08253490862230838,0.8275856031118366,0.2476047258669251,0.0,0.0,1,SWE,1.8694316990934905,0.08853873650619518,0.058866309415373325,0.08853873650619518,0.058866309415373325,2.3,35.0,0.20020460894289072,0.09983178200982733,1.0010230447144535,0.29949534602948197,0.0,0.0,1,TUN,2.2612092383866593,0.08853873650619518,0.05886630941537333,0.08853873650619518,0.05886630941537333
807,Brian Brobbey,FWD,5.7,Netherlands,NED,1.19,10.0,0.03212212013987128,0.008701093835577635,0.1606106006993564,0.026103281506732905,0.0,0.0,1,JPN,1.5478017743131578,0.020753381132493906,0.007495442013293357,0.020753381132493906,0.007495442013293357,1.23,10.0,0.03879702855245287,0.0105091626737758,0.19398514276226436,0.0315274880213274,0.0,0.0,1,SWE,1.8694316990934905,0.020753381132493906,0.007495442013293357,0.020753381132493906,0.007495442013293357,1.27,10.0,0.04692773714455461,0.012711572044687829,0.23463868572277305,0.03813471613406349,0.0,0.0,1,TUN,2.2612092383866593,0.020753381132493906,0.007495442013293356,0.020753381132493906,0.007495442013293356
808,Wout Weghorst,FWD,5.5,Netherlands,NED,1.22,10.0,0.031799182706017434,0.01969793443939601,0.15899591353008719,0.05909380331818803,0.0,0.0,1,JPN,1.5478017743131578,0.02054473850188499,0.0169685246662261,0.02054473850188499,0.0169685246662261,1.26,10.0,0.038406985405010315,0.02379112342341965,0.19203492702505157,0.07137337027025895,0.0,0.0,1,SWE,1.8694316990934905,0.020544738501884992,0.016968524666226104,0.020544738501884992,0.016968524666226104,1.32,10.0,0.04645595250070044,0.028777038552796782,0.2322797625035022,0.08633111565839034,0.0,0.0,1,TUN,2.2612092383866593,0.020544738501884992,0.016968524666226104,0.020544738501884992,0.016968524666226104
809,Bart Verbruggen,GK,4.7,Netherlands,NED,3.12,90.0,0.0,0.0,0.0,0.0,1.5826401519222912,-0.46687150808790806,2,JPN,1.5478017743131578,0.0,0.0,0.0,0.0,3.5,90.0,0.0,0.0,0.0,0.0,1.8638927825534557,-0.35954927442508366,2,SWE,1.8694316990934905,0.0,0.0,0.0,0.0,3.92,90.0,0.0,0.0,0.0,0.0,2.18517413241691,-0.2647772190753828,2,TUN,2.2612092383866593,0.0,0.0,0.0,0.0
810,Mark Flekken,GK,4.7,Netherlands,NED,0.53,5.0,0.0,0.0,0.0,0.0,0.0,-0.46687150808790806,1,JPN,1.5478017743131578,0.0,0.0,0.0,0.0,0.64,5.0,0.0,0.0,0.0,0.0,0.0,-0.35954927442508366,1,SWE,1.8694316990934905,0.0,0.0,0.0,0.0,0.74,5.0,0.0,0.0,0.0,0.0,0.0,-0.2647772190753828,1,TUN,2.2612092383866593,0.0,0.0,0.0,0.0
811,Justin Bijlow,GK,4.3,Netherlands,NED,0.53,5.0,0.0,0.0,0.0,0.0,0.0,-0.46687150808790806,1,JPN,1.5478017743131578,0.0,0.0,0.0,0.0,0.64,5.0,0.0,0.0,0.0,0.0,0.0,-0.35954927442508366,1,SWE,1.8694316990934905,0.0,0.0,0.0,0.0,0.74,5.0,0.0,0.0,0.0,0.0,0.0,-0.2647772190753828,1,TUN,2.2612092383866593,0.0,0.0,0.0,0.0
812,Ryan Gravenberch,MID,6.1,Netherlands,NED,1.45,35.0,0.05173199428815718,0.04487935397132911,0.3103919657289431,0.13463806191398733,0.0,0.0,1,JPN,1.5478017743131578,0.03342288085379242,0.03866072492066539,0.03342288085379242,0.03866072492066539,1.54,35.0,0.06248179294310446,0.05420518850746917,0.3748907576586267,0.16261556552240752,0.0,0.0,1,SWE,1.8694316990934905,0.03342288085379242,0.0386607249206654,0.03342288085379242,0.0386607249206654,1.65,35.0,0.07557612696009203,0.06556499126500046,0.45345676176055216,0.19669497379500137,0.0,0.0,1,TUN,2.2612092383866593,0.03342288085379243,0.03866072492066539,0.03342288085379243,0.03866072492066539
813,Jerdy Schouten,MID,6.1,Netherlands,NED,1.26,35.0,0.026000101538177493,0.03578048049642906,0.15600060922906495,0.10734144148928718,0.0,0.0,1,JPN,1.5478017743131578,0.01679808226716572,0.030822620906829204,0.01679808226716572,0.030822620906829204,1.32,35.0,0.031402867474219845,0.0432155884292762,0.18841720484531907,0.1296467652878286,0.0,0.0,1,SWE,1.8694316990934905,0.01679808226716572,0.030822620906829204,0.01679808226716572,0.030822620906829204,1.38,35.0,0.037983978809694244,0.052272296359359,0.22790387285816546,0.156816889078077,0.0,0.0,1,TUN,2.2612092383866593,0.01679808226716572,0.030822620906829207,0.01679808226716572,0.030822620906829207
814,Teun Koopmeiners,MID,6.2,Netherlands,NED,2.7,75.0,0.04561648776239668,0.03697768013849843,0.27369892657438005,0.11093304041549529,0.31652803038445826,0.0,2,JPN,1.5478017743131578,0.0294717892946202,0.03185393267808891,0.0294717892946202,0.03185393267808891,2.84,75.0,0.05509549713636718,0.04466156361690706,0.3305729828182031,0.13398469085072118,0.37277855651069114,0.0,2,SWE,1.8694316990934905,0.029471789294620198,0.03185393267808891,0.029471789294620198,0.03185393267808891,3.0,75.0,0.06664188222478024,0.05402130513798102,0.3998512933486814,0.16206391541394305,0.43703482648338193,0.0,2,TUN,2.2612092383866593,0.029471789294620198,0.03185393267808891,0.029471789294620198,0.03185393267808891
815,Xavi Simons,MID,6.5,Netherlands,NED,3.47,75.0,0.09015151264728423,0.20318603256473713,0.5409090758837054,0.6095580976942114,0.31652803038445826,0.0,2,JPN,1.5478017743131578,0.05824486968771519,0.17503191596128997,0.05824486968771519,0.17503191596128997,3.76,75.0,0.10888480570378434,0.24540765903832754,0.653308834222706,0.7362229771149826,0.37277855651069114,0.0,2,SWE,1.8694316990934905,0.05824486968771518,0.17503191596128997,0.05824486968771518,0.17503191596128997,4.12,75.0,0.13170383742648867,0.29683783903813976,0.790223024558932,0.8905135171144193,0.43703482648338193,0.0,2,TUN,2.2612092383866593,0.05824486968771518,0.17503191596129,0.05824486968771518,0.17503191596129
816,Tijjani Reijnders,MID,6.5,Netherlands,NED,3.63,75.0,0.16468145162570216,0.10876016049962496,0.988088709754213,0.3262804814988749,0.31652803038445826,0.0,2,JPN,1.5478017743131578,0.10639699111262493,0.09368999941687205,0.10639699111262493,0.09368999941687205,3.96,75.0,0.19890190787410944,0.13136029109846342,1.1934114472446566,0.39408087329539027,0.37277855651069114,0.0,2,SWE,1.8694316990934905,0.10639699111262493,0.09368999941687203,0.10639699111262493,0.09368999941687203,4.36,75.0,0.2405858592404108,0.15888951916940386,1.4435151554424648,0.4766685575082116,0.43703482648338193,0.0,2,TUN,2.2612092383866593,0.10639699111262493,0.09368999941687205,0.10639699111262493,0.09368999941687205
817,Quinten Timber,MID,6.8,Netherlands,NED,3.4,75.0,0.09103760338017132,0.17870856921729103,0.546225620281028,0.5361257076518731,0.31652803038445826,0.0,2,JPN,1.5478017743131578,0.05881735302995732,0.15394612943602423,0.05881735302995732,0.15394612943602423,3.68,75.0,0.10995502421097475,0.21584383074033991,0.6597301452658485,0.6475314922210198,0.37277855651069114,0.0,2,SWE,1.8694316990934905,0.05881735302995731,0.15394612943602423,0.05881735302995731,0.15394612943602423,4.02,75.0,0.13299834204878905,0.26107830757095485,0.7979900522927343,0.7832349227128645,0.43703482648338193,0.0,2,TUN,2.2612092383866593,0.05881735302995732,0.15394612943602423,0.05881735302995732,0.15394612943602423
818,Callum McCowatt,MID,4.7,New Zealand,NZL,1.41,35.0,0.044754352214491824,0.04770810286510722,0.268526113286951,0.14312430859532166,0.0,0.0,1,IRN,1.1306327228477353,0.03958345739522611,0.05626124428799993,0.03958345739522611,0.05626124428799993,1.38,35.0,0.041432957808359906,0.0441674991440679,0.24859774685015945,0.13250249743220371,0.0,0.0,1,EGY,1.0467240745210105,0.03958345739522612,0.05626124428799992,0.03958345739522612,0.05626124428799992,1.29,35.0,0.0319010614020431,0.03400650536914614,0.1914063684122586,0.10201951610743841,0.0,0.0,1,BEL,0.8059190253019803,0.039583457395226125,0.05626124428799993,0.039583457395226125,0.05626124428799993
820,Alex Rufer,MID,4.9,New Zealand,NZL,1.41,35.0,0.044754352214491824,0.04770810286510722,0.268526113286951,0.14312430859532166,0.0,0.0,1,IRN,1.1306327228477353,0.03958345739522611,0.05626124428799993,0.03958345739522611,0.05626124428799993,1.38,35.0,0.041432957808359906,0.0441674991440679,0.24859774685015945,0.13250249743220371,0.0,0.0,1,EGY,1.0467240745210105,0.03958345739522612,0.05626124428799992,0.03958345739522612,0.05626124428799992,1.29,35.0,0.0319010614020431,0.03400650536914614,0.1914063684122586,0.10201951610743841,0.0,0.0,1,BEL,0.8059190253019803,0.039583457395226125,0.05626124428799993,0.039583457395226125,0.05626124428799993
821,Joe Bell,MID,5.1,New Zealand,NZL,3.09,75.0,0.0959021833167682,0.10223164899665832,0.5754130999006092,0.30669494698997496,0.20574936116767348,0.0,2,IRN,1.1306327228477353,0.08482169441834167,0.12055980918857127,0.08482169441834167,0.12055980918857127,2.99,75.0,0.08878490958934264,0.09464464102300267,0.5327094575360558,0.283933923069008,0.1754827301505183,0.0,2,EGY,1.0467240745210105,0.08482169441834167,0.12055980918857129,0.08482169441834167,0.12055980918857129,2.73,75.0,0.06835941729009234,0.07287108293388457,0.41015650374055407,0.21861324880165373,0.09831476313834288,0.0,2,BEL,0.8059190253019803,0.08482169441834167,0.12055980918857127,0.08482169441834167,0.12055980918857127
822,Ryan Thomas,MID,5.3,New Zealand,NZL,2.6,75.0,0.04384477492161394,0.04283704585070757,0.2630686495296837,0.1285111375521227,0.20574936116767348,0.0,2,IRN,1.1306327228477353,0.038778972194597104,0.05051690082913751,0.038778972194597104,0.05051690082913751,2.54,75.0,0.04059088378126565,0.03965794220103647,0.2435453026875939,0.1189738266031094,0.1754827301505183,0.0,2,EGY,1.0467240745210105,0.038778972194597104,0.050516900829137505,0.038778972194597104,0.050516900829137505,2.38,75.0,0.0312527114732823,0.030534398608121478,0.1875162688396938,0.09160319582436444,0.09831476313834288,0.0,2,BEL,0.8059190253019803,0.038778972194597104,0.050516900829137505,0.038778972194597104,0.050516900829137505
823,Marko Stamenic,MID,5.6,New Zealand,NZL,2.77,75.0,0.06564471424260292,0.05738877119997196,0.3938682854556175,0.17216631359991588,0.20574936116767348,0.0,2,IRN,1.1306327228477353,0.05806015774712672,0.06767746948561253,0.05806015774712672,0.06767746948561253,2.7,75.0,0.06077296488440508,0.053129727459938776,0.3646377893064305,0.15938918237981634,0.1754827301505183,0.0,2,EGY,1.0467240745210105,0.05806015774712671,0.06767746948561253,0.05806015774712671,0.06767746948561253,2.5,75.0,0.046791785740443584,0.040906920182062025,0.28075071444266153,0.12272076054618608,0.09831476313834288,0.0,2,BEL,0.8059190253019803,0.058060157747126716,0.06767746948561253,0.058060157747126716,0.06767746948561253
825,Tyler Bindon,DEF,3.6,New Zealand,NZL,2.5,80.0,0.027594597374866088,0.02314858914420861,0.19316218162406262,0.06944576743262583,1.0287468058383673,-0.7868459054933277,2,IRN,1.1306327228477353,0.024406331797441096,0.02729868409245405,0.024406331797441096,0.02729868409245405,2.2,80.0,0.025546695063129243,0.02143064238173655,0.1788268654419047,0.06429192714520965,0.8774136507525915,-0.9156973747694471,2,EGY,1.0467240745210105,0.0244063317974411,0.02729868409245405,0.0244063317974411,0.02729868409245405,1.26,80.0,0.01966952713339046,0.016500396656862936,0.13768668993373323,0.049501189970588805,0.4915738156917144,-1.4178958417236518,2,BEL,0.8059190253019803,0.0244063317974411,0.027298684092454055,0.0244063317974411,0.027298684092454055
826,Francis de Vries,DEF,3.6,New Zealand,NZL,0.34,25.0,0.01082192342826982,0.0163542077364143,0.07575346399788874,0.0490626232092429,0.0,-0.7868459054933277,1,IRN,1.1306327228477353,0.009571563965540056,0.019286201323005292,0.009571563965540056,0.019286201323005292,0.2,25.0,0.010018786433548567,0.015140498423136452,0.07013150503483997,0.045421495269409355,0.0,-0.9156973747694471,1,EGY,1.0467240745210105,0.009571563965540054,0.019286201323005292,0.009571563965540054,0.019286201323005292,-0.33,25.0,0.007713905501723598,0.011657337429010642,0.05399733851206518,0.03497201228703192,0.0,-1.4178958417236518,1,BEL,0.8059190253019803,0.009571563965540054,0.019286201323005292,0.009571563965540054,0.019286201323005292
827,Tim Payne,DEF,3.6,New Zealand,NZL,0.34,25.0,0.01082192342826982,0.0163542077364143,0.07575346399788874,0.0490626232092429,0.0,-0.7868459054933277,1,IRN,1.1306327228477353,0.009571563965540056,0.019286201323005292,0.009571563965540056,0.019286201323005292,0.2,25.0,0.010018786433548567,0.015140498423136452,0.07013150503483997,0.045421495269409355,0.0,-0.9156973747694471,1,EGY,1.0467240745210105,0.009571563965540054,0.019286201323005292,0.009571563965540054,0.019286201323005292,-0.33,25.0,0.007713905501723598,0.011657337429010642,0.05399733851206518,0.03497201228703192,0.0,-1.4178958417236518,1,BEL,0.8059190253019803,0.009571563965540054,0.019286201323005292,0.009571563965540054,0.019286201323005292
829,Callan Elliot,DEF,3.5,New Zealand,NZL,0.24,5.0,0.002164384685653964,0.00327084154728286,0.015150692799577746,0.00981252464184858,0.0,-0.7868459054933277,1,IRN,1.1306327228477353,0.001914312793108011,0.003857240264601058,0.001914312793108011,0.003857240264601058,0.11,5.0,0.0020037572867097134,0.00302809968462729,0.014026301006967994,0.00908429905388187,0.0,-0.9156973747694471,1,EGY,1.0467240745210105,0.001914312793108011,0.003857240264601058,0.001914312793108011,0.003857240264601058,-0.4,5.0,0.0015427811003447195,0.0023314674858021284,0.010799467702413038,0.006994402457406386,0.0,-1.4178958417236518,1,BEL,0.8059190253019803,0.0019143127931080107,0.0038572402646010586,0.0019143127931080107,0.0038572402646010586
830,Finn Surman,DEF,3.5,New Zealand,NZL,0.23,5.0,0.0012925074161990154,0.0013951794195156486,0.009047551913393109,0.004185538258546946,0.0,-0.7868459054933277,1,IRN,1.1306327228477353,0.0011431717746003007,0.0016453081433336395,0.0011431717746003007,0.0016453081433336395,0.1,5.0,0.0011965854177870409,0.0012916377327245893,0.008376097924509286,0.003874913198173768,0.0,-0.9156973747694471,1,EGY,1.0467240745210105,0.0011431717746003007,0.0016453081433336395,0.0011431717746003007,0.0016453081433336395,-0.41,5.0,0.0009213038823386093,0.0009944888513976433,0.006449127176370265,0.00298346655419293,0.0,-1.4178958417236518,1,BEL,0.8059190253019803,0.0011431717746003005,0.0016453081433336395,0.0011431717746003005,0.0016453081433336395
831,Kosta Barbarouses,FWD,4.4,New Zealand,NZL,1.7,35.0,0.10784455981550727,0.053038753833247125,0.5392227990775363,0.15911626149974137,0.0,0.0,1,IRN,1.1306327228477353,0.09538425488329946,0.06254757802004045,0.09538425488329946,0.06254757802004045,1.65,35.0,0.0998409959165978,0.04910254178741816,0.499204979582989,0.14730762536225447,0.0,0.0,1,EGY,1.0467240745210105,0.09538425488329946,0.06254757802004046,0.09538425488329946,0.06254757802004046,1.5,35.0,0.07687198572470436,0.037806212334682926,0.38435992862352175,0.11341863700404878,0.0,0.0,1,BEL,0.8059190253019803,0.09538425488329945,0.06254757802004045,0.09538425488329945,0.06254757802004045
832,Elijah Just,MID,4.2,New Zealand,NZL,1.12,10.0,0.012444197835090744,0.01571072986518432,0.07466518701054446,0.04713218959555296,0.0,0.0,1,IRN,1.1306327228477353,0.011006401622400797,0.018527360297413593,0.011006401622400797,0.018527360297413593,1.11,10.0,0.011520665552014022,0.01454477554547067,0.06912399331208413,0.04363432663641201,0.0,0.0,1,EGY,1.0467240745210105,0.011006401622400797,0.018527360297413597,0.011006401622400797,0.018527360297413597,1.09,10.0,0.008870268467607386,0.01119866411423263,0.05322161080564432,0.03359599234269789,0.0,0.0,1,BEL,0.8059190253019803,0.011006401622400797,0.018527360297413597,0.011006401622400797,0.018527360297413597
833,Ben Waine,FWD,4.2,New Zealand,NZL,1.2,10.0,0.03081273137585921,0.015153929666642033,0.15406365687929605,0.0454617889999261,0.0,0.0,1,IRN,1.1306327228477353,0.02725264425237127,0.017870736577154413,0.02725264425237127,0.017870736577154413,1.18,10.0,0.028525998833313655,0.014029297653548043,0.14262999416656827,0.04208789296064413,0.0,0.0,1,EGY,1.0467240745210105,0.027252644252371273,0.017870736577154413,0.027252644252371273,0.017870736577154413,1.14,10.0,0.021963424492772672,0.01080177495276655,0.10981712246386335,0.03240532485829965,0.0,0.0,1,BEL,0.8059190253019803,0.027252644252371273,0.017870736577154413,0.027252644252371273,0.017870736577154413
834,Ben Old,FWD,4.2,New Zealand,NZL,1.2,10.0,0.03081273137585921,0.015153929666642033,0.15406365687929605,0.0454617889999261,0.0,0.0,1,IRN,1.1306327228477353,0.02725264425237127,0.017870736577154413,0.02725264425237127,0.017870736577154413,1.18,10.0,0.028525998833313655,0.014029297653548043,0.14262999416656827,0.04208789296064413,0.0,0.0,1,EGY,1.0467240745210105,0.027252644252371273,0.017870736577154413,0.027252644252371273,0.017870736577154413,1.14,10.0,0.021963424492772672,0.01080177495276655,0.10981712246386335,0.03240532485829965,0.0,0.0,1,BEL,0.8059190253019803,0.027252644252371273,0.017870736577154413,0.027252644252371273,0.017870736577154413
835,Jesse Randall,FWD,4.0,New Zealand,NZL,1.1,5.0,0.015406365687929606,0.007576964833321017,0.07703182843964802,0.02273089449996305,0.0,0.0,1,IRN,1.1306327228477353,0.013626322126185635,0.008935368288577206,0.013626322126185635,0.008935368288577206,1.09,5.0,0.014262999416656827,0.007014648826774022,0.07131499708328413,0.021043946480322064,0.0,0.0,1,EGY,1.0467240745210105,0.013626322126185636,0.008935368288577206,0.013626322126185636,0.008935368288577206,1.07,5.0,0.010981712246386336,0.005400887476383275,0.05490856123193168,0.016202662429149826,0.0,0.0,1,BEL,0.8059190253019803,0.013626322126185636,0.008935368288577206,0.013626322126185636,0.008935368288577206
836,Lachlan Bayliss,MID,4.0,New Zealand,NZL,1.12,10.0,0.012786957775569093,0.013630886532887776,0.07672174665341455,0.040892659598663325,0.0,0.0,1,IRN,1.1306327228477353,0.01130955925577889,0.016074641225142836,0.01130955925577889,0.016074641225142836,1.11,10.0,0.011837987945245687,0.012619285469733689,0.07102792767147412,0.037857856409201064,0.0,0.0,1,EGY,1.0467240745210105,0.01130955925577889,0.01607464122514284,0.01130955925577889,0.01607464122514284,1.08,10.0,0.009114588972012314,0.00971614439118461,0.054687533832073885,0.029148433173553832,0.0,0.0,1,BEL,0.8059190253019803,0.011309559255778891,0.01607464122514284,0.011309559255778891,0.01607464122514284
838,Max Crocombe,GK,3.9,New Zealand,NZL,2.24,90.0,0.0,0.0,0.0,0.0,1.0287468058383673,-0.7868459054933277,2,IRN,1.1306327228477353,0.0,0.0,0.0,0.0,1.96,90.0,0.0,0.0,0.0,0.0,0.8774136507525915,-0.9156973747694471,2,EGY,1.0467240745210105,0.0,0.0,0.0,0.0,1.07,90.0,0.0,0.0,0.0,0.0,0.4915738156917144,-1.4178958417236518,2,BEL,0.8059190253019803,0.0,0.0,0.0,0.0
839,Alex Paulsen,GK,3.8,New Zealand,NZL,0.21,5.0,0.0,0.0,0.0,0.0,0.0,-0.7868459054933277,1,IRN,1.1306327228477353,0.0,0.0,0.0,0.0,0.08,5.0,0.0,0.0,0.0,0.0,0.0,-0.9156973747694471,1,EGY,1.0467240745210105,0.0,0.0,0.0,0.0,-0.42,5.0,0.0,0.0,0.0,0.0,0.0,-1.4178958417236518,1,BEL,0.8059190253019803,0.0,0.0,0.0,0.0
840,Michael Woud,GK,3.7,New Zealand,NZL,0.21,5.0,0.0,0.0,0.0,0.0,0.0,-0.7868459054933277,1,IRN,1.1306327228477353,0.0,0.0,0.0,0.0,0.08,5.0,0.0,0.0,0.0,0.0,0.0,-0.9156973747694471,1,EGY,1.0467240745210105,0.0,0.0,0.0,0.0,-0.42,5.0,0.0,0.0,0.0,0.0,0.0,-1.4178958417236518,1,BEL,0.8059190253019803,0.0,0.0,0.0,0.0
841,Sander Berge,MID,4.7,Norway,NOR,1.04,5.0,0.004695602181851023,0.0043447790966691675,0.028173613091106137,0.013034337290007502,0.0,0.0,1,IRQ,2.447114685776741,0.001918832087904612,0.0023672935433837732,0.001918832087904612,0.0023672935433837732,1.02,5.0,0.0026915727445266887,0.0024904769494280467,0.016149436467160133,0.00747143084828414,0.0,0.0,1,SEN,1.4027140579381903,0.001918832087904612,0.002367293543383773,0.001918832087904612,0.002367293543383773,1.02,5.0,0.0021580942543201857,0.001996856301211605,0.012948565525921114,0.005990568903634815,0.0,0.0,1,FRA,1.1246915599982752,0.001918832087904612,0.002367293543383773,0.001918832087904612,0.002367293543383773
843,Oscar Bobb,MID,5.1,Norway,NOR,1.1,5.0,0.011739005454627556,0.009799244306596785,0.07043403272776534,0.029397732919790354,0.0,0.0,1,IRQ,2.447114685776741,0.00479708021976153,0.0053392099485174704,0.00479708021976153,0.0053392099485174704,1.06,5.0,0.0067289318613167216,0.005617038639801671,0.04037359116790033,0.016851115919405014,0.0,0.0,1,SEN,1.4027140579381903,0.004797080219761531,0.00533920994851747,0.004797080219761531,0.00533920994851747,1.05,5.0,0.005395235635800464,0.004503723274617317,0.03237141381480278,0.013511169823851952,0.0,0.0,1,FRA,1.1246915599982752,0.004797080219761531,0.005339209948517469,0.004797080219761531,0.005339209948517469
844,Morten Thorsby,MID,5.6,Norway,NOR,1.7,35.0,0.08217303818239291,0.06859471014617749,0.49303822909435746,0.20578413043853247,0.0,0.0,1,IRQ,2.447114685776741,0.033579561538330714,0.03737446963962229,0.033579561538330714,0.03737446963962229,1.4,35.0,0.04710252302921705,0.0393192704786117,0.2826151381753023,0.11795781143583511,0.0,0.0,1,SEN,1.4027140579381903,0.033579561538330714,0.03737446963962229,0.033579561538330714,0.03737446963962229,1.32,35.0,0.037766649450603255,0.03152606292232122,0.22659989670361952,0.09457818876696367,0.0,0.0,1,FRA,1.1246915599982752,0.033579561538330714,0.037374469639622286,0.033579561538330714,0.037374469639622286
845,Patrick Berg,MID,5.6,Norway,NOR,1.2,10.0,0.023478010909255113,0.01959848861319357,0.14086806545553068,0.05879546583958071,0.0,0.0,1,IRQ,2.447114685776741,0.00959416043952306,0.010678419897034941,0.00959416043952306,0.010678419897034941,1.11,10.0,0.013457863722633443,0.011234077279603343,0.08074718233580067,0.03370223183881003,0.0,0.0,1,SEN,1.4027140579381903,0.009594160439523061,0.01067841989703494,0.009594160439523061,0.01067841989703494,1.09,10.0,0.010790471271600929,0.009007446549234634,0.06474282762960556,0.027022339647703904,0.0,0.0,1,FRA,1.1246915599982752,0.009594160439523061,0.010678419897034937,0.009594160439523061,0.010678419897034937
846,Kristoffer Ajer,DEF,4.3,Norway,NOR,4.62,80.0,0.04450886749758467,0.06438454305683058,0.3115620724830927,0.19315362917049175,2.339639143460798,-0.2273690358448135,2,IRQ,2.447114685776741,0.018188304682359855,0.03508052070794506,0.018188304682359855,0.03508052070794506,3.18,80.0,0.025512990668009182,0.03690595466761975,0.17859093467606427,0.11071786400285924,1.4309063647145592,-0.5373111204064824,2,SEN,1.4027140579381903,0.01818830468235986,0.03508052070794507,0.01818830468235986,0.03508052070794507,2.46,80.0,0.02045623276692724,0.029591074170427896,0.14319362936849067,0.0887732225112837,1.0181530470583324,-0.7950782740957585,2,FRA,1.1246915599982752,0.018188304682359855,0.03508052070794506,0.018188304682359855,0.03508052070794506
847,Julian Ryerson,DEF,4.2,Norway,NOR,5.42,80.0,0.04189354775343932,0.33768575145230173,0.2932548342740752,1.0130572543569052,2.339639143460798,-0.2273690358448135,2,IRQ,2.447114685776741,0.01711956860744426,0.18399124128510363,0.01711956860744426,0.18399124128510363,3.64,80.0,0.02401385955149939,0.1935653255160843,0.16809701686049572,0.5806959765482529,1.4309063647145592,-0.5373111204064824,2,SEN,1.4027140579381903,0.01711956860744426,0.18399124128510363,0.01711956860744426,0.18399124128510363,2.82,80.0,0.019254234323603986,0.1552000471402217,0.1347796402652279,0.4656001414206651,1.0181530470583324,-0.7950782740957585,2,FRA,1.1246915599982752,0.01711956860744426,0.18399124128510363,0.01711956860744426,0.18399124128510363
848,Marcus Pedersen,DEF,4.1,Norway,NOR,4.71,80.0,0.05359521734207712,0.07527737425226196,0.3751665213945398,0.22583212275678588,2.339639143460798,-0.2273690358448135,2,IRQ,2.447114685776741,0.021901391730263516,0.04101558170515036,0.021901391730263516,0.04101558170515036,3.24,80.0,0.03072139006845186,0.04314984978924514,0.215049730479163,0.12944954936773542,1.4309063647145592,-0.5373111204064824,2,SEN,1.4027140579381903,0.021901391730263516,0.04101558170515036,0.021901391730263516,0.04101558170515036,2.5,80.0,0.0246323104312434,0.0345974089291517,0.1724261730187038,0.10379222678745512,1.0181530470583324,-0.7950782740957585,2,FRA,1.1246915599982752,0.02190139173026352,0.04101558170515036,0.02190139173026352,0.04101558170515036
849,Leo Østigård,DEF,4.1,Norway,NOR,4.91,80.0,0.09241266102074928,0.05023348613301197,0.646888627145245,0.1507004583990359,2.339639143460798,-0.2273690358448135,2,IRQ,2.447114685776741,0.03776392727234052,0.027370184936560533,0.03776392727234052,0.027370184936560533,3.35,80.0,0.05297199166786746,0.02879440738416116,0.3708039416750722,0.08638322215248348,1.4309063647145592,-0.5373111204064824,2,SEN,1.4027140579381903,0.037763927272340514,0.02737018493656053,0.037763927272340514,0.02737018493656053,2.59,80.0,0.042472770275590065,0.023087261995306165,0.2973093919291305,0.06926178598591849,1.0181530470583324,-0.7950782740957585,2,FRA,1.1246915599982752,0.037763927272340514,0.02737018493656053,0.037763927272340514,0.02737018493656053
850,David Møller Wolfe,DEF,4.0,Norway,NOR,0.99,25.0,0.013909021092995208,0.04019168120083288,0.09736314765096646,0.12057504360249863,0.0,-0.2273690358448135,1,IRQ,2.447114685776741,0.0056838452132374545,0.021898813561640435,0.0056838452132374545,0.021898813561640435,0.59,25.0,0.007972809583752868,0.023038330226310397,0.055809667086270075,0.06911499067893119,0.0,-0.5373111204064824,1,SEN,1.4027140579381903,0.0056838452132374545,0.02189881356164044,0.0056838452132374545,0.02189881356164044,0.31,25.0,0.006392572739664762,0.018472058090064577,0.044748009177653335,0.05541617427019373,0.0,-0.7950782740957585,1,FRA,1.1246915599982752,0.0056838452132374545,0.02189881356164044,0.0056838452132374545,0.02189881356164044
851,Fredrik Bjørkan,DEF,4.0,Norway,NOR,0.98,25.0,0.019870030132850297,0.02351407983087469,0.13909021092995208,0.07054223949262406,0.0,-0.2273690358448135,1,IRQ,2.447114685776741,0.008119778876053507,0.012811866408792666,0.008119778876053507,0.012811866408792666,0.58,25.0,0.011389727976789811,0.013478538840029659,0.07972809583752868,0.04043561652008898,0.0,-0.5373111204064824,1,SEN,1.4027140579381903,0.008119778876053505,0.012811866408792665,0.008119778876053505,0.012811866408792665,0.3,25.0,0.009132246770949662,0.010807048513345891,0.06392572739664763,0.03242114554003767,0.0,-0.7950782740957585,1,FRA,1.1246915599982752,0.008119778876053509,0.012811866408792665,0.008119778876053509,0.012811866408792665
852,Torbjørn Heggem,DEF,3.7,Norway,NOR,0.8,5.0,0.002603211782366894,0.0022004470788413734,0.01822248247656826,0.00660134123652412,0.0,-0.2273690358448135,1,IRQ,2.447114685776741,0.001063788222716912,0.001198934179712915,0.001063788222716912,0.001198934179712915,0.48,5.0,0.0014921906946740952,0.0012613213713194235,0.010445334862718666,0.0037839641139582707,0.0,-0.5373111204064824,1,SEN,1.4027140579381903,0.0010637882227169122,0.0011989341797129147,0.0010637882227169122,0.0011989341797129147,0.22,5.0,0.0011964336357152764,0.001011323364687428,0.008375035450006936,0.003033970094062284,0.0,-0.7950782740957585,1,FRA,1.1246915599982752,0.0010637882227169122,0.001198934179712915,0.0010637882227169122,0.001198934179712915
854,Henrik Falchener,DEF,3.5,Norway,NOR,0.81,5.0,0.003974006026570059,0.004702815966174937,0.02781804218599041,0.01410844789852481,0.0,-0.2273690358448135,1,IRQ,2.447114685776741,0.0016239557752107012,0.002562373281758533,0.0016239557752107012,0.002562373281758533,0.49,5.0,0.002277945595357962,0.0026957077680059317,0.015945619167505736,0.008087123304017795,0.0,-0.5373111204064824,1,SEN,1.4027140579381903,0.0016239557752107012,0.002562373281758533,0.0016239557752107012,0.002562373281758533,0.22,5.0,0.001826449354189932,0.002161409702669178,0.012785145479329523,0.0064842291080075345,0.0,-0.7950782740957585,1,FRA,1.1246915599982752,0.0016239557752107012,0.0025623732817585325,0.0016239557752107012,0.0025623732817585325
855,Erling Haaland,FWD,10.5,Norway,NOR,6.08,70.0,0.689712830519825,0.21034439103675415,3.448564152599125,0.6310331731102624,0.0,0.0,2,IRQ,2.447114685776741,0.28184736683107375,0.11460810957455583,0.28184736683107375,0.11460810957455583,4.34,70.0,0.39535126364680917,0.12057180484046248,1.9767563182340457,0.36171541452138745,0.0,0.0,2,SEN,1.4027140579381903,0.28184736683107375,0.11460810957455585,0.28184736683107375,0.11460810957455585,3.87,70.0,0.3169913546826465,0.09667408015939535,1.5849567734132326,0.29002224047818603,0.0,0.0,2,FRA,1.1246915599982752,0.2818473668310738,0.11460810957455585,0.2818473668310738,0.11460810957455585
856,Alexander Sørloth,FWD,6.8,Norway,NOR,4.53,70.0,0.48857177045539807,0.02874446050004059,2.4428588522769905,0.08623338150012178,0.0,0.0,2,IRQ,2.447114685776741,0.19965217539459945,0.015661688255212435,0.19965217539459945,0.015661688255212435,3.45,70.0,0.2800549131239459,0.016476652714973943,1.4002745656197297,0.04942995814492183,0.0,0.0,2,SEN,1.4027140579381903,0.19965217539459948,0.01566168825521243,0.19965217539459948,0.01566168825521243,3.16,70.0,0.22454711660160132,0.013210926446971154,1.1227355830080066,0.039632779340913464,0.0,0.0,2,FRA,1.1246915599982752,0.19965217539459945,0.015661688255212435,0.19965217539459945,0.015661688255212435
857,Andreas Schjelderup,FWD,6.2,Norway,NOR,2.08,35.0,0.15707720615833662,0.099792998569518,0.7853860307916831,0.299378995708554,0.0,0.0,1,IRQ,2.447114685776741,0.064188739118485,0.054373148998445954,0.064188739118485,0.054373148998445954,1.62,35.0,0.09003844672282593,0.05720248535586597,0.45019223361412963,0.17160745606759792,0.0,0.0,1,SEN,1.4027140579381903,0.064188739118485,0.054373148998445954,0.064188739118485,0.054373148998445954,1.5,35.0,0.0721925331334912,0.04586476632681063,0.36096266566745594,0.13759429898043188,0.0,0.0,1,FRA,1.1246915599982752,0.064188739118485,0.054373148998445954,0.064188739118485,0.054373148998445954
858,Jørgen Strand Larsen,FWD,5.6,Norway,NOR,1.23,10.0,0.04322306987827003,0.00435766400520246,0.21611534939135013,0.013072992015607379,0.0,0.0,1,IRQ,2.447114685776741,0.017662870534631503,0.002374314006357676,0.017662870534631503,0.002374314006357676,1.13,10.0,0.02477595680246985,0.002497862726008093,0.12387978401234925,0.007493588178024279,0.0,0.0,1,SEN,1.4027140579381903,0.017662870534631503,0.002374314006357676,0.017662870534631503,0.002374314006357676,1.11,10.0,0.019865281415642276,0.002002778192802127,0.09932640707821139,0.006008334578406381,0.0,0.0,1,FRA,1.1246915599982752,0.017662870534631506,0.002374314006357676,0.017662870534631506,0.002374314006357676
859,Ørjan Nyland,GK,4.2,Norway,NOR,4.11,90.0,0.0,0.0,0.0,0.0,2.339639143460798,-0.2273690358448135,2,IRQ,2.447114685776741,0.0,0.0,0.0,0.0,2.89,90.0,0.0,0.0,0.0,0.0,1.4309063647145592,-0.5373111204064824,2,SEN,1.4027140579381903,0.0,0.0,0.0,0.0,2.22,90.0,0.0,0.0,0.0,0.0,1.0181530470583324,-0.7950782740957585,2,FRA,1.1246915599982752,0.0,0.0,0.0,0.0
860,Egil Selvik,GK,3.8,Norway,NOR,0.77,5.0,0.0,0.0,0.0,0.0,0.0,-0.2273690358448135,1,IRQ,2.447114685776741,0.0,0.0,0.0,0.0,0.46,5.0,0.0,0.0,0.0,0.0,0.0,-0.5373111204064824,1,SEN,1.4027140579381903,0.0,0.0,0.0,0.0,0.2,5.0,0.0,0.0,0.0,0.0,0.0,-0.7950782740957585,1,FRA,1.1246915599982752,0.0,0.0,0.0,0.0
862,Jens Petter Hauge,MID,5.9,Norway,NOR,1.7,35.0,0.08217303818239291,0.06859471014617749,0.49303822909435746,0.20578413043853247,0.0,0.0,1,IRQ,2.447114685776741,0.033579561538330714,0.03737446963962229,0.033579561538330714,0.03737446963962229,1.4,35.0,0.04710252302921705,0.0393192704786117,0.2826151381753023,0.11795781143583511,0.0,0.0,1,SEN,1.4027140579381903,0.033579561538330714,0.03737446963962229,0.033579561538330714,0.03737446963962229,1.32,35.0,0.037766649450603255,0.03152606292232122,0.22659989670361952,0.09457818876696367,0.0,0.0,1,FRA,1.1246915599982752,0.033579561538330714,0.037374469639622286,0.033579561538330714,0.037374469639622286
863,Antonio Nusa,MID,6.1,Norway,NOR,3.86,75.0,0.16765732569202954,0.12746464617206818,1.0059439541521773,0.3823939385162045,0.46792782869215954,0.0,2,IRQ,2.447114685776741,0.06851224696026588,0.06945030510852934,0.06851224696026588,0.06945030510852934,3.08,75.0,0.096103091952098,0.07306418947787295,0.576618551712588,0.21919256843361884,0.28618127294291185,0.0,2,SEN,1.4027140579381903,0.06851224696026588,0.06945030510852934,0.06851224696026588,0.06945030510852934,2.84,75.0,0.07705514591272852,0.05858262899615103,0.46233087547637114,0.1757478869884531,0.2036306094116665,0.0,2,FRA,1.1246915599982752,0.06851224696026588,0.06945030510852933,0.06851224696026588,0.06945030510852933
864,Kristian Thorstvedt,MID,6.2,Norway,NOR,3.79,75.0,0.14989219891843938,0.13987589757240812,0.8993531935106363,0.41962769271722433,0.46792782869215954,0.0,2,IRQ,2.447114685776741,0.061252625301810054,0.07621269156170067,0.061252625301810054,0.07621269156170067,3.04,75.0,0.08591991859646946,0.0801784603851786,0.5155195115788167,0.2405353811555358,0.28618127294291185,0.0,2,SEN,1.4027140579381903,0.06125262530181006,0.07621269156170067,0.06125262530181006,0.07621269156170067,2.81,75.0,0.06889031070468257,0.06428682822314738,0.41334186422809543,0.19286048466944214,0.2036306094116665,0.0,2,FRA,1.1246915599982752,0.061252625301810054,0.07621269156170067,0.061252625301810054,0.07621269156170067
865,Carlos Harvey,MID,4.9,Panama,PAN,1.34,35.0,0.043383485838676523,0.027692992780400983,0.26030091503205915,0.08307897834120295,0.0,0.0,1,GHA,1.4857318275416487,0.0292000783953458,0.024852392396388177,0.0292000783953458,0.024852392396388177,1.24,35.0,0.03032584090833742,0.01935790260047478,0.1819550454500245,0.058073707801424346,0.0,0.0,1,CRO,1.0385534072117786,0.029200078395345795,0.024852392396388177,0.029200078395345795,0.024852392396388177,1.17,35.0,0.021967606288179373,0.014022588332422514,0.13180563772907625,0.04206776499726754,0.0,0.0,1,ENG,0.7523132640520853,0.029200078395345795,0.024852392396388177,0.029200078395345795,0.024852392396388177
866,Cristian Martínez,MID,5.3,Panama,PAN,1.54,35.0,0.0629598629588194,0.05532358671460615,0.37775917775291645,0.16597076014381845,0.0,0.0,1,GHA,1.4857318275416487,0.042376330500367154,0.04964878648941357,0.042376330500367154,0.04964878648941357,1.38,35.0,0.044010082426288726,0.03867218727938294,0.26406049455773234,0.11601656183814882,0.0,0.0,1,CRO,1.0385534072117786,0.04237633050036716,0.049648786489413566,0.04237633050036716,0.049648786489413566,1.28,35.0,0.031880275517281155,0.02801358046505685,0.19128165310368694,0.08404074139517055,0.0,0.0,1,ENG,0.7523132640520853,0.04237633050036716,0.04964878648941357,0.04237633050036716,0.04964878648941357
867,Yoel Bárcenas,MID,5.6,Panama,PAN,3.01,75.0,0.09225314864018858,0.049294813609907555,0.5535188918411315,0.14788444082972266,0.3042196681194093,0.0,2,GHA,1.4857318275416487,0.06209273230205637,0.044238412968036746,0.06209273230205637,0.044238412968036746,2.66,75.0,0.0644866186953895,0.034457965888197224,0.386919712172337,0.10337389766459168,0.1725415908531073,0.0,2,CRO,1.0385534072117786,0.06209273230205637,0.044238412968036746,0.06209273230205637,0.044238412968036746,2.44,75.0,0.04671318611207238,0.024960858642350873,0.2802791166724343,0.07488257592705262,0.08483497002082942,0.0,2,ENG,0.7523132640520853,0.06209273230205637,0.04423841296803675,0.06209273230205637,0.04423841296803675
868,José Luis Rodríguez,MID,5.6,Panama,PAN,3.25,75.0,0.08449192098822307,0.145226462035758,0.5069515259293385,0.435679386107274,0.3042196681194093,0.0,2,GHA,1.4857318275416487,0.056868890752664825,0.13032990148345996,0.056868890752664825,0.13032990148345996,2.83,75.0,0.05906138025553447,0.1015159224354171,0.3543682815332068,0.3045477673062513,0.1725415908531073,0.0,2,CRO,1.0385534072117786,0.05686889075266484,0.13032990148345996,0.05686889075266484,0.13032990148345996,2.56,75.0,0.04278322082515873,0.07353668519145638,0.2566993249509524,0.22061005557436913,0.08483497002082942,0.0,2,ENG,0.7523132640520853,0.05686889075266483,0.13032990148346,0.05686889075266483,0.13032990148346
869,Aníbal Godoy,MID,5.6,Panama,PAN,2.86,75.0,0.0655908224381935,0.05450855332707054,0.393544934629161,0.1635256599812116,0.3042196681194093,0.0,2,GHA,1.4857318275416487,0.04414714770344706,0.04891735490584244,0.04414714770344706,0.04891735490584244,2.56,75.0,0.04584917066609659,0.03810246420693786,0.27509502399657954,0.11430739262081357,0.1725415908531073,0.0,2,CRO,1.0385534072117786,0.04414714770344706,0.04891735490584244,0.04414714770344706,0.04891735490584244,2.37,75.0,0.03321248478736978,0.027600881203506462,0.19927490872421869,0.0828026436105194,0.08483497002082942,0.0,2,ENG,0.7523132640520853,0.04414714770344706,0.04891735490584244,0.04414714770344706,0.04891735490584244
870,Amir Murillo,DEF,5.0,Panama,PAN,3.73,80.0,0.07266816229136946,0.06437659601879073,0.5086771360395863,0.19312978805637218,1.5210983405970466,-0.4942249141415302,2,GHA,1.4857318275416487,0.048910685592304444,0.05777318609403046,0.048910685592304444,0.05777318609403046,2.42,80.0,0.05079635917095182,0.045000404447576615,0.35557451419666275,0.13500121334272985,0.8627079542655365,-0.9296585560304805,2,CRO,1.0385534072117786,0.04891068559230444,0.05777318609403046,0.04891068559230444,0.05777318609403046,1.23,80.0,0.036796157524971854,0.03259765065381645,0.257573102674803,0.09779295196144935,0.42417485010414707,-1.5518824088902277,2,ENG,0.7523132640520853,0.04891068559230444,0.057773186094030454,0.04891068559230444,0.057773186094030454
871,José Córdoba,DEF,4.0,Panama,PAN,3.42,80.0,0.03881973446512758,0.04211950557317867,0.271738141255893,0.12635851671953602,1.5210983405970466,-0.4942249141415302,2,GHA,1.4857318275416487,0.02612835893093861,0.037799109989560986,0.02612835893093861,0.037799109989560986,2.21,80.0,0.027135696192578593,0.029442295851923508,0.18994987334805014,0.08832688755577052,0.8627079542655365,-0.9296585560304805,2,CRO,1.0385534072117786,0.026128358930938605,0.037799109989560986,0.026128358930938605,0.037799109989560986,1.07,80.0,0.019656710991658877,0.02132757886088281,0.13759697694161213,0.06398273658264843,0.42417485010414707,-1.5518824088902277,2,ENG,0.7523132640520853,0.026128358930938605,0.037799109989560986,0.026128358930938605,0.037799109989560986
872,Éric Davis,DEF,3.9,Panama,PAN,3.55,80.0,0.04871726889786271,0.06068727955332271,0.34102088228503896,0.18206183865996814,1.5210983405970466,-0.4942249141415302,2,GHA,1.4857318275416487,0.0327900822980095,0.05446230015254576,0.0327900822980095,0.05446230015254576,2.3,80.0,0.03405425169335238,0.042421505541012726,0.23837976185346668,0.12726451662303817,0.8627079542655365,-0.9296585560304805,2,CRO,1.0385534072117786,0.03279008229800949,0.05446230015254576,0.03279008229800949,0.05446230015254576,1.14,80.0,0.024668413842152022,0.030729533096659566,0.17267889689506416,0.09218859928997869,0.42417485010414707,-1.5518824088902277,2,ENG,0.7523132640520853,0.03279008229800949,0.05446230015254576,0.03279008229800949,0.05446230015254576
873,César Blackman,DEF,3.7,Panama,PAN,3.55,80.0,0.04871726889786271,0.06068727955332271,0.34102088228503896,0.18206183865996814,1.5210983405970466,-0.4942249141415302,2,GHA,1.4857318275416487,0.0327900822980095,0.05446230015254576,0.0327900822980095,0.05446230015254576,2.3,80.0,0.03405425169335238,0.042421505541012726,0.23837976185346668,0.12726451662303817,0.8627079542655365,-0.9296585560304805,2,CRO,1.0385534072117786,0.03279008229800949,0.05446230015254576,0.03279008229800949,0.05446230015254576,1.14,80.0,0.024668413842152022,0.030729533096659566,0.17267889689506416,0.09218859928997869,0.42417485010414707,-1.5518824088902277,2,ENG,0.7523132640520853,0.03279008229800949,0.05446230015254576,0.03279008229800949,0.05446230015254576
874,Andrés Andrade,DEF,3.7,Panama,PAN,0.64,25.0,0.010736703493568636,0.019048003377437565,0.07515692445498046,0.0571440101323127,0.0,-0.4942249141415302,1,GHA,1.4857318275416487,0.007226542027664586,0.01709416017465741,0.007226542027664586,0.01709416017465741,0.16,25.0,0.0075051498451901705,0.01331489871961076,0.05253604891633119,0.03994469615883228,0.0,-0.9296585560304805,1,CRO,1.0385534072117786,0.007226542027664586,0.01709416017465741,0.007226542027664586,0.01709416017465741,-0.48,25.0,0.0054366234206419195,0.009645122577919262,0.03805636394449344,0.028935367733757787,0.0,-1.5518824088902277,1,ENG,0.7523132640520853,0.007226542027664586,0.01709416017465741,0.007226542027664586,0.01709416017465741
875,Roderick Miller,DEF,3.5,Panama,PAN,0.67,25.0,0.015224146530582098,0.018964774860413352,0.10656902571407469,0.05689432458124005,0.0,-0.4942249141415302,1,GHA,1.4857318275416487,0.010246900718127968,0.017019468797670554,0.010246900718127968,0.017019468797670554,0.18,25.0,0.010641953654172621,0.013256720481566479,0.07449367557920836,0.039770161444699435,0.0,-0.9296585560304805,1,CRO,1.0385534072117786,0.010246900718127968,0.01701946879767055,0.010246900718127968,0.01701946879767055,-0.47,25.0,0.007708879325672508,0.009602979092706115,0.05396215527970756,0.028808937278118344,0.0,-1.5518824088902277,1,ENG,0.7523132640520853,0.010246900718127967,0.01701946879767055,0.010246900718127967,0.01701946879767055
876,Jiovany Ramos,DEF,3.5,Panama,PAN,0.54,5.0,0.0030448293061164193,0.0037929549720826694,0.021313805142814935,0.011378864916248009,0.0,-0.4942249141415302,1,GHA,1.4857318275416487,0.0020493801436255936,0.00340389375953411,0.0020493801436255936,0.00340389375953411,0.09,5.0,0.002128390730834524,0.0026513440963132954,0.014898735115841668,0.007954032288939886,0.0,-0.9296585560304805,1,CRO,1.0385534072117786,0.002049380143625593,0.00340389375953411,0.002049380143625593,0.00340389375953411,-0.54,5.0,0.0015417758651345014,0.0019205958185412229,0.01079243105594151,0.005761787455623668,0.0,-1.5518824088902277,1,ENG,0.7523132640520853,0.002049380143625593,0.00340389375953411,0.002049380143625593,0.00340389375953411
877,Martín Krug,DEF,3.5,Panama,PAN,0.54,5.0,0.0030448293061164193,0.0037929549720826694,0.021313805142814935,0.011378864916248009,0.0,-0.4942249141415302,1,GHA,1.4857318275416487,0.0020493801436255936,0.00340389375953411,0.0020493801436255936,0.00340389375953411,0.09,5.0,0.002128390730834524,0.0026513440963132954,0.014898735115841668,0.007954032288939886,0.0,-0.9296585560304805,1,CRO,1.0385534072117786,0.002049380143625593,0.00340389375953411,0.002049380143625593,0.00340389375953411,-0.54,5.0,0.0015417758651345014,0.0019205958185412229,0.01079243105594151,0.005761787455623668,0.0,-1.5518824088902277,1,ENG,0.7523132640520853,0.002049380143625593,0.00340389375953411,0.002049380143625593,0.00340389375953411
878,Jorge Gutiérrez,DEF,3.5,Panama,PAN,0.54,5.0,0.0030448293061164193,0.0037929549720826694,0.021313805142814935,0.011378864916248009,0.0,-0.4942249141415302,1,GHA,1.4857318275416487,0.0020493801436255936,0.00340389375953411,0.0020493801436255936,0.00340389375953411,0.09,5.0,0.002128390730834524,0.0026513440963132954,0.014898735115841668,0.007954032288939886,0.0,-0.9296585560304805,1,CRO,1.0385534072117786,0.002049380143625593,0.00340389375953411,0.002049380143625593,0.00340389375953411,-0.54,5.0,0.0015417758651345014,0.0019205958185412229,0.01079243105594151,0.005761787455623668,0.0,-1.5518824088902277,1,ENG,0.7523132640520853,0.002049380143625593,0.00340389375953411,0.002049380143625593,0.00340389375953411
879,Ismael Díaz,FWD,4.9,Panama,PAN,3.88,70.0,0.2783476705604833,0.16408535286725973,1.3917383528024165,0.4922560586017792,0.0,0.0,2,GHA,1.4857318275416487,0.18734718163845793,0.14725434727455666,0.18734718163845793,0.14725434727455666,3.32,70.0,0.19457005382214443,0.11469862806655298,0.9728502691107221,0.344095884199659,0.0,0.0,2,CRO,1.0385534072117786,0.18734718163845793,0.14725434727455666,0.18734718163845793,0.14725434727455666,2.95,70.0,0.14094376972938719,0.08308604898298577,0.7047188486469359,0.24925814694895732,0.0,0.0,2,ENG,0.7523132640520853,0.18734718163845793,0.14725434727455666,0.18734718163845793,0.14725434727455666
880,José Fajardo,FWD,4.7,Panama,PAN,1.94,35.0,0.1517143779513788,0.061505151550982816,0.7585718897568939,0.18451545465294844,0.0,0.0,1,GHA,1.4857318275416487,0.10211424103528258,0.0551962791766638,0.10211424103528258,0.0551962791766638,1.66,35.0,0.10605109295203753,0.04299321285325255,0.5302554647601877,0.12897963855975764,0.0,0.0,1,CRO,1.0385534072117786,0.10211424103528258,0.055196279176663796,0.10211424103528258,0.055196279176663796,1.48,35.0,0.07682189797945482,0.03114366971319457,0.3841094898972741,0.09343100913958372,0.0,0.0,1,ENG,0.7523132640520853,0.10211424103528258,0.0551962791766638,0.10211424103528258,0.0551962791766638
881,Cecilio Waterman,FWD,5.0,Panama,PAN,3.89,70.0,0.3034287559027576,0.12301030310196563,1.5171437795137879,0.3690309093058969,0.0,0.0,2,GHA,1.4857318275416487,0.20422848207056515,0.1103925583533276,0.20422848207056515,0.1103925583533276,3.32,70.0,0.21210218590407506,0.0859864257065051,1.0605109295203754,0.2579592771195153,0.0,0.0,2,CRO,1.0385534072117786,0.20422848207056515,0.11039255835332759,0.20422848207056515,0.11039255835332759,2.96,70.0,0.15364379595890965,0.06228733942638914,0.7682189797945482,0.18686201827916743,0.0,0.0,2,ENG,0.7523132640520853,0.20422848207056515,0.1103925583533276,0.20422848207056515,0.1103925583533276
882,César Yanis,FWD,4.4,Panama,PAN,1.27,10.0,0.04334696512896536,0.017572900443137945,0.2167348256448268,0.052718701329413836,0.0,0.0,1,GHA,1.4857318275416487,0.029175497438652158,0.0157703654790468,0.029175497438652158,0.0157703654790468,1.19,10.0,0.030300312272010722,0.0122837751009293,0.1515015613600536,0.036851325302787896,0.0,0.0,1,CRO,1.0385534072117786,0.02917549743865216,0.0157703654790468,0.02917549743865216,0.0157703654790468,1.14,10.0,0.021949113708415662,0.00889819134662702,0.10974556854207831,0.026694574039881062,0.0,0.0,1,ENG,0.7523132640520853,0.02917549743865216,0.0157703654790468,0.02917549743865216,0.0157703654790468
883,Kadir Barría,FWD,4.0,Panama,PAN,1.27,10.0,0.04334696512896536,0.017572900443137945,0.2167348256448268,0.052718701329413836,0.0,0.0,1,GHA,1.4857318275416487,0.029175497438652158,0.0157703654790468,0.029175497438652158,0.0157703654790468,1.19,10.0,0.030300312272010722,0.0122837751009293,0.1515015613600536,0.036851325302787896,0.0,0.0,1,CRO,1.0385534072117786,0.02917549743865216,0.0157703654790468,0.02917549743865216,0.0157703654790468,1.14,10.0,0.021949113708415662,0.00889819134662702,0.10974556854207831,0.026694574039881062,0.0,0.0,1,ENG,0.7523132640520853,0.02917549743865216,0.0157703654790468,0.02917549743865216,0.0157703654790468
884,Luis Mejía,GK,4.0,Panama,PAN,3.03,90.0,0.0,0.0,0.0,0.0,1.5210983405970466,-0.4942249141415302,2,GHA,1.4857318275416487,0.0,0.0,0.0,0.0,1.93,90.0,0.0,0.0,0.0,0.0,0.8627079542655365,-0.9296585560304805,2,CRO,1.0385534072117786,0.0,0.0,0.0,0.0,0.87,90.0,0.0,0.0,0.0,0.0,0.42417485010414707,-1.5518824088902277,2,ENG,0.7523132640520853,0.0,0.0,0.0,0.0
885,Orlando Mosquera,GK,3.9,Panama,PAN,0.51,5.0,0.0,0.0,0.0,0.0,0.0,-0.4942249141415302,1,GHA,1.4857318275416487,0.0,0.0,0.0,0.0,0.07,5.0,0.0,0.0,0.0,0.0,0.0,-0.9296585560304805,1,CRO,1.0385534072117786,0.0,0.0,0.0,0.0,-0.55,5.0,0.0,0.0,0.0,0.0,0.0,-1.5518824088902277,1,ENG,0.7523132640520853,0.0,0.0,0.0,0.0
886,César Samudio,GK,3.6,Panama,PAN,0.51,5.0,0.0,0.0,0.0,0.0,0.0,-0.4942249141415302,1,GHA,1.4857318275416487,0.0,0.0,0.0,0.0,0.07,5.0,0.0,0.0,0.0,0.0,0.0,-0.9296585560304805,1,CRO,1.0385534072117786,0.0,0.0,0.0,0.0,-0.55,5.0,0.0,0.0,0.0,0.0,0.0,-1.5518824088902277,1,ENG,0.7523132640520853,0.0,0.0,0.0,0.0
887,Adalberto Carrasquilla,MID,6.5,Panama,PAN,3.11,75.0,0.07285007951027482,0.12124354992929538,0.4371004770616489,0.36373064978788616,0.3042196681194093,0.0,2,GHA,1.4857318275416487,0.0490331284285775,0.10880702935460417,0.0490331284285775,0.10880702935460417,2.73,75.0,0.05092352259575189,0.08475143329861214,0.30554113557451135,0.2542542998958364,0.1725415908531073,0.0,2,CRO,1.0385534072117786,0.04903312842857751,0.10880702935460418,0.04903312842857751,0.10880702935460418,2.49,75.0,0.03688827289478824,0.06139272855418,0.22132963736872946,0.18417818566254002,0.08483497002082942,0.0,2,ENG,0.7523132640520853,0.04903312842857751,0.10880702935460417,0.04903312842857751,0.10880702935460417
888,Maurício Magalhães Prado,MID,4.6,Paraguay,PAR,1.07,5.0,0.007323501254022039,0.007186170236982282,0.043941007524132235,0.021558510710946846,0.0,0.0,1,USA,1.4398319379250217,0.00508635838747689,0.0066546379918371625,0.00508635838747689,0.0066546379918371625,1.06,5.0,0.006261930308307478,0.006144505974229613,0.03757158184984487,0.01843351792268884,0.0,0.0,1,TUR,1.2311225106993957,0.00508635838747689,0.006654637991837162,0.00508635838747689,0.006654637991837162,1.07,5.0,0.0079368818754114,0.007788048684528003,0.047621291252468397,0.02336414605358401,0.0,0.0,1,AUS,1.5604252140298993,0.00508635838747689,0.0066546379918371625,0.00508635838747689,0.0066546379918371625
889,Alejandro Romero,MID,4.7,Paraguay,PAR,1.07,5.0,0.007323501254022039,0.007186170236982282,0.043941007524132235,0.021558510710946846,0.0,0.0,1,USA,1.4398319379250217,0.00508635838747689,0.0066546379918371625,0.00508635838747689,0.0066546379918371625,1.06,5.0,0.006261930308307478,0.006144505974229613,0.03757158184984487,0.01843351792268884,0.0,0.0,1,TUR,1.2311225106993957,0.00508635838747689,0.006654637991837162,0.00508635838747689,0.006654637991837162,1.07,5.0,0.0079368818754114,0.007788048684528003,0.047621291252468397,0.02336414605358401,0.0,0.0,1,AUS,1.5604252140298993,0.00508635838747689,0.0066546379918371625,0.00508635838747689,0.0066546379918371625
890,Matías Galarza,MID,4.8,Paraguay,PAR,1.03,5.0,0.003883403935231023,0.001893114052637008,0.023300423611386137,0.005679342157911024,0.0,0.0,1,USA,1.4398319379250217,0.0026971230689794914,0.0017530879845742949,0.0026971230689794914,0.0017530879845742949,1.02,5.0,0.003320488924347291,0.0016186995607845368,0.019922933546083745,0.004856098682353611,0.0,0.0,1,TUR,1.2311225106993957,0.0026971230689794914,0.0017530879845742947,0.0026971230689794914,0.0017530879845742947,1.03,5.0,0.0042086588421773015,0.0020516720201569417,0.02525195305306381,0.0061550160604708255,0.0,0.0,1,AUS,1.5604252140298993,0.0026971230689794914,0.0017530879845742949,0.0026971230689794914,0.0017530879845742949
891,Lucas Romero,MID,5.6,Paraguay,PAR,2.82,75.0,0.04985840682736653,0.07582541293020222,0.2991504409641992,0.22747623879060663,0.294512188441559,0.0,2,USA,1.4398319379250217,0.03462793504859931,0.07021691067590953,0.03462793504859931,0.07021691067590953,2.69,75.0,0.04263123033736719,0.0648342145236607,0.25578738202420315,0.1945026435709821,0.23972652614849238,0.0,2,TUR,1.2311225106993957,0.03462793504859932,0.07021691067590952,0.03462793504859932,0.07021691067590952,2.89,75.0,0.05403430295962404,0.08217617840248084,0.32420581775774426,0.24652853520744253,0.31893848543094644,0.0,2,AUS,1.5604252140298993,0.03462793504859932,0.07021691067590953,0.03462793504859932,0.07021691067590953
892,Braian Ojeda,MID,5.6,Paraguay,PAR,1.22,35.0,0.03086684466855527,0.012874113904426148,0.18520106801133163,0.03862234171327844,0.0,0.0,1,USA,1.4398319379250217,0.02143781079966754,0.011921867235865838,0.02143781079966754,0.011921867235865838,1.19,35.0,0.026392571455585316,0.011007959342733012,0.15835542873351188,0.03302387802819903,0.0,0.0,1,TUR,1.2311225106993957,0.021437810799667535,0.011921867235865838,0.021437810799667535,0.011921867235865838,1.24,35.0,0.0334521005054037,0.013952386674871496,0.20071260303242217,0.04185716002461449,0.0,0.0,1,AUS,1.5604252140298993,0.02143781079966753,0.011921867235865838,0.02143781079966753,0.011921867235865838
893,Gustavo Gómez,DEF,4.6,Paraguay,PAR,3.35,80.0,0.03950846393416503,0.03914523959593244,0.27655924753915523,0.11743571878779732,1.472560942207795,-0.5169470782901359,2,USA,1.4398319379250217,0.02743963576131092,0.03624982292710786,0.02743963576131092,0.03624982292710786,2.87,80.0,0.033781553271142024,0.03347097976082216,0.23647087289799418,0.10041293928246647,1.198632630742462,-0.6679830058644398,2,TUR,1.2311225106993957,0.02743963576131092,0.036249822927107864,0.02743963576131092,0.036249822927107864,3.56,80.0,0.04281749950574607,0.042423853274683676,0.2997224965402225,0.12727155982405103,1.5946924271547323,-0.4616955158630877,2,AUS,1.5604252140298993,0.02743963576131092,0.03624982292710786,0.02743963576131092,0.03624982292710786
894,Júnior Alonso,DEF,4.1,Paraguay,PAR,3.28,80.0,0.03050844108633917,0.035595967954362574,0.2135590876043742,0.10678790386308773,1.472560942207795,-0.5169470782901359,2,USA,1.4398319379250217,0.02118889037168161,0.0329630767006144,0.02118889037168161,0.0329630767006144,2.8,80.0,0.026086119913318922,0.03043618931102787,0.18260283939323246,0.0913085679330836,1.198632630742462,-0.6679830058644398,2,TUR,1.2311225106993957,0.021188890371681614,0.03296307670061441,0.021188890371681614,0.03296307670061441,3.48,80.0,0.03306367879328735,0.03857731201173017,0.23144575155301145,0.1157319360351905,1.5946924271547323,-0.4616955158630877,2,AUS,1.5604252140298993,0.02118889037168161,0.03296307670061441,0.02118889037168161,0.03296307670061441
895,Omar Alderete,DEF,4.1,Paraguay,PAR,3.31,80.0,0.03373917852989856,0.039365456738940076,0.2361742497092899,0.11809637021682023,1.472560942207795,-0.5169470782901359,2,USA,1.4398319379250217,0.023432719917659932,0.036453751489608464,0.023432719917659932,0.036453751489608464,2.83,80.0,0.028848548977545234,0.03365927554372396,0.20193984284281663,0.10097782663117187,1.198632630742462,-0.6679830058644398,2,TUR,1.2311225106993957,0.023432719917659932,0.036453751489608464,0.023432719917659932,0.036453751489608464,3.52,80.0,0.03656500699281719,0.04266251472777379,0.2559550489497203,0.12798754418332137,1.5946924271547323,-0.4616955158630877,2,AUS,1.5604252140298993,0.023432719917659935,0.036453751489608464,0.023432719917659935,0.036453751489608464
896,Fabián Balbuena,DEF,4.0,Paraguay,PAR,3.4,80.0,0.03966760316323624,0.055180150744286574,0.27767322214265366,0.16554045223285974,1.472560942207795,-0.5169470782901359,2,USA,1.4398319379250217,0.027550162014326637,0.05109869588789933,0.027550162014326637,0.05109869588789933,2.91,80.0,0.03391762462925293,0.047181566081231634,0.2374233724047705,0.1415446982436949,1.198632630742462,-0.6679830058644398,2,TUR,1.2311225106993957,0.027550162014326637,0.05109869588789933,0.027550162014326637,0.05109869588789933,3.61,80.0,0.04298996745776403,0.05980177010064304,0.30092977220434824,0.17940531030192913,1.5946924271547323,-0.4616955158630877,2,AUS,1.5604252140298993,0.02755016201432663,0.05109869588789933,0.02755016201432663,0.05109869588789933
897,Alan Benítez,DEF,3.8,Paraguay,PAR,0.51,5.0,0.002479225197702265,0.003448759421517911,0.017354576383915854,0.010346278264553734,0.0,-0.5169470782901359,1,USA,1.4398319379250217,0.0017218851258954148,0.003193668492993708,0.0017218851258954148,0.003193668492993708,0.36,5.0,0.002119851539328308,0.002948847880076977,0.014838960775298156,0.008846543640230931,0.0,-0.6679830058644398,1,TUR,1.2311225106993957,0.0017218851258954148,0.003193668492993708,0.0017218851258954148,0.003193668492993708,0.57,5.0,0.002686872966110252,0.00373761063129019,0.018808110762771765,0.01121283189387057,0.0,-0.4616955158630877,1,AUS,1.5604252140298993,0.0017218851258954144,0.003193668492993708,0.0017218851258954144,0.003193668492993708
898,Gustavo Velázquez,DEF,3.8,Paraguay,PAR,0.51,5.0,0.002479225197702265,0.003448759421517911,0.017354576383915854,0.010346278264553734,0.0,-0.5169470782901359,1,USA,1.4398319379250217,0.0017218851258954148,0.003193668492993708,0.0017218851258954148,0.003193668492993708,0.36,5.0,0.002119851539328308,0.002948847880076977,0.014838960775298156,0.008846543640230931,0.0,-0.6679830058644398,1,TUR,1.2311225106993957,0.0017218851258954148,0.003193668492993708,0.0017218851258954148,0.003193668492993708,0.57,5.0,0.002686872966110252,0.00373761063129019,0.018808110762771765,0.01121283189387057,0.0,-0.4616955158630877,1,AUS,1.5604252140298993,0.0017218851258954144,0.003193668492993708,0.0017218851258954144,0.003193668492993708
899,Juan José Cáceres,DEF,3.8,Paraguay,PAR,0.51,5.0,0.002479225197702265,0.003448759421517911,0.017354576383915854,0.010346278264553734,0.0,-0.5169470782901359,1,USA,1.4398319379250217,0.0017218851258954148,0.003193668492993708,0.0017218851258954148,0.003193668492993708,0.36,5.0,0.002119851539328308,0.002948847880076977,0.014838960775298156,0.008846543640230931,0.0,-0.6679830058644398,1,TUR,1.2311225106993957,0.0017218851258954148,0.003193668492993708,0.0017218851258954148,0.003193668492993708,0.57,5.0,0.002686872966110252,0.00373761063129019,0.018808110762771765,0.01121283189387057,0.0,-0.4616955158630877,1,AUS,1.5604252140298993,0.0017218851258954144,0.003193668492993708,0.0017218851258954144,0.003193668492993708
900,José Canale,DEF,3.6,Paraguay,PAR,0.51,5.0,0.002479225197702265,0.003448759421517911,0.017354576383915854,0.010346278264553734,0.0,-0.5169470782901359,1,USA,1.4398319379250217,0.0017218851258954148,0.003193668492993708,0.0017218851258954148,0.003193668492993708,0.36,5.0,0.002119851539328308,0.002948847880076977,0.014838960775298156,0.008846543640230931,0.0,-0.6679830058644398,1,TUR,1.2311225106993957,0.0017218851258954148,0.003193668492993708,0.0017218851258954148,0.003193668492993708,0.57,5.0,0.002686872966110252,0.00373761063129019,0.018808110762771765,0.01121283189387057,0.0,-0.4616955158630877,1,AUS,1.5604252140298993,0.0017218851258954144,0.003193668492993708,0.0017218851258954144,0.003193668492993708
901,Miguel Almirón,MID,6.0,Paraguay,PAR,3.16,75.0,0.10116859825040804,0.08472169108881437,0.6070115895024483,0.2541650732664431,0.294512188441559,0.0,2,USA,1.4398319379250217,0.07026417152282693,0.07845516675222429,0.07026417152282693,0.07845516675222429,2.98,75.0,0.08650380325739568,0.07244094140200359,0.519022819544374,0.2173228242060108,0.23972652614849238,0.0,2,TUR,1.2311225106993957,0.07026417152282693,0.07845516675222429,0.07026417152282693,0.07845516675222429,3.25,75.0,0.10964198488714078,0.09181756527831829,0.6578519093228447,0.27545269583495485,0.31893848543094644,0.0,2,AUS,1.5604252140298993,0.07026417152282693,0.0784551667522243,0.07026417152282693,0.0784551667522243
902,Antonio Sanabria,FWD,6.5,Paraguay,PAR,2.67,70.0,0.08970633312916232,0.07235725698403112,0.4485316656458116,0.21707177095209335,0.0,0.0,2,USA,1.4398319379250217,0.062303336081320985,0.06700528034154411,0.062303336081320985,0.06700528034154411,2.57,70.0,0.07670303954138413,0.06186878172314899,0.38351519770692066,0.18560634516944696,0.0,0.0,2,TUR,1.2311225106993957,0.06230333608132098,0.06700528034154411,0.06230333608132098,0.06700528034154411,2.72,70.0,0.09721969653947203,0.07841754668856554,0.48609848269736017,0.23525264006569663,0.0,0.0,2,AUS,1.5604252140298993,0.06230333608132098,0.06700528034154411,0.06230333608132098,0.06700528034154411
903,Ramón Sosa,FWD,5.3,Paraguay,PAR,1.22,10.0,0.03529488105483419,0.01597822974771327,0.17647440527417096,0.04793468924313981,0.0,0.0,1,USA,1.4398319379250217,0.02451319499531212,0.014796384056452127,0.02451319499531212,0.014796384056452127,1.19,10.0,0.03017874616789252,0.01366212111663889,0.1508937308394626,0.04098636334991667,0.0,0.0,1,TUR,1.2311225106993957,0.02451319499531212,0.014796384056452129,0.02451319499531212,0.014796384056452129,1.24,10.0,0.03825100754711657,0.017316488068618425,0.19125503773558286,0.05194946420585528,0.0,0.0,1,AUS,1.5604252140298993,0.02451319499531212,0.014796384056452127,0.02451319499531212,0.014796384056452127
904,Álex Arce,FWD,4.9,Paraguay,PAR,1.11,5.0,0.017647440527417096,0.007989114873856635,0.08823720263708548,0.023967344621569905,0.0,0.0,1,USA,1.4398319379250217,0.01225659749765606,0.0073981920282260635,0.01225659749765606,0.0073981920282260635,1.1,5.0,0.01508937308394626,0.006831060558319445,0.0754468654197313,0.020493181674958335,0.0,0.0,1,TUR,1.2311225106993957,0.01225659749765606,0.007398192028226064,0.01225659749765606,0.007398192028226064,1.12,5.0,0.019125503773558285,0.008658244034309212,0.09562751886779143,0.02597473210292764,0.0,0.0,1,AUS,1.5604252140298993,0.01225659749765606,0.0073981920282260635,0.01225659749765606,0.0073981920282260635
905,Gabriel Ávalos,FWD,4.9,Paraguay,PAR,1.12,5.0,0.020288196045006365,0.004849859334394777,0.10144098022503183,0.014549578003184332,0.0,0.0,1,USA,1.4398319379250217,0.014090669550117216,0.00449113465412177,0.014090669550117216,0.00449113465412177,1.1,5.0,0.01734734047397583,0.004146852728453591,0.08673670236987915,0.012440558185360773,0.0,0.0,1,TUR,1.2311225106993957,0.014090669550117214,0.00449113465412177,0.014090669550117214,0.00449113465412177,1.13,5.0,0.02198743604856624,0.005256059815421295,0.1099371802428312,0.015768179446263887,0.0,0.0,1,AUS,1.5604252140298993,0.014090669550117216,0.00449113465412177,0.014090669550117216,0.00449113465412177
906,Gustavo Caballero,FWD,4.2,Paraguay,PAR,1.11,5.0,0.017647440527417096,0.007989114873856635,0.08823720263708548,0.023967344621569905,0.0,0.0,1,USA,1.4398319379250217,0.01225659749765606,0.0073981920282260635,0.01225659749765606,0.0073981920282260635,1.1,5.0,0.01508937308394626,0.006831060558319445,0.0754468654197313,0.020493181674958335,0.0,0.0,1,TUR,1.2311225106993957,0.01225659749765606,0.007398192028226064,0.01225659749765606,0.007398192028226064,1.12,5.0,0.019125503773558285,0.008658244034309212,0.09562751886779143,0.02597473210292764,0.0,0.0,1,AUS,1.5604252140298993,0.01225659749765606,0.0073981920282260635,0.01225659749765606,0.0073981920282260635
907,Alexandro Maidana,FWD,4.0,Paraguay,PAR,1.11,5.0,0.017647440527417096,0.007989114873856635,0.08823720263708548,0.023967344621569905,0.0,0.0,1,USA,1.4398319379250217,0.01225659749765606,0.0073981920282260635,0.01225659749765606,0.0073981920282260635,1.1,5.0,0.01508937308394626,0.006831060558319445,0.0754468654197313,0.020493181674958335,0.0,0.0,1,TUR,1.2311225106993957,0.01225659749765606,0.007398192028226064,0.01225659749765606,0.007398192028226064,1.12,5.0,0.019125503773558285,0.008658244034309212,0.09562751886779143,0.02597473210292764,0.0,0.0,1,AUS,1.5604252140298993,0.01225659749765606,0.0073981920282260635,0.01225659749765606,0.0073981920282260635
908,Roberto Fernández,GK,4.0,Paraguay,PAR,0.48,5.0,0.0,0.0,0.0,0.0,0.0,-0.5169470782901359,1,USA,1.4398319379250217,0.0,0.0,0.0,0.0,0.33,5.0,0.0,0.0,0.0,0.0,0.0,-0.6679830058644398,1,TUR,1.2311225106993957,0.0,0.0,0.0,0.0,0.54,5.0,0.0,0.0,0.0,0.0,0.0,-0.4616955158630877,1,AUS,1.5604252140298993,0.0,0.0,0.0,0.0
909,Gastón Olveira,GK,3.8,Paraguay,PAR,0.48,5.0,0.0,0.0,0.0,0.0,0.0,-0.5169470782901359,1,USA,1.4398319379250217,0.0,0.0,0.0,0.0,0.33,5.0,0.0,0.0,0.0,0.0,0.0,-0.6679830058644398,1,TUR,1.2311225106993957,0.0,0.0,0.0,0.0,0.54,5.0,0.0,0.0,0.0,0.0,0.0,-0.4616955158630877,1,AUS,1.5604252140298993,0.0,0.0,0.0,0.0
910,Orlando Gill,GK,3.5,Paraguay,PAR,0.48,5.0,0.0,0.0,0.0,0.0,0.0,-0.5169470782901359,1,USA,1.4398319379250217,0.0,0.0,0.0,0.0,0.33,5.0,0.0,0.0,0.0,0.0,0.0,-0.6679830058644398,1,TUR,1.2311225106993957,0.0,0.0,0.0,0.0,0.54,5.0,0.0,0.0,0.0,0.0,0.0,-0.4616955158630877,1,AUS,1.5604252140298993,0.0,0.0,0.0,0.0
911,Damián Bobadilla,MID,5.5,Paraguay,PAR,1.11,10.0,0.01294780357046031,0.009488932520085567,0.07768682142276186,0.0284667975602567,0.0,0.0,1,USA,1.4398319379250217,0.008992579779220427,0.00878707416715158,0.008992579779220427,0.00878707416715158,1.09,10.0,0.011070967395458469,0.008113473607774093,0.06642580437275081,0.02434042082332228,0.0,0.0,1,TUR,1.2311225106993957,0.008992579779220427,0.008787074167151581,0.008992579779220427,0.008787074167151581,1.12,10.0,0.01403224822667098,0.01028367906598058,0.08419348936002588,0.030851037197941744,0.0,0.0,1,AUS,1.5604252140298993,0.008992579779220427,0.008787074167151583,0.008992579779220427,0.008787074167151583
912,Julio Enciso,MID,6.6,Paraguay,PAR,3.34,75.0,0.08949565995045035,0.16908152249161554,0.5369739597027021,0.5072445674748466,0.294512188441559,0.0,2,USA,1.4398319379250217,0.06215701818604247,0.15657523913083282,0.06215701818604247,0.15657523913083282,3.13,75.0,0.07652290428678861,0.14457247613408192,0.4591374257207317,0.43371742840224575,0.23972652614849238,0.0,2,TUR,1.2311225106993957,0.062157018186042474,0.15657523913083285,0.062157018186042474,0.15657523913083285,3.45,75.0,0.09699137840641568,0.18324296327438439,0.5819482704384941,0.5497288898231532,0.31893848543094644,0.0,2,AUS,1.5604252140298993,0.06215701818604248,0.15657523913083285,0.06215701818604248,0.15657523913083285
913,Diego Gómez,MID,6.8,Paraguay,PAR,3.19,75.0,0.1223216216668179,0.05294468345831466,0.7339297300009073,0.158834050374944,0.294512188441559,0.0,2,USA,1.4398319379250217,0.08495548573752204,0.04902857716817014,0.08495548573752204,0.04902857716817014,3.0,75.0,0.10459061089886483,0.045270138764472515,0.627543665393189,0.13581041629341756,0.23972652614849238,0.0,2,TUR,1.2311225106993957,0.08495548573752204,0.049028577168170134,0.08495548573752204,0.049028577168170134,3.29,75.0,0.13256668201498686,0.0573790710159175,0.7954000920899211,0.1721372130477525,0.31893848543094644,0.0,2,AUS,1.5604252140298993,0.08495548573752203,0.04902857716817014,0.08495548573752203,0.04902857716817014
915,Samú Costa,MID,5.6,Portugal,POR,1.08,5.0,0.010881204612946779,0.005104976583043612,0.06528722767768066,0.015314929749130837,0.0,0.0,1,COD,2.151112745924469,0.005058407391040973,0.003164239278928594,0.005058407391040973,0.003164239278928594,1.09,5.0,0.011733386072034713,0.005504782169639387,0.07040031643220829,0.016514346508918164,0.0,0.0,1,UZB,2.319581078585308,0.005058407391040973,0.0031642392789285934,0.005058407391040973,0.0031642392789285934,1.05,5.0,0.006990827690843232,0.0032797849987477395,0.041944966145059395,0.009839354996243218,0.0,0.0,1,COL,1.382021484316348,0.005058407391040974,0.0031642392789285934,0.005058407391040974,0.0031642392789285934
916,Nuno Mendes,DEF,5.8,Portugal,POR,5.11,80.0,0.10615224970719632,0.18667830443057298,0.7430657479503743,0.560034913291719,2.094773745474797,-0.28894711137382817,2,COD,2.151112745924469,0.04934759924058559,0.11570960489123999,0.04934759924058559,0.11570960489123999,5.39,80.0,0.11446575747207303,0.2012983575872267,0.8012603023045113,0.6038950727616801,2.233386150958607,-0.2525962554937021,2,UZB,2.319581078585308,0.049347599240585585,0.11570960489123999,0.049347599240585585,0.11570960489123999,3.69,80.0,0.06819944234992238,0.11993486992608726,0.4773960964494567,0.3598046097782618,1.4065864999997766,-0.5495893651997523,2,COL,1.382021484316348,0.049347599240585585,0.11570960489124,0.049347599240585585,0.11570960489124
917,João Cancelo,DEF,5.3,Portugal,POR,4.67,75.0,0.0773288795013532,0.10722936417934306,0.5413021565094724,0.3216880925380292,2.094773745474797,-0.28894711137382817,2,COD,2.151112745924469,0.035948315423197444,0.06646443141733749,0.035948315423197444,0.06646443141733749,4.91,75.0,0.08338503226266518,0.11562722813594017,0.5836952258386563,0.3468816844078205,2.233386150958607,-0.2525962554937021,2,UZB,2.319581078585308,0.03594831542319744,0.06646443141733749,0.03594831542319744,0.06646443141733749,3.41,75.0,0.0496813442398396,0.06889145412122316,0.3477694096788772,0.20667436236366948,1.4065864999997766,-0.5495893651997523,2,COL,1.382021484316348,0.035948315423197444,0.06646443141733749,0.035948315423197444,0.06646443141733749
918,Diogo Dalot,DEF,5.0,Portugal,POR,0.81,15.0,0.008442524018246026,0.0148892838563439,0.059097668127722186,0.0446678515690317,0.0,-0.28894711137382817,1,COD,2.151112745924469,0.00392472409186425,0.009228887938457813,0.00392472409186425,0.009228887938457813,0.86,15.0,0.00910371574215622,0.016055365378823183,0.06372601019509354,0.04816609613646955,0.0,-0.2525962554937021,1,UZB,2.319581078585308,0.00392472409186425,0.009228887938457813,0.00392472409186425,0.009228887938457813,0.52,15.0,0.005424053014970362,0.009565891055472533,0.03796837110479253,0.0286976731664176,0.0,-0.5495893651997523,1,COL,1.382021484316348,0.00392472409186425,0.009228887938457815,0.00392472409186425,0.009228887938457815
919,Gonçalo Inácio,DEF,4.6,Portugal,POR,4.41,85.0,0.052375434313469416,0.079121176132275,0.3666280401942859,0.237363528396825,2.094773745474797,-0.28894711137382817,2,COD,2.151112745924469,0.024348065629149707,0.0490420140504361,0.024348065629149707,0.0490420140504361,4.63,85.0,0.05647731233352894,0.0853176958853298,0.3953411863347026,0.2559530876559894,2.233386150958607,-0.2525962554937021,2,UZB,2.319581078585308,0.024348065629149707,0.0490420140504361,0.024348065629149707,0.0490420140504361,3.25,85.0,0.033649549801029334,0.050832837788885185,0.23554684860720534,0.15249851336665554,1.4065864999997766,-0.5495893651997523,2,COL,1.382021484316348,0.024348065629149707,0.04904201405043611,0.024348065629149707,0.04904201405043611
921,Renato Veiga,DEF,4.3,Portugal,POR,0.75,10.0,0.00436498667206991,0.0038609362197759172,0.03055490670448937,0.011582808659327752,0.0,-0.28894711137382817,1,COD,2.151112745924469,0.002029176146317704,0.0023931404662329023,0.002029176146317704,0.0023931404662329023,0.79,10.0,0.004706838594115199,0.004163312507902997,0.032947870158806396,0.012489937523708992,0.0,-0.2525962554937021,1,UZB,2.319581078585308,0.002029176146317704,0.0023931404662329027,0.002029176146317704,0.0023931404662329027,0.48,10.0,0.0028043650296733207,0.002480528654490535,0.019630555207713243,0.007441585963471605,0.0,-0.5495893651997523,1,COL,1.382021484316348,0.002029176146317704,0.0023931404662329027,0.002029176146317704,0.0023931404662329027
922,Tomás Araújo,DEF,4.1,Portugal,POR,0.74,5.0,0.002786775051384964,0.004654186831310294,0.019507425359694748,0.013962560493930883,0.0,-0.28894711137382817,1,COD,2.151112745924469,0.001295503946348154,0.002884824355908006,0.001295503946348154,0.002884824355908006,0.78,5.0,0.003005026441181774,0.005018687993254694,0.02103518508827242,0.01505606397976408,0.0,-0.2525962554937021,1,UZB,2.319581078585308,0.001295503946348154,0.002884824355908006,0.001295503946348154,0.002884824355908006,0.47,5.0,0.0017904142868697623,0.0029901669287579515,0.012532900008088335,0.008970500786273854,0.0,-0.5495893651997523,1,COL,1.382021484316348,0.0012955039463481539,0.002884824355908006,0.0012955039463481539,0.002884824355908006
923,Gonçalo Ramos,FWD,7.5,Portugal,POR,1.24,10.0,0.042542837551455895,0.009605918580520944,0.21271418775727946,0.028817755741562832,0.0,0.0,1,COD,2.151112745924469,0.019777130525612013,0.005954077239773051,0.019777130525612013,0.005954077239773051,1.26,10.0,0.04587465775592153,0.010358223679359754,0.22937328877960766,0.03107467103807926,0.0,0.0,1,UZB,2.319581078585308,0.019777130525612013,0.005954077239773051,0.019777130525612013,0.005954077239773051,1.16,10.0,0.027332419284524474,0.006171496998484002,0.13666209642262236,0.018514490995452007,0.0,0.0,1,COL,1.382021484316348,0.019777130525612016,0.005954077239773051,0.019777130525612016,0.005954077239773051
924,João Félix,FWD,6.5,Portugal,POR,1.73,20.0,0.10540929005322497,0.06735518256751688,0.5270464502661248,0.20206554770255064,0.0,0.0,1,COD,2.151112745924469,0.04900221536641211,0.04174904837515934,0.04900221536641211,0.04174904837515934,1.79,20.0,0.11366461157269175,0.07263022699497172,0.5683230578634588,0.21789068098491515,0.0,0.0,1,UZB,2.319581078585308,0.04900221536641211,0.04174904837515934,0.04900221536641211,0.04174904837515934,1.47,20.0,0.06772211441547824,0.043273561353174554,0.3386105720773912,0.12982068405952366,0.0,0.0,1,COL,1.382021484316348,0.04900221536641212,0.041749048375159345,0.04900221536641212,0.041749048375159345
925,Pedro Neto,MID,6.4,Portugal,POR,3.78,75.0,0.14332052210440835,0.16694680225803324,0.85992313262645,0.5008404067740997,0.4189547490949594,0.0,2,COD,2.151112745924469,0.06662622513670917,0.10347934424440447,0.06662622513670917,0.10347934424440447,3.91,75.0,0.1545449311646754,0.18002154670030207,0.9272695869880525,0.5400646401009062,0.44667723019172134,0.0,2,UZB,2.319581078585308,0.06662622513670917,0.10347934424440447,0.06662622513670917,0.10347934424440447,3.16,75.0,0.09207887455782998,0.10725800769655067,0.5524732473469799,0.321774023089652,0.2813172999999553,0.0,2,COL,1.382021484316348,0.06662622513670917,0.10347934424440447,0.06662622513670917,0.10347934424440447
926,Trincão,FWD,5.9,Portugal,POR,1.11,5.0,0.012800020310268107,0.016137704824722945,0.06400010155134053,0.048413114474168836,0.0,0.0,1,COD,2.151112745924469,0.005950418142665567,0.010002702000192031,0.005950418142665567,0.010002702000192031,1.12,5.0,0.013802477333397779,0.017401558720779635,0.06901238666698889,0.052204676162338905,0.0,0.0,1,UZB,2.319581078585308,0.005950418142665566,0.010002702000192031,0.005950418142665566,0.010002702000192031,1.07,5.0,0.008223605713829593,0.010367961799109622,0.041118028569147966,0.03110388539732887,0.0,0.0,1,COL,1.382021484316348,0.005950418142665566,0.010002702000192033,0.005950418142665566,0.010002702000192033
927,Gonçalo Guedes,FWD,5.8,Portugal,POR,1.14,5.0,0.020710625717435264,0.010577259554738535,0.10355312858717632,0.0317317786642156,0.0,0.0,1,COD,2.151112745924469,0.009627866208628036,0.006556147633996015,0.009627866208628036,0.006556147633996015,1.15,5.0,0.022332616284684456,0.011405637000171743,0.11166308142342228,0.03421691100051523,0.0,0.0,1,UZB,2.319581078585308,0.009627866208628036,0.0065561476339960146,0.009627866208628036,0.0065561476339960146,1.09,5.0,0.013305917948447326,0.006795552663399216,0.06652958974223663,0.02038665799019765,0.0,0.0,1,COL,1.382021484316348,0.009627866208628034,0.006556147633996015,0.009627866208628034,0.006556147633996015
928,Francisco Conceição,MID,5.7,Portugal,POR,1.08,5.0,0.007698269129723264,0.01079708385646561,0.046189614778339584,0.03239125156939683,0.0,0.0,1,COD,2.151112745924469,0.0035787380946482334,0.0066924022629199255,0.0035787380946482334,0.0066924022629199255,1.08,5.0,0.008301173169558479,0.011642677244512917,0.04980703901735087,0.034928031733538756,0.0,0.0,1,UZB,2.319581078585308,0.0035787380946482334,0.006692402262919926,0.0035787380946482334,0.006692402262919926,1.05,5.0,0.00494589293354521,0.006936782781782012,0.02967535760127126,0.020810348345346036,0.0,0.0,1,COL,1.382021484316348,0.003578738094648233,0.0066924022629199255,0.003578738094648233,0.0066924022629199255
931,Rui Silva,GK,4.7,Portugal,POR,0.71,5.0,0.0,0.0,0.0,0.0,0.0,-0.28894711137382817,1,COD,2.151112745924469,0.0,0.0,0.0,0.0,0.75,5.0,0.0,0.0,0.0,0.0,0.0,-0.2525962554937021,1,UZB,2.319581078585308,0.0,0.0,0.0,0.0,0.45,5.0,0.0,0.0,0.0,0.0,0.0,-0.5495893651997523,1,COL,1.382021484316348,0.0,0.0,0.0,0.0
932,José Sá,GK,4.7,Portugal,POR,0.71,5.0,0.0,0.0,0.0,0.0,0.0,-0.28894711137382817,1,COD,2.151112745924469,0.0,0.0,0.0,0.0,0.75,5.0,0.0,0.0,0.0,0.0,0.0,-0.2525962554937021,1,UZB,2.319581078585308,0.0,0.0,0.0,0.0,0.45,5.0,0.0,0.0,0.0,0.0,0.0,-0.5495893651997523,1,COL,1.382021484316348,0.0,0.0,0.0,0.0
933,Ricardo Velho,GK,4.0,Portugal,POR,0.71,5.0,0.0,0.0,0.0,0.0,0.0,-0.28894711137382817,1,COD,2.151112745924469,0.0,0.0,0.0,0.0,0.75,5.0,0.0,0.0,0.0,0.0,0.0,-0.2525962554937021,1,UZB,2.319581078585308,0.0,0.0,0.0,0.0,0.45,5.0,0.0,0.0,0.0,0.0,0.0,-0.5495893651997523,1,COL,1.382021484316348,0.0,0.0,0.0,0.0
934,Rúben Neves,MID,5.9,Portugal,POR,1.22,10.0,0.027629651999915534,0.017570152303834862,0.1657779119994932,0.05271045691150458,0.0,0.0,1,COD,2.151112745924469,0.012844353254966804,0.01089058199428709,0.012844353254966804,0.01089058199428709,1.24,10.0,0.02979351877688661,0.018946190946547634,0.17876111266131967,0.0568385728396429,0.0,0.0,1,UZB,2.319581078585308,0.012844353254966804,0.010890581994287088,0.012844353254966804,0.010890581994287088,1.14,10.0,0.017751172150512737,0.011288263719610154,0.10650703290307642,0.03386479115883046,0.0,0.0,1,COL,1.382021484316348,0.012844353254966802,0.01089058199428709,0.012844353254966802,0.01089058199428709
935,Matheus Nunes,MID,6.1,Portugal,POR,1.11,10.0,0.00981133601734035,0.018179301526288265,0.058868016104042103,0.054537904578864795,0.0,0.0,1,COD,2.151112745924469,0.004561051500405572,0.011268153539437388,0.004561051500405572,0.011268153539437388,1.12,10.0,0.010579728758793892,0.019603046805504776,0.06347837255276335,0.05880914041651433,0.0,0.0,1,UZB,2.319581078585308,0.004561051500405571,0.01126815353943739,0.004561051500405571,0.01126815353943739,1.07,10.0,0.006303471164633816,0.011679622710058329,0.0378208269878029,0.03503886813017498,0.0,0.0,1,COL,1.382021484316348,0.004561051500405573,0.011268153539437388,0.004561051500405573,0.011268153539437388
936,Vitinha,MID,6.4,Portugal,POR,3.63,85.0,0.16785037349565024,0.06670990238561177,1.0071022409739014,0.2001297071568353,0.4189547490949594,0.0,2,COD,2.151112745924469,0.07802955647660129,0.04134908162422843,0.07802955647660129,0.04134908162422843,3.75,85.0,0.18099588277352802,0.07193441051432978,1.085975296641168,0.21580323154298933,0.44667723019172134,0.0,2,UZB,2.319581078585308,0.07802955647660129,0.04134908162422843,0.07802955647660129,0.04134908162422843,3.06,85.0,0.10783852346233881,0.042858989371075504,0.6470311407740329,0.1285769681132265,0.2813172999999553,0.0,2,COL,1.382021484316348,0.07802955647660129,0.04134908162422843,0.07802955647660129,0.04134908162422843
937,João Neves,MID,6.5,Portugal,POR,3.95,75.0,0.21675548149969703,0.07560199154449691,1.3005328889981822,0.22680597463349073,0.4189547490949594,0.0,2,COD,2.151112745924469,0.10076435180367242,0.04686070294718154,0.10076435180367242,0.04686070294718154,4.09,75.0,0.23373108383971192,0.0815228999141168,1.4023865030382714,0.2445686997423504,0.44667723019172134,0.0,2,UZB,2.319581078585308,0.10076435180367244,0.046860702947181546,0.10076435180367244,0.046860702947181546,3.26,75.0,0.13925849904588605,0.048571873682378475,0.8355509942753163,0.14571562104713542,0.2813172999999553,0.0,2,COL,1.382021484316348,0.10076435180367242,0.04686070294718154,0.10076435180367242,0.04686070294718154
939,Bruno Fernandes,MID,8.5,Portugal,POR,5.12,85.0,0.2132372193472648,0.4736013418281344,1.2794233160835888,1.4208040254844032,0.4189547490949594,0.0,2,COD,2.151112745924469,0.09912879729398995,0.29355432762287126,0.09912879729398995,0.29355432762287126,5.36,85.0,0.22993728254605755,0.5106922979181334,1.3796236952763454,1.5320768937544003,0.44667723019172134,0.0,2,UZB,2.319581078585308,0.09912879729398995,0.29355432762287126,0.09912879729398995,0.29355432762287126,4.02,85.0,0.13699812757473437,0.3042737906916361,0.8219887654484062,0.9128213720749083,0.2813172999999553,0.0,2,COL,1.382021484316348,0.09912879729398995,0.2935543276228713,0.09912879729398995,0.2935543276228713
942,Mohammad Al Mannai,MID,4.2,Qatar,QAT,1.06,10.0,0.0062988844618606455,0.006069001747259814,0.037793306771163875,0.018207005241779442,0.0,0.0,1,SUI,0.6713992622929645,0.009381726813861365,0.012052444475503181,0.009381726813861365,0.012052444475503181,1.07,10.0,0.007337021779329032,0.007069251431431689,0.04402213067597419,0.02120775429429507,0.0,0.0,1,CAN,0.7820545113814962,0.009381726813861367,0.012052444475503181,0.009381726813861367,0.012052444475503181,1.08,10.0,0.009404713067709052,0.009061480709164052,0.05642827840625431,0.02718444212749216,0.0,0.0,1,BIH,1.0024501090581452,0.009381726813861367,0.012052444475503181,0.009381726813861367,0.012052444475503181
943,Ayoub Al Oui,MID,4.4,Qatar,QAT,1.06,10.0,0.0062988844618606455,0.006069001747259814,0.037793306771163875,0.018207005241779442,0.0,0.0,1,SUI,0.6713992622929645,0.009381726813861365,0.012052444475503181,0.009381726813861365,0.012052444475503181,1.07,10.0,0.007337021779329032,0.007069251431431689,0.04402213067597419,0.02120775429429507,0.0,0.0,1,CAN,0.7820545113814962,0.009381726813861367,0.012052444475503181,0.009381726813861367,0.012052444475503181,1.08,10.0,0.009404713067709052,0.009061480709164052,0.05642827840625431,0.02718444212749216,0.0,0.0,1,BIH,1.0024501090581452,0.009381726813861367,0.012052444475503181,0.009381726813861367,0.012052444475503181
944,Ahmed Fathy,MID,4.7,Qatar,QAT,1.2,35.0,0.022046095616512263,0.021241506115409352,0.13227657369907359,0.06372451834622805,0.0,0.0,1,SUI,0.6713992622929645,0.03283604384851479,0.04218355566426114,0.03283604384851479,0.04218355566426114,1.23,35.0,0.025679576227651612,0.024742380010010914,0.15407745736590966,0.07422714003003274,0.0,0.0,1,CAN,0.7820545113814962,0.03283604384851478,0.04218355566426114,0.03283604384851478,0.04218355566426114,1.29,35.0,0.03291649573698168,0.03171518248207419,0.19749897442189007,0.09514554744622256,0.0,0.0,1,BIH,1.0024501090581452,0.03283604384851478,0.04218355566426114,0.03283604384851478,0.04218355566426114
946,Karim Boudiaf,MID,4.9,Qatar,QAT,1.2,35.0,0.022046095616512263,0.021241506115409352,0.13227657369907359,0.06372451834622805,0.0,0.0,1,SUI,0.6713992622929645,0.03283604384851479,0.04218355566426114,0.03283604384851479,0.04218355566426114,1.23,35.0,0.025679576227651612,0.024742380010010914,0.15407745736590966,0.07422714003003274,0.0,0.0,1,CAN,0.7820545113814962,0.03283604384851478,0.04218355566426114,0.03283604384851478,0.04218355566426114,1.29,35.0,0.03291649573698168,0.03171518248207419,0.19749897442189007,0.09514554744622256,0.0,0.0,1,BIH,1.0024501090581452,0.03283604384851478,0.04218355566426114,0.03283604384851478,0.04218355566426114
947,Assim Madibo,MID,5.1,Qatar,QAT,2.49,75.0,0.047241633463954845,0.045517513104448605,0.28344980078372906,0.13655253931334582,0.06720937330460278,0.0,2,SUI,0.6713992622929645,0.07036295110396025,0.09039333356627385,0.07036295110396025,0.09039333356627385,2.58,75.0,0.05502766334496774,0.05301938573573767,0.33016598006980646,0.159058157207213,0.09213231505077256,0.0,2,CAN,0.7820545113814962,0.07036295110396025,0.09039333356627385,0.07036295110396025,0.09039333356627385,2.79,75.0,0.07053534800781788,0.0679611053187304,0.4232120880469073,0.2038833159561912,0.15969138720604492,0.0,2,BIH,1.0024501090581452,0.07036295110396024,0.09039333356627385,0.07036295110396024,0.09039333356627385
948,Mohammed Waad,MID,5.3,Qatar,QAT,2.49,75.0,0.047241633463954845,0.045517513104448605,0.28344980078372906,0.13655253931334582,0.06720937330460278,0.0,2,SUI,0.6713992622929645,0.07036295110396025,0.09039333356627385,0.07036295110396025,0.09039333356627385,2.58,75.0,0.05502766334496774,0.05301938573573767,0.33016598006980646,0.159058157207213,0.09213231505077256,0.0,2,CAN,0.7820545113814962,0.07036295110396025,0.09039333356627385,0.07036295110396025,0.09039333356627385,2.79,75.0,0.07053534800781788,0.0679611053187304,0.4232120880469073,0.2038833159561912,0.15969138720604492,0.0,2,BIH,1.0024501090581452,0.07036295110396024,0.09039333356627385,0.07036295110396024,0.09039333356627385
949,Pedro Miguel,DEF,3.9,Qatar,QAT,0.76,80.0,0.01705889304428943,0.02330089743474865,0.119412251310026,0.06990269230424595,0.33604686652301385,-1.7671519307851367,2,SUI,0.6713992622929645,0.025407971087173752,0.046273305603924085,0.025407971087173752,0.046273305603924085,1.2,80.0,0.019870418413774852,0.027141185553062625,0.13909292889642397,0.08142355665918788,0.4606615752538628,-1.4766618431395013,2,CAN,0.7820545113814962,0.025407971087173752,0.04627330560392409,0.025407971087173752,0.04627330560392409,2.09,80.0,0.025470223387283532,0.034790010186850934,0.17829156371098473,0.1043700305605528,0.7984569360302246,-0.9942035435045483,2,BIH,1.0024501090581452,0.025407971087173756,0.04627330560392408,0.025407971087173756,0.04627330560392408
950,Bassam Al Rawi,DEF,3.8,Qatar,QAT,0.76,80.0,0.01705889304428943,0.02330089743474865,0.119412251310026,0.06990269230424595,0.33604686652301385,-1.7671519307851367,2,SUI,0.6713992622929645,0.025407971087173752,0.046273305603924085,0.025407971087173752,0.046273305603924085,1.2,80.0,0.019870418413774852,0.027141185553062625,0.13909292889642397,0.08142355665918788,0.4606615752538628,-1.4766618431395013,2,CAN,0.7820545113814962,0.025407971087173752,0.04627330560392409,0.025407971087173752,0.04627330560392409,2.09,80.0,0.025470223387283532,0.034790010186850934,0.17829156371098473,0.1043700305605528,0.7984569360302246,-0.9942035435045483,2,BIH,1.0024501090581452,0.025407971087173756,0.04627330560392408,0.025407971087173756,0.04627330560392408
951,Lucas Mendes,DEF,3.8,Qatar,QAT,0.76,80.0,0.01705889304428943,0.02330089743474865,0.119412251310026,0.06990269230424595,0.33604686652301385,-1.7671519307851367,2,SUI,0.6713992622929645,0.025407971087173752,0.046273305603924085,0.025407971087173752,0.046273305603924085,1.2,80.0,0.019870418413774852,0.027141185553062625,0.13909292889642397,0.08142355665918788,0.4606615752538628,-1.4766618431395013,2,CAN,0.7820545113814962,0.025407971087173752,0.04627330560392409,0.025407971087173752,0.04627330560392409,2.09,80.0,0.025470223387283532,0.034790010186850934,0.17829156371098473,0.1043700305605528,0.7984569360302246,-0.9942035435045483,2,BIH,1.0024501090581452,0.025407971087173756,0.04627330560392408,0.025407971087173756,0.04627330560392408
952,Boualem Khoukhi,DEF,3.8,Qatar,QAT,0.76,80.0,0.01705889304428943,0.02330089743474865,0.119412251310026,0.06990269230424595,0.33604686652301385,-1.7671519307851367,2,SUI,0.6713992622929645,0.025407971087173752,0.046273305603924085,0.025407971087173752,0.046273305603924085,1.2,80.0,0.019870418413774852,0.027141185553062625,0.13909292889642397,0.08142355665918788,0.4606615752538628,-1.4766618431395013,2,CAN,0.7820545113814962,0.025407971087173752,0.04627330560392409,0.025407971087173752,0.04627330560392409,2.09,80.0,0.025470223387283532,0.034790010186850934,0.17829156371098473,0.1043700305605528,0.7984569360302246,-0.9942035435045483,2,BIH,1.0024501090581452,0.025407971087173756,0.04627330560392408,0.025407971087173756,0.04627330560392408
954,Niall Mason,DEF,3.5,Qatar,QAT,-0.76,5.0,0.0010661808152680893,0.0014563060896717907,0.007463265706876625,0.004368918269015372,0.0,-1.7671519307851367,1,SUI,0.6713992622929645,0.0015879981929483595,0.0028920816002452553,0.0015879981929483595,0.0028920816002452553,-0.46,5.0,0.0012419011508609282,0.001696324097066414,0.008693308056026498,0.0050889722911992424,0.0,-1.4766618431395013,1,CAN,0.7820545113814962,0.0015879981929483595,0.0028920816002452557,0.0015879981929483595,0.0028920816002452557,0.02,5.0,0.0015918889617052207,0.0021743756366781834,0.011143222731936546,0.00652312691003455,0.0,-0.9942035435045483,1,BIH,1.0024501090581452,0.0015879981929483597,0.002892081600245255,0.0015879981929483597,0.002892081600245255
955,Hashmi Al Hussain,DEF,3.5,Qatar,QAT,-0.76,5.0,0.0010661808152680893,0.0014563060896717907,0.007463265706876625,0.004368918269015372,0.0,-1.7671519307851367,1,SUI,0.6713992622929645,0.0015879981929483595,0.0028920816002452553,0.0015879981929483595,0.0028920816002452553,-0.46,5.0,0.0012419011508609282,0.001696324097066414,0.008693308056026498,0.0050889722911992424,0.0,-1.4766618431395013,1,CAN,0.7820545113814962,0.0015879981929483595,0.0028920816002452557,0.0015879981929483595,0.0028920816002452557,0.02,5.0,0.0015918889617052207,0.0021743756366781834,0.011143222731936546,0.00652312691003455,0.0,-0.9942035435045483,1,BIH,1.0024501090581452,0.0015879981929483597,0.002892081600245255,0.0015879981929483597,0.002892081600245255
957,Issa Laye,DEF,3.5,Qatar,QAT,-0.76,5.0,0.0010661808152680893,0.0014563060896717907,0.007463265706876625,0.004368918269015372,0.0,-1.7671519307851367,1,SUI,0.6713992622929645,0.0015879981929483595,0.0028920816002452553,0.0015879981929483595,0.0028920816002452553,-0.46,5.0,0.0012419011508609282,0.001696324097066414,0.008693308056026498,0.0050889722911992424,0.0,-1.4766618431395013,1,CAN,0.7820545113814962,0.0015879981929483595,0.0028920816002452557,0.0015879981929483595,0.0028920816002452557,0.02,5.0,0.0015918889617052207,0.0021743756366781834,0.011143222731936546,0.00652312691003455,0.0,-0.9942035435045483,1,BIH,1.0024501090581452,0.0015879981929483597,0.002892081600245255,0.0015879981929483597,0.002892081600245255
958,Akram Afif,FWD,5.9,Qatar,QAT,2.67,70.0,0.1062489505386463,0.047229839219894876,0.5312447526932316,0.14168951765968463,0.0,0.0,2,SUI,0.6713992622929645,0.1582500257384624,0.09379384592231137,0.1582500257384624,0.09379384592231137,2.78,70.0,0.12376014655500239,0.055013925257523404,0.618800732775012,0.1650417757725702,0.0,0.0,2,CAN,0.7820545113814962,0.1582500257384624,0.09379384592231135,0.1582500257384624,0.09379384592231135,3.0,70.0,0.15863775555997592,0.07051773830535292,0.7931887777998796,0.21155321491605877,0.0,0.0,2,BIH,1.0024501090581452,0.1582500257384624,0.09379384592231135,0.1582500257384624,0.09379384592231135
959,Almoez Ali,FWD,5.3,Qatar,QAT,1.34,35.0,0.05312447526932315,0.023614919609947438,0.2656223763466158,0.07084475882984231,0.0,0.0,1,SUI,0.6713992622929645,0.0791250128692312,0.04689692296115568,0.0791250128692312,0.04689692296115568,1.39,35.0,0.061880073277501196,0.027506962628761702,0.309400366387506,0.0825208878862851,0.0,0.0,1,CAN,0.7820545113814962,0.0791250128692312,0.046896922961155676,0.0791250128692312,0.046896922961155676,1.5,35.0,0.07931887777998796,0.03525886915267646,0.3965943888999398,0.10577660745802939,0.0,0.0,1,BIH,1.0024501090581452,0.0791250128692312,0.046896922961155676,0.0791250128692312,0.046896922961155676
960,Edmílson Junior,FWD,4.9,Qatar,QAT,1.05,5.0,0.00758921075276045,0.003373559944278205,0.03794605376380225,0.010120679832834614,0.0,0.0,1,SUI,0.6713992622929645,0.011303573267033028,0.006699560423022239,0.011303573267033028,0.006699560423022239,1.06,5.0,0.008840010468214456,0.0039295660898231,0.04420005234107228,0.011788698269469301,0.0,0.0,1,CAN,0.7820545113814962,0.011303573267033027,0.006699560423022239,0.011303573267033027,0.006699560423022239,1.07,5.0,0.011331268254283993,0.005036981307525208,0.05665634127141997,0.015110943922575623,0.0,0.0,1,BIH,1.0024501090581452,0.011303573267033027,0.006699560423022239,0.011303573267033027,0.006699560423022239
961,Hassan Al Haydos,FWD,4.6,Qatar,QAT,1.05,5.0,0.00758921075276045,0.003373559944278205,0.03794605376380225,0.010120679832834614,0.0,0.0,1,SUI,0.6713992622929645,0.011303573267033028,0.006699560423022239,0.011303573267033028,0.006699560423022239,1.06,5.0,0.008840010468214456,0.0039295660898231,0.04420005234107228,0.011788698269469301,0.0,0.0,1,CAN,0.7820545113814962,0.011303573267033027,0.006699560423022239,0.011303573267033027,0.006699560423022239,1.07,5.0,0.011331268254283993,0.005036981307525208,0.05665634127141997,0.015110943922575623,0.0,0.0,1,BIH,1.0024501090581452,0.011303573267033027,0.006699560423022239,0.011303573267033027,0.006699560423022239
962,Yusuf Abdurisag,FWD,4.4,Qatar,QAT,1.05,5.0,0.00758921075276045,0.003373559944278205,0.03794605376380225,0.010120679832834614,0.0,0.0,1,SUI,0.6713992622929645,0.011303573267033028,0.006699560423022239,0.011303573267033028,0.006699560423022239,1.06,5.0,0.008840010468214456,0.0039295660898231,0.04420005234107228,0.011788698269469301,0.0,0.0,1,CAN,0.7820545113814962,0.011303573267033027,0.006699560423022239,0.011303573267033027,0.006699560423022239,1.07,5.0,0.011331268254283993,0.005036981307525208,0.05665634127141997,0.015110943922575623,0.0,0.0,1,BIH,1.0024501090581452,0.011303573267033027,0.006699560423022239,0.011303573267033027,0.006699560423022239
963,Ahmed Al Ganehi,FWD,4.2,Qatar,QAT,1.05,5.0,0.00758921075276045,0.003373559944278205,0.03794605376380225,0.010120679832834614,0.0,0.0,1,SUI,0.6713992622929645,0.011303573267033028,0.006699560423022239,0.011303573267033028,0.006699560423022239,1.06,5.0,0.008840010468214456,0.0039295660898231,0.04420005234107228,0.011788698269469301,0.0,0.0,1,CAN,0.7820545113814962,0.011303573267033027,0.006699560423022239,0.011303573267033027,0.006699560423022239,1.07,5.0,0.011331268254283993,0.005036981307525208,0.05665634127141997,0.015110943922575623,0.0,0.0,1,BIH,1.0024501090581452,0.011303573267033027,0.006699560423022239,0.011303573267033027,0.006699560423022239
966,Mubarak Shanan,FWD,4.0,Qatar,QAT,1.05,5.0,0.00758921075276045,0.003373559944278205,0.03794605376380225,0.010120679832834614,0.0,0.0,1,SUI,0.6713992622929645,0.011303573267033028,0.006699560423022239,0.011303573267033028,0.006699560423022239,1.06,5.0,0.008840010468214456,0.0039295660898231,0.04420005234107228,0.011788698269469301,0.0,0.0,1,CAN,0.7820545113814962,0.011303573267033027,0.006699560423022239,0.011303573267033027,0.006699560423022239,1.07,5.0,0.011331268254283993,0.005036981307525208,0.05665634127141997,0.015110943922575623,0.0,0.0,1,BIH,1.0024501090581452,0.011303573267033027,0.006699560423022239,0.011303573267033027,0.006699560423022239
968,Meshaal Barsham,GK,4.1,Qatar,QAT,0.57,90.0,0.0,0.0,0.0,0.0,0.33604686652301385,-1.7671519307851367,2,SUI,0.6713992622929645,0.0,0.0,0.0,0.0,0.98,90.0,0.0,0.0,0.0,0.0,0.4606615752538628,-1.4766618431395013,2,CAN,0.7820545113814962,0.0,0.0,0.0,0.0,1.8,90.0,0.0,0.0,0.0,0.0,0.7984569360302246,-0.9942035435045483,2,BIH,1.0024501090581452,0.0,0.0,0.0,0.0
969,Salah Zakaria,GK,3.7,Qatar,QAT,-0.77,5.0,0.0,0.0,0.0,0.0,0.0,-1.7671519307851367,1,SUI,0.6713992622929645,0.0,0.0,0.0,0.0,-0.48,5.0,0.0,0.0,0.0,0.0,0.0,-1.4766618431395013,1,CAN,0.7820545113814962,0.0,0.0,0.0,0.0,0.01,5.0,0.0,0.0,0.0,0.0,0.0,-0.9942035435045483,1,BIH,1.0024501090581452,0.0,0.0,0.0,0.0
970,Shehab Ellethy,GK,3.6,Qatar,QAT,-0.77,5.0,0.0,0.0,0.0,0.0,0.0,-1.7671519307851367,1,SUI,0.6713992622929645,0.0,0.0,0.0,0.0,-0.48,5.0,0.0,0.0,0.0,0.0,0.0,-1.4766618431395013,1,CAN,0.7820545113814962,0.0,0.0,0.0,0.0,0.01,5.0,0.0,0.0,0.0,0.0,0.0,-0.9942035435045483,1,BIH,1.0024501090581452,0.0,0.0,0.0,0.0
971,Mahmud Abunada,GK,3.5,Qatar,QAT,-0.77,5.0,0.0,0.0,0.0,0.0,0.0,-1.7671519307851367,1,SUI,0.6713992622929645,0.0,0.0,0.0,0.0,-0.48,5.0,0.0,0.0,0.0,0.0,0.0,-1.4766618431395013,1,CAN,0.7820545113814962,0.0,0.0,0.0,0.0,0.01,5.0,0.0,0.0,0.0,0.0,0.0,-0.9942035435045483,1,BIH,1.0024501090581452,0.0,0.0,0.0,0.0
972,Musab Al Juwayr,MID,4.1,Saudi Arabia,KSA,1.04,5.0,0.003959013586736421,0.0067254840423927745,0.023754081520418524,0.020176452127178324,0.0,0.0,1,URU,0.7464206263762654,0.005303998103531386,0.012013751683227655,0.005303998103531386,0.012013751683227655,1.03,5.0,0.002809838338672392,0.0047732907438750695,0.01685903003203435,0.01431987223162521,0.0,0.0,1,ESP,0.5297585488957114,0.005303998103531386,0.012013751683227655,0.005303998103531386,0.012013751683227655,1.08,5.0,0.007130955783310111,0.01211390874947598,0.04278573469986066,0.036341726248427936,0.0,0.0,1,CPV,1.344449157808398,0.005303998103531386,0.012013751683227653,0.005303998103531386,0.012013751683227653
977,Ziyad Al Johani,MID,4.9,Saudi Arabia,KSA,1.03,10.0,0.002844354798970387,0.003647287189058753,0.017066128793822324,0.010941861567176258,0.0,0.0,1,URU,0.7464206263762654,0.0038106594304329524,0.006515159701602674,0.0038106594304329524,0.006515159701602674,1.02,10.0,0.002018729410201919,0.002588596162008637,0.012112376461211513,0.0077657884860259105,0.0,0.0,1,ESP,0.5297585488957114,0.003810659430432952,0.006515159701602675,0.003810659430432952,0.006515159701602675,1.05,10.0,0.005123237861940212,0.0065694757303551956,0.03073942717164127,0.019708427191065588,0.0,0.0,1,CPV,1.344449157808398,0.0038106594304329524,0.006515159701602674,0.0038106594304329524,0.006515159701602674
978,Mohamed Kanno,MID,5.1,Saudi Arabia,KSA,1.24,35.0,0.02855870716957202,0.024203132873386896,0.17135224301743213,0.07260939862016069,0.0,0.0,1,URU,0.7464206263762654,0.038260876187491334,0.0432341265646041,0.038260876187491334,0.0432341265646041,1.17,35.0,0.020269026248563887,0.017177736113728647,0.12161415749138332,0.05153320834118594,0.0,0.0,1,ESP,0.5297585488957114,0.038260876187491334,0.0432341265646041,0.038260876187491334,0.0432341265646041,1.44,35.0,0.05143980276728411,0.04359456378627274,0.3086388166037047,0.1307836913588182,0.0,0.0,1,CPV,1.344449157808398,0.038260876187491334,0.04323412656460409,0.038260876187491334,0.04323412656460409
980,Abdullah Al Khaibari,MID,5.1,Saudi Arabia,KSA,1.08,35.0,0.009955241796396355,0.006526799137152219,0.05973145077837813,0.019580397411456656,0.0,0.0,1,URU,0.7464206263762654,0.013337308006515334,0.011658840259794044,0.013337308006515334,0.011658840259794044,1.06,35.0,0.007065552935706716,0.004632277723376544,0.0423933176142403,0.013896833170129633,0.0,0.0,1,ESP,0.5297585488957114,0.013337308006515333,0.011658840259794044,0.013337308006515333,0.011658840259794044,1.14,35.0,0.017931332516790743,0.011756038476227061,0.10758799510074446,0.035268115428681183,0.0,0.0,1,CPV,1.344449157808398,0.013337308006515334,0.011658840259794048,0.013337308006515334,0.011658840259794048
982,Aiman Yahya,MID,5.6,Saudi Arabia,KSA,2.5,75.0,0.046701022864790165,0.04517952827380756,0.280206137188741,0.13553858482142267,0.08344237690384017,0.0,2,URU,0.7464206263762654,0.06256662961139622,0.08070432260720668,0.06256662961139622,0.08070432260720668,2.32,75.0,0.033145206912228706,0.032065353625503876,0.19887124147337223,0.09619606087651163,0.025618686971370378,0.0,2,ESP,0.5297585488957114,0.06256662961139621,0.08070432260720668,0.06256662961139621,0.08070432260720668,3.02,75.0,0.08411765248795162,0.08137714392056719,0.5047059149277098,0.24413143176170157,0.2720252345884366,0.0,2,CPV,1.344449157808398,0.06256662961139622,0.08070432260720668,0.06256662961139622,0.08070432260720668
983,Saud Abdulhamid,DEF,4.1,Saudi Arabia,KSA,1.25,80.0,0.029571841812234323,0.06559317659692342,0.20700289268564026,0.19677952979077024,0.4172118845192008,-1.5670413592156784,2,URU,0.7464206263762654,0.03961820020408622,0.11716928191077498,0.03961820020408622,0.11716928191077498,-0.28,80.0,0.020988080249976497,0.0465535715701535,0.14691656174983547,0.13966071471046052,0.1280934348568519,-2.6900519209399243,2,ESP,0.5297585488957114,0.039618200204086226,0.11716928191077496,0.039618200204086226,0.11716928191077496,3.51,80.0,0.053264655898268225,0.11814610678946709,0.37285259128787757,0.3544383203684013,1.360126172942183,-0.5738856773556451,2,CPV,1.344449157808398,0.039618200204086226,0.11716928191077496,0.039618200204086226,0.11716928191077496
984,Abdulelah Al Amri,DEF,3.7,Saudi Arabia,KSA,-0.49,25.0,0.007232728627375142,0.009033970412177999,0.05062910039162599,0.027101911236533997,0.0,-1.5670413592156784,1,URU,0.7464206263762654,0.009689883119238957,0.016137407591992305,0.009689883119238957,0.016137407591992305,-1.63,25.0,0.0051332984202170796,0.00641169722165436,0.03593308894151956,0.01923509166496308,0.0,-2.6900519209399243,1,ESP,0.5297585488957114,0.009689883119238957,0.016137407591992305,0.009689883119238957,0.016137407591992305,0.57,25.0,0.013027555198922626,0.01627194303469867,0.09119288639245839,0.048815829104096015,0.0,-0.5738856773556451,1,CPV,1.344449157808398,0.009689883119238955,0.016137407591992302,0.009689883119238955,0.016137407591992302
985,Hassan Kadish,DEF,3.7,Saudi Arabia,KSA,-0.56,5.0,0.0010841405558677103,0.000745789656491141,0.007588983891073972,0.002237368969473423,0.0,-1.5670413592156784,1,URU,0.7464206263762654,0.0014524525683742328,0.0013322062299944957,0.0014524525683742328,0.0013322062299944957,-1.68,5.0,0.0007694491649617828,0.0005293107294237829,0.005386144154732479,0.0015879321882713488,0.0,-2.6900519209399243,1,ESP,0.5297585488957114,0.0014524525683742332,0.001332206229994496,0.0014524525683742332,0.001332206229994496,0.44,5.0,0.0019527486323073823,0.0013433126579574005,0.013669240426151676,0.0040299379738722016,0.0,-0.5738856773556451,1,CPV,1.344449157808398,0.0014524525683742332,0.001332206229994496,0.0014524525683742332,0.001332206229994496
986,Ali Majrashi,DEF,3.6,Saudi Arabia,KSA,-0.55,5.0,0.0010841405558677103,0.002125095410218937,0.007588983891073972,0.0063752862306568105,0.0,-1.5670413592156784,1,URU,0.7464206263762654,0.0014524525683742328,0.00379606410491965,0.0014524525683742328,0.00379606410491965,-1.68,5.0,0.0007694491649617828,0.0015082480588029985,0.005386144154732479,0.004524744176408996,0.0,-2.6900519209399243,1,ESP,0.5297585488957114,0.0014524525683742332,0.00379606410491965,0.0014524525683742332,0.00379606410491965,0.45,5.0,0.0019527486323073823,0.0038277113916344347,0.013669240426151676,0.011483134174903304,0.0,-0.5738856773556451,1,CPV,1.344449157808398,0.0014524525683742332,0.0037960641049196503,0.0014524525683742332,0.0037960641049196503
987,Nawaf Bu Washl,DEF,3.5,Saudi Arabia,KSA,-0.55,5.0,0.0008425371094628317,0.00382270249173007,0.005897759766239821,0.01146810747519021,0.0,-1.5670413592156784,1,URU,0.7464206263762654,0.001128769864725194,0.006828504566365993,0.001128769864725194,0.006828504566365993,-1.68,5.0,0.0005979754855740272,0.002713094002654341,0.004185828399018191,0.008139282007963022,0.0,-2.6900519209399243,1,ESP,0.5297585488957114,0.001128769864725194,0.006828504566365993,0.001128769864725194,0.006828504566365993,0.46,5.0,0.0015175736939892863,0.006885432910006169,0.010623015857925005,0.020656298730018507,0.0,-0.5738856773556451,1,CPV,1.344449157808398,0.001128769864725194,0.006828504566365994,0.001128769864725194,0.006828504566365994
991,Ali Lajami,DEF,3.5,Saudi Arabia,KSA,-0.55,5.0,0.0014689652885531061,0.0018204002505056009,0.010282757019871743,0.005461200751516803,0.0,-1.5670413592156784,1,URU,0.7464206263762654,0.001968012721841118,0.0032517862559493806,0.001968012721841118,0.0032517862559493806,-1.68,5.0,0.00104257156373085,0.001291996176203072,0.007298000946115949,0.0038759885286092158,0.0,-2.6900519209399243,1,ESP,0.5297585488957114,0.001968012721841118,0.003251786255949381,0.001968012721841118,0.003251786255949381,0.45,5.0,0.0026458930464355037,0.0032788959698880514,0.018521251325048525,0.009836687909664153,0.0,-0.5738856773556451,1,CPV,1.344449157808398,0.001968012721841118,0.003251786255949381,0.001968012721841118,0.003251786255949381
992,Feras Al Brikan,FWD,5.3,Saudi Arabia,KSA,2.48,70.0,0.08261824854692955,0.021558008419076766,0.41309124273464776,0.0646740252572303,0.0,0.0,2,URU,0.7464206263762654,0.11068591304614118,0.03850913306748042,0.11068591304614118,0.03850913306748042,2.34,70.0,0.058636808678520634,0.015300406839795212,0.2931840433926032,0.04590122051938564,0.0,0.0,2,ESP,0.5297585488957114,0.11068591304614117,0.03850913306748042,0.11068591304614117,0.03850913306748042,2.86,70.0,0.14881158257613805,0.03883017864037917,0.7440579128806902,0.11649053592113752,0.0,0.0,2,CPV,1.344449157808398,0.11068591304614117,0.03850913306748041,0.11068591304614117,0.03850913306748041
993,Abdullah Al Hamddan,FWD,4.9,Saudi Arabia,KSA,1.13,10.0,0.02091256380469737,0.008433981580127514,0.10456281902348685,0.02530194474038254,0.0,0.0,1,URU,0.7464206263762654,0.02801713010829298,0.015065645798264247,0.02801713010829298,0.015065645798264247,1.09,10.0,0.014842314190391637,0.00598586599219893,0.07421157095195818,0.01795759797659679,0.0,0.0,1,ESP,0.5297585488957114,0.028017130108292983,0.015065645798264247,0.028017130108292983,0.015065645798264247,1.23,10.0,0.03766760697830281,0.015191246103986996,0.18833803489151407,0.04557373831196099,0.0,0.0,1,CPV,1.344449157808398,0.028017130108292987,0.015065645798264249,0.028017130108292987,0.015065645798264249
994,Khalid Al Ghannam,FWD,4.9,Saudi Arabia,KSA,1.13,10.0,0.020822468934391124,0.009870143814484074,0.10411234467195563,0.02961043144345222,0.0,0.0,1,URU,0.7464206263762654,0.027896427561870007,0.01763106656971115,0.027896427561870007,0.01763106656971115,1.09,10.0,0.014778370984550582,0.007005156181090401,0.07389185492275291,0.0210154685432712,0.0,0.0,1,ESP,0.5297585488957114,0.027896427561870007,0.01763106656971115,0.027896427561870007,0.01763106656971115,1.24,10.0,0.03750532854141911,0.017778054450683964,0.18752664270709554,0.05333416335205189,0.0,0.0,1,CPV,1.344449157808398,0.027896427561870007,0.01763106656971115,0.027896427561870007,0.01763106656971115
995,Saleh Al Shehri,FWD,4.9,Saudi Arabia,KSA,1.06,5.0,0.010456281902348685,0.004216990790063757,0.052281409511743426,0.01265097237019127,0.0,0.0,1,URU,0.7464206263762654,0.01400856505414649,0.007532822899132124,0.01400856505414649,0.007532822899132124,1.05,5.0,0.0074211570951958185,0.002992932996099465,0.03710578547597909,0.008978798988298394,0.0,0.0,1,ESP,0.5297585488957114,0.014008565054146492,0.007532822899132124,0.014008565054146492,0.007532822899132124,1.12,5.0,0.018833803489151407,0.007595623051993498,0.09416901744575704,0.022786869155980494,0.0,0.0,1,CPV,1.344449157808398,0.014008565054146493,0.0075328228991321244,0.014008565054146493,0.0075328228991321244
997,Sultan Mandash,FWD,4.5,Saudi Arabia,KSA,1.06,5.0,0.010456281902348685,0.004216990790063757,0.052281409511743426,0.01265097237019127,0.0,0.0,1,URU,0.7464206263762654,0.01400856505414649,0.007532822899132124,0.01400856505414649,0.007532822899132124,1.05,5.0,0.0074211570951958185,0.002992932996099465,0.03710578547597909,0.008978798988298394,0.0,0.0,1,ESP,0.5297585488957114,0.014008565054146492,0.007532822899132124,0.014008565054146492,0.007532822899132124,1.12,5.0,0.018833803489151407,0.007595623051993498,0.09416901744575704,0.022786869155980494,0.0,0.0,1,CPV,1.344449157808398,0.014008565054146493,0.0075328228991321244,0.014008565054146493,0.0075328228991321244
999,Nawaf Al Aqidi,GK,4.0,Saudi Arabia,KSA,0.85,90.0,0.0,0.0,0.0,0.0,0.4172118845192008,-1.5670413592156784,2,URU,0.7464206263762654,0.0,0.0,0.0,0.0,-0.56,90.0,0.0,0.0,0.0,0.0,0.1280934348568519,-2.6900519209399243,2,ESP,0.5297585488957114,0.0,0.0,0.0,0.0,2.79,90.0,0.0,0.0,0.0,0.0,1.360126172942183,-0.5738856773556451,2,CPV,1.344449157808398,0.0,0.0,0.0,0.0
1000,Ahmed Al Kassar,GK,3.9,Saudi Arabia,KSA,-0.57,5.0,0.0,0.0,0.0,0.0,0.0,-1.5670413592156784,1,URU,0.7464206263762654,0.0,0.0,0.0,0.0,-1.69,5.0,0.0,0.0,0.0,0.0,0.0,-2.6900519209399243,1,ESP,0.5297585488957114,0.0,0.0,0.0,0.0,0.43,5.0,0.0,0.0,0.0,0.0,0.0,-0.5738856773556451,1,CPV,1.344449157808398,0.0,0.0,0.0,0.0
1001,Mohammed Al Owais,GK,3.5,Saudi Arabia,KSA,-0.57,5.0,0.0,0.0,0.0,0.0,0.0,-1.5670413592156784,1,URU,0.7464206263762654,0.0,0.0,0.0,0.0,-1.69,5.0,0.0,0.0,0.0,0.0,0.0,-2.6900519209399243,1,ESP,0.5297585488957114,0.0,0.0,0.0,0.0,0.43,5.0,0.0,0.0,0.0,0.0,0.0,-0.5738856773556451,1,CPV,1.344449157808398,0.0,0.0,0.0,0.0
1003,John McGinn,MID,6.0,Scotland,SCO,3.9,75.0,0.16032818081648317,0.18670214053621578,0.9619690848988991,0.5601064216086473,0.3804144919400464,0.0,2,HAI,1.9156923489667055,0.08369202962206415,0.1299458065465957,0.08369202962206415,0.1299458065465957,3.2,75.0,0.10137720182965983,0.1180537350750228,0.608263210977959,0.3541612052250684,0.23337907732525734,0.0,2,MAR,1.2113125023668112,0.08369202962206417,0.1299458065465957,0.08369202962206417,0.1299458065465957,2.87,75.0,0.07744907510389819,0.0901894353869031,0.4646944506233891,0.2705683061607093,0.13358730671784383,0.0,2,BRA,0.9254056264813046,0.08369202962206415,0.12994580654659568,0.08369202962206415,0.12994580654659568
1005,Billy Gilmour,MID,5.1,Scotland,SCO,3.75,75.0,0.14398480218764562,0.16782501892501542,0.8639088131258736,0.5034750567750462,0.3804144919400464,0.0,2,HAI,1.9156923489667055,0.0751607126610433,0.11680721699427198,0.0751607126610433,0.11680721699427198,3.1,75.0,0.09104311093312123,0.10611753173387602,0.5462586655987274,0.31835259520162806,0.23337907732525734,0.0,2,MAR,1.2113125023668112,0.0751607126610433,0.11680721699427196,0.0751607126610433,0.11680721699427196,2.79,75.0,0.0695541463868741,0.08107054186509147,0.4173248783212446,0.2432116255952744,0.13358730671784383,0.0,2,BRA,0.9254056264813046,0.0751607126610433,0.11680721699427198,0.0751607126610433,0.11680721699427198
1007,Ryan Christie,MID,5.6,Scotland,SCO,3.41,75.0,0.14565185796770816,0.05034750567750463,0.8739111478062489,0.1510425170325139,0.3804144919400464,0.0,2,HAI,1.9156923489667055,0.07603092325668602,0.03504216509828159,0.07603092325668602,0.03504216509828159,2.88,75.0,0.09209720790731533,0.031835259520162806,0.552583247443892,0.09550577856048842,0.23337907732525734,0.0,2,MAR,1.2113125023668112,0.07603092325668603,0.03504216509828159,0.07603092325668603,0.03504216509828159,2.63,75.0,0.07035944416830553,0.02432116255952744,0.4221566650098332,0.07296348767858232,0.13358730671784383,0.0,2,BRA,0.9254056264813046,0.07603092325668603,0.03504216509828159,0.07603092325668603,0.03504216509828159
1008,Kenny McLean,MID,4.8,Scotland,SCO,1.36,35.0,0.03791468224946243,0.04396479430176883,0.22748809349677457,0.13189438290530647,0.0,0.0,1,HAI,1.9156923489667055,0.01979163422034494,0.030599759803451913,0.01979163422034494,0.030599759803451913,1.23,35.0,0.02397385397337464,0.027799403714507023,0.14384312384024783,0.08339821114352107,0.0,0.0,1,MAR,1.2113125023668112,0.01979163422034494,0.03059975980345191,0.01979163422034494,0.03059975980345191,1.17,35.0,0.018315289664767136,0.021237892418318145,0.10989173798860281,0.06371367725495444,0.0,0.0,1,BRA,0.9254056264813046,0.01979163422034494,0.030599759803451913,0.01979163422034494,0.030599759803451913
1009,Andy Robertson,DEF,5.0,Scotland,SCO,4.08,80.0,0.05726790123003206,0.042955703049760305,0.4008753086102244,0.1288671091492809,1.902072459700232,-0.3469083443939379,2,HAI,1.9156923489667055,0.029894101347182116,0.029897426256312285,0.029894101347182116,0.029897426256312285,2.81,80.0,0.03621109870886223,0.02716134465964563,0.2534776909620356,0.08148403397893689,1.1668953866262868,-0.6884702834668681,2,MAR,1.2113125023668112,0.029894101347182116,0.029897426256312285,0.029894101347182116,0.029897426256312285,1.78,80.0,0.027664169585284677,0.020750434856175958,0.19364918709699275,0.06225130456852787,0.6679365335892191,-1.1465873387081107,2,BRA,0.9254056264813046,0.029894101347182112,0.029897426256312285,0.029894101347182112,0.029897426256312285
1010,Kieran Tierney,DEF,4.3,Scotland,SCO,4.64,80.0,0.07726147773695032,0.1813657781059892,0.5408303441586522,0.5440973343179676,1.902072459700232,-0.3469083443939379,2,HAI,1.9156923489667055,0.040330837975431674,0.12623166637643396,0.040330837975431674,0.12623166637643396,3.16,80.0,0.04885324827057057,0.114679496757278,0.34197273789399396,0.344038490271834,1.1668953866262868,-0.6884702834668681,2,MAR,1.2113125023668112,0.04033083797543168,0.12623166637643393,0.04033083797543168,0.12623166637643393,2.05,80.0,0.03732238438317035,0.08761162072864717,0.2612566906821924,0.26283486218594154,0.6679365335892191,-1.1465873387081107,2,BRA,0.9254056264813046,0.04033083797543168,0.12623166637643396,0.04033083797543168,0.12623166637643396
1011,Nathan Patterson,DEF,4.0,Scotland,SCO,4.18,80.0,0.051992726762852166,0.08591140609952062,0.36394908733996517,0.25773421829856186,1.902072459700232,-0.3469083443939379,2,HAI,1.9156923489667055,0.02714043661076176,0.05979485251262458,0.02714043661076176,0.05979485251262458,2.87,80.0,0.03287555018630964,0.05432268931929127,0.23012885130416746,0.1629680679578738,1.1668953866262868,-0.6884702834668681,2,MAR,1.2113125023668112,0.027140436610761754,0.059794852512624584,0.027140436610761754,0.059794852512624584,1.82,80.0,0.025115912744758117,0.04150086971235192,0.17581138921330683,0.12450260913705577,0.6679365335892191,-1.1465873387081107,2,BRA,0.9254056264813046,0.027140436610761754,0.059794852512624584,0.027140436610761754,0.059794852512624584
1012,Jack Hendry,DEF,3.9,Scotland,SCO,0.77,25.0,0.011991311191327788,0.010998926957450188,0.08393917833929451,0.03299678087235056,0.0,-0.3469083443939379,1,HAI,1.9156923489667055,0.006259518235167413,0.007655318950966795,0.006259518235167413,0.007655318950966795,0.39,25.0,0.007582232697051324,0.006954737666183747,0.053075628879359266,0.02086421299855124,0.0,-0.6884702834668681,1,MAR,1.2113125023668112,0.006259518235167413,0.007655318950966797,0.006259518235167413,0.007655318950966797,-0.09,25.0,0.00579259339388625,0.0053132064223002234,0.040548153757203755,0.01593961926690067,0.0,-1.1465873387081107,1,BRA,0.9254056264813046,0.006259518235167413,0.007655318950966795,0.006259518235167413,0.007655318950966795
1013,John Souttar,DEF,3.8,Scotland,SCO,0.75,25.0,0.009368520780615942,0.01105735419228392,0.0655796454643116,0.03317206257685176,0.0,-0.3469083443939379,1,HAI,1.9156923489667055,0.0048904098748784874,0.007695984655885609,0.0048904098748784874,0.007695984655885609,0.37,25.0,0.005923814623138425,0.0069916818237730355,0.04146670236196898,0.020975045471319106,0.0,-0.6884702834668681,1,MAR,1.2113125023668112,0.0048904098748784874,0.00769598465588561,0.0048904098748784874,0.00769598465588561,-0.1,25.0,0.0045256128140122856,0.005341430626402748,0.031679289698086,0.016024291879208244,0.0,-1.1465873387081107,1,BRA,0.9254056264813046,0.0048904098748784874,0.007695984655885609,0.0048904098748784874,0.007695984655885609
1014,Scott McKenna,DEF,3.8,Scotland,SCO,0.69,5.0,0.0032495454226782604,0.005369462881220039,0.022746817958747823,0.016108388643660116,0.0,-0.3469083443939379,1,HAI,1.9156923489667055,0.00169627728817261,0.003737178282039036,0.00169627728817261,0.003737178282039036,0.34,5.0,0.0020547218866443524,0.003395168082455704,0.014383053206510467,0.010185504247367113,0.0,-0.6884702834668681,1,MAR,1.2113125023668112,0.0016962772881726096,0.0037371782820390365,0.0016962772881726096,0.0037371782820390365,-0.13,5.0,0.0015697445465473823,0.002593804357021995,0.010988211825831677,0.007781413071065986,0.0,-1.1465873387081107,1,BRA,0.9254056264813046,0.0016962772881726096,0.0037371782820390365,0.0016962772881726096,0.0037371782820390365
1015,Anthony Ralston,DEF,3.8,Scotland,SCO,0.67,5.0,0.001873704156123188,0.002211470838456784,0.013115929092862317,0.006634412515370352,0.0,-0.3469083443939379,1,HAI,1.9156923489667055,0.0009780819749756974,0.001539196931177122,0.0009780819749756974,0.001539196931177122,0.32,5.0,0.0011847629246276848,0.001398336364754607,0.008293340472393794,0.004195009094263821,0.0,-0.6884702834668681,1,MAR,1.2113125023668112,0.0009780819749756974,0.0015391969311771218,0.0009780819749756974,0.0015391969311771218,-0.14,5.0,0.0009051225628024569,0.0010682861252805495,0.006335857939617199,0.0032048583758416483,0.0,-1.1465873387081107,1,BRA,0.9254056264813046,0.0009780819749756974,0.0015391969311771218,0.0009780819749756974,0.0015391969311771218
1016,Dominic Hyam,DEF,3.6,Scotland,SCO,0.67,5.0,0.0020123137106052204,0.002375067095991235,0.014086195974236543,0.007125201287973705,0.0,-0.3469083443939379,1,HAI,1.9156923489667055,0.0010504367842209272,0.0016530609049498018,0.0010504367842209272,0.0016530609049498018,0.32,5.0,0.0012724072096727975,0.0015017800060046172,0.008906850467709582,0.004505340018013852,0.0,-0.6884702834668681,1,MAR,1.2113125023668112,0.0010504367842209272,0.0016530609049498015,0.0010504367842209272,0.0016530609049498015,-0.14,5.0,0.0009720801103809743,0.0011473138967676177,0.00680456077266682,0.003441941690302853,0.0,-1.1465873387081107,1,BRA,0.9254056264813046,0.0010504367842209274,0.0016530609049498018,0.0010504367842209274,0.0016530609049498018
1018,Grant Hanley,DEF,3.5,Scotland,SCO,0.67,5.0,0.001873704156123188,0.002211470838456784,0.013115929092862317,0.006634412515370352,0.0,-0.3469083443939379,1,HAI,1.9156923489667055,0.0009780819749756974,0.001539196931177122,0.0009780819749756974,0.001539196931177122,0.32,5.0,0.0011847629246276848,0.001398336364754607,0.008293340472393794,0.004195009094263821,0.0,-0.6884702834668681,1,MAR,1.2113125023668112,0.0009780819749756974,0.0015391969311771218,0.0009780819749756974,0.0015391969311771218,-0.14,5.0,0.0009051225628024569,0.0010682861252805495,0.006335857939617199,0.0032048583758416483,0.0,-1.1465873387081107,1,BRA,0.9254056264813046,0.0009780819749756974,0.0015391969311771218,0.0009780819749756974,0.0015391969311771218
1019,Ché Adams,FWD,5.4,Scotland,SCO,3.47,70.0,0.22582404649277799,0.11265488776588958,1.1291202324638898,0.3379646632976687,0.0,0.0,2,HAI,1.9156923489667055,0.11788116532103077,0.07840847571490545,0.11788116532103077,0.07840847571490545,2.93,70.0,0.14279092934693355,0.0712328751937421,0.7139546467346678,0.21369862558122632,0.0,0.0,2,MAR,1.2113125023668112,0.11788116532103077,0.07840847571490546,0.11788116532103077,0.07840847571490546,2.71,70.0,0.10908789364425474,0.054419733442797186,0.5454394682212736,0.16325920032839156,0.0,0.0,2,BRA,0.9254056264813046,0.11788116532103078,0.07840847571490546,0.11788116532103078,0.07840847571490546
1021,George Hirst,FWD,4.6,Scotland,SCO,1.28,10.0,0.04434658285496926,0.018457778216344742,0.2217329142748463,0.055373334649034225,0.0,0.0,1,HAI,1.9156923489667055,0.02314911519007168,0.012846724041258906,0.02314911519007168,0.012846724041258906,1.18,10.0,0.028040812648463285,0.0116710480842249,0.14020406324231643,0.0350131442526747,0.0,0.0,1,MAR,1.2113125023668112,0.02314911519007168,0.012846724041258906,0.02314911519007168,0.012846724041258906,1.13,10.0,0.021422321444956167,0.008916323032225226,0.10711160722478083,0.02674896909667568,0.0,0.0,1,BRA,0.9254056264813046,0.02314911519007168,0.012846724041258905,0.02314911519007168,0.012846724041258905
1022,Lyndon Dykes,FWD,4.6,Scotland,SCO,1.18,10.0,0.02203417153473757,0.023864035444674504,0.11017085767368784,0.07159210633402352,0.0,0.0,1,HAI,1.9156923489667055,0.011501936386926877,0.01660951140896668,0.011501936386926877,0.01660951140896668,1.11,10.0,0.013932439346912275,0.015089481620914143,0.06966219673456137,0.04526844486274243,0.0,0.0,1,MAR,1.2113125023668112,0.011501936386926877,0.016609511408966677,0.011501936386926877,0.016609511408966677,1.09,10.0,0.010643956647892179,0.01152790148322239,0.053219783239460895,0.03458370444966717,0.0,0.0,1,BRA,0.9254056264813046,0.011501936386926875,0.016609511408966677,0.011501936386926875,0.016609511408966677
1023,Findlay Curtis,FWD,4.0,Scotland,SCO,1.11,5.0,0.01885498699088228,0.006076261616191474,0.0942749349544114,0.018228784848574424,0.0,0.0,1,HAI,1.9156923489667055,0.009842387793140357,0.004229114429199389,0.009842387793140357,0.004229114429199389,1.07,5.0,0.011922207386973402,0.0038420843865218253,0.05961103693486701,0.011526253159565476,0.0,0.0,1,MAR,1.2113125023668112,0.009842387793140357,0.0042291144291993895,0.009842387793140357,0.0042291144291993895,1.05,5.0,0.009108201041782997,0.0029352347158607887,0.045541005208914985,0.008805704147582366,0.0,0.0,1,BRA,0.9254056264813046,0.009842387793140357,0.004229114429199389,0.009842387793140357,0.004229114429199389
1024,Liam Kelly,GK,3.7,Scotland,SCO,3.56,90.0,0.0,0.0,0.0,0.0,1.902072459700232,-0.3469083443939379,2,HAI,1.9156923489667055,0.0,0.0,0.0,0.0,2.48,90.0,0.0,0.0,0.0,0.0,1.1668953866262868,-0.6884702834668681,2,MAR,1.2113125023668112,0.0,0.0,0.0,0.0,1.52,90.0,0.0,0.0,0.0,0.0,0.6679365335892191,-1.1465873387081107,2,BRA,0.9254056264813046,0.0,0.0,0.0,0.0
1025,Angus Gunn,GK,3.6,Scotland,SCO,0.65,5.0,0.0,0.0,0.0,0.0,0.0,-0.3469083443939379,1,HAI,1.9156923489667055,0.0,0.0,0.0,0.0,0.31,5.0,0.0,0.0,0.0,0.0,0.0,-0.6884702834668681,1,MAR,1.2113125023668112,0.0,0.0,0.0,0.0,-0.15,5.0,0.0,0.0,0.0,0.0,0.0,-1.1465873387081107,1,BRA,0.9254056264813046,0.0,0.0,0.0,0.0
1027,Scott McTominay,MID,6.5,Scotland,SCO,3.95,75.0,0.2003934423851788,0.12217438345964497,1.202360654311073,0.3665231503789349,0.3804144919400464,0.0,2,HAI,1.9156923489667055,0.10460627589459649,0.08503410165732433,0.10460627589459649,0.08503410165732433,3.23,75.0,0.12671088981715672,0.07725215284878552,0.7602653389029403,0.23175645854635657,0.23337907732525734,0.0,2,MAR,1.2113125023668112,0.10460627589459649,0.08503410165732435,0.10460627589459649,0.08503410165732435,2.89,75.0,0.09680323627811527,0.05901827708735338,0.5808194176686916,0.17705483126206015,0.13358730671784383,0.0,2,BRA,0.9254056264813046,0.10460627589459649,0.08503410165732433,0.10460627589459649,0.08503410165732433
1028,Lewis Ferguson,MID,4.8,Scotland,SCO,1.08,10.0,0.010848610410220248,0.006282024647465213,0.06509166246132149,0.01884607394239564,0.0,0.0,1,HAI,1.9156923489667055,0.005663023301247625,0.004372326729709419,0.005663023301247625,0.004372326729709419,1.05,10.0,0.00685969092599582,0.00397219052409721,0.04115814555597492,0.011916571572291628,0.0,0.0,1,MAR,1.2113125023668112,0.005663023301247625,0.004372326729709419,0.005663023301247625,0.004372326729709419,1.04,10.0,0.0052405936258692835,0.003034631817365774,0.031443561755215704,0.009103895452097322,0.0,0.0,1,BRA,0.9254056264813046,0.005663023301247624,0.004372326729709419,0.005663023301247624,0.004372326729709419
1029,Idrissa Gueye,MID,4.9,Senegal,SEN,2.93,80.0,0.08050695536086803,0.08764179265976459,0.4830417321652082,0.2629253779792938,0.1813245310862299,0.0,2,FRA,1.0628935020959411,0.07574320023794928,0.1099411402138809,0.07574320023794928,0.1099411402138809,3.12,80.0,0.09476457856010814,0.10316298148932287,0.5685874713606489,0.3094889444679686,0.24592859290322286,0.0,2,NOR,1.2511298474635704,0.07574320023794927,0.1099411402138809,0.07574320023794927,0.1099411402138809,4.05,80.0,0.1739024554777343,0.18931436268687635,1.0434147328664058,0.5679430880606291,0.44276770132815135,0.0,2,IRQ,2.295948084203138,0.07574320023794928,0.10994114021388092,0.07574320023794928,0.10994114021388092
1030,Pape Matar Sarr,MID,5.6,Senegal,SEN,1.15,15.0,0.01270543492088289,0.02534958814516878,0.07623260952529734,0.07604876443550634,0.0,0.0,1,FRA,1.0628935020959411,0.011953629310771763,0.031799470778187296,0.011953629310771763,0.031799470778187296,1.18,15.0,0.014955542416221938,0.029838950268101808,0.08973325449733163,0.08951685080430542,0.0,0.0,1,NOR,1.2511298474635704,0.011953629310771761,0.0317994707781873,0.011953629310771761,0.0317994707781873,1.33,15.0,0.0274449123153409,0.054757450508889596,0.1646694738920454,0.1642723515266688,0.0,0.0,1,IRQ,2.295948084203138,0.011953629310771761,0.031799470778187296,0.011953629310771761,0.031799470778187296
1031,Pathé Ciss,MID,5.6,Senegal,SEN,1.06,10.0,0.006692997783327181,0.005563962612435346,0.04015798669996309,0.01669188783730604,0.0,0.0,1,FRA,1.0628935020959411,0.006296959921317727,0.006979642647124609,0.006296959921317727,0.006979642647124609,1.07,10.0,0.007878314505842464,0.006549329430335433,0.04726988703505479,0.019647988291006297,0.0,0.0,1,NOR,1.2511298474635704,0.006296959921317727,0.006979642647124609,0.006296959921317727,0.006979642647124609,1.12,10.0,0.014457493067653378,0.012018672873066199,0.08674495840592027,0.0360560186191986,0.0,0.0,1,IRQ,2.295948084203138,0.006296959921317727,0.006979642647124609,0.006296959921317727,0.006979642647124609
1032,Pape Gueye,MID,5.9,Senegal,SEN,2.86,80.0,0.08447515436094714,0.05635299495407547,0.5068509261656828,0.1690589848622264,0.1813245310862299,0.0,2,FRA,1.0628935020959411,0.07947659308704859,0.07069130299250974,0.07947659308704859,0.07069130299250974,3.04,80.0,0.09943553778592334,0.0663329993475148,0.5966132267155401,0.1989989980425444,0.24592859290322286,0.0,2,NOR,1.2511298474635704,0.07947659308704859,0.07069130299250972,0.07947659308704859,0.07069130299250972,3.9,80.0,0.18247413163720158,0.1217276712566072,1.0948447898232094,0.3651830137698216,0.44276770132815135,0.0,2,IRQ,2.295948084203138,0.0794765930870486,0.07069130299250974,0.0794765930870486,0.07069130299250974
1033,Mamadou Sarr,DEF,4.7,Senegal,SEN,0.13,10.0,0.0022186524514386215,0.002445723021634547,0.015530567160070351,0.007337169064903641,0.0,-0.8887913948626047,1,FRA,1.0628935020959411,0.002087370415816463,0.0030680063641519133,0.002087370415816463,0.0030680063641519133,0.38,10.0,0.002611571429940421,0.0028788557507989847,0.018281000009582948,0.008636567252396954,0.0,-0.6486426508414131,1,NOR,1.2511298474635704,0.002087370415816463,0.003068006364151913,0.002087370415816463,0.003068006364151913,0.79,10.0,0.004792494107216116,0.005282987500573215,0.03354745875051281,0.015848962501719646,0.0,-0.2574777240328733,1,IRQ,2.295948084203138,0.002087370415816463,0.0030680063641519133,0.002087370415816463,0.0030680063641519133
1034,Moussa Niakhaté,DEF,4.3,Senegal,SEN,2.26,80.0,0.017749219611508972,0.03905059251925952,0.12424453728056281,0.11715177755777856,0.9066226554311495,-0.8887913948626047,2,FRA,1.0628935020959411,0.016698963326531705,0.04898652272280634,0.016698963326531705,0.04898652272280634,2.87,80.0,0.020892571439523368,0.04596637552646656,0.14624800007666358,0.13789912657939968,1.2296429645161142,-0.6486426508414131,2,NOR,1.2511298474635704,0.016698963326531705,0.04898652272280633,0.016698963326531705,0.04898652272280633,4.48,80.0,0.038339952857728926,0.08435288474790051,0.26837967000410246,0.25305865424370155,2.213838506640757,-0.2574777240328733,2,IRQ,2.295948084203138,0.016698963326531705,0.04898652272280633,0.016698963326531705,0.04898652272280633
1035,El Hadji Malick Diouf,DEF,4.1,Senegal,SEN,2.37,80.0,0.019077816167224263,0.07189270683004506,0.13354471317056985,0.21567812049013518,0.9066226554311495,-0.8887913948626047,2,FRA,1.0628935020959411,0.017948944207114195,0.09018489834685962,0.017948944207114195,0.09018489834685962,2.99,80.0,0.02245645982797892,0.08462476358416807,0.15719521879585244,0.25387429075250423,1.2296429645161142,-0.6486426508414131,2,NOR,1.2511298474635704,0.017948944207114195,0.09018489834685962,0.017948944207114195,0.09018489834685962,4.71,80.0,0.041209844065792846,0.15529488343764533,0.2884689084605499,0.465884650312936,2.213838506640757,-0.2574777240328733,2,IRQ,2.295948084203138,0.017948944207114195,0.09018489834685964,0.017948944207114195,0.09018489834685964
1036,Ismail Jakobs,DEF,4.1,Senegal,SEN,0.14,10.0,0.0020421982213826837,0.004493101800096087,0.014295387549678787,0.013479305400288261,0.0,-0.8887913948626047,1,FRA,1.0628935020959411,0.0019213573301141006,0.005636314822053886,0.0019213573301141006,0.005636314822053886,0.38,10.0,0.0024038675033486675,0.005288821277679705,0.01682707252344067,0.015866463833039114,0.0,-0.6486426508414131,1,NOR,1.2511298474635704,0.0019213573301141006,0.005636314822053886,0.0019213573301141006,0.005636314822053886,0.8,10.0,0.004411336681145126,0.009705514663245278,0.03087935676801588,0.029116543989735837,0.0,-0.2574777240328733,1,IRQ,2.295948084203138,0.0019213573301141008,0.005636314822053887,0.0019213573301141008,0.005636314822053887
1037,Kalidou Koulibaly,DEF,4.9,Senegal,SEN,2.32,85.0,0.02375277024515817,0.04696017721837145,0.1662693917161072,0.14088053165511435,0.9066226554311495,-0.8887913948626047,2,FRA,1.0628935020959411,0.02234727204401909,0.058908601380125394,0.02234727204401909,0.058908601380125394,2.94,85.0,0.027959339063660514,0.05527673209425641,0.1957153734456236,0.16583019628276924,1.2296429645161142,-0.6486426508414131,2,NOR,1.2511298474635704,0.02234727204401909,0.05890860138012539,0.02234727204401909,0.05890860138012539,4.62,85.0,0.051308176436631964,0.1014383178613389,0.3591572350564237,0.3043149535840167,2.213838506640757,-0.2574777240328733,2,IRQ,2.295948084203138,0.02234727204401909,0.05890860138012539,0.02234727204401909,0.05890860138012539
1038,Abdoulaye Seck,DEF,3.8,Senegal,SEN,0.15,10.0,0.0034067528870043327,0.005257589372823741,0.023847270209030328,0.015772768118471222,0.0,-0.8887913948626047,1,FRA,1.0628935020959411,0.0032051686084132495,0.00659531660504236,0.0032051686084132495,0.00659531660504236,0.4,10.0,0.004010082112139092,0.006188698093530451,0.028070574784973646,0.018566094280591354,0.0,-0.6486426508414131,1,NOR,1.2511298474635704,0.003205168608413249,0.00659531660504236,0.003205168608413249,0.00659531660504236,0.83,10.0,0.007358900726034437,0.011356878393045111,0.05151230508224106,0.03407063517913533,0.0,-0.2574777240328733,1,IRQ,2.295948084203138,0.0032051686084132495,0.0065953166050423595,0.0032051686084132495,0.0065953166050423595
1039,Antoine Mendy,DEF,3.7,Senegal,SEN,0.12,5.0,0.0014274333290277678,0.0012228615108172735,0.009992033303194375,0.0036685845324518204,0.0,-0.8887913948626047,1,FRA,1.0628935020959411,0.0013429692873396847,0.0015340031820759567,0.0013429692873396847,0.0015340031820759567,0.37,5.0,0.0016802289596175597,0.0014394278753994923,0.011761602717322918,0.004318283626198477,0.0,-0.6486426508414131,1,NOR,1.2511298474635704,0.0013429692873396849,0.0015340031820759565,0.0013429692873396849,0.0015340031820759565,0.77,5.0,0.0030833877624112027,0.0026414937502866075,0.021583714336878418,0.007924481250859823,0.0,-0.2574777240328733,1,IRQ,2.295948084203138,0.0013429692873396849,0.0015340031820759567,0.0013429692873396849,0.0015340031820759567
1041,Nicolas Jackson,FWD,6.7,Senegal,SEN,3.48,75.0,0.2627348343181835,0.055212830894561374,1.3136741715909175,0.16563849268368414,0.0,0.0,2,FRA,1.0628935020959411,0.24718829666386274,0.06926103858406144,0.24718829666386274,0.06926103858406144,3.74,75.0,0.30926465589983837,0.06499091447913395,1.546323279499192,0.19497274343740184,0.0,0.0,2,NOR,1.2511298474635704,0.24718829666386274,0.06926103858406145,0.24718829666386274,0.06926103858406145,5.2,75.0,0.5675314961628326,0.1192648116352466,2.837657480814163,0.3577944349057398,0.0,0.0,2,IRQ,2.295948084203138,0.24718829666386277,0.06926103858406144,0.24718829666386277,0.06926103858406144
1042,Iliman Ndiaye,FWD,6.5,Senegal,SEN,2.7,75.0,0.10133909056379235,0.0631474978124965,0.5066954528189618,0.18944249343748948,0.0,0.0,2,FRA,1.0628935020959411,0.09534265696794623,0.0792145813140886,0.09534265696794623,0.0792145813140886,2.82,75.0,0.11928604386907808,0.0743307952772897,0.5964302193453904,0.2229923858318691,0.0,0.0,2,NOR,1.2511298474635704,0.09534265696794623,0.0792145813140886,0.09534265696794623,0.0792145813140886,3.5,75.0,0.2189017906083931,0.13640442465677655,1.0945089530419656,0.40921327397032964,0.0,0.0,2,IRQ,2.295948084203138,0.09534265696794623,0.0792145813140886,0.09534265696794623,0.0792145813140886
1043,Ismaïla Sarr,FWD,6.2,Senegal,SEN,2.8,65.0,0.14116651797249566,0.031390988799717495,0.7058325898624783,0.09417296639915249,0.0,0.0,2,FRA,1.0628935020959411,0.1328134170489579,0.039378029548983624,0.1328134170489579,0.039378029548983624,2.94,65.0,0.16616683021357828,0.03695027107727689,0.8308341510678914,0.11085081323183069,0.0,0.0,2,NOR,1.2511298474635704,0.1328134170489579,0.03937802954898363,0.1328134170489579,0.03937802954898363,3.73,65.0,0.3049327104300273,0.06780743362701264,1.5246635521501364,0.2034223008810379,0.0,0.0,2,IRQ,2.295948084203138,0.1328134170489579,0.03937802954898363,0.1328134170489579,0.03937802954898363
1046,Assane Diao,FWD,4.9,Senegal,SEN,1.08,10.0,0.01179116684267464,0.006759193127437951,0.05895583421337321,0.02027757938231385,0.0,0.0,1,FRA,1.0628935020959411,0.011093460275581139,0.008478984475377024,0.011093460275581139,0.008478984475377024,1.09,10.0,0.013879359262431007,0.007956232914993328,0.06939679631215503,0.023868698744979985,0.0,0.0,1,NOR,1.2511298474635704,0.011093460275581139,0.008478984475377024,0.011093460275581139,0.008478984475377024,1.17,10.0,0.02547000886690413,0.014600481121672521,0.12735004433452066,0.04380144336501757,0.0,0.0,1,IRQ,2.295948084203138,0.011093460275581139,0.008478984475377024,0.011093460275581139,0.008478984475377024
1047,Cherif Ndiaye,FWD,4.9,Senegal,SEN,1.12,10.0,0.02133135358185422,0.005160582556963557,0.10665676790927109,0.015481747670890672,0.0,0.0,1,FRA,1.0628935020959411,0.020069135374137195,0.006473627629719943,0.020069135374137195,0.006473627629719943,1.14,10.0,0.02510909427937001,0.0060745115616806,0.12554547139685007,0.0182235346850418,0.0,0.0,1,NOR,1.2511298474635704,0.020069135374137195,0.006473627629719942,0.020069135374137195,0.006473627629719942,1.26,10.0,0.04607769291386372,0.011147334715725004,0.23038846456931858,0.03344200414717501,0.0,0.0,1,IRQ,2.295948084203138,0.020069135374137195,0.006473627629719944,0.020069135374137195,0.006473627629719944
1048,Bamba Dieng,FWD,4.9,Senegal,SEN,1.1,5.0,0.01794937669926022,0.0030815933415425777,0.0897468834963011,0.009244780024627733,0.0,0.0,1,FRA,1.0628935020959411,0.016887276725152126,0.003865665858295833,0.016887276725152126,0.003865665858295833,1.12,5.0,0.021128175953214683,0.0036273374517260984,0.10564087976607342,0.010882012355178295,0.0,0.0,1,NOR,1.2511298474635704,0.01688727672515213,0.003865665858295833,0.01688727672515213,0.003865665858295833,1.21,5.0,0.03877231064452126,0.006656526091142847,0.1938615532226063,0.019969578273428542,0.0,0.0,1,IRQ,2.295948084203138,0.016887276725152126,0.0038656658582958327,0.016887276725152126,0.0038656658582958327
1049,Ibrahim Mbaye,FWD,4.4,Senegal,SEN,1.06,5.0,0.007982020795595228,0.006143491795942786,0.03991010397797614,0.018430475387828358,0.0,0.0,1,FRA,1.0628935020959411,0.007509708902966591,0.007706625714088709,0.007509708902966591,0.007706625714088709,1.07,5.0,0.009395620954264407,0.007231492090594978,0.04697810477132204,0.021694476271784932,0.0,0.0,1,NOR,1.2511298474635704,0.007509708902966591,0.00770662571408871,0.007509708902966591,0.00770662571408871,1.13,5.0,0.017241901768689394,0.013270509407949459,0.08620950884344697,0.039811528223848376,0.0,0.0,1,IRQ,2.295948084203138,0.007509708902966592,0.007706625714088709,0.007509708902966592,0.007706625714088709
1051,Édouard Mendy,GK,4.5,Senegal,SEN,2.02,90.0,0.0,0.0,0.0,0.0,0.9066226554311495,-0.8887913948626047,2,FRA,1.0628935020959411,0.0,0.0,0.0,0.0,2.58,90.0,0.0,0.0,0.0,0.0,1.2296429645161142,-0.6486426508414131,2,NOR,1.2511298474635704,0.0,0.0,0.0,0.0,3.96,90.0,0.0,0.0,0.0,0.0,2.213838506640757,-0.2574777240328733,2,IRQ,2.295948084203138,0.0,0.0,0.0,0.0
1052,Yehvann Diouf,GK,3.9,Senegal,SEN,0.11,5.0,0.0,0.0,0.0,0.0,0.0,-0.8887913948626047,1,FRA,1.0628935020959411,0.0,0.0,0.0,0.0,0.35,5.0,0.0,0.0,0.0,0.0,0.0,-0.6486426508414131,1,NOR,1.2511298474635704,0.0,0.0,0.0,0.0,0.74,5.0,0.0,0.0,0.0,0.0,0.0,-0.2574777240328733,1,IRQ,2.295948084203138,0.0,0.0,0.0,0.0
1053,Mory Diaw,GK,3.8,Senegal,SEN,0.11,5.0,0.0,0.0,0.0,0.0,0.0,-0.8887913948626047,1,FRA,1.0628935020959411,0.0,0.0,0.0,0.0,0.35,5.0,0.0,0.0,0.0,0.0,0.0,-0.6486426508414131,1,NOR,1.2511298474635704,0.0,0.0,0.0,0.0,0.74,5.0,0.0,0.0,0.0,0.0,0.0,-0.2574777240328733,1,IRQ,2.295948084203138,0.0,0.0,0.0,0.0
1054,Krépin Diatta,MID,6.1,Senegal,SEN,2.52,75.0,0.028087641526200552,0.055813271677930265,0.1685258491572033,0.1674398150337908,0.1813245310862299,0.0,2,FRA,1.0628935020959411,0.026425640452984202,0.07001425394343641,0.026425640452984202,0.07001425394343641,2.64,75.0,0.03306190750906928,0.06569769214239547,0.19837144505441567,0.19709307642718643,0.24592859290322286,0.0,2,NOR,1.2511298474635704,0.026425640452984202,0.07001425394343642,0.026425640452984202,0.07001425394343642,3.17,75.0,0.060671898571870025,0.12056181915625863,0.36403139143122015,0.3616854574687759,0.44276770132815135,0.0,2,IRQ,2.295948084203138,0.026425640452984206,0.07001425394343642,0.026425640452984206,0.07001425394343642
1055,Lamine Camara,MID,6.2,Senegal,SEN,1.18,20.0,0.01703325083957386,0.024625943287206308,0.10219950503744317,0.07387782986161892,0.0,0.0,1,FRA,1.0628935020959411,0.016025359837072716,0.030891703623045223,0.016025359837072716,0.030891703623045223,1.21,20.0,0.020049806008505616,0.0289871493313428,0.1202988360510337,0.0869614479940284,0.0,0.0,1,NOR,1.2511298474635704,0.016025359837072716,0.030891703623045226,0.016025359837072716,0.030891703623045226,1.38,20.0,0.036793394216593014,0.053194310813326366,0.2207603652995581,0.1595829324399791,0.0,0.0,1,IRQ,2.295948084203138,0.016025359837072716,0.030891703623045226,0.016025359837072716,0.030891703623045226
1056,Habib Diarra,MID,6.2,Senegal,SEN,2.79,75.0,0.06352717460441444,0.07569859745570134,0.3811630476264867,0.22709579236710403,0.1813245310862299,0.0,2,FRA,1.0628935020959411,0.05976814655385881,0.09495914978804525,0.05976814655385881,0.09495914978804525,2.96,75.0,0.07477771208110968,0.08910466994219053,0.44866627248665814,0.2673140098265716,0.24592859290322286,0.0,2,NOR,1.2511298474635704,0.05976814655385881,0.09495914978804523,0.05976814655385881,0.09495914978804523,3.76,75.0,0.13722456157670448,0.16351595852506598,0.8233473694602269,0.49054787557519797,0.44276770132815135,0.0,2,IRQ,2.295948084203138,0.0597681465538588,0.09495914978804525,0.0597681465538588,0.09495914978804525
1057,Jayden Adams,MID,4.0,South Africa,RSA,1.05,5.0,0.005218641787788628,0.0045920543140699314,0.03131185072673177,0.013776162942209794,0.0,0.0,1,MEX,0.9794255247023571,0.005328268108363368,0.006251357485590594,0.005328268108363368,0.006251357485590594,1.05,5.0,0.006052867570412825,0.005326116980139811,0.03631720542247695,0.015978350940419432,0.0,0.0,1,CZE,1.1359915543499224,0.005328268108363369,0.006251357485590594,0.005328268108363369,0.006251357485590594,1.05,5.0,0.006169916380187028,0.005429112072299248,0.037019498281122165,0.016287336216897742,0.0,0.0,1,KOR,1.15795906938365,0.005328268108363369,0.006251357485590594,0.005328268108363369,0.006251357485590594
1058,Teboho Mokoena,MID,4.3,South Africa,RSA,1.09,10.0,0.010437283575577256,0.009184108628139863,0.06262370145346353,0.02755232588441959,0.0,0.0,1,MEX,0.9794255247023571,0.010656536216726737,0.012502714971181187,0.010656536216726737,0.012502714971181187,1.1,10.0,0.01210573514082565,0.010652233960279622,0.0726344108449539,0.031956701880838864,0.0,0.0,1,CZE,1.1359915543499224,0.010656536216726738,0.012502714971181187,0.010656536216726738,0.012502714971181187,1.11,10.0,0.012339832760374056,0.010858224144598496,0.07403899656224433,0.032574672433795485,0.0,0.0,1,KOR,1.15795906938365,0.010656536216726738,0.012502714971181187,0.010656536216726738,0.012502714971181187
1059,Themba Zwane,MID,4.3,South Africa,RSA,1.05,5.0,0.005218641787788628,0.0045920543140699314,0.03131185072673177,0.013776162942209794,0.0,0.0,1,MEX,0.9794255247023571,0.005328268108363368,0.006251357485590594,0.005328268108363368,0.006251357485590594,1.05,5.0,0.006052867570412825,0.005326116980139811,0.03631720542247695,0.015978350940419432,0.0,0.0,1,CZE,1.1359915543499224,0.005328268108363369,0.006251357485590594,0.005328268108363369,0.006251357485590594,1.05,5.0,0.006169916380187028,0.005429112072299248,0.037019498281122165,0.016287336216897742,0.0,0.0,1,KOR,1.15795906938365,0.005328268108363369,0.006251357485590594,0.005328268108363369,0.006251357485590594
1060,Thalente Mbatha,MID,4.9,South Africa,RSA,1.32,35.0,0.0365304925145204,0.03214438019848952,0.21918295508712243,0.09643314059546855,0.0,0.0,1,MEX,0.9794255247023571,0.03729787675854359,0.043759502399134155,0.03729787675854359,0.043759502399134155,1.37,35.0,0.04237007299288977,0.03728281886097868,0.2542204379573386,0.11184845658293605,0.0,0.0,1,CZE,1.1359915543499224,0.03729787675854358,0.043759502399134155,0.03729787675854358,0.043759502399134155,1.37,35.0,0.04318941466130919,0.038003784506094734,0.25913648796785516,0.1140113535182842,0.0,0.0,1,KOR,1.15795906938365,0.03729787675854358,0.043759502399134155,0.03729787675854358,0.043759502399134155
1061,Tshepang Moremi,MID,4.9,South Africa,RSA,1.32,35.0,0.0365304925145204,0.03214438019848952,0.21918295508712243,0.09643314059546855,0.0,0.0,1,MEX,0.9794255247023571,0.03729787675854359,0.043759502399134155,0.03729787675854359,0.043759502399134155,1.37,35.0,0.04237007299288977,0.03728281886097868,0.2542204379573386,0.11184845658293605,0.0,0.0,1,CZE,1.1359915543499224,0.03729787675854358,0.043759502399134155,0.03729787675854358,0.043759502399134155,1.37,35.0,0.04318941466130919,0.038003784506094734,0.25913648796785516,0.1140113535182842,0.0,0.0,1,KOR,1.15795906938365,0.03729787675854358,0.043759502399134155,0.03729787675854358,0.043759502399134155
1062,Yaya Sithole,MID,5.1,South Africa,RSA,2.83,75.0,0.07827962681682943,0.06888081471104897,0.46967776090097657,0.20664244413314692,0.15166992118685452,0.0,2,MEX,0.9794255247023571,0.07992402162545054,0.0937703622838589,0.07992402162545054,0.0937703622838589,2.99,75.0,0.09079301355619236,0.07989175470209717,0.5447580813371542,0.2396752641062915,0.20765341725581485,0.0,2,CZE,1.1359915543499224,0.07992402162545054,0.0937703622838589,0.07992402162545054,0.0937703622838589,3.01,75.0,0.09254874570280541,0.08143668108448872,0.5552924742168325,0.24431004325346617,0.21537556751642745,0.0,2,KOR,1.15795906938365,0.07992402162545054,0.0937703622838589,0.07992402162545054,0.0937703622838589
1063,Aubrey Modiba,DEF,3.7,South Africa,RSA,2.02,80.0,0.028266672498402506,0.03526081917351536,0.19786670748881754,0.10578245752054607,0.7583496059342726,-1.0377186117415134,2,MEX,0.9794255247023571,0.028860461347474702,0.04800204240028828,0.028860461347474702,0.04800204240028828,2.61,80.0,0.03278524034537363,0.04089743606870578,0.22949668241761542,0.12269230820611735,1.0382670862790742,-0.7795382694903654,2,CZE,1.1359915543499224,0.028860461347474695,0.04800204240028828,0.028860461347474695,0.04800204240028828,2.69,80.0,0.0334192329639046,0.04168830025976425,0.23393463074733223,0.12506490077929275,1.0768778375821373,-0.7507475166386091,2,KOR,1.15795906938365,0.0288604613474747,0.04800204240028829,0.0288604613474747,0.04800204240028829
1064,Thabang Matuludi,DEF,3.7,South Africa,RSA,2.02,80.0,0.028266672498402506,0.03526081917351536,0.19786670748881754,0.10578245752054607,0.7583496059342726,-1.0377186117415134,2,MEX,0.9794255247023571,0.028860461347474702,0.04800204240028828,0.028860461347474702,0.04800204240028828,2.61,80.0,0.03278524034537363,0.04089743606870578,0.22949668241761542,0.12269230820611735,1.0382670862790742,-0.7795382694903654,2,CZE,1.1359915543499224,0.028860461347474695,0.04800204240028828,0.028860461347474695,0.04800204240028828,2.69,80.0,0.0334192329639046,0.04168830025976425,0.23393463074733223,0.12506490077929275,1.0768778375821373,-0.7507475166386091,2,KOR,1.15795906938365,0.0288604613474747,0.04800204240028829,0.0288604613474747,0.04800204240028829
1065,Khuliso Mudau,DEF,3.6,South Africa,RSA,2.02,80.0,0.028266672498402506,0.03526081917351536,0.19786670748881754,0.10578245752054607,0.7583496059342726,-1.0377186117415134,2,MEX,0.9794255247023571,0.028860461347474702,0.04800204240028828,0.028860461347474702,0.04800204240028828,2.61,80.0,0.03278524034537363,0.04089743606870578,0.22949668241761542,0.12269230820611735,1.0382670862790742,-0.7795382694903654,2,CZE,1.1359915543499224,0.028860461347474695,0.04800204240028828,0.028860461347474695,0.04800204240028828,2.69,80.0,0.0334192329639046,0.04168830025976425,0.23393463074733223,0.12506490077929275,1.0768778375821373,-0.7507475166386091,2,KOR,1.15795906938365,0.0288604613474747,0.04800204240028829,0.0288604613474747,0.04800204240028829
1066,Nkosinathi Sibisi,DEF,3.6,South Africa,RSA,0.06,25.0,0.008833335155750782,0.011019005991723552,0.06183334609025547,0.03305701797517066,0.0,-1.0377186117415134,1,MEX,0.9794255247023571,0.009018894171085843,0.015000638250090093,0.009018894171085843,0.015000638250090093,0.33,25.0,0.010245387607929262,0.012780448771470559,0.07171771325550484,0.038341346314411676,0.0,-0.7795382694903654,1,CZE,1.1359915543499224,0.009018894171085843,0.015000638250090093,0.009018894171085843,0.015000638250090093,0.36,25.0,0.010443510301220189,0.01302759383117633,0.07310457210854132,0.03908278149352899,0.0,-0.7507475166386091,1,KOR,1.15795906938365,0.009018894171085845,0.015000638250090093,0.009018894171085845,0.015000638250090093
1067,Mbekezeli Mbokazi,DEF,3.5,South Africa,RSA,-0.02,5.0,0.0017666670311501566,0.00220380119834471,0.012366669218051097,0.00661140359503413,0.0,-1.0377186117415134,1,MEX,0.9794255247023571,0.0018037788342171689,0.0030001276500180177,0.0018037788342171689,0.0030001276500180177,0.24,5.0,0.002049077521585852,0.002556089754294111,0.014343542651100964,0.007668269262882334,0.0,-0.7795382694903654,1,CZE,1.1359915543499224,0.0018037788342171685,0.0030001276500180177,0.0018037788342171685,0.0030001276500180177,0.27,5.0,0.0020887020602440376,0.0026055187662352656,0.014620914421708264,0.007816556298705797,0.0,-0.7507475166386091,1,KOR,1.15795906938365,0.0018037788342171687,0.003000127650018018,0.0018037788342171687,0.003000127650018018
1068,Khulumani Ndamane,DEF,3.5,South Africa,RSA,-0.02,5.0,0.0017666670311501566,0.00220380119834471,0.012366669218051097,0.00661140359503413,0.0,-1.0377186117415134,1,MEX,0.9794255247023571,0.0018037788342171689,0.0030001276500180177,0.0018037788342171689,0.0030001276500180177,0.24,5.0,0.002049077521585852,0.002556089754294111,0.014343542651100964,0.007668269262882334,0.0,-0.7795382694903654,1,CZE,1.1359915543499224,0.0018037788342171685,0.0030001276500180177,0.0018037788342171685,0.0030001276500180177,0.27,5.0,0.0020887020602440376,0.0026055187662352656,0.014620914421708264,0.007816556298705797,0.0,-0.7507475166386091,1,KOR,1.15795906938365,0.0018037788342171687,0.003000127650018018,0.0018037788342171687,0.003000127650018018
1069,Ime Okon,DEF,3.5,South Africa,RSA,-0.02,5.0,0.0017666670311501566,0.00220380119834471,0.012366669218051097,0.00661140359503413,0.0,-1.0377186117415134,1,MEX,0.9794255247023571,0.0018037788342171689,0.0030001276500180177,0.0018037788342171689,0.0030001276500180177,0.24,5.0,0.002049077521585852,0.002556089754294111,0.014343542651100964,0.007668269262882334,0.0,-0.7795382694903654,1,CZE,1.1359915543499224,0.0018037788342171685,0.0030001276500180177,0.0018037788342171685,0.0030001276500180177,0.27,5.0,0.0020887020602440376,0.0026055187662352656,0.014620914421708264,0.007816556298705797,0.0,-0.7507475166386091,1,KOR,1.15795906938365,0.0018037788342171687,0.003000127650018018,0.0018037788342171687,0.003000127650018018
1070,Samukele Kabini,DEF,3.5,South Africa,RSA,-0.02,5.0,0.0017666670311501566,0.00220380119834471,0.012366669218051097,0.00661140359503413,0.0,-1.0377186117415134,1,MEX,0.9794255247023571,0.0018037788342171689,0.0030001276500180177,0.0018037788342171689,0.0030001276500180177,0.24,5.0,0.002049077521585852,0.002556089754294111,0.014343542651100964,0.007668269262882334,0.0,-0.7795382694903654,1,CZE,1.1359915543499224,0.0018037788342171685,0.0030001276500180177,0.0018037788342171685,0.0030001276500180177,0.27,5.0,0.0020887020602440376,0.0026055187662352656,0.014620914421708264,0.007816556298705797,0.0,-0.7507475166386091,1,KOR,1.15795906938365,0.0018037788342171687,0.003000127650018018,0.0018037788342171687,0.003000127650018018
1071,Lyle Foster,FWD,5.4,South Africa,RSA,2.69,70.0,0.10140729315721665,0.059943762587661376,0.5070364657860833,0.17983128776298413,0.0,0.0,2,MEX,0.9794255247023571,0.10353752337425948,0.08160397576715937,0.10353752337425948,0.08160397576715937,2.8,70.0,0.11761775211146644,0.06952607045465158,0.5880887605573322,0.2085782113639547,0.0,0.0,2,CZE,1.1359915543499224,0.10353752337425948,0.08160397576715936,0.10353752337425948,0.08160397576715936,2.81,70.0,0.1198922142127454,0.07087054787800934,0.599461071063727,0.212611643634028,0.0,0.0,2,KOR,1.15795906938365,0.10353752337425948,0.08160397576715937,0.10353752337425948,0.08160397576715937
1072,Relebohile Mofokeng,FWD,4.9,South Africa,RSA,3.09,70.0,0.17605505119104173,0.07147204630167418,0.8802752559552086,0.21441613890502254,0.0,0.0,2,MEX,0.9794255247023571,0.17975338272355526,0.09729791529021628,0.17975338272355526,0.09729791529021628,3.27,70.0,0.20419832463978807,0.08289720751915491,1.0209916231989404,0.24869162255746474,0.0,0.0,2,CZE,1.1359915543499224,0.1797533827235553,0.09729791529021628,0.1797533827235553,0.09729791529021628,3.29,70.0,0.2081470597771311,0.08450025258182103,1.0407352988856555,0.2535007577454631,0.0,0.0,2,KOR,1.15795906938365,0.17975338272355526,0.09729791529021628,0.17975338272355526,0.09729791529021628
1073,Oswin Appollis,FWD,4.9,South Africa,RSA,1.55,35.0,0.08802752559552086,0.03573602315083709,0.4401376279776043,0.10720806945251127,0.0,0.0,1,MEX,0.9794255247023571,0.08987669136177763,0.04864895764510814,0.08987669136177763,0.04864895764510814,1.63,35.0,0.10209916231989404,0.04144860375957746,0.5104958115994702,0.12434581127873237,0.0,0.0,1,CZE,1.1359915543499224,0.08987669136177764,0.04864895764510814,0.08987669136177764,0.04864895764510814,1.65,35.0,0.10407352988856555,0.04225012629091052,0.5203676494428278,0.12675037887273155,0.0,0.0,1,KOR,1.15795906938365,0.08987669136177763,0.04864895764510814,0.08987669136177763,0.04864895764510814
1075,Evidence Makgopa,FWD,4.5,South Africa,RSA,1.16,10.0,0.025150721598720244,0.010210292328810598,0.12575360799360122,0.030630876986431792,0.0,0.0,1,MEX,0.9794255247023571,0.025679054674793606,0.013899702184316612,0.025679054674793606,0.013899702184316612,1.18,10.0,0.02917118923425543,0.011842458217022131,0.14585594617127715,0.035527374651066396,0.0,0.0,1,CZE,1.1359915543499224,0.025679054674793606,0.013899702184316614,0.025679054674793606,0.013899702184316614,1.18,10.0,0.02973529425387587,0.012071464654545862,0.14867647126937936,0.036214393963637584,0.0,0.0,1,KOR,1.15795906938365,0.025679054674793606,0.013899702184316612,0.025679054674793606,0.013899702184316612
1076,Thapelo Maseko,FWD,4.2,South Africa,RSA,1.16,10.0,0.025150721598720244,0.010210292328810598,0.12575360799360122,0.030630876986431792,0.0,0.0,1,MEX,0.9794255247023571,0.025679054674793606,0.013899702184316612,0.025679054674793606,0.013899702184316612,1.18,10.0,0.02917118923425543,0.011842458217022131,0.14585594617127715,0.035527374651066396,0.0,0.0,1,CZE,1.1359915543499224,0.025679054674793606,0.013899702184316614,0.025679054674793606,0.013899702184316614,1.18,10.0,0.02973529425387587,0.012071464654545862,0.14867647126937936,0.036214393963637584,0.0,0.0,1,KOR,1.15795906938365,0.025679054674793606,0.013899702184316612,0.025679054674793606,0.013899702184316612
1077,Ronwen Williams,GK,4.5,South Africa,RSA,1.72,90.0,0.0,0.0,0.0,0.0,0.7583496059342726,-1.0377186117415134,2,MEX,0.9794255247023571,0.0,0.0,0.0,0.0,2.26,90.0,0.0,0.0,0.0,0.0,1.0382670862790742,-0.7795382694903654,2,CZE,1.1359915543499224,0.0,0.0,0.0,0.0,2.33,90.0,0.0,0.0,0.0,0.0,1.0768778375821373,-0.7507475166386091,2,KOR,1.15795906938365,0.0,0.0,0.0,0.0
1078,Ricardo Goss,GK,3.7,South Africa,RSA,-0.04,5.0,0.0,0.0,0.0,0.0,0.0,-1.0377186117415134,1,MEX,0.9794255247023571,0.0,0.0,0.0,0.0,0.22,5.0,0.0,0.0,0.0,0.0,0.0,-0.7795382694903654,1,CZE,1.1359915543499224,0.0,0.0,0.0,0.0,0.25,5.0,0.0,0.0,0.0,0.0,0.0,-0.7507475166386091,1,KOR,1.15795906938365,0.0,0.0,0.0,0.0
1081,Yéremy Pino,MID,5.9,Spain,ESP,1.11,5.0,0.013484127414805196,0.010050789209680834,0.08090476448883117,0.030152367629042505,0.0,0.0,1,CPV,3.7726387044972416,0.003574189969140485,0.0035521695368282897,0.003574189969140485,0.0035521695368282897,1.11,5.0,0.013097380507435447,0.009762516077583211,0.07858428304461268,0.029287548232749636,0.0,0.0,1,KSA,3.664433233968558,0.0035741899691404846,0.0035521695368282893,0.0035741899691404846,0.0035521695368282893,1.05,5.0,0.0066522054344832614,0.004958416109897794,0.039913232606899565,0.014875248329693383,0.0,0.0,1,URU,1.861178474540617,0.003574189969140484,0.0035521695368282893,0.003574189969140484,0.0035521695368282893
1082,Álex Baena,MID,6.0,Spain,ESP,1.13,5.0,0.014541542014660836,0.014430812664893372,0.08724925208796502,0.04329243799468012,0.0,0.0,1,CPV,3.7726387044972416,0.0038544751177276345,0.005100165974084528,0.0038544751177276345,0.005100165974084528,1.13,5.0,0.014124466720906014,0.014016913270643224,0.08474680032543608,0.04205073981192967,0.0,0.0,1,KSA,3.664433233968558,0.0038544751177276345,0.005100165974084528,0.0038544751177276345,0.005100165974084528,1.06,5.0,0.0071738661197670835,0.007119239345662951,0.0430431967186025,0.021357718036988854,0.0,0.0,1,URU,1.861178474540617,0.003854475117727634,0.005100165974084528,0.003854475117727634,0.005100165974084528
1084,Martín Zubimendi,MID,6.1,Spain,ESP,1.37,15.0,0.052136604671103884,0.018310161956097727,0.31281962802662333,0.05493048586829318,0.0,0.0,1,CPV,3.7726387044972416,0.013819665426470208,0.006471213171220016,0.013819665426470208,0.006471213171220016,1.36,15.0,0.050641241271083694,0.01778499645653527,0.3038474476265022,0.05335498936960581,0.0,0.0,1,KSA,3.664433233968558,0.013819665426470206,0.006471213171220016,0.013819665426470206,0.006471213171220016,1.18,15.0,0.02572086381709953,0.009033061993828813,0.15432518290259717,0.02709918598148644,0.0,0.0,1,URU,1.861178474540617,0.01381966542647021,0.0064712131712200156,0.01381966542647021,0.0064712131712200156
1085,Pedro Porro,DEF,5.5,Spain,ESP,1.23,30.0,0.03300615801866316,0.03673647006594036,0.23104310613064213,0.11020941019782107,0.0,-0.11497765726242648,1,CPV,3.7726387044972416,0.00874882558441591,0.012983474942758408,0.00874882558441591,0.012983474942758408,1.21,30.0,0.032059487229728054,0.035682807804481444,0.22441641060809636,0.10704842341344434,0.0,-0.11850565505279953,1,KSA,3.664433233968558,0.00874882558441591,0.012983474942758406,0.00874882558441591,0.012983474942758406,0.81,30.0,0.016283125855225126,0.018123423066149565,0.11398188098657588,0.054370269198448694,0.0,-0.36185698131134025,1,URU,1.861178474540617,0.00874882558441591,0.01298347494275841,0.00874882558441591,0.01298347494275841
1086,Aymeric Laporte,DEF,5.5,Spain,ESP,5.57,80.0,0.06825988983215453,0.07814373020937038,0.4778192288250817,0.23443119062811113,2.9692562835785403,-0.11497765726242648,2,CPV,3.7726387044972416,0.01809340760640135,0.027617709629855887,0.01809340760640135,0.027617709629855887,5.52,80.0,0.06630208414863661,0.07590243976030303,0.4641145890404563,0.2277073192809091,2.943735530785441,-0.11850565505279953,2,KSA,3.664433233968558,0.01809340760640135,0.027617709629855883,0.01809340760640135,0.027617709629855883,3.85,80.0,0.03367506076812366,0.03855111500940066,0.23572542537686564,0.11565334502820197,1.8570550931435732,-0.36185698131134025,2,URU,1.861178474540617,0.01809340760640135,0.027617709629855883,0.01809340760640135,0.027617709629855883
1087,Alejandro Grimaldo,DEF,4.9,Spain,ESP,1.42,20.0,0.05248218141616273,0.056667918196868346,0.3673752699131391,0.17000375459060504,0.0,-0.11497765726242648,1,CPV,3.7726387044972416,0.013911266232199867,0.02002768623786364,0.013911266232199867,0.02002768623786364,1.4,20.0,0.05097690630785776,0.05504258928714169,0.3568383441550043,0.16512776786142508,0.0,-0.11850565505279953,1,KSA,3.664433233968558,0.013911266232199869,0.020027686237863645,0.013911266232199869,0.020027686237863645,0.9,20.0,0.025891349264974148,0.027956323890573873,0.18123944485481902,0.08386897167172162,0.0,-0.36185698131134025,1,URU,1.861178474540617,0.013911266232199869,0.020027686237863645,0.013911266232199869,0.020027686237863645
1088,Marc Cucurella,DEF,5.1,Spain,ESP,5.92,80.0,0.08801642138310177,0.15059594538892881,0.6161149496817124,0.4517878361667864,2.9692562835785403,-0.11497765726242648,2,CPV,3.7726387044972416,0.02333020155844243,0.05322391291075509,0.02333020155844243,0.05322391291075509,5.86,80.0,0.08549196594594148,0.1462766064840144,0.5984437616215904,0.43882981945204314,2.943735530785441,-0.11850565505279953,2,KSA,3.664433233968558,0.02333020155844243,0.0532239129107551,0.02333020155844243,0.0532239129107551,4.02,80.0,0.043421668947267004,0.07429440078024137,0.303951682630869,0.22288320234072412,1.8570550931435732,-0.36185698131134025,2,URU,1.861178474540617,0.02333020155844243,0.0532239129107551,0.02333020155844243,0.0532239129107551
1089,Pau Cubarsí,DEF,5.0,Spain,ESP,5.58,80.0,0.08294039272879883,0.04980277958942069,0.5805827491015918,0.14940833876826207,2.9692562835785403,-0.11497765726242648,2,CPV,3.7726387044972416,0.021984716593700916,0.01760139555374594,0.021984716593700916,0.01760139555374594,5.53,80.0,0.08056152612533767,0.048374354123529764,0.5639306828773637,0.1451230623705893,2.943735530785441,-0.11850565505279953,2,KSA,3.664433233968558,0.021984716593700913,0.017601395553745937,0.021984716593700913,0.017601395553745937,3.86,80.0,0.04091748129307206,0.02456950389488015,0.2864223690515044,0.07370851168464045,1.8570550931435732,-0.36185698131134025,2,URU,1.861178474540617,0.021984716593700916,0.01760139555374594,0.021984716593700916,0.01760139555374594
1092,Lamine Yamal,MID,10.0,Spain,ESP,8.54,80.0,0.7415887726515755,0.49871498599681857,4.449532635909453,1.4961449579904558,0.593851256715708,0.0,2,CPV,3.7726387044972416,0.1965703134433603,0.17625682360459147,0.1965703134433603,0.17625682360459147,8.36,80.0,0.7203187893934658,0.4844110215977991,4.321912736360795,1.4532330647933973,0.5887471061570883,0.0,2,KSA,3.664433233968558,0.19657031344336026,0.17625682360459147,0.19657031344336026,0.17625682360459147,5.3,80.0,0.36585243611448426,0.24603405456282612,2.1951146166869053,0.7381021636884784,0.3714110186287146,0.0,2,URU,1.861178474540617,0.1965703134433603,0.17625682360459147,0.1965703134433603,0.17625682360459147
1093,Ferran Torres,FWD,7.8,Spain,ESP,2.84,25.0,0.341070349005982,0.046304701749929594,1.70535174502991,0.13891410524978878,0.0,0.0,1,CPV,3.7726387044972416,0.09040631126415656,0.016365098057134826,0.09040631126415656,0.016365098057134826,2.79,25.0,0.33128789155688126,0.044976606898289355,1.6564394577844064,0.13492982069486806,0.0,0.0,1,KSA,3.664433233968558,0.09040631126415655,0.016365098057134826,0.09040631126415655,0.016365098057134826,1.91,25.0,0.1682622804874671,0.02284377617826436,0.8413114024373356,0.06853132853479309,0.0,0.0,1,URU,1.861178474540617,0.09040631126415656,0.01636509805713483,0.09040631126415656,0.01636509805713483
1094,Mikel Oyarzabal,FWD,8.1,Spain,ESP,6.25,75.0,0.7418347414989305,0.18142553117971338,3.7091737074946525,0.5442765935391402,0.0,0.0,2,CPV,3.7726387044972416,0.19663551153589479,0.06411976528556942,0.19663551153589479,0.06411976528556942,6.13,75.0,0.7205577034505406,0.17622194915002803,3.602788517252703,0.528665847450084,0.0,0.0,2,KSA,3.664433233968558,0.19663551153589476,0.06411976528556942,0.19663551153589476,0.06411976528556942,4.1,75.0,0.36597378140089054,0.08950374520657388,1.8298689070044527,0.2685112356197216,0.0,0.0,2,URU,1.861178474540617,0.19663551153589479,0.06411976528556942,0.19663551153589479,0.06411976528556942
1095,Borja Iglesias,FWD,6.8,Spain,ESP,1.34,5.0,0.06250498534139028,0.00926094034998592,0.31252492670695137,0.02778282104995776,0.0,0.0,1,CPV,3.7726387044972416,0.016567975424437036,0.0032730196114269653,0.016567975424437036,0.0032730196114269653,1.33,5.0,0.0607122397648814,0.008995321379657872,0.303561198824407,0.026985964138973615,0.0,0.0,1,KSA,3.664433233968558,0.016567975424437036,0.0032730196114269658,0.016567975424437036,0.0032730196114269658,1.17,5.0,0.030835959226680153,0.004568755235652872,0.15417979613340077,0.013706265706958615,0.0,0.0,1,URU,1.861178474540617,0.016567975424437036,0.0032730196114269658,0.016567975424437036,0.0032730196114269658
1097,Víctor Muñoz,FWD,4.0,Spain,ESP,1.15,5.0,0.024988144605521546,0.007843892818988436,0.12494072302760773,0.023531678456965306,0.0,0.0,1,CPV,3.7726387044972416,0.006623519123560383,0.0027722039076214684,0.006623519123560383,0.0027722039076214684,1.14,5.0,0.024271443602200963,0.007618917097819209,0.12135721801100481,0.022856751293457628,0.0,0.0,1,KSA,3.664433233968558,0.006623519123560383,0.002772203907621469,0.006623519123560383,0.002772203907621469,1.07,5.0,0.012327551218478717,0.003869674679926847,0.06163775609239358,0.01160902403978054,0.0,0.0,1,URU,1.861178474540617,0.006623519123560382,0.002772203907621469,0.006623519123560382,0.002772203907621469
1098,David Raya,GK,5.0,Spain,ESP,0.89,5.0,0.0,0.0,0.0,0.0,0.0,-0.11497765726242648,1,CPV,3.7726387044972416,0.0,0.0,0.0,0.0,0.88,5.0,0.0,0.0,0.0,0.0,0.0,-0.11850565505279953,1,KSA,3.664433233968558,0.0,0.0,0.0,0.0,0.64,5.0,0.0,0.0,0.0,0.0,0.0,-0.36185698131134025,1,URU,1.861178474540617,0.0,0.0,0.0,0.0
1099,Unai Simón,GK,5.0,Spain,ESP,4.85,90.0,0.0,0.0,0.0,0.0,2.9692562835785403,-0.11497765726242648,2,CPV,3.7726387044972416,0.0,0.0,0.0,0.0,4.83,90.0,0.0,0.0,0.0,0.0,2.943735530785441,-0.11850565505279953,2,KSA,3.664433233968558,0.0,0.0,0.0,0.0,3.5,90.0,0.0,0.0,0.0,0.0,1.8570550931435732,-0.36185698131134025,2,URU,1.861178474540617,0.0,0.0,0.0,0.0
1101,Joan García,GK,4.0,Spain,ESP,0.89,5.0,0.0,0.0,0.0,0.0,0.0,-0.11497765726242648,1,CPV,3.7726387044972416,0.0,0.0,0.0,0.0,0.88,5.0,0.0,0.0,0.0,0.0,0.0,-0.11850565505279953,1,KSA,3.664433233968558,0.0,0.0,0.0,0.0,0.64,5.0,0.0,0.0,0.0,0.0,0.0,-0.36185698131134025,1,URU,1.861178474540617,0.0,0.0,0.0,0.0
1102,Marcos Llorente,DEF,5.5,Spain,ESP,5.72,70.0,0.059727403603135214,0.14897034225868105,0.4180918252219465,0.44691102677604316,2.9692562835785403,-0.11497765726242648,2,CPV,3.7726387044972416,0.015831731655601183,0.05264938908006158,0.015831731655601183,0.05264938908006158,5.67,70.0,0.05801432363005704,0.1446976283198392,0.4061002654103993,0.4340928849595176,2.943735530785441,-0.11850565505279953,2,KSA,3.664433233968558,0.015831731655601183,0.05264938908006158,0.015831731655601183,0.05264938908006158,3.92,70.0,0.029465678172108208,0.07349243224014332,0.20625974720475745,0.22047729672042995,1.8570550931435732,-0.36185698131134025,2,URU,1.861178474540617,0.015831731655601183,0.05264938908006158,0.015831731655601183,0.05264938908006158
1104,Rodri,MID,7.5,Spain,ESP,4.92,80.0,0.27389002382265193,0.2263524722623499,1.6433401429359116,0.6790574167870497,0.593851256715708,0.0,2,CPV,3.7726387044972416,0.07259906004149203,0.07999793247893837,0.07259906004149203,0.07999793247893837,4.84,80.0,0.2660344083709222,0.21986031181844587,1.596206450225533,0.6595809354553376,0.5887471061570883,0.0,2,KSA,3.664433233968558,0.07259906004149204,0.07999793247893838,0.07259906004149204,0.07999793247893838,3.52,80.0,0.13511980782110677,0.11166782245316534,0.8107188469266406,0.33500346735949604,0.3714110186287146,0.0,2,URU,1.861178474540617,0.07259906004149201,0.07999793247893837,0.07259906004149201,0.07999793247893837
1105,Dani Olmo,MID,7.7,Spain,ESP,3.53,55.0,0.28107111105858457,0.2814906816864842,1.6864266663515073,0.8444720450594527,0.0,0.0,1,CPV,3.7726387044972416,0.07450252544022536,0.09948498605708102,0.07450252544022536,0.09948498605708102,3.46,55.0,0.27300953023774976,0.2734170668913497,1.6380571814264986,0.8202512006740491,0.0,0.0,1,KSA,3.664433233968558,0.07450252544022536,0.09948498605708102,0.07450252544022536,0.09948498605708102,2.25,55.0,0.13866249664826213,0.13886948594205947,0.8319749798895728,0.4166084578261784,0.0,0.0,1,URU,1.861178474540617,0.07450252544022536,0.09948498605708103,0.07450252544022536,0.09948498605708103
1106,Pedri,MID,8.1,Spain,ESP,5.29,85.0,0.21601014559386514,0.466648926550857,1.2960608735631909,1.3999467796525709,0.593851256715708,0.0,2,CPV,3.7726387044972416,0.05725704540335823,0.16492397429755812,0.05725704540335823,0.16492397429755812,5.21,85.0,0.20981462005491255,0.45326466937061116,1.2588877203294753,1.3597940081118334,0.5887471061570883,0.0,2,KSA,3.664433233968558,0.05725704540335823,0.16492397429755812,0.05725704540335823,0.16492397429755812,3.7,85.0,0.10656558042052512,0.23021471317372885,0.6393934825231508,0.6906441395211865,0.3714110186287146,0.0,2,URU,1.861178474540617,0.057257045403358235,0.16492397429755812,0.057257045403358235,0.16492397429755812
1109,Besfort Zeneli,MID,4.7,Sweden,SWE,1.16,10.0,0.017338811850560396,0.01808928057712598,0.10403287110336237,0.05426784173137794,0.0,0.0,1,TUN,1.5610949900931514,0.011106826913540846,0.015450078901388385,0.011106826913540846,0.015450078901388385,1.1,10.0,0.0109598915672256,0.01143426408701777,0.0657593494033536,0.03430279226105331,0.0,0.0,1,NED,0.9867707179143925,0.011106826913540847,0.015450078901388387,0.011106826913540847,0.015450078901388387,1.12,10.0,0.012699045725045086,0.013248693345424835,0.07619427435027051,0.03974608003627451,0.0,0.0,1,JPN,1.1433549675257018,0.011106826913540847,0.015450078901388385,0.011106826913540847,0.015450078901388385
1110,Elliot Stroud,MID,4.7,Sweden,SWE,1.08,5.0,0.008669405925280198,0.00904464028856299,0.05201643555168119,0.02713392086568897,0.0,0.0,1,TUN,1.5610949900931514,0.005553413456770423,0.007725039450694192,0.005553413456770423,0.007725039450694192,1.05,5.0,0.0054799457836128,0.005717132043508885,0.0328796747016768,0.017151396130526655,0.0,0.0,1,NED,0.9867707179143925,0.005553413456770424,0.007725039450694193,0.005553413456770424,0.007725039450694193,1.06,5.0,0.006349522862522543,0.006624346672712418,0.03809713717513526,0.019873040018137254,0.0,0.0,1,JPN,1.1433549675257018,0.005553413456770424,0.007725039450694192,0.005553413456770424,0.007725039450694192
1111,Taha Ali,MID,4.9,Sweden,SWE,1.55,35.0,0.06068584147696139,0.06331248201994094,0.3641150488617684,0.18993744605982282,0.0,0.0,1,TUN,1.5610949900931514,0.03887389419739297,0.054075276154859346,0.03887389419739297,0.054075276154859346,1.35,35.0,0.0383596204852896,0.040019924304562186,0.23015772291173758,0.12005977291368655,0.0,0.0,1,NED,0.9867707179143925,0.03887389419739297,0.054075276154859346,0.03887389419739297,0.054075276154859346,1.41,35.0,0.044446660037657806,0.046370426708986924,0.26667996022594687,0.13911128012696078,0.0,0.0,1,JPN,1.1433549675257018,0.03887389419739297,0.054075276154859346,0.03887389419739297,0.054075276154859346
1112,Eric Smith,MID,4.9,Sweden,SWE,1.1,10.0,0.010963973415341895,0.01161783650344184,0.06578384049205137,0.03485350951032552,0.0,0.0,1,TUN,1.5610949900931514,0.007023258344252112,0.009922809803093059,0.007023258344252112,0.009922809803093059,1.06,10.0,0.006930345678455905,0.007343653614844582,0.04158207407073543,0.022030960844533744,0.0,0.0,1,NED,0.9867707179143925,0.007023258344252113,0.009922809803093059,0.007023258344252113,0.009922809803093059,1.07,10.0,0.008030077316116987,0.008508970410134384,0.04818046389670192,0.025526911230403154,0.0,0.0,1,JPN,1.1433549675257018,0.007023258344252111,0.009922809803093059,0.007023258344252111,0.009922809803093059
1113,Lucas Bergvall,MID,5.1,Sweden,SWE,1.57,35.0,0.04283139931546188,0.10371875859674645,0.2569883958927713,0.31115627579023936,0.0,0.0,1,TUN,1.5610949900931514,0.02743676687663068,0.0885863313934172,0.02743676687663068,0.0885863313934172,1.36,35.0,0.02707379814810268,0.06556079836986344,0.16244278888861607,0.1966823951095903,0.0,0.0,1,NED,0.9867707179143925,0.02743676687663068,0.0885863313934172,0.02743676687663068,0.0885863313934172,1.42,35.0,0.03136996370124032,0.0759642165401562,0.18821978220744195,0.2278926496204686,0.0,0.0,1,JPN,1.1433549675257018,0.027436766876630683,0.08858633139341722,0.027436766876630683,0.08858633139341722
1114,Yasin Ayari,MID,5.3,Sweden,SWE,3.4,75.0,0.11387331130060559,0.13147768200292367,0.6832398678036335,0.39443304600877105,0.319065618443023,0.0,2,TUN,1.5610949900931514,0.07294451139953419,0.11229526525700896,0.07294451139953419,0.11229526525700896,2.84,75.0,0.07197950788163293,0.08310725963703439,0.4318770472897976,0.24932177891110316,0.15421127532491602,0.0,2,NED,0.9867707179143925,0.07294451139953417,0.11229526525700895,0.07294451139953417,0.11229526525700895,3.0,75.0,0.08340146946239259,0.09629501202091315,0.5004088167743556,0.2888850360627394,0.21025765724234988,0.0,2,JPN,1.1433549675257018,0.07294451139953419,0.11229526525700895,0.07294451139953419,0.11229526525700895
1116,Jesper Karlström,MID,5.6,Sweden,SWE,2.8,75.0,0.06108103711133736,0.03808787586152206,0.36648622266802416,0.11426362758456618,0.319065618443023,0.0,2,TUN,1.5610949900931514,0.03912704704003478,0.03253090606549132,0.03912704704003478,0.03253090606549132,2.46,75.0,0.03860942429756532,0.0240754091494879,0.23165654578539194,0.0722262274484637,0.15421127532491602,0.0,2,NED,0.9867707179143925,0.03912704704003478,0.03253090606549132,0.03912704704003478,0.03253090606549132,2.56,75.0,0.044736103597835565,0.027895779786068612,0.2684166215870134,0.08368733935820584,0.21025765724234988,0.0,2,JPN,1.1433549675257018,0.03912704704003477,0.03253090606549132,0.03912704704003477,0.03253090606549132
1117,Mattias Svanberg,MID,6.1,Sweden,SWE,3.51,75.0,0.13004108887920296,0.13566960432844485,0.7802465332752178,0.40700881298533453,0.319065618443023,0.0,2,TUN,1.5610949900931514,0.08330120185155634,0.11587559176041287,0.08330120185155634,0.11587559176041287,2.9,75.0,0.08219918675419198,0.08575698065263325,0.4931951205251519,0.25727094195789973,0.15421127532491602,0.0,2,NED,0.9867707179143925,0.08330120185155634,0.11587559176041287,0.08330120185155634,0.11587559176041287,3.08,75.0,0.09524284293783813,0.09936520009068625,0.5714570576270288,0.2980956002720587,0.21025765724234988,0.0,2,JPN,1.1433549675257018,0.08330120185155634,0.11587559176041287,0.08330120185155634,0.11587559176041287
1118,Daniel Svensson,DEF,4.5,Sweden,SWE,3.65,80.0,0.04646484050387368,0.0652345469229846,0.32525388352711576,0.1957036407689538,1.595328092215115,-0.461424115345404,2,TUN,1.5610949900931514,0.029764262135708406,0.05571691437695452,0.029764262135708406,0.05571691437695452,2.08,80.0,0.029370502315845152,0.04123486469979162,0.20559351621091607,0.12370459409937484,0.7710563766245802,-1.0236429744184066,2,NED,0.9867707179143925,0.029764262135708403,0.05571691437695453,0.029764262135708403,0.05571691437695453,2.66,80.0,0.03403111696759936,0.04777815812107136,0.23821781877319553,0.1433344743632141,1.0512882862117494,-0.7696792183325899,2,JPN,1.1433549675257018,0.02976426213570841,0.05571691437695453,0.02976426213570841,0.05571691437695453
1119,Gabriel Gudmundsson,DEF,4.2,Sweden,SWE,3.47,80.0,0.03287036888282237,0.03472535426327,0.2300925821797566,0.10417606278981001,1.595328092215115,-0.461424115345404,2,TUN,1.5610949900931514,0.021055969746505285,0.029658971840185004,0.021055969746505285,0.029658971840185004,1.96,80.0,0.020777414383142755,0.02194995370150658,0.14544190068199928,0.06584986110451974,0.7710563766245802,-1.0236429744184066,2,NED,0.9867707179143925,0.02105596974650529,0.029658971840185004,0.02105596974650529,0.029658971840185004,2.53,80.0,0.024074447605737712,0.02543304958888532,0.168521133240164,0.07629914876665597,1.0512882862117494,-0.7696792183325899,2,JPN,1.1433549675257018,0.02105596974650529,0.029658971840185004,0.02105596974650529,0.029658971840185004
1120,Carl Starfelt,DEF,4.1,Sweden,SWE,3.45,80.0,0.030974689284574718,0.032722695094659214,0.21682282499202302,0.09816808528397764,1.595328092215115,-0.461424115345404,2,TUN,1.5610949900931514,0.01984164287320302,0.027948497947334287,0.01984164287320302,0.027948497947334287,1.95,80.0,0.019579152182591535,0.020684069538089985,0.13705406527814074,0.06205220861426995,0.7710563766245802,-1.0236429744184066,2,NED,0.9867707179143925,0.01984164287320302,0.02794849794733429,0.01984164287320302,0.02794849794733429,2.51,80.0,0.02268604094294761,0.023966290472224903,0.15880228660063328,0.07189887141667471,1.0512882862117494,-0.7696792183325899,2,JPN,1.1433549675257018,0.01984164287320302,0.027948497947334287,0.01984164287320302,0.027948497947334287
1121,Victor Lindelöf,DEF,4.0,Sweden,SWE,0.68,25.0,0.010271990275881989,0.024746081478352014,0.07190393193117392,0.07423824443505604,0.0,-0.461424115345404,1,TUN,1.5610949900931514,0.0065799905457829015,0.021135661515703494,0.0065799905457829015,0.021135661515703494,0.07,25.0,0.0064929419947321095,0.01564203891558475,0.045450593963124765,0.04692611674675425,0.0,-1.0236429744184066,1,NED,0.9867707179143925,0.0065799905457829015,0.021135661515703497,0.0065799905457829015,0.021135661515703497,0.34,25.0,0.007523264876793035,0.018124172689441043,0.05266285413755124,0.054372518068323133,0.0,-0.7696792183325899,1,JPN,1.1433549675257018,0.006579990545782902,0.021135661515703494,0.006579990545782902,0.021135661515703494
1122,Gustaf Lagerbielke,DEF,3.7,Sweden,SWE,0.56,5.0,0.002863281988654082,0.001922363871756106,0.020042973920578574,0.005767091615268317,0.0,-0.461424115345404,1,TUN,1.5610949900931514,0.0018341497518246652,0.0016418935716750948,0.0018341497518246652,0.0016418935716750948,-0.01,5.0,0.0018098852673705298,0.0012151293738456445,0.01266919687159371,0.0036453881215369336,0.0,-1.0236429744184066,1,NED,0.9867707179143925,0.0018341497518246652,0.0016418935716750948,0.0018341497518246652,0.0016418935716750948,0.25,5.0,0.0020970842299347643,0.0014079503784924273,0.01467958960954335,0.004223851135477282,0.0,-0.7696792183325899,1,JPN,1.1433549675257018,0.0018341497518246654,0.0016418935716750948,0.0018341497518246654,0.0016418935716750948
1124,Viktor Gyökeres,FWD,7.8,Sweden,SWE,4.03,70.0,0.37190203787103143,0.05581998418875532,1.859510189355157,0.16745995256626595,0.0,0.0,2,TUN,1.5610949900931514,0.23823152353390092,0.04767592366724975,0.23823152353390092,0.04767592366724975,3.28,70.0,0.23507989150738692,0.03528390406827285,1.1753994575369346,0.10585171220481855,0.0,0.0,2,NED,0.9867707179143925,0.23823152353390092,0.047675923667249744,0.23823152353390092,0.047675923667249744,3.48,70.0,0.2723831958537017,0.04088287811724462,1.3619159792685085,0.12264863435173387,0.0,0.0,2,JPN,1.1433549675257018,0.23823152353390087,0.04767592366724974,0.23823152353390087,0.04767592366724974
1125,Anthony Elanga,FWD,5.8,Sweden,SWE,1.26,35.0,0.029246933704907233,0.038284483603450825,0.14623466852453615,0.11485345081035248,0.0,0.0,1,TUN,1.5610949900931514,0.01873488409770763,0.03269882900264031,0.01873488409770763,0.03269882900264031,1.17,35.0,0.018487035031137893,0.0241996852274215,0.09243517515568947,0.0725990556822645,0.0,0.0,1,NED,0.9867707179143925,0.01873488409770763,0.03269882900264031,0.01873488409770763,0.03269882900264031,1.19,35.0,0.021420622799132292,0.028039776429331715,0.10710311399566146,0.08411932928799515,0.0,0.0,1,JPN,1.1433549675257018,0.018734884097707627,0.03269882900264031,0.018734884097707627,0.03269882900264031
1126,Benjamin Nygren,FWD,4.9,Sweden,SWE,1.27,10.0,0.04376338297347594,0.01796284295139531,0.2188169148673797,0.05388852885418593,0.0,0.0,1,TUN,1.5610949900931514,0.028033773249675573,0.015342088354980845,0.028033773249675573,0.015342088354980845,1.17,10.0,0.02766290655543166,0.011354342655262868,0.1383145327771583,0.034063027965788605,0.0,0.0,1,NED,0.9867707179143925,0.028033773249675577,0.015342088354980847,0.028033773249675577,0.015342088354980847,1.2,10.0,0.032052553903505705,0.013156089699664178,0.16026276951752852,0.03946826909899254,0.0,0.0,1,JPN,1.1433549675257018,0.028033773249675577,0.015342088354980845,0.028033773249675577,0.015342088354980845
1127,Gustaf Nilsson,FWD,4.9,Sweden,SWE,1.27,10.0,0.04178133386415319,0.020110481069923955,0.20890666932076596,0.060331443209771865,0.0,0.0,1,TUN,1.5610949900931514,0.026764120139582327,0.0171763889641966,0.026764120139582327,0.0171763889641966,1.17,10.0,0.026410050044482703,0.012711868252032842,0.1320502502224135,0.03813560475609853,0.0,0.0,1,NED,0.9867707179143925,0.026764120139582327,0.017176388964196595,0.026764120139582327,0.017176388964196595,1.2,10.0,0.03060088971304613,0.014729032234775867,0.15300444856523066,0.0441870967043276,0.0,0.0,1,JPN,1.1433549675257018,0.026764120139582327,0.0171763889641966,0.026764120139582327,0.0171763889641966
1129,Kristoffer Nordfeldt,GK,3.9,Sweden,SWE,3.13,90.0,0.0,0.0,0.0,0.0,1.595328092215115,-0.461424115345404,2,TUN,1.5610949900931514,0.0,0.0,0.0,0.0,1.75,90.0,0.0,0.0,0.0,0.0,0.7710563766245802,-1.0236429744184066,2,NED,0.9867707179143925,0.0,0.0,0.0,0.0,2.28,90.0,0.0,0.0,0.0,0.0,1.0512882862117494,-0.7696792183325899,2,JPN,1.1433549675257018,0.0,0.0,0.0,0.0
1133,Johan Manzambi,MID,5.6,Switzerland,SUI,1.18,5.0,0.021088347848558436,0.01622659321912556,0.1265300870913506,0.04867977965737667,0.0,0.0,1,QAT,2.699942557480534,0.00781066537513196,0.008013302936966922,0.00781066537513196,0.008013302936966922,1.13,5.0,0.015374786969914272,0.01183024937672227,0.09224872181948562,0.03549074813016681,0.0,0.0,1,BIH,1.9684349836398567,0.007810665375131958,0.00801330293696692,0.007810665375131958,0.00801330293696692,1.1,5.0,0.011787877016040442,0.009070273623613585,0.07072726209624265,0.027210820870840754,0.0,0.0,1,CAN,1.5092026671084076,0.007810665375131958,0.00801330293696692,0.007810665375131958,0.00801330293696692
1135,Granit Xhaka,MID,6.2,Switzerland,SUI,4.35,80.0,0.1568043427677918,0.2995333295589259,0.9408260566067508,0.8985999886767777,0.5109930639811474,0.0,2,QAT,2.699942557480534,0.058076918093440705,0.1479208406262969,0.058076918093440705,0.1479208406262969,3.73,80.0,0.11432063731711525,0.21837941812366396,0.6859238239026915,0.6551382543709918,0.3890752813671863,0.0,2,BIH,1.9684349836398567,0.058076918093440705,0.14792084062629693,0.058076918093440705,0.14792084062629693,3.34,80.0,0.08764983968405725,0.16743189539559375,0.5258990381043435,0.5022956861867812,0.30897145647944524,0.0,2,CAN,1.5092026671084076,0.058076918093440705,0.14792084062629693,0.058076918093440705,0.14792084062629693
1137,Michel Aebischer,MID,5.9,Switzerland,SUI,3.72,75.0,0.13756637797228743,0.12763429163514525,0.8253982678337246,0.38290287490543573,0.5109930639811474,0.0,2,QAT,2.699942557480534,0.05095159435564372,0.06303062079673669,0.05095159435564372,0.06303062079673669,3.27,75.0,0.10029490080187614,0.0930537592626258,0.6017694048112568,0.27916127778787736,0.3890752813671863,0.0,2,BIH,1.9684349836398567,0.05095159435564371,0.06303062079673669,0.05095159435564371,0.06303062079673669,2.98,75.0,0.07689628209496317,0.07134448576195025,0.461377692569779,0.21403345728585077,0.30897145647944524,0.0,2,CAN,1.5092026671084076,0.05095159435564371,0.06303062079673669,0.05095159435564371,0.06303062079673669
1138,Remo Freuler,MID,5.9,Switzerland,SUI,1.18,10.0,0.019583800363248503,0.019790212862960874,0.11750280217949102,0.05937063858888263,0.0,0.0,1,QAT,2.699942557480534,0.007253413710224722,0.009773152547575293,0.007253413710224722,0.009773152547575293,1.13,10.0,0.014277873298019312,0.014428361531322145,0.08566723978811587,0.04328508459396643,0.0,0.0,1,BIH,1.9684349836398567,0.007253413710224721,0.009773152547575293,0.007253413710224721,0.009773152547575293,1.1,10.0,0.01094687131711184,0.011062250918143468,0.06568122790267104,0.03318675275443041,0.0,0.0,1,CAN,1.5092026671084076,0.007253413710224722,0.009773152547575293,0.007253413710224722,0.009773152547575293
1139,Ardon Jashari,MID,5.2,Switzerland,SUI,1.16,5.0,0.01952518864632899,0.01549651927052211,0.11715113187797394,0.04648955781156633,0.0,0.0,1,QAT,2.699942557480534,0.007231705205072595,0.007652764921528686,0.007231705205072595,0.007652764921528686,1.12,5.0,0.01423514151703534,0.011297977644831739,0.08541084910221204,0.03389393293449522,0.0,0.0,1,BIH,1.9684349836398567,0.007231705205072595,0.007652764921528685,0.007231705205072595,0.007652764921528685,1.09,5.0,0.010914108783237312,0.008662179922743566,0.06548465269942387,0.025986539768230697,0.0,0.0,1,CAN,1.5092026671084076,0.007231705205072594,0.007652764921528686,0.007231705205072594,0.007652764921528686
1140,Fabian Rieder,MID,6.2,Switzerland,SUI,5.04,75.0,0.32569148274063936,0.19111592246113335,1.954148896443836,0.5733477673834,0.5109930639811474,0.0,2,QAT,2.699942557480534,0.12062904147285272,0.09438024125445306,0.12062904147285272,0.09438024125445306,4.23,75.0,0.23745042527810642,0.13933602648722626,1.4247025516686385,0.4180080794616788,0.3890752813671863,0.0,2,BIH,1.9684349836398567,0.12062904147285271,0.09438024125445305,0.12062904147285271,0.09438024125445305,3.72,75.0,0.18205367112156,0.10682918386766663,1.09232202672936,0.3204875516029999,0.30897145647944524,0.0,2,CAN,1.5092026671084076,0.12062904147285271,0.09438024125445306,0.12062904147285271,0.09438024125445306
1141,Manuel Akanji,DEF,5.0,Switzerland,SUI,5.29,85.0,0.10526877316704802,0.059156357510880574,0.7368814121693361,0.17746907253264171,2.554965319905737,-0.18239232627411195,2,QAT,2.699942557480534,0.03898926400318685,0.029213637575105866,0.03898926400318685,0.029213637575105866,4.28,85.0,0.07674783125024316,0.04312885965166066,0.5372348187517021,0.12938657895498198,1.9453764068359314,-0.33305771008897755,2,BIH,1.9684349836398567,0.03898926400318685,0.029213637575105866,0.03898926400318685,0.029213637575105866,3.57,85.0,0.058842701222203427,0.03306697480821612,0.411898908555424,0.09920092442464835,1.5448572823972262,-0.483477836683492,2,CAN,1.5092026671084076,0.038989264003186856,0.029213637575105863,0.038989264003186856,0.029213637575105863
1142,Ricardo Rodríguez,DEF,4.5,Switzerland,SUI,5.17,80.0,0.06976102592902865,0.10392185281097112,0.48832718150320054,0.31176555843291337,2.554965319905737,-0.18239232627411195,2,QAT,2.699942557480534,0.02583796671367947,0.051320525331445745,0.02583796671367947,0.051320525331445745,4.2,80.0,0.05086035758532881,0.07576583808089495,0.35602250309730166,0.22729751424268485,1.9453764068359314,-0.33305771008897755,2,BIH,1.9684349836398567,0.02583796671367947,0.05132052533144575,0.02583796671367947,0.05132052533144575,3.51,80.0,0.03899472827694331,0.05808980528071688,0.2729630979386032,0.17426941584215064,1.5448572823972262,-0.483477836683492,2,CAN,1.5092026671084076,0.025837966713679467,0.051320525331445745,0.025837966713679467,0.051320525331445745
1143,Nico Elvedi,DEF,4.3,Switzerland,SUI,5.17,80.0,0.0696804704718358,0.10380185067146655,0.4877632933028506,0.3114055520143997,2.554965319905737,-0.18239232627411195,2,QAT,2.699942557480534,0.025808130724402713,0.05126126375485055,0.025808130724402713,0.05126126375485055,4.19,80.0,0.05080162738026493,0.07567834866047822,0.3556113916618545,0.22703504598143465,1.9453764068359314,-0.33305771008897755,2,BIH,1.9684349836398567,0.02580813072440271,0.05126126375485055,0.02580813072440271,0.05126126375485055,3.51,80.0,0.03894969972235101,0.058022726983626004,0.27264789805645706,0.174068180950878,1.5448572823972262,-0.483477836683492,2,CAN,1.5092026671084076,0.02580813072440271,0.05126126375485056,0.02580813072440271,0.05126126375485056
1144,Silvan Widmer,DEF,4.2,Switzerland,SUI,5.5,80.0,0.11963388387057106,0.09583492102182846,0.8374371870939974,0.2875047630654854,2.554965319905737,-0.18239232627411195,2,QAT,2.699942557480534,0.044309788569060544,0.04732689380436663,0.044309788569060544,0.04732689380436663,4.43,80.0,0.0872209379370242,0.06986993507364274,0.6105465655591694,0.2096098052209282,1.9453764068359314,-0.33305771008897755,2,BIH,1.9684349836398567,0.044309788569060544,0.047326893804366624,0.044309788569060544,0.047326893804366624,3.69,80.0,0.0668724510874358,0.053569405766629864,0.4681071576120506,0.1607082172998896,1.5448572823972262,-0.483477836683492,2,CAN,1.5092026671084076,0.04430978856906054,0.04732689380436663,0.04430978856906054,0.04732689380436663
1145,Miro Muheim,DEF,4.0,Switzerland,SUI,0.94,10.0,0.008710058808979475,0.02193802718977618,0.06097041166285633,0.06581408156932854,0.0,-0.18239232627411195,1,QAT,2.699942557480534,0.003226016340550339,0.010833824163650734,0.003226016340550339,0.010833824163650734,0.76,10.0,0.006350203422533117,0.01599425886774969,0.044451423957731814,0.04798277660324907,0.0,-0.33305771008897755,1,BIH,1.9684349836398567,0.0032260163405503387,0.010833824163650736,0.0032260163405503387,0.010833824163650736,0.59,10.0,0.004868712465293876,0.012262827242073901,0.03408098725705713,0.036788481726221706,0.0,-0.483477836683492,1,CAN,1.5092026671084076,0.0032260163405503387,0.010833824163650736,0.0032260163405503387,0.010833824163650736
1146,Eray Cömert,DEF,3.9,Switzerland,SUI,0.98,10.0,0.016846942230188722,0.013987249097987951,0.11792859561132106,0.041961747293963854,0.0,-0.18239232627411195,1,QAT,2.699942557480534,0.006239740983937651,0.006907430460812089,0.006239740983937651,0.006907430460812089,0.78,10.0,0.012282524441634251,0.01019762082459157,0.08597767109143976,0.03059286247377471,0.0,-0.33305771008897755,1,BIH,1.9684349836398567,0.00623974098393765,0.00690743046081209,0.00623974098393765,0.00690743046081209,0.61,10.0,0.00941703373502434,0.007818534355742595,0.06591923614517038,0.023455603067227784,0.0,-0.483477836683492,1,CAN,1.5092026671084076,0.00623974098393765,0.006907430460812089,0.00623974098393765,0.006907430460812089
1147,Aurèle Amenda,DEF,3.7,Switzerland,SUI,0.86,5.0,0.0043550294044897376,0.003500017048352373,0.030485205831428164,0.010500051145057119,0.0,-0.18239232627411195,1,QAT,2.699942557480534,0.0016130081702751696,0.0017284402532466877,0.0016130081702751696,0.0017284402532466877,0.7,5.0,0.0031751017112665583,0.002551741696216585,0.022225711978865907,0.007655225088649755,0.0,-0.33305771008897755,1,BIH,1.9684349836398567,0.0016130081702751694,0.0017284402532466877,0.0016130081702751694,0.0017284402532466877,0.54,5.0,0.002434356232646938,0.0019564249801030742,0.017040493628528566,0.005869274940309223,0.0,-0.483477836683492,1,CAN,1.5092026671084076,0.0016130081702751694,0.0017284402532466877,0.0016130081702751694,0.0017284402532466877
1148,Luca Jaquez,DEF,3.5,Switzerland,SUI,0.89,5.0,0.0066098629607366935,0.007437030444938339,0.046269040725156856,0.022311091334815014,0.0,-0.18239232627411195,1,QAT,2.699942557480534,0.0024481494772632213,0.003672685763546142,0.0024481494772632213,0.003672685763546142,0.72,5.0,0.004819023076224553,0.005422082355660212,0.03373316153357187,0.016266247066980637,0.0,-0.33305771008897755,1,BIH,1.9684349836398567,0.0024481494772632213,0.0036726857635461414,0.0024481494772632213,0.0036726857635461414,0.55,5.0,0.003694753720565707,0.004157120362346186,0.02586327604395995,0.012471361087038559,0.0,-0.483477836683492,1,CAN,1.5092026671084076,0.0024481494772632213,0.003672685763546142,0.0024481494772632213,0.003672685763546142
1149,Breel Embolo,FWD,7.5,Switzerland,SUI,5.95,75.0,0.6621108657365435,0.2134560849223294,3.3105543286827177,0.6403682547669882,0.0,0.0,2,QAT,2.699942557480534,0.24523146387025208,0.10541265496231747,0.24523146387025208,0.10541265496231747,4.88,75.0,0.4827221925714178,0.1556234683096374,2.413610962857089,0.46687040492891224,0.0,0.0,2,BIH,1.9684349836398567,0.2452314638702521,0.10541265496231746,0.2452314638702521,0.10541265496231746,4.21,75.0,0.3701039793318836,0.11931679501208087,1.850519896659418,0.3579503850362426,0.0,0.0,2,CAN,1.5092026671084076,0.24523146387025213,0.10541265496231747,0.24523146387025213,0.10541265496231747
1150,Noah Okafor,FWD,5.9,Switzerland,SUI,2.1,20.0,0.20039368003245875,0.03409670372563458,1.0019684001622937,0.10229011117690373,0.0,0.0,1,QAT,2.699942557480534,0.07422146055561167,0.016838236616634836,0.07422146055561167,0.016838236616634836,1.81,20.0,0.14610011949451174,0.024858730514242224,0.7305005974725587,0.07457619154272667,0.0,0.0,1,BIH,1.9684349836398567,0.07422146055561167,0.016838236616634836,0.07422146055561167,0.016838236616634836,1.62,20.0,0.11201522622721061,0.01905923370842081,0.560076131136053,0.05717770112526243,0.0,0.0,1,CAN,1.5092026671084076,0.07422146055561167,0.01683823661663484,0.07422146055561167,0.01683823661663484
1151,Dan Ndoye,FWD,6.8,Switzerland,SUI,3.7,75.0,0.24729332245968777,0.15325550029373344,1.236466612298439,0.4597665008812003,0.0,0.0,2,QAT,2.699942557480534,0.09159206805142213,0.07568333870369184,0.09159206805142213,0.07568333870369184,3.24,75.0,0.18029303097634175,0.11173329868725855,0.9014651548817088,0.33519989606177564,0.0,0.0,2,BIH,1.9684349836398567,0.09159206805142213,0.07568333870369186,0.09159206805142213,0.07568333870369186,2.95,75.0,0.13823099338918104,0.08566612247046054,0.6911549669459052,0.2569983674113816,0.0,0.0,2,CAN,1.5092026671084076,0.09159206805142213,0.07568333870369186,0.09159206805142213,0.07568333870369186
1153,Gregor Kobel,GK,4.7,Switzerland,SUI,4.37,90.0,0.0,0.0,0.0,0.0,2.554965319905737,-0.18239232627411195,2,QAT,2.699942557480534,0.0,0.0,0.0,0.0,3.61,90.0,0.0,0.0,0.0,0.0,1.9453764068359314,-0.33305771008897755,2,BIH,1.9684349836398567,0.0,0.0,0.0,0.0,3.06,90.0,0.0,0.0,0.0,0.0,1.5448572823972262,-0.483477836683492,2,CAN,1.5092026671084076,0.0,0.0,0.0,0.0
1154,Yvon Mvogo,GK,4.2,Switzerland,SUI,0.82,5.0,0.0,0.0,0.0,0.0,0.0,-0.18239232627411195,1,QAT,2.699942557480534,0.0,0.0,0.0,0.0,0.67,5.0,0.0,0.0,0.0,0.0,0.0,-0.33305771008897755,1,BIH,1.9684349836398567,0.0,0.0,0.0,0.0,0.52,5.0,0.0,0.0,0.0,0.0,0.0,-0.483477836683492,1,CAN,1.5092026671084076,0.0,0.0,0.0,0.0
1155,Marvin Keller,GK,3.7,Switzerland,SUI,0.82,5.0,0.0,0.0,0.0,0.0,0.0,-0.18239232627411195,1,QAT,2.699942557480534,0.0,0.0,0.0,0.0,0.67,5.0,0.0,0.0,0.0,0.0,0.0,-0.33305771008897755,1,BIH,1.9684349836398567,0.0,0.0,0.0,0.0,0.52,5.0,0.0,0.0,0.0,0.0,0.0,-0.483477836683492,1,CAN,1.5092026671084076,0.0,0.0,0.0,0.0
1156,Djibril Sow,MID,6.1,Switzerland,SUI,1.51,15.0,0.061462763711480774,0.046642320116397934,0.36877658226888466,0.1399269603491938,0.0,0.0,1,QAT,2.699942557480534,0.022764470874089664,0.02303373454479341,0.022764470874089664,0.02303373454479341,1.37,15.0,0.04481038085260868,0.03400530666138391,0.2688622851156521,0.10201591998415174,0.0,0.0,1,BIH,1.9684349836398567,0.022764470874089664,0.02303373454479341,0.022764470874089664,0.02303373454479341,1.28,15.0,0.03435620015848778,0.026071930206351956,0.2061372009509267,0.07821579061905587,0.0,0.0,1,CAN,1.5092026671084076,0.022764470874089664,0.023033734544793412,0.022764470874089664,0.023033734544793412
1157,Denis Zakaria,MID,6.1,Switzerland,SUI,1.29,15.0,0.0384628960801064,0.02124416249124693,0.2307773764806384,0.06373248747374079,0.0,0.0,1,QAT,2.699942557480534,0.0142458201466324,0.010491167639789113,0.0142458201466324,0.010491167639789113,1.21,15.0,0.028041970747272688,0.015488386051043457,0.16825182448363613,0.046465158153130376,0.0,0.0,1,BIH,1.9684349836398567,0.0142458201466324,0.010491167639789113,0.0142458201466324,0.010491167639789113,1.16,15.0,0.021499829760444303,0.01187497363728836,0.12899897856266582,0.03562492091186508,0.0,0.0,1,CAN,1.5092026671084076,0.0142458201466324,0.010491167639789113,0.0142458201466324,0.010491167639789113
1158,Rubén Vargas,MID,6.8,Switzerland,SUI,5.39,75.0,0.26980544630020326,0.42164790744251945,1.6188326778012194,1.2649437223275584,0.5109930639811474,0.0,2,QAT,2.699942557480534,0.09993006908708965,0.20822561886204594,0.09993006908708965,0.20822561886204594,4.49,75.0,0.196705843908575,0.3074089444935828,1.18023506345145,0.9222268334807484,0.3890752813671863,0.0,2,BIH,1.9684349836398567,0.09993006908708962,0.20822561886204594,0.09993006908708962,0.20822561886204594,3.92,75.0,0.1508147267905631,0.23569099451017383,0.9048883607433786,0.7070729835305215,0.30897145647944524,0.0,2,CAN,1.5092026671084076,0.09993006908708962,0.20822561886204594,0.09993006908708962,0.20822561886204594
1160,Ellyes Skhiri,MID,4.7,Tunisia,TUN,1.13,35.0,0.016188804048122132,0.012062927280566054,0.0971328242887328,0.03618878184169816,0.0,0.0,1,SWE,1.142358496902381,0.014171386733691472,0.014079558286096569,0.014171386733691472,0.014079558286096569,1.11,35.0,0.013874342289468999,0.010338328983786844,0.08324605373681399,0.031014986951360533,0.0,0.0,1,JPN,0.9790391406427241,0.014171386733691472,0.014079558286096566,0.014171386733691472,0.014079558286096566,1.1,35.0,0.01173025756129232,0.008740685446779079,0.07038154536775393,0.026222056340337238,0.0,0.0,1,NED,0.827742392592001,0.014171386733691472,0.014079558286096566,0.014171386733691472,0.014079558286096566
1161,Rani Khedira,MID,4.7,Tunisia,TUN,1.08,10.0,0.01091154171085846,0.005093760552045939,0.06546925026515076,0.015281281656137815,0.0,0.0,1,SWE,1.142358496902381,0.009551766578045502,0.005945314675277132,0.009551766578045502,0.005945314675277132,1.07,10.0,0.009351553342189562,0.004365521827900424,0.056109320053137374,0.013096565483701273,0.0,0.0,1,JPN,0.9790391406427241,0.009551766578045502,0.005945314675277131,0.009551766578045502,0.005945314675277131,1.06,10.0,0.007906402120791694,0.0036908917455196716,0.04743841272475016,0.011072675236559014,0.0,0.0,1,NED,0.827742392592001,0.009551766578045502,0.005945314675277132,0.009551766578045502,0.005945314675277132
1162,Hadj Mahmoud,MID,4.9,Tunisia,TUN,2.72,75.0,0.06276155685966477,0.045296983531983144,0.37656934115798857,0.13589095059594944,0.2099061002155394,0.0,2,SWE,1.142358496902381,0.05494033355540225,0.05286954857552503,0.05494033355540225,0.05286954857552503,2.59,75.0,0.05378873695070564,0.03882101805266309,0.3227324217042339,0.11646305415798927,0.15153672431443235,0.0,2,JPN,0.9790391406427241,0.05494033355540225,0.05286954857552503,0.05494033355540225,0.05286954857552503,2.48,75.0,0.04547644314695126,0.03282177497487308,0.27285865888170757,0.09846532492461925,0.10422437640582816,0.0,2,NED,0.827742392592001,0.05494033355540226,0.05286954857552503,0.05494033355540226,0.05286954857552503
1163,Mortadha Ben Ouanes,MID,5.0,Tunisia,TUN,2.87,75.0,0.053009616550493494,0.1134387476537884,0.31805769930296096,0.3403162429613652,0.2099061002155394,0.0,2,SWE,1.142358496902381,0.046403661104840864,0.1324029750279956,0.046403661104840864,0.1324029750279956,2.72,75.0,0.045431000490759606,0.09722077116746167,0.27258600294455765,0.29166231350238503,0.15153672431443235,0.0,2,JPN,0.9790391406427241,0.04640366110484087,0.1324029750279956,0.04640366110484087,0.1324029750279956,2.58,75.0,0.03841027746794935,0.08219666650197904,0.23046166480769611,0.24658999950593713,0.10422437640582816,0.0,2,NED,0.827742392592001,0.046403661104840864,0.1324029750279956,0.046403661104840864,0.1324029750279956
1164,Anis Ben Slimane,MID,5.3,Tunisia,TUN,3.27,75.0,0.1350764631814994,0.08235220166267411,0.8104587790889964,0.24705660498802234,0.2099061002155394,0.0,2,SWE,1.142358496902381,0.11824349671996374,0.09611950700937907,0.11824349671996374,0.09611950700937907,3.06,75.0,0.1157650114153041,0.07057856965609859,0.6945900684918246,0.21173570896829574,0.15153672431443235,0.0,2,JPN,0.9790391406427241,0.11824349671996377,0.09611950700937907,0.11824349671996377,0.09611950700937907,2.87,75.0,0.09787515488342721,0.05967164303003029,0.5872509293005632,0.17901492909009087,0.10422437640582816,0.0,2,NED,0.827742392592001,0.11824349671996374,0.09611950700937907,0.11824349671996374,0.09611950700937907
1165,Moutaz Neffati,DEF,4.1,Tunisia,TUN,2.65,80.0,0.03327157336544733,0.04686171735794343,0.2329010135581313,0.1405851520738303,1.049530501077697,-0.7710010903086908,2,SWE,1.142358496902381,0.0291253345212265,0.054695868223520204,0.0291253345212265,0.054695868223520204,2.04,80.0,0.02851484248059346,0.04016204686669717,0.1996038973641542,0.12048614060009152,0.7576836215721617,-1.0384640030066965,2,JPN,0.9790391406427241,0.0291253345212265,0.054695868223520204,0.0291253345212265,0.054695868223520204,1.43,80.0,0.024108274081642424,0.03395556662117506,0.16875791857149697,0.10186669986352519,0.5211218820291408,-1.3654336147924875,2,NED,0.827742392592001,0.0291253345212265,0.054695868223520204,0.0291253345212265,0.054695868223520204
1166,Ali Abdi,DEF,4.1,Tunisia,TUN,2.75,80.0,0.05739576314825606,0.021799112263896425,0.40177034203779244,0.06539733679168927,1.049530501077697,-0.7710010903086908,2,SWE,1.142358496902381,0.050243214633488874,0.025443398983193564,0.050243214633488874,0.025443398983193564,2.12,80.0,0.04919007367789889,0.01868256260665184,0.3443305157452922,0.05604768781995552,0.7576836215721617,-1.0384640030066965,2,JPN,0.9790391406427241,0.050243214633488874,0.025443398983193564,0.050243214633488874,0.025443398983193564,1.49,80.0,0.041588438692237516,0.015795434962516147,0.29111907084566263,0.04738630488754844,0.5211218820291408,-1.3654336147924875,2,NED,0.827742392592001,0.050243214633488874,0.025443398983193567,0.050243214633488874,0.025443398983193567
1167,Omar Rekik,DEF,3.8,Tunisia,TUN,0.35,25.0,0.010397366676702291,0.014644286674357325,0.07278156673691603,0.04393286002307197,0.0,-0.7710010903086908,1,SWE,1.142358496902381,0.00910166703788328,0.017092458819850068,0.00910166703788328,0.017092458819850068,0.06,25.0,0.008910888275185457,0.012550639645842868,0.062376217926298196,0.0376519189375286,0.0,-1.0384640030066965,1,JPN,0.9790391406427241,0.009101667037883282,0.017092458819850064,0.009101667037883282,0.017092458819850064,-0.28,25.0,0.007533835650513258,0.010611114569117206,0.052736849553592806,0.03183334370735162,0.0,-1.3654336147924875,1,NED,0.827742392592001,0.00910166703788328,0.017092458819850064,0.00910166703788328,0.017092458819850064
1169,Adem Arous,DEF,3.6,Tunisia,TUN,0.31,25.0,0.008466873980575657,0.006270431780587166,0.0592681178640296,0.0188112953417615,0.0,-0.7710010903086908,1,SWE,1.142358496902381,0.007411748591650021,0.007318697002841131,0.007411748591650021,0.007318697002841131,0.03,25.0,0.007256391971828956,0.005373968118214546,0.05079474380280269,0.016121904354643637,0.0,-1.0384640030066965,1,JPN,0.9790391406427241,0.00741174859165002,0.007318697002841131,0.00741174859165002,0.007318697002841131,-0.31,25.0,0.006135018512542782,0.004543496825840719,0.042945129587799474,0.013630490477522156,0.0,-1.3654336147924875,1,NED,0.827742392592001,0.007411748591650022,0.007318697002841132,0.007411748591650022,0.007318697002841132
1170,Mohamed Amine Ben Hmida,DEF,3.6,Tunisia,TUN,0.25,5.0,0.002079473335340458,0.0029288573348714643,0.014556313347383207,0.008786572004614393,0.0,-0.7710010903086908,1,SWE,1.142358496902381,0.0018203334075766562,0.0034184917639700127,0.0018203334075766562,0.0034184917639700127,-0.02,5.0,0.0017821776550370912,0.0025101279291685733,0.012475243585259638,0.00753038378750572,0.0,-1.0384640030066965,1,JPN,0.9790391406427241,0.0018203334075766562,0.0034184917639700127,0.0018203334075766562,0.0034184917639700127,-0.35,5.0,0.0015067671301026515,0.0021222229138234414,0.01054736991071856,0.006366668741470324,0.0,-1.3654336147924875,1,NED,0.827742392592001,0.0018203334075766562,0.0034184917639700127,0.0018203334075766562,0.0034184917639700127
1172,Raed Chikhaoui,DEF,3.5,Tunisia,TUN,0.25,5.0,0.002079473335340458,0.0029288573348714643,0.014556313347383207,0.008786572004614393,0.0,-0.7710010903086908,1,SWE,1.142358496902381,0.0018203334075766562,0.0034184917639700127,0.0018203334075766562,0.0034184917639700127,-0.02,5.0,0.0017821776550370912,0.0025101279291685733,0.012475243585259638,0.00753038378750572,0.0,-1.0384640030066965,1,JPN,0.9790391406427241,0.0018203334075766562,0.0034184917639700127,0.0018203334075766562,0.0034184917639700127,-0.35,5.0,0.0015067671301026515,0.0021222229138234414,0.01054736991071856,0.006366668741470324,0.0,-1.3654336147924875,1,NED,0.827742392592001,0.0018203334075766562,0.0034184917639700127,0.0018203334075766562,0.0034184917639700127
1174,Ismaël Gharbi,FWD,4.6,Tunisia,TUN,3.32,70.0,0.20722738243744027,0.09498652927775952,1.0361369121872013,0.28495958783327857,0.0,0.0,2,SWE,1.142358496902381,0.1814031085682454,0.11086599000847805,0.1814031085682454,0.11086599000847805,3.13,70.0,0.1776007435225738,0.08140660768830389,0.888003717612869,0.2442198230649117,0.0,0.0,2,JPN,0.9790391406427241,0.18140310856824543,0.11086599000847806,0.18140310856824543,0.11086599000847806,2.96,70.0,0.150155043109906,0.06882635987002388,0.75077521554953,0.20647907961007161,0.0,0.0,2,NED,0.827742392592001,0.18140310856824543,0.11086599000847805,0.18140310856824543,0.11086599000847805
1175,Elias Saad,FWD,4.5,Tunisia,TUN,3.32,70.0,0.20722738243744027,0.09498652927775952,1.0361369121872013,0.28495958783327857,0.0,0.0,2,SWE,1.142358496902381,0.1814031085682454,0.11086599000847805,0.1814031085682454,0.11086599000847805,3.13,70.0,0.1776007435225738,0.08140660768830389,0.888003717612869,0.2442198230649117,0.0,0.0,2,JPN,0.9790391406427241,0.18140310856824543,0.11086599000847806,0.18140310856824543,0.11086599000847806,2.96,70.0,0.150155043109906,0.06882635987002388,0.75077521554953,0.20647907961007161,0.0,0.0,2,NED,0.827742392592001,0.18140310856824543,0.11086599000847805,0.18140310856824543,0.11086599000847805
1176,Firas Chaouat,FWD,4.4,Tunisia,TUN,1.66,35.0,0.10361369121872013,0.04749326463887976,0.5180684560936006,0.14247979391663929,0.0,0.0,1,SWE,1.142358496902381,0.0907015542841227,0.055432995004239025,0.0907015542841227,0.055432995004239025,1.57,35.0,0.0888003717612869,0.040703303844151946,0.4440018588064345,0.12210991153245584,0.0,0.0,1,JPN,0.9790391406427241,0.09070155428412272,0.05543299500423903,0.09070155428412272,0.05543299500423903,1.48,35.0,0.075077521554953,0.03441317993501194,0.375387607774765,0.10323953980503581,0.0,0.0,1,NED,0.827742392592001,0.09070155428412272,0.055432995004239025,0.09070155428412272,0.055432995004239025
1177,Sebastian Tounekti,FWD,4.4,Tunisia,TUN,1.08,10.0,0.010378381736946354,0.00882542606205223,0.05189190868473177,0.026476278186156693,0.0,0.0,1,SWE,1.142358496902381,0.00908504796444231,0.010300824812273035,0.00908504796444231,0.010300824812273035,1.07,10.0,0.008894617551805529,0.00756368300408928,0.04447308775902764,0.02269104901226784,0.0,0.0,1,JPN,0.9790391406427241,0.00908504796444231,0.010300824812273034,0.00908504796444231,0.010300824812273034,1.06,10.0,0.007520079338900565,0.006394822031836448,0.037600396694502825,0.019184466095509344,0.0,0.0,1,NED,0.827742392592001,0.00908504796444231,0.010300824812273034,0.00908504796444231,0.010300824812273034
1178,Hazem Mastouri,FWD,4.2,Tunisia,TUN,1.19,10.0,0.029603911776777177,0.013569504182537077,0.14801955888388588,0.04070851254761123,0.0,0.0,1,SWE,1.142358496902381,0.025914729795463626,0.015837998572639723,0.025914729795463626,0.015837998572639723,1.16,10.0,0.025371534788939113,0.011629515384043412,0.12685767394469558,0.03488854615213023,0.0,0.0,1,JPN,0.9790391406427241,0.025914729795463633,0.01583799857263972,0.025914729795463633,0.01583799857263972,1.14,10.0,0.02145072044427228,0.009832337124289126,0.1072536022213614,0.02949701137286738,0.0,0.0,1,NED,0.827742392592001,0.02591472979546363,0.015837998572639723,0.02591472979546363,0.015837998572639723
1181,Rayan Elloumi,FWD,4.0,Tunisia,TUN,1.09,5.0,0.014801955888388589,0.0067847520912685385,0.07400977944194294,0.020354256273805615,0.0,0.0,1,SWE,1.142358496902381,0.012957364897731813,0.007918999286319861,0.012957364897731813,0.007918999286319861,1.08,5.0,0.012685767394469557,0.005814757692021706,0.06342883697234779,0.017444273076065116,0.0,0.0,1,JPN,0.9790391406427241,0.012957364897731817,0.00791899928631986,0.012957364897731817,0.00791899928631986,1.07,5.0,0.01072536022213614,0.004916168562144563,0.0536268011106807,0.01474850568643369,0.0,0.0,1,NED,0.827742392592001,0.012957364897731815,0.007918999286319861,0.012957364897731815,0.007918999286319861
1183,Khalil Ayari,FWD,4.0,Tunisia,TUN,1.09,5.0,0.014801955888388589,0.0067847520912685385,0.07400977944194294,0.020354256273805615,0.0,0.0,1,SWE,1.142358496902381,0.012957364897731813,0.007918999286319861,0.012957364897731813,0.007918999286319861,1.08,5.0,0.012685767394469557,0.005814757692021706,0.06342883697234779,0.017444273076065116,0.0,0.0,1,JPN,0.9790391406427241,0.012957364897731817,0.00791899928631986,0.012957364897731817,0.00791899928631986,1.07,5.0,0.01072536022213614,0.004916168562144563,0.0536268011106807,0.01474850568643369,0.0,0.0,1,NED,0.827742392592001,0.012957364897731815,0.007918999286319861,0.012957364897731815,0.007918999286319861
1184,Abdelmouhib Chamakh,GK,4.1,Tunisia,TUN,2.28,90.0,0.0,0.0,0.0,0.0,1.049530501077697,-0.7710010903086908,2,SWE,1.142358496902381,0.0,0.0,0.0,0.0,1.72,90.0,0.0,0.0,0.0,0.0,0.7576836215721617,-1.0384640030066965,2,JPN,0.9790391406427241,0.0,0.0,0.0,0.0,1.16,90.0,0.0,0.0,0.0,0.0,0.5211218820291408,-1.3654336147924875,2,NED,0.827742392592001,0.0,0.0,0.0,0.0
1185,Aymen Dahmen,GK,3.9,Tunisia,TUN,0.23,5.0,0.0,0.0,0.0,0.0,0.0,-0.7710010903086908,1,SWE,1.142358496902381,0.0,0.0,0.0,0.0,-0.04,5.0,0.0,0.0,0.0,0.0,0.0,-1.0384640030066965,1,JPN,0.9790391406427241,0.0,0.0,0.0,0.0,-0.37,5.0,0.0,0.0,0.0,0.0,0.0,-1.3654336147924875,1,NED,0.827742392592001,0.0,0.0,0.0,0.0
1187,Sabri Ben Hessen,GK,3.5,Tunisia,TUN,0.23,5.0,0.0,0.0,0.0,0.0,0.0,-0.7710010903086908,1,SWE,1.142358496902381,0.0,0.0,0.0,0.0,-0.04,5.0,0.0,0.0,0.0,0.0,0.0,-1.0384640030066965,1,JPN,0.9790391406427241,0.0,0.0,0.0,0.0,-0.37,5.0,0.0,0.0,0.0,0.0,0.0,-1.3654336147924875,1,NED,0.827742392592001,0.0,0.0,0.0,0.0
1188,Ismail Yüksek,MID,4.6,Türkiye,TUR,1.04,5.0,0.004014205693207066,0.003909388810240051,0.024085234159242398,0.011728166430720152,0.0,0.0,1,AUS,1.7082455821080893,0.0023498996486519623,0.0030513870302072174,0.0023498996486519623,0.0030513870302072174,1.03,5.0,0.0033562593998693936,0.003268622473510994,0.020137556399216362,0.009805867420532983,0.0,0.0,1,PAR,1.4282564797159474,0.0023498996486519623,0.0030513870302072165,0.0023498996486519623,0.0030513870302072165,1.03,5.0,0.0036810534799864795,0.0035849356969690337,0.022086320879918877,0.010754807090907101,0.0,0.0,1,USA,1.5664726287772088,0.0023498996486519628,0.0030513870302072165,0.0023498996486519628,0.0030513870302072165
1189,Salih Özcan,MID,4.7,Türkiye,TUR,1.13,10.0,0.016450718280248418,0.011736514208028619,0.0987043096814905,0.035209542624085856,0.0,0.0,1,AUS,1.7082455821080893,0.00963018341891283,0.00916067676369653,0.00963018341891283,0.00916067676369653,1.11,10.0,0.013754371868915325,0.009812846959749662,0.08252623121349195,0.029438540879248985,0.0,0.0,1,PAR,1.4282564797159474,0.00963018341891283,0.00916067676369653,0.00963018341891283,0.00916067676369653,1.12,10.0,0.015085418735831071,0.010762462058554497,0.09051251241498642,0.03228738617566349,0.0,0.0,1,USA,1.5664726287772088,0.009630183418912832,0.00916067676369653,0.009630183418912832,0.00916067676369653
1190,Atakan Karazor,MID,4.7,Türkiye,TUR,1.03,5.0,0.0030968163900794085,0.002976941404543882,0.01858089834047645,0.008930824213631647,0.0,0.0,1,AUS,1.7082455821080893,0.0018128636903938192,0.0023235858167185677,0.0018128636903938192,0.0023235858167185677,1.02,5.0,0.002589234312646737,0.002489007374178275,0.015535405875880422,0.0074670221225348245,0.0,0.0,1,PAR,1.4282564797159474,0.0018128636903938192,0.0023235858167185677,0.0018128636903938192,0.0023235858167185677,1.03,5.0,0.0028398013507059576,0.0027298751868784295,0.017038808104235748,0.008189625560635289,0.0,0.0,1,USA,1.5664726287772088,0.001812863690393819,0.0023235858167185677,0.001812863690393819,0.0023235858167185677
1191,Irfan Can Kahveci,MID,5.9,Türkiye,TUR,1.38,35.0,0.04150180559473169,0.04417815877774107,0.24901083356839016,0.1325344763332232,0.0,0.0,1,AUS,1.7082455821080893,0.02429498781054401,0.03448228540475019,0.02429498781054401,0.03448228540475019,1.32,35.0,0.034699473765029444,0.03693716067356182,0.20819684259017668,0.11081148202068547,0.0,0.0,1,PAR,1.4282564797159474,0.024294987810544014,0.034482285404750186,0.024294987810544014,0.034482285404750186,1.35,35.0,0.038057433421693126,0.04051166719816875,0.22834460053015876,0.12153500159450625,0.0,0.0,1,USA,1.5664726287772088,0.024294987810544014,0.034482285404750186,0.024294987810544014,0.034482285404750186
1192,Orkun Kökçü,MID,6.0,Türkiye,TUR,3.61,75.0,0.14637115088420605,0.12709146894256224,0.8782269053052363,0.3812744068276867,0.34558954722812557,0.0,2,AUS,1.7082455821080893,0.08568507503679551,0.09919843709725691,0.08568507503679551,0.09919843709725691,3.35,75.0,0.12238026363625033,0.106260607921389,0.734281581817502,0.31878182376416697,0.2919646602149229,0.0,2,PAR,1.4282564797159474,0.0856850750367955,0.09919843709725691,0.0856850750367955,0.09919843709725691,3.48,75.0,0.13422332473986145,0.11654372739774797,0.8053399484391688,0.3496311821932439,0.3200836838024675,0.0,2,USA,1.5664726287772088,0.08568507503679551,0.09919843709725693,0.08568507503679551,0.09919843709725693
1193,Kaan Ayhan,DEF,4.5,Türkiye,TUR,3.77,80.0,0.04455249899306745,0.04506034520853761,0.31186749295147215,0.13518103562561284,1.727947736140628,-0.4080930350267486,2,AUS,1.7082455821080893,0.026080851289594257,0.035170856525153046,0.026080851289594257,0.035170856525153046,3.31,80.0,0.037250144850871025,0.03767475279690731,0.2607510139560972,0.11302425839072193,1.4598233010746144,-0.5230871709143183,2,PAR,1.4282564797159474,0.02608085128959426,0.035170856525153046,0.02608085128959426,0.035170856525153046,3.55,80.0,0.04085493968035817,0.0413206380579769,0.2859845777625072,0.12396191417393071,1.6004184190123374,-0.45925648929639357,2,USA,1.5664726287772088,0.026080851289594257,0.035170856525153046,0.026080851289594257,0.035170856525153046
1194,Zeki Çelik,DEF,4.3,Türkiye,TUR,3.69,80.0,0.035461210239976636,0.04208020317201404,0.24822847167983644,0.1262406095160421,1.727947736140628,-0.4080930350267486,2,AUS,1.7082455821080893,0.02075884791472145,0.03284477252588335,0.02075884791472145,0.03284477252588335,3.25,80.0,0.029648959045638794,0.03518306938866692,0.20754271331947155,0.10554920816600077,1.4598233010746144,-0.5230871709143183,2,PAR,1.4282564797159474,0.020758847914721452,0.03284477252588336,0.020758847914721452,0.03284477252588336,3.48,80.0,0.03251816706335999,0.03858782787015746,0.22762716944351993,0.11576348361047237,1.6004184190123374,-0.45925648929639357,2,USA,1.5664726287772088,0.020758847914721452,0.03284477252588336,0.020758847914721452,0.03284477252588336
1195,Ferdi Kadioglu,DEF,4.3,Türkiye,TUR,3.65,80.0,0.03789401419830062,0.022530172604268803,0.26525809938810435,0.06759051781280641,1.727947736140628,-0.4080930350267486,2,AUS,1.7082455821080893,0.022183001434452343,0.01758542826257652,0.022183001434452343,0.01758542826257652,3.22,80.0,0.031683015538304715,0.01883737639845365,0.221781108768133,0.05651212919536096,1.4598233010746144,-0.5230871709143183,2,PAR,1.4282564797159474,0.022183001434452343,0.01758542826257652,0.022183001434452343,0.01758542826257652,3.45,80.0,0.03474906457119516,0.020660319028988447,0.2432434519983661,0.06198095708696534,1.6004184190123374,-0.45925648929639357,2,USA,1.5664726287772088,0.022183001434452343,0.01758542826257652,0.022183001434452343,0.01758542826257652
1196,Samet Akaydin,DEF,4.1,Türkiye,TUR,0.72,25.0,0.014927537558084151,0.009460504961536576,0.10449276290658906,0.02838151488460973,0.0,-0.4080930350267486,1,AUS,1.7082455821080893,0.008738519633495888,0.007384188050886439,0.008738519633495888,0.007384188050886439,0.59,25.0,0.012480847289665527,0.007909885823339721,0.08736593102765869,0.023729657470019164,0.0,-0.5230871709143183,1,PAR,1.4282564797159474,0.008738519633495888,0.007384188050886439,0.008738519633495888,0.007384188050886439,0.66,25.0,0.013688651821903555,0.008675346350593,0.09582056275332489,0.026026039051779,0.0,-0.45925648929639357,1,USA,1.5664726287772088,0.008738519633495888,0.007384188050886438,0.008738519633495888,0.007384188050886438
1197,Mert Müldür,DEF,4.1,Türkiye,TUR,0.74,25.0,0.012534257961248036,0.018896056398611465,0.08773980572873626,0.056688169195834394,0.0,-0.4080930350267486,1,AUS,1.7082455821080893,0.0073375035138565515,0.014748899179779111,0.0073375035138565515,0.014748899179779111,0.6,25.0,0.010479836938604154,0.015798908116647553,0.07335885857022907,0.04739672434994266,0.0,-0.5230871709143183,1,PAR,1.4282564797159474,0.007337503513856552,0.014748899179779111,0.007337503513856552,0.014748899179779111,0.67,25.0,0.01149399841801288,0.01732781015228895,0.08045798892609016,0.051983430456866854,0.0,-0.45925648929639357,1,USA,1.5664726287772088,0.0073375035138565515,0.014748899179779111,0.0073375035138565515,0.014748899179779111
1198,Ozan Kabak,DEF,4.0,Türkiye,TUR,0.63,5.0,0.004596642214968459,0.0013253944030666835,0.03217649550477921,0.003976183209200051,0.0,-0.4080930350267486,1,AUS,1.7082455821080893,0.0026908556141534957,0.0010345073073400903,0.0026908556141534957,0.0010345073073400903,0.51,5.0,0.003843231966894765,0.001108156323766486,0.026902623768263356,0.003324468971299458,0.0,-0.5230871709143183,1,PAR,1.4282564797159474,0.0026908556141534957,0.0010345073073400905,0.0026908556141534957,0.0010345073073400905,0.57,5.0,0.0042151516675629375,0.0012153955359136975,0.029506061672940564,0.0036461866077410927,0.0,-0.45925648929639357,1,USA,1.5664726287772088,0.002690855614153496,0.0010345073073400905,0.002690855614153496,0.0010345073073400905
1199,Eren Elmali,DEF,4.0,Türkiye,TUR,0.62,5.0,0.0038231553705094694,0.0012058790696109596,0.026762087593566287,0.003617637208832879,0.0,-0.4080930350267486,1,AUS,1.7082455821080893,0.002238059568572945,0.0009412222553487297,0.002238059568572945,0.0009412222553487297,0.5,5.0,0.003196523080804586,0.001008230088791011,0.022375661565632102,0.003024690266373033,0.0,-0.5230871709143183,1,PAR,1.4282564797159474,0.0022380595685729445,0.0009412222553487297,0.0022380595685729445,0.0009412222553487297,0.57,5.0,0.0035058590557424467,0.0011057991754498033,0.02454101339019713,0.00331739752634941,0.0,-0.45925648929639357,1,USA,1.5664726287772088,0.002238059568572945,0.0009412222553487296,0.002238059568572945,0.0009412222553487296
1200,Abdülkerim Bardakci,DEF,4.0,Türkiye,TUR,0.61,5.0,0.001669203733356968,0.0018921009923073147,0.011684426133498776,0.005676302976921944,0.0,-0.4080930350267486,1,AUS,1.7082455821080893,0.000977145060897543,0.0014768376101772873,0.000977145060897543,0.0014768376101772873,0.49,5.0,0.00139561376484935,0.001581977164667944,0.00976929635394545,0.004745931494003832,0.0,-0.5230871709143183,1,PAR,1.4282564797159474,0.000977145060897543,0.0014768376101772875,0.000977145060897543,0.0014768376101772875,0.56,5.0,0.0015306709922408403,0.0017350692701185997,0.010714696945685883,0.005205207810355799,0.0,-0.45925648929639357,1,USA,1.5664726287772088,0.000977145060897543,0.0014768376101772875,0.000977145060897543,0.0014768376101772875
1201,Merih Demiral,DEF,4.0,Türkiye,TUR,0.62,5.0,0.0028565275174682,0.0011537826422071823,0.0199956926222774,0.003461347926621547,0.0,-0.4080930350267486,1,AUS,1.7082455821080893,0.0016721995639192896,0.0009005595403781365,0.0016721995639192896,0.0009005595403781365,0.5,5.0,0.002388329862545907,0.0009646724991863167,0.016718309037821347,0.0028940174975589502,0.0,-0.5230871709143183,1,PAR,1.4282564797159474,0.0016721995639192896,0.0009005595403781365,0.0016721995639192896,0.0009005595403781365,0.56,5.0,0.0026194548467327514,0.0010580264029399007,0.01833618392712926,0.003174079208819702,0.0,-0.45925648929639357,1,USA,1.5664726287772088,0.0016721995639192894,0.0009005595403781364,0.0016721995639192894,0.0009005595403781364
1202,Mustafa Eskihellaç,DEF,3.9,Türkiye,TUR,0.62,5.0,0.001669203733356968,0.003950766760396383,0.011684426133498776,0.011852300281189148,0.0,-0.4080930350267486,1,AUS,1.7082455821080893,0.000977145060897543,0.003083683674662962,0.000977145060897543,0.003083683674662962,0.5,5.0,0.00139561376484935,0.0033032183922987444,0.00976929635394545,0.009909655176896234,0.0,-0.5230871709143183,1,PAR,1.4282564797159474,0.000977145060897543,0.003083683674662962,0.000977145060897543,0.003083683674662962,0.56,5.0,0.0015306709922408403,0.00362287955412499,0.010714696945685883,0.01086863866237497,0.0,-0.45925648929639357,1,USA,1.5664726287772088,0.000977145060897543,0.0030836836746629625,0.000977145060897543,0.0030836836746629625
1203,Ahmetcan Kaplan,DEF,3.5,Türkiye,TUR,0.61,5.0,0.0021396721318116462,0.0012012823260165086,0.014977704922681523,0.003603846978049526,0.0,-0.4080930350267486,1,AUS,1.7082455821080893,0.0012525553434601293,0.0009376343687336774,0.0012525553434601293,0.0009376343687336774,0.49,5.0,0.0017889702854997636,0.001004386772061185,0.012522791998498345,0.003013160316183555,0.0,-0.5230871709143183,1,PAR,1.4282564797159474,0.0012525553434601293,0.0009376343687336774,0.0012525553434601293,0.0009376343687336774,0.56,5.0,0.0019620936615589286,0.0011015839308165768,0.0137346556309125,0.0033047517924497303,0.0,-0.45925648929639357,1,USA,1.5664726287772088,0.0012525553434601293,0.0009376343687336774,0.0012525553434601293,0.0009376343687336774
1204,Kenan Yildiz,MID,7.0,Türkiye,TUR,3.67,75.0,0.17171687649323117,0.09951174521075357,1.030301258959387,0.2985352356322607,0.34558954722812557,0.0,2,AUS,1.7082455821080893,0.10052235948494072,0.07767169330766398,0.10052235948494072,0.07767169330766398,3.4,75.0,0.14357171129070243,0.08320132444288564,0.8614302677442145,0.24960397332865691,0.2919646602149229,0.0,2,PAR,1.4282564797159474,0.10052235948494073,0.07767169330766396,0.10052235948494073,0.07767169330766396,3.54,75.0,0.1574655247132627,0.09125293619792514,0.9447931482795762,0.27375880859377544,0.3200836838024675,0.0,2,USA,1.5664726287772088,0.10052235948494073,0.07767169330766398,0.10052235948494073,0.07767169330766398
1205,Kerem Aktürkoglu,FWD,6.2,Türkiye,TUR,3.48,70.0,0.2128222627147101,0.13861423886797442,1.0641113135735505,0.41584271660392325,0.0,0.0,2,AUS,1.7082455821080893,0.12458528501041004,0.1081922804853505,0.12458528501041004,0.1081922804853505,3.24,70.0,0.17793974059337622,0.11589474424383533,0.8896987029668811,0.347684232731506,0.0,0.0,2,PAR,1.4282564797159474,0.12458528501041004,0.10819228048535051,0.12458528501041004,0.10819228048535051,3.36,70.0,0.19515943891721482,0.12711018451896608,0.9757971945860742,0.38133055355689827,0.0,0.0,2,USA,1.5664726287772088,0.12458528501041005,0.1081922804853505,0.12458528501041005,0.1081922804853505
1206,Baris Alper Yilmaz,FWD,6.1,Türkiye,TUR,3.47,70.0,0.1860175312301457,0.18088550930606992,0.9300876561507285,0.5426565279182097,0.0,0.0,2,AUS,1.7082455821080893,0.10889390447044951,0.14118618634278968,0.10889390447044951,0.14118618634278968,3.23,70.0,0.1555284246614889,0.1512375641178544,0.7776421233074444,0.45371269235356326,0.0,0.0,2,PAR,1.4282564797159474,0.10889390447044951,0.14118618634278968,0.10889390447044951,0.14118618634278968,3.35,70.0,0.1705793207936393,0.16587322235056393,0.8528966039681964,0.4976196670516918,0.0,0.0,2,USA,1.5664726287772088,0.10889390447044951,0.14118618634278965,0.10889390447044951,0.14118618634278965
1208,Oguz Aydin,FWD,5.0,Türkiye,TUR,1.83,35.0,0.1387445319458209,0.045667615707762725,0.6937226597291045,0.13700284712328817,0.0,0.0,1,AUS,1.7082455821080893,0.08122048340063662,0.03564484809138183,0.08122048340063662,0.03564484809138183,1.69,35.0,0.11600368170262079,0.03818248894125504,0.5800184085131039,0.11454746682376513,0.0,0.0,1,PAR,1.4282564797159474,0.08122048340063662,0.03564484809138183,0.08122048340063662,0.03564484809138183,1.76,35.0,0.1272296641431509,0.041877509169053376,0.6361483207157546,0.12563252750716014,0.0,0.0,1,USA,1.5664726287772088,0.08122048340063662,0.03564484809138183,0.08122048340063662,0.03564484809138183
1209,Yunus Akgün,FWD,4.9,Türkiye,TUR,1.23,10.0,0.029126764602836468,0.026938742120038446,0.14563382301418235,0.08081622636011535,0.0,0.0,1,AUS,1.7082455821080893,0.017050689261489026,0.02102643975955279,0.017050689261489026,0.02102643975955279,1.19,10.0,0.024352757421344823,0.022523361623953724,0.12176378710672411,0.06757008487186117,0.0,0.0,1,PAR,1.4282564797159474,0.017050689261489026,0.02102643975955279,0.017050689261489026,0.02102643975955279,1.21,10.0,0.02670943802990804,0.02470300677297921,0.1335471901495402,0.07410902031893764,0.0,0.0,1,USA,1.5664726287772088,0.017050689261489026,0.02102643975955279,0.017050689261489026,0.02102643975955279
1210,Deniz Gül,FWD,4.4,Türkiye,TUR,1.18,10.0,0.032106340610125246,0.006853914347517438,0.16053170305062622,0.020561743042552313,0.0,0.0,1,AUS,1.7082455821080893,0.018794920909734697,0.005349671358189025,0.018794920909734697,0.005349671358189025,1.15,10.0,0.026843967575077333,0.005730527086263216,0.13421983787538666,0.017191581258789647,0.0,0.0,1,PAR,1.4282564797159474,0.0187949209097347,0.005349671358189025,0.0187949209097347,0.005349671358189025,1.17,10.0,0.029441729165131842,0.006285085316667377,0.1472086458256592,0.018855255950002134,0.0,0.0,1,USA,1.5664726287772088,0.018794920909734697,0.005349671358189026,0.018794920909734697,0.005349671358189026
1211,Ugurcan Çakir,GK,4.2,Türkiye,TUR,3.32,90.0,0.0,0.0,0.0,0.0,1.727947736140628,-0.4080930350267486,2,AUS,1.7082455821080893,0.0,0.0,0.0,0.0,2.94,90.0,0.0,0.0,0.0,0.0,1.4598233010746144,-0.5230871709143183,2,PAR,1.4282564797159474,0.0,0.0,0.0,0.0,3.14,90.0,0.0,0.0,0.0,0.0,1.6004184190123374,-0.45925648929639357,2,USA,1.5664726287772088,0.0,0.0,0.0,0.0
1212,Altay Bayindir,GK,4.0,Türkiye,TUR,0.59,5.0,0.0,0.0,0.0,0.0,0.0,-0.4080930350267486,1,AUS,1.7082455821080893,0.0,0.0,0.0,0.0,0.48,5.0,0.0,0.0,0.0,0.0,0.0,-0.5230871709143183,1,PAR,1.4282564797159474,0.0,0.0,0.0,0.0,0.54,5.0,0.0,0.0,0.0,0.0,0.0,-0.45925648929639357,1,USA,1.5664726287772088,0.0,0.0,0.0,0.0
1213,Mert Günok,GK,4.0,Türkiye,TUR,0.59,5.0,0.0,0.0,0.0,0.0,0.0,-0.4080930350267486,1,AUS,1.7082455821080893,0.0,0.0,0.0,0.0,0.48,5.0,0.0,0.0,0.0,0.0,0.0,-0.5230871709143183,1,PAR,1.4282564797159474,0.0,0.0,0.0,0.0,0.54,5.0,0.0,0.0,0.0,0.0,0.0,-0.45925648929639357,1,USA,1.5664726287772088,0.0,0.0,0.0,0.0
1214,Muhammed Sengezer,GK,3.9,Türkiye,TUR,0.59,5.0,0.0,0.0,0.0,0.0,0.0,-0.4080930350267486,1,AUS,1.7082455821080893,0.0,0.0,0.0,0.0,0.48,5.0,0.0,0.0,0.0,0.0,0.0,-0.5230871709143183,1,PAR,1.4282564797159474,0.0,0.0,0.0,0.0,0.54,5.0,0.0,0.0,0.0,0.0,0.0,-0.45925648929639357,1,USA,1.5664726287772088,0.0,0.0,0.0,0.0
1215,Arda Güler,MID,7.0,Türkiye,TUR,3.6,75.0,0.11761098412519848,0.18345641650722702,0.7056659047511908,0.5503692495216811,0.34558954722812557,0.0,2,AUS,1.7082455821080893,0.06884899065862571,0.14319285113625527,0.06884899065862571,0.14319285113625527,3.34,75.0,0.0983340170300849,0.15338708811326826,0.5900041021805094,0.46016126433980475,0.2919646602149229,0.0,2,PAR,1.4282564797159474,0.06884899065862571,0.1431928511362553,0.06884899065862571,0.1431928511362553,3.47,75.0,0.10785005938567492,0.168230761456135,0.6471003563140495,0.504692284368405,0.3200836838024675,0.0,2,USA,1.5664726287772088,0.06884899065862572,0.14319285113625527,0.06884899065862572,0.14319285113625527
1216,Hakan Çalhanoglu,MID,7.1,Türkiye,TUR,4.11,75.0,0.2384063575079909,0.11132226102132806,1.4304381450479455,0.3339667830639842,0.34558954722812557,0.0,2,AUS,1.7082455821080893,0.1395621098072922,0.08689013038663831,0.1395621098072922,0.08689013038663831,3.77,75.0,0.19933048765509362,0.0930760438110598,1.1959829259305617,0.27922813143317937,0.2919646602149229,0.0,2,PAR,1.4282564797159474,0.13956210980729217,0.08689013038663833,0.13956210980729217,0.08689013038663833,3.94,75.0,0.21862022502752246,0.10208325822116382,1.3117213501651348,0.30624977466349146,0.3200836838024675,0.0,2,USA,1.5664726287772088,0.13956210980729217,0.08689013038663833,0.13956210980729217,0.08689013038663833
1217,Pablo Alcoba,MID,4.3,Uruguay,URU,1.1,5.0,0.011967209028010245,0.01028685691346408,0.07180325416806146,0.030860570740392237,0.0,0.0,1,KSA,2.4835989823118396,0.004818494899233151,0.0055225538887863634,0.004818494899233151,0.0055225538887863634,1.1,5.0,0.012168696734906058,0.010460053120349741,0.07301218040943634,0.03138015936104922,0.0,0.0,1,CPV,2.52541446849776,0.004818494899233151,0.005522553888786364,0.004818494899233151,0.005522553888786364,1.04,5.0,0.0047724588191523,0.004102343402134266,0.0286347529149138,0.012307030206402798,0.0,0.0,1,ESP,0.9904459626826256,0.004818494899233152,0.005522553888786363,0.004818494899233152,0.005522553888786363
1218,Juan Manuel Sanabria,MID,4.5,Uruguay,URU,1.09,5.0,0.007838865193675463,0.013433994559033898,0.047033191162052776,0.040301983677101694,0.0,0.0,1,KSA,2.4835989823118396,0.0031562523779014896,0.007212111485367612,0.0031562523779014896,0.007212111485367612,1.09,5.0,0.00797084542138288,0.01366017802017468,0.047825072528297284,0.04098053406052404,0.0,0.0,1,CPV,2.52541446849776,0.003156252377901489,0.007212111485367612,0.003156252377901489,0.007212111485367612,1.03,5.0,0.0031260974248999668,0.00535740502732451,0.0187565845493998,0.01607221508197353,0.0,0.0,1,ESP,0.9904459626826256,0.003156252377901489,0.007212111485367613,0.003156252377901489,0.007212111485367613
1219,Emiliano Martínez,MID,4.7,Uruguay,URU,1.1,10.0,0.013069054457594523,0.00558109560071076,0.07841432674556714,0.01674328680213228,0.0,0.0,1,KSA,2.4835989823118396,0.005262143587057396,0.0029962408802490536,0.005262143587057396,0.0029962408802490536,1.1,10.0,0.013289093550067453,0.005675062552564068,0.07973456130040472,0.017025187657692203,0.0,0.0,1,CPV,2.52541446849776,0.005262143587057397,0.002996240880249053,0.005262143587057397,0.002996240880249053,1.04,10.0,0.005211868870857268,0.002225711012300484,0.031271213225143604,0.006677133036901452,0.0,0.0,1,ESP,0.9904459626826256,0.005262143587057396,0.002996240880249054,0.005262143587057396,0.002996240880249054
1220,Luciano González,MID,4.7,Uruguay,URU,1.1,5.0,0.011967209028010245,0.01028685691346408,0.07180325416806146,0.030860570740392237,0.0,0.0,1,KSA,2.4835989823118396,0.004818494899233151,0.0055225538887863634,0.004818494899233151,0.0055225538887863634,1.1,5.0,0.012168696734906058,0.010460053120349741,0.07301218040943634,0.03138015936104922,0.0,0.0,1,CPV,2.52541446849776,0.004818494899233151,0.005522553888786364,0.004818494899233151,0.005522553888786364,1.04,5.0,0.0047724588191523,0.004102343402134266,0.0286347529149138,0.012307030206402798,0.0,0.0,1,ESP,0.9904459626826256,0.004818494899233152,0.005522553888786363,0.004818494899233152,0.005522553888786363
1221,Nicolás Fonseca,MID,5.0,Uruguay,URU,1.07,10.0,0.009021634836349834,0.005816159795686545,0.054129809018099,0.017448479387059634,0.0,0.0,1,KSA,2.4835989823118396,0.0036324845116308237,0.0031224363445194712,0.0036324845116308237,0.0031224363445194712,1.07,10.0,0.009173528942266503,0.005914084441059548,0.05504117365359902,0.017742253323178643,0.0,0.0,1,CPV,2.52541446849776,0.0036324845116308237,0.0031224363445194717,0.0036324845116308237,0.0031224363445194717,1.03,10.0,0.0035977796190519184,0.0023194533533721054,0.02158667771431151,0.006958360060116317,0.0,0.0,1,ESP,0.9904459626826256,0.0036324845116308237,0.003122436344519472,0.0036324845116308237,0.003122436344519472
1222,Facundo Pellistri,MID,5.2,Uruguay,URU,1.72,35.0,0.08377046319607173,0.07200799839424855,0.5026227791764304,0.21602399518274568,0.0,0.0,1,KSA,2.4835989823118396,0.03372946429463207,0.038657877221504544,0.03372946429463207,0.038657877221504544,1.73,35.0,0.08518087714434242,0.07322037184244817,0.5110852628660545,0.21966111552734452,0.0,0.0,1,CPV,2.52541446849776,0.03372946429463206,0.038657877221504544,0.03372946429463206,0.038657877221504544,1.29,35.0,0.033407211734066106,0.028716403814939864,0.20044327040439663,0.08614921144481959,0.0,0.0,1,ESP,0.9904459626826256,0.03372946429463207,0.038657877221504544,0.03372946429463207,0.038657877221504544
1223,Maxi Araújo,MID,6.4,Uruguay,URU,3.94,75.0,0.17164382791126956,0.14551414130229032,1.0298629674676174,0.4365424239068709,0.4740603586943992,0.0,2,KSA,2.4835989823118396,0.06911092697883786,0.07812004129954966,0.06911092697883786,0.07812004129954966,3.97,75.0,0.17453373492364932,0.147964111933144,1.047202409541896,0.443892335799432,0.4811210527101206,0.0,2,CPV,2.52541446849776,0.06911092697883786,0.07812004129954968,0.06911092697883786,0.07812004129954968,2.74,75.0,0.0684506386034437,0.05803025963230421,0.41070383162066226,0.17409077889691263,0.1554892821932353,0.0,2,ESP,0.9904459626826256,0.06911092697883786,0.07812004129954966,0.06911092697883786,0.07812004129954966
1224,Manuel Ugarte,MID,5.9,Uruguay,URU,4.01,75.0,0.1795081354201537,0.15430285370196117,1.077048812520922,0.4629085611058835,0.4740603586943992,0.0,2,KSA,2.4835989823118396,0.07227742348849728,0.08283830833179545,0.07227742348849728,0.08283830833179545,4.05,75.0,0.18253045102359086,0.1569007968052461,1.0951827061415451,0.4707023904157383,0.4811210527101206,0.0,2,CPV,2.52541446849776,0.07227742348849726,0.08283830833179545,0.07227742348849726,0.08283830833179545,2.77,75.0,0.0715868822872845,0.06153515103201399,0.42952129372370706,0.18460545309604198,0.1554892821932353,0.0,2,ESP,0.9904459626826256,0.07227742348849728,0.08283830833179545,0.07227742348849728,0.08283830833179545
1225,Nicolás de la Cruz,MID,5.9,Uruguay,URU,1.24,35.0,0.03029956688397632,0.01953383460248766,0.1817974013038579,0.058601503807462985,0.0,0.0,1,KSA,2.4835989823118396,0.012199862819951791,0.010486843080871687,0.012199862819951791,0.010486843080871687,1.24,35.0,0.030809710079194138,0.019862718933974243,0.18485826047516482,0.059588156801922726,0.0,0.0,1,CPV,2.52541446849776,0.012199862819951791,0.010486843080871689,0.012199862819951791,0.010486843080871689,1.1,35.0,0.012083304875303123,0.007789988543051694,0.07249982925181873,0.02336996562915508,0.0,0.0,1,ESP,0.9904459626826256,0.012199862819951791,0.010486843080871689,0.012199862819951791,0.010486843080871689
1226,Ronald Araujo,DEF,5.0,Uruguay,URU,5.1,80.0,0.11938834114229532,0.03721692311935529,0.8357183879960672,0.11165076935806587,2.370301793471996,-0.22048098507066438,2,KSA,2.4835989823118396,0.0480706998161046,0.019980103274542974,0.0480706998161046,0.019980103274542974,5.16,80.0,0.12139844082640318,0.03784353141870773,0.8497890857848223,0.11353059425612319,2.405605263550603,-0.2127574244137761,2,CPV,2.52541446849776,0.0480706998161046,0.019980103274542974,0.0480706998161046,0.019980103274542974,2.14,80.0,0.047611430556189244,0.014841909466689748,0.33328001389332473,0.04452572840006924,0.7774464109661765,-1.0166677567338522,2,ESP,0.9904459626826256,0.04807069981610461,0.019980103274542974,0.04807069981610461,0.019980103274542974
1227,José María Giménez,DEF,4.4,Uruguay,URU,4.69,80.0,0.04275732206347164,0.07957451797842495,0.29930125444430145,0.23872355393527483,2.370301793471996,-0.22048098507066438,2,KSA,2.4835989823118396,0.01721587195355963,0.04272000353527477,0.01721587195355963,0.04272000353527477,4.74,80.0,0.043477212119324295,0.08091428626669377,0.30434048483527004,0.24274285880008128,2.405605263550603,-0.2127574244137761,2,CPV,2.52541446849776,0.01721587195355963,0.04272000353527476,0.01721587195355963,0.04272000353527476,1.98,80.0,0.017051390870464183,0.03173389127047529,0.11935973609324928,0.09520167381142586,0.7774464109661765,-1.0166677567338522,2,ESP,0.9904459626826256,0.01721587195355963,0.04272000353527476,0.01721587195355963,0.04272000353527476
1228,Matías Viña,DEF,4.3,Uruguay,URU,4.84,80.0,0.06482015667491,0.07898926638957857,0.45374109672437,0.2369677991687357,2.370301793471996,-0.22048098507066438,2,KSA,2.4835989823118396,0.026099284601321847,0.04240580810463048,0.026099284601321847,0.04240580810463048,4.9,80.0,0.06591151094961899,0.08031918100183004,0.4613805766473329,0.2409575430054901,2.405605263550603,-0.2127574244137761,2,CPV,2.52541446849776,0.026099284601321847,0.042405808104630474,0.026099284601321847,0.042405808104630474,2.04,80.0,0.025849931062284046,0.03150049607364407,0.1809495174359883,0.09450148822093221,0.7774464109661765,-1.0166677567338522,2,ESP,0.9904459626826256,0.02609928460132185,0.04240580810463048,0.02609928460132185,0.04240580810463048
1229,Mathías Olivera,DEF,4.3,Uruguay,URU,4.56,80.0,0.04246108195679633,0.03695906914855144,0.2972275736975743,0.11087720744565432,2.370301793471996,-0.22048098507066438,2,KSA,2.4835989823118396,0.017096593394989937,0.019841672997814037,0.017096593394989937,0.019841672997814037,4.61,80.0,0.04317598432173082,0.03758133605091067,0.3022318902521158,0.11274400815273201,2.405605263550603,-0.2127574244137761,2,CPV,2.52541446849776,0.017096593394989933,0.019841672997814037,0.017096593394989933,0.019841672997814037,1.92,80.0,0.016933251903694227,0.014739078685165337,0.11853276332585959,0.04421723605549601,0.7774464109661765,-1.0166677567338522,2,ESP,0.9904459626826256,0.017096593394989937,0.019841672997814034,0.017096593394989937,0.019841672997814034
1230,Guillermo Varela,DEF,4.2,Uruguay,URU,1.03,25.0,0.012821642117041333,0.05402873578009616,0.08975149481928933,0.1620862073402885,0.0,-0.22048098507066438,1,KSA,2.4835989823118396,0.005162525113094708,0.02900561438723301,0.005162525113094708,0.02900561438723301,1.04,25.0,0.013037515614592413,0.05493839868088877,0.09126260930214689,0.1648151960426663,0.0,-0.2127574244137761,1,CPV,2.52541446849776,0.005162525113094708,0.029005614387233005,0.005162525113094708,0.029005614387233005,0.08,25.0,0.005113202155512319,0.02154637024872301,0.03579241508858623,0.06463911074616903,0.0,-1.0166677567338522,1,ESP,0.9904459626826256,0.005162525113094708,0.029005614387233005,0.005162525113094708,0.029005614387233005
1231,Sebastián Cáceres,DEF,4.2,Uruguay,URU,0.89,25.0,0.01200389598923966,0.010448457775280895,0.08402727192467761,0.03134537332584268,0.0,-0.22048098507066438,1,KSA,2.4835989823118396,0.00483326659204294,0.005609310171620393,0.00483326659204294,0.005609310171620393,0.9,25.0,0.012206001381652102,0.010624374799276347,0.0854420096715647,0.03187312439782904,0.0,-0.2127574244137761,1,CPV,2.52541446849776,0.00483326659204294,0.005609310171620393,0.00483326659204294,0.005609310171620393,0.03,25.0,0.004787089382657743,0.004166788959687004,0.0335096256786042,0.01250036687906101,0.0,-1.0166677567338522,1,ESP,0.9904459626826256,0.00483326659204294,0.005609310171620393,0.00483326659204294,0.005609310171620393
1232,Santiago Bueno,DEF,4.1,Uruguay,URU,0.83,5.0,0.005072206831051068,0.003873099536982536,0.035505447817357476,0.011619298610947609,0.0,-0.22048098507066438,1,KSA,2.4835989823118396,0.0020422809266613736,0.002079294102129854,0.0020422809266613736,0.002079294102129854,0.84,5.0,0.005157605800927646,0.0039383095573355936,0.036103240606493524,0.01181492867200678,0.0,-0.2127574244137761,1,CPV,2.52541446849776,0.0020422809266613736,0.0020792941021298534,0.0020422809266613736,0.0020792941021298534,0.0,5.0,0.0020227688984754888,0.0015445713365132316,0.01415938228932842,0.004633714009539694,0.0,-1.0166677567338522,1,ESP,0.9904459626826256,0.0020422809266613736,0.002079294102129854,0.0020422809266613736,0.002079294102129854
1233,José Rodríguez,DEF,3.9,Uruguay,URU,0.82,5.0,0.004051259792181875,0.00493682914934866,0.028358818545273126,0.014810487448045981,0.0,-0.22048098507066438,1,KSA,2.4835989823118396,0.0016312052875826154,0.002650363006539405,0.0016312052875826154,0.002650363006539405,0.83,5.0,0.004119469434351187,0.0050199488126143775,0.028836286040458306,0.015059846437843132,0.0,-0.2127574244137761,1,CPV,2.52541446849776,0.0016312052875826154,0.0026503630065394046,0.0016312052875826154,0.0026503630065394046,0.0,5.0,0.0016156206913927528,0.0019687810046027546,0.011309344839749269,0.005906343013808263,0.0,-1.0166677567338522,1,ESP,0.9904459626826256,0.0016312052875826156,0.002650363006539405,0.0016312052875826156,0.002650363006539405
1234,Brian Barboza,DEF,3.7,Uruguay,URU,0.82,5.0,0.004051259792181875,0.00493682914934866,0.028358818545273126,0.014810487448045981,0.0,-0.22048098507066438,1,KSA,2.4835989823118396,0.0016312052875826154,0.002650363006539405,0.0016312052875826154,0.002650363006539405,0.83,5.0,0.004119469434351187,0.0050199488126143775,0.028836286040458306,0.015059846437843132,0.0,-0.2127574244137761,1,CPV,2.52541446849776,0.0016312052875826154,0.0026503630065394046,0.0016312052875826154,0.0026503630065394046,0.0,5.0,0.0016156206913927528,0.0019687810046027546,0.011309344839749269,0.005906343013808263,0.0,-1.0166677567338522,1,ESP,0.9904459626826256,0.0016312052875826156,0.002650363006539405,0.0016312052875826156,0.002650363006539405
1235,Benjamín García,DEF,3.5,Uruguay,URU,0.82,5.0,0.004051259792181875,0.00493682914934866,0.028358818545273126,0.014810487448045981,0.0,-0.22048098507066438,1,KSA,2.4835989823118396,0.0016312052875826154,0.002650363006539405,0.0016312052875826154,0.002650363006539405,0.83,5.0,0.004119469434351187,0.0050199488126143775,0.028836286040458306,0.015059846437843132,0.0,-0.2127574244137761,1,CPV,2.52541446849776,0.0016312052875826154,0.0026503630065394046,0.0016312052875826154,0.0026503630065394046,0.0,5.0,0.0016156206913927528,0.0019687810046027546,0.011309344839749269,0.005906343013808263,0.0,-1.0166677567338522,1,ESP,0.9904459626826256,0.0016312052875826156,0.002650363006539405,0.0016312052875826156,0.002650363006539405
1236,Darwin Núñez,FWD,7.5,Uruguay,URU,4.31,70.0,0.3335753814683442,0.21315254929716662,1.667876907341721,0.6394576478914998,0.0,0.0,2,KSA,2.4835989823118396,0.134311289320081,0.11443208065673316,0.134311289320081,0.11443208065673316,4.35,70.0,0.3391916733315212,0.21674132411311245,1.6959583666576061,0.6502239723393374,0.0,0.0,2,CPV,2.52541446849776,0.134311289320081,0.11443208065673316,0.134311289320081,0.11443208065673316,2.92,70.0,0.13302807424977228,0.08500409421587546,0.6651403712488614,0.2550122826476264,0.0,0.0,2,ESP,0.9904459626826256,0.134311289320081,0.11443208065673316,0.134311289320081,0.11443208065673316
1237,Federico Viñas,FWD,5.9,Uruguay,URU,1.87,35.0,0.15605577698737635,0.02991255386952107,0.7802788849368818,0.08973766160856321,0.0,0.0,1,KSA,2.4835989823118396,0.06283453089601164,0.01605871376313589,0.06283453089601164,0.01605871376313589,1.88,35.0,0.15868323344605734,0.030416181062165617,0.7934161672302866,0.09124854318649685,0.0,0.0,1,CPV,2.52541446849776,0.06283453089601164,0.01605871376313589,0.06283453089601164,0.01605871376313589,1.35,35.0,0.06223420744301143,0.011928966159430392,0.3111710372150572,0.035786898478291175,0.0,0.0,1,ESP,0.9904459626826256,0.06283453089601164,0.016058713763135887,0.06283453089601164,0.016058713763135887
1238,Brian Rodríguez,FWD,6.2,Uruguay,URU,4.57,70.0,0.40247924930853,0.18693263813189542,2.01239624654265,0.5607979143956863,0.0,0.0,2,KSA,2.4835989823118396,0.16205484547826848,0.10035578178454052,0.16205484547826848,0.10035578178454052,4.62,70.0,0.409255651460988,0.19007995748706197,2.04627825730494,0.5702398724611859,0.0,0.0,2,CPV,2.52541446849776,0.16205484547826848,0.10035578178454053,0.16205484547826848,0.10035578178454053,3.03,70.0,0.16050656743710776,0.07454773417526758,0.8025328371855388,0.22364320252580275,0.0,0.0,2,ESP,0.9904459626826256,0.16205484547826846,0.10035578178454055,0.16205484547826846,0.10035578178454055
1239,Rodrigo Aguirre,FWD,5.6,Uruguay,URU,1.23,10.0,0.04281030851014327,0.003872647255151013,0.21405154255071637,0.01161794176545304,0.0,0.0,1,KSA,2.4835989823118396,0.01723720649550823,0.002079051292221199,0.01723720649550823,0.002079051292221199,1.23,10.0,0.04353109068024006,0.003937849660593285,0.2176554534012003,0.011813548981779855,0.0,0.0,1,CPV,2.52541446849776,0.017237206495508233,0.002079051292221199,0.017237206495508233,0.002079051292221199,1.09,10.0,0.01707252158140286,0.0015443909689429368,0.0853626079070143,0.0046331729068288105,0.0,0.0,1,ESP,0.9904459626826256,0.017237206495508233,0.002079051292221199,0.017237206495508233,0.002079051292221199
1240,Facundo Torres,FWD,5.4,Uruguay,URU,1.27,10.0,0.04180488279664565,0.02039473825795224,0.20902441398322824,0.061184214773856715,0.0,0.0,1,KSA,2.4835989823118396,0.01683238038603635,0.010949023790718392,0.01683238038603635,0.010949023790718392,1.27,10.0,0.04250873696615411,0.020738117322754813,0.21254368483077057,0.06221435196826444,0.0,0.0,1,CPV,2.52541446849776,0.01683238038603635,0.01094902379071839,0.01683238038603635,0.01094902379071839,1.11,10.0,0.016671563195687918,0.008133312306624787,0.08335781597843958,0.02439993691987436,0.0,0.0,1,ESP,0.9904459626826256,0.01683238038603635,0.01094902379071839,0.01683238038603635,0.01094902379071839
1241,Agustín Canobbio,FWD,5.3,Uruguay,URU,1.09,5.0,0.013549049151844482,0.006640871881643437,0.06774524575922242,0.019922615644930308,0.0,0.0,1,KSA,2.4835989823118396,0.005455409366947175,0.0035651874176358,0.005455409366947175,0.0035651874176358,1.09,5.0,0.0137771697468666,0.006752681915552712,0.068885848734333,0.020258045746658133,0.0,0.0,1,CPV,2.52541446849776,0.0054554093669471745,0.0035651874176357997,0.0054554093669471745,0.0035651874176357997,1.03,5.0,0.005403288182273808,0.0026483441130032057,0.02701644091136904,0.007945032339009617,0.0,0.0,1,ESP,0.9904459626826256,0.005455409366947175,0.0035651874176358,0.005455409366947175,0.0035651874176358
1242,Facundo Martínez,FWD,5.3,Uruguay,URU,1.18,5.0,0.02883738286861011,0.011436255872377192,0.14418691434305053,0.03430876761713158,0.0,0.0,1,KSA,2.4835989823118396,0.011611126866289439,0.0061396148378897245,0.011611126866289439,0.0061396148378897245,1.18,5.0,0.029322907783690403,0.01162880410695768,0.14661453891845203,0.03488641232087304,0.0,0.0,1,CPV,2.52541446849776,0.011611126866289437,0.0061396148378897245,0.011611126866289437,0.0061396148378897245,1.07,5.0,0.01150019372691214,0.0045607175464606655,0.0575009686345607,0.013682152639381997,0.0,0.0,1,ESP,0.9904459626826256,0.011611126866289437,0.006139614837889724,0.011611126866289437,0.006139614837889724
1243,Agustín Álvarez,FWD,5.2,Uruguay,URU,1.18,5.0,0.02883738286861011,0.011436255872377192,0.14418691434305053,0.03430876761713158,0.0,0.0,1,KSA,2.4835989823118396,0.011611126866289439,0.0061396148378897245,0.011611126866289439,0.0061396148378897245,1.18,5.0,0.029322907783690403,0.01162880410695768,0.14661453891845203,0.03488641232087304,0.0,0.0,1,CPV,2.52541446849776,0.011611126866289437,0.0061396148378897245,0.011611126866289437,0.0061396148378897245,1.07,5.0,0.01150019372691214,0.0045607175464606655,0.0575009686345607,0.013682152639381997,0.0,0.0,1,ESP,0.9904459626826256,0.011611126866289437,0.006139614837889724,0.011611126866289437,0.006139614837889724
1244,Sergio Rochet,GK,4.1,Uruguay,URU,4.15,90.0,0.0,0.0,0.0,0.0,2.370301793471996,-0.22048098507066438,2,KSA,2.4835989823118396,0.0,0.0,0.0,0.0,4.19,90.0,0.0,0.0,0.0,0.0,2.405605263550603,-0.2127574244137761,2,CPV,2.52541446849776,0.0,0.0,0.0,0.0,1.76,90.0,0.0,0.0,0.0,0.0,0.7774464109661765,-1.0166677567338522,2,ESP,0.9904459626826256,0.0,0.0,0.0,0.0
1245,Fernando Muslera,GK,4.1,Uruguay,URU,0.78,5.0,0.0,0.0,0.0,0.0,0.0,-0.22048098507066438,1,KSA,2.4835989823118396,0.0,0.0,0.0,0.0,0.79,5.0,0.0,0.0,0.0,0.0,0.0,-0.2127574244137761,1,CPV,2.52541446849776,0.0,0.0,0.0,0.0,-0.02,5.0,0.0,0.0,0.0,0.0,0.0,-1.0166677567338522,1,ESP,0.9904459626826256,0.0,0.0,0.0,0.0
1246,Santiago Mele,GK,3.5,Uruguay,URU,0.78,5.0,0.0,0.0,0.0,0.0,0.0,-0.22048098507066438,1,KSA,2.4835989823118396,0.0,0.0,0.0,0.0,0.79,5.0,0.0,0.0,0.0,0.0,0.0,-0.2127574244137761,1,CPV,2.52541446849776,0.0,0.0,0.0,0.0,-0.02,5.0,0.0,0.0,0.0,0.0,0.0,-1.0166677567338522,1,ESP,0.9904459626826256,0.0,0.0,0.0,0.0
1247,Giorgian de Arrascaeta,MID,6.5,Uruguay,URU,6.35,75.0,0.4454656920780607,0.40195356329776466,2.6727941524683643,1.205860689893294,0.4740603586943992,0.0,2,KSA,2.4835989823118396,0.17936297093478523,0.21579090997136163,0.17936297093478523,0.21579090997136163,6.43,75.0,0.45296584191144984,0.40872111465898076,2.7177950514686993,1.2261633439769422,0.4811210527101206,0.0,2,CPV,2.52541446849776,0.17936297093478523,0.21579090997136166,0.17936297093478523,0.21579090997136166,3.7,75.0,0.17764933041711917,0.16029692667355883,1.065895982502715,0.4808907800206765,0.1554892821932353,0.0,2,ESP,0.9904459626826256,0.17936297093478523,0.21579090997136163,0.17936297093478523,0.21579090997136163
1248,Federico Valverde,MID,7.5,Uruguay,URU,4.1,75.0,0.15961948416721214,0.22430281403836808,0.9577169050032728,0.6729084421151043,0.4740603586943992,0.0,2,KSA,2.4835989823118396,0.06426942727228513,0.12041815963358006,0.06426942727228513,0.12041815963358006,4.14,75.0,0.1623069415154934,0.22807932195638705,0.9738416490929604,0.6842379658691612,0.4811210527101206,0.0,2,CPV,2.52541446849776,0.06426942727228513,0.12041815963358007,0.06426942727228513,0.12041815963358007,2.81,75.0,0.06365539476575943,0.08945076003206348,0.3819323685945566,0.26835228009619044,0.1554892821932353,0.0,2,ESP,0.9904459626826256,0.06426942727228512,0.12041815963358006,0.06426942727228512,0.12041815963358006
1249,Cristian Roldan,MID,4.7,USA,USA,1.04,5.0,0.0034698203502613032,0.00476310539603462,0.02081892210156782,0.01428931618810386,0.0,0.0,1,PAR,1.2224348898485768,0.0028384500304070265,0.005195211006697871,0.0028384500304070265,0.005195211006697871,1.04,5.0,0.0040397852567899024,0.005545509857300834,0.024238711540739415,0.0166365295719025,0.0,0.0,1,AUS,1.423236348540054,0.002838450030407027,0.005195211006697872,0.002838450030407027,0.005195211006697872,1.03,5.0,0.0032334850843930927,0.004438682323224704,0.019400910506358556,0.013316046969674113,0.0,0.0,1,TUR,1.139172805493926,0.002838450030407027,0.005195211006697872,0.002838450030407027,0.005195211006697872
1250,Sebastian Berhalter,MID,4.7,USA,USA,1.09,5.0,0.0065232423112630234,0.016243000579377356,0.03913945386757814,0.04872900173813206,0.0,0.0,1,PAR,1.2224348898485768,0.0053362697395450305,0.017716554301324933,0.0053362697395450305,0.017716554301324933,1.1,5.0,0.007594773058934854,0.018911133039396965,0.04556863835360912,0.05673339911819089,0.0,0.0,1,AUS,1.423236348540054,0.0053362697395450305,0.017716554301324933,0.0053362697395450305,0.017716554301324933,1.08,5.0,0.006078933370069855,0.015136662650344355,0.03647360022041913,0.045409987951033064,0.0,0.0,1,TUR,1.139172805493926,0.0053362697395450305,0.017716554301324933,0.0053362697395450305,0.017716554301324933
1251,Tanner Tessmann,MID,5.6,USA,USA,1.07,10.0,0.008592701088396257,0.004911622366326605,0.05155620653037754,0.014734867098979816,0.0,0.0,1,PAR,1.2224348898485768,0.007029168718720582,0.005357201333299651,0.007029168718720582,0.005357201333299651,1.08,10.0,0.010004168420503853,0.005718422747999478,0.060025010523023115,0.017155268243998434,0.0,0.0,1,AUS,1.423236348540054,0.007029168718720583,0.005357201333299651,0.007029168718720583,0.005357201333299651,1.06,10.0,0.00800743784959507,0.004577083554338073,0.04804462709757042,0.013731250663014219,0.0,0.0,1,TUR,1.139172805493926,0.007029168718720582,0.00535720133329965,0.007029168718720582,0.00535720133329965
1252,Aidan Morris,MID,5.6,USA,USA,1.07,10.0,0.00573493624784704,0.010622616770351905,0.03440961748708224,0.03186785031105571,0.0,0.0,1,PAR,1.2224348898485768,0.004691404258395658,0.011586293179909408,0.004691404258395658,0.011586293179909408,1.08,10.0,0.006676977066244296,0.0123675251988666,0.04006186239746578,0.037102575596599796,0.0,0.0,1,AUS,1.423236348540054,0.004691404258395658,0.011586293179909408,0.004691404258395658,0.011586293179909408,1.06,10.0,0.005344320150742733,0.009899092580274407,0.032065920904456396,0.02969727774082322,0.0,0.0,1,TUR,1.139172805493926,0.004691404258395658,0.011586293179909408,0.004691404258395658,0.011586293179909408
1253,Brenden Aaronson,MID,5.7,USA,USA,1.52,35.0,0.05159826999347441,0.07146307586355967,0.30958961996084644,0.21438922759067902,0.0,0.0,1,PAR,1.2224348898485768,0.04220942188574632,0.07794615643146094,0.04220942188574632,0.07794615643146094,1.61,35.0,0.06007398347865624,0.08320185229668324,0.36044390087193745,0.2496055568900497,0.0,0.0,1,AUS,1.423236348540054,0.04220942188574632,0.07794615643146094,0.04220942188574632,0.07794615643146094,1.49,35.0,0.04808382554786236,0.06659560627462183,0.2885029532871742,0.19978681882386548,0.0,0.0,1,TUR,1.139172805493926,0.04220942188574632,0.07794615643146093,0.04220942188574632,0.07794615643146093
1254,Malik Tillman,MID,6.1,USA,USA,1.24,15.0,0.03403057880604881,0.013390769136047753,0.20418347283629285,0.04017230740814326,0.0,0.0,1,PAR,1.2224348898485768,0.027838356945345515,0.014605570404060778,0.027838356945345515,0.014605570404060778,1.28,15.0,0.039620561488248204,0.01559038401766511,0.23772336892948923,0.04677115205299533,0.0,0.0,1,AUS,1.423236348540054,0.027838356945345515,0.014605570404060778,0.027838356945345515,0.014605570404060778,1.23,15.0,0.031712699181770575,0.01247870145977473,0.19027619509062343,0.037436104379324195,0.0,0.0,1,TUR,1.139172805493926,0.027838356945345515,0.01460557040406078,0.027838356945345515,0.01460557040406078
1255,Weston McKennie,MID,6.1,USA,USA,3.34,80.0,0.11448955893237141,0.1402646997563428,0.6869373535942285,0.42079409926902833,0.2369675805990491,0.0,2,PAR,1.2224348898485768,0.09365697910221889,0.15298941581934875,0.09365697910221889,0.15298941581934875,3.58,80.0,0.13329601695273416,0.16330507315200446,0.7997761017164049,0.48991521945601335,0.2908460543115328,0.0,2,AUS,1.423236348540054,0.09365697910221889,0.15298941581934877,0.09365697910221889,0.15298941581934877,3.24,80.0,0.10669148363796069,0.13071103652235327,0.6401489018277642,0.3921331095670598,0.2087803307547107,0.0,2,TUR,1.139172805493926,0.09365697910221887,0.15298941581934877,0.09365697910221887,0.15298941581934877
1256,Giovanni Reyna,MID,5.5,USA,USA,1.08,5.0,0.00810333089140749,0.00879879328392622,0.048619985348444944,0.02639637985177866,0.0,0.0,1,PAR,1.2224348898485768,0.006628844577899156,0.009597013694546548,0.006628844577899156,0.009597013694546548,1.09,5.0,0.00943441255208873,0.010244114045636491,0.05660647531253238,0.030732342136909473,0.0,0.0,1,AUS,1.423236348540054,0.006628844577899156,0.009597013694546547,0.006628844577899156,0.009597013694546547,1.07,5.0,0.00755139947498858,0.008199492761085165,0.04530839684993148,0.024598478283255495,0.0,0.0,1,TUR,1.139172805493926,0.006628844577899155,0.009597013694546548,0.006628844577899155,0.009597013694546548
1257,Johnny Cardoso,MID,6.2,USA,USA,1.15,10.0,0.01620666178281498,0.01759758656785244,0.09723997069688989,0.05279275970355732,0.0,0.0,1,PAR,1.2224348898485768,0.013257689155798311,0.019194027389093097,0.013257689155798311,0.019194027389093097,1.17,10.0,0.01886882510417746,0.020488228091272983,0.11321295062506476,0.061464684273818945,0.0,0.0,1,AUS,1.423236348540054,0.013257689155798311,0.019194027389093093,0.013257689155798311,0.019194027389093093,1.14,10.0,0.01510279894997716,0.01639898552217033,0.09061679369986296,0.04919695656651099,0.0,0.0,1,TUR,1.139172805493926,0.01325768915579831,0.019194027389093097,0.01325768915579831,0.019194027389093097
1258,Antonee Robinson,DEF,5.0,USA,USA,2.94,85.0,0.046685816250510215,0.035892808269138834,0.3268007137535715,0.1076784248074165,1.1848379029952456,-0.6767995185240708,2,PAR,1.2224348898485768,0.038190840786860386,0.03914897888599463,0.038190840786860386,0.03914897888599463,3.43,85.0,0.05435459278916575,0.04178868731908101,0.3804821495241602,0.12536606195724304,1.454230271557664,-0.5258072290886309,2,AUS,1.423236348540054,0.038190840786860386,0.03914897888599463,0.038190840786860386,0.03914897888599463,2.67,85.0,0.043505967243339605,0.03344808908233574,0.30454177070337723,0.10034426724700723,1.0439016537735535,-0.7752529595319195,2,TUR,1.139172805493926,0.038190840786860386,0.03914897888599464,0.038190840786860386,0.03914897888599464
1259,Chris Richards,DEF,4.1,USA,USA,2.89,85.0,0.03966507282968065,0.035892808269138834,0.27765550980776454,0.1076784248074165,1.1848379029952456,-0.6767995185240708,2,PAR,1.2224348898485768,0.0324475954990077,0.03914897888599463,0.0324475954990077,0.03914897888599463,3.38,85.0,0.04618059733691241,0.04178868731908101,0.32326418135838686,0.12536606195724304,1.454230271557664,-0.5258072290886309,2,AUS,1.423236348540054,0.0324475954990077,0.03914897888599463,0.0324475954990077,0.03914897888599463,2.63,85.0,0.03696341839613669,0.03344808908233574,0.2587439287729568,0.10034426724700723,1.0439016537735535,-0.7752529595319195,2,TUR,1.139172805493926,0.0324475954990077,0.03914897888599464,0.0324475954990077,0.03914897888599464
1260,Joe Scally,DEF,4.1,USA,USA,3.04,80.0,0.043430885652893485,0.07703204016897833,0.3040161995702544,0.23109612050693498,1.1848379029952456,-0.6767995185240708,2,PAR,1.2224348898485768,0.0355281790576783,0.0840203333076445,0.0355281790576783,0.0840203333076445,3.55,80.0,0.05056499583232728,0.08968559428491768,0.35395497082629096,0.26905678285475304,1.454230271557664,-0.5258072290886309,2,AUS,1.423236348540054,0.03552817905767829,0.0840203333076445,0.03552817905767829,0.0840203333076445,2.77,80.0,0.04047273541122594,0.0717852591094531,0.2833091478785816,0.2153557773283593,1.0439016537735535,-0.7752529595319195,2,TUR,1.139172805493926,0.0355281790576783,0.0840203333076445,0.0355281790576783,0.0840203333076445
1261,Tim Ream,DEF,3.9,USA,USA,2.78,80.0,0.026210744934047767,0.028819009596625332,0.18347521453833437,0.08645702878987599,1.1848379029952456,-0.6767995185240708,2,PAR,1.2224348898485768,0.021441424121406167,0.03143345011495338,0.021441424121406167,0.03143345011495338,3.24,80.0,0.030516214174048754,0.03355292157271665,0.21361349921834127,0.10065876471814995,1.454230271557664,-0.5258072290886309,2,AUS,1.423236348540054,0.02144142412140617,0.03143345011495338,0.02144142412140617,0.03143345011495338,2.52,80.0,0.0244254872701674,0.026856098665353614,0.1709784108911718,0.08056829599606084,1.0439016537735535,-0.7752529595319195,2,TUR,1.139172805493926,0.021441424121406167,0.03143345011495338,0.021441424121406167,0.03143345011495338
1262,Mark McKenzie,DEF,3.9,USA,USA,0.35,5.0,0.0017865263806290529,0.00392048223529255,0.01250568466440337,0.01176144670587765,0.0,-0.6767995185240708,1,PAR,1.2224348898485768,0.0014614491090403597,0.0042761456585260265,0.0014614491090403597,0.0042761456585260265,0.5,5.0,0.0020799874935277167,0.00456447444964949,0.014559912454694016,0.01369342334894847,0.0,-0.5258072290886309,1,AUS,1.423236348540054,0.0014614491090403595,0.0042761456585260265,0.0014614491090403595,0.0042761456585260265,0.25,5.0,0.0016648430816321052,0.003653451634892824,0.011653901571424737,0.010960354904678471,0.0,-0.7752529595319195,1,TUR,1.139172805493926,0.0014614491090403597,0.0042761456585260265,0.0014614491090403597,0.0042761456585260265
1263,Auston Trusty,DEF,3.9,USA,USA,0.36,10.0,0.003163509871663609,0.003478314774337592,0.022144569101645264,0.010434944323012776,0.0,-0.6767995185240708,1,PAR,1.2224348898485768,0.002587875966183748,0.0037938650728666637,0.002587875966183748,0.0037938650728666637,0.51,10.0,0.003683159140585922,0.004049675004870298,0.025782113984101452,0.012149025014610893,0.0,-0.5258072290886309,1,AUS,1.423236348540054,0.002587875966183748,0.0037938650728666637,0.002587875966183748,0.0037938650728666637,0.26,10.0,0.0029480379246678446,0.0032414009390422014,0.020636265472674914,0.009724202817126604,0.0,-0.7752529595319195,1,TUR,1.139172805493926,0.002587875966183748,0.0037938650728666632,0.002587875966183748,0.0037938650728666632
1264,Alexander Freeman,DEF,4.0,USA,USA,0.37,5.0,0.00422183629461021,0.004619912363556273,0.02955285406227147,0.01385973709066882,0.0,-0.6767995185240708,1,PAR,1.2224348898485768,0.0034536287614738885,0.005039027601847481,0.0034536287614738885,0.005039027601847481,0.52,5.0,0.004915329987693007,0.005378795433184466,0.03440730991385105,0.0161363862995534,0.0,-0.5258072290886309,1,AUS,1.423236348540054,0.0034536287614738885,0.005039027601847481,0.0034536287614738885,0.005039027601847481,0.27,5.0,0.003934279965342723,0.004305242407618444,0.027539959757399063,0.012915727222855333,0.0,-0.7752529595319195,1,TUR,1.139172805493926,0.0034536287614738885,0.005039027601847481,0.0034536287614738885,0.005039027601847481
1265,Timothy Weah,MID,5.8,USA,USA,2.94,75.0,0.0759719859837668,0.0837853998030524,0.45583191590260075,0.2513561994091572,0.2369675805990491,0.0,2,PAR,1.2224348898485768,0.06214808380770075,0.09138635303341831,0.06214808380770075,0.09138635303341831,3.11,75.0,0.08845141186723328,0.09754828454825593,0.5307084712033997,0.2926448536447678,0.2908460543115328,0.0,2,AUS,1.423236348540054,0.06214808380770075,0.0913863530334183,0.06214808380770075,0.0913863530334183,2.87,75.0,0.0707974069872901,0.07807863612670311,0.42478444192374065,0.23423590838010933,0.2087803307547107,0.0,2,TUR,1.139172805493926,0.06214808380770075,0.0913863530334183,0.06214808380770075,0.0913863530334183
1266,Ricardo Pepi,FWD,5.9,USA,USA,1.76,20.0,0.14110049504418076,0.016515886938299692,0.7055024752209038,0.04954766081489907,0.0,0.0,1,PAR,1.2224348898485768,0.11542577540604956,0.01801419672104365,0.11542577540604956,0.01801419672104365,1.88,20.0,0.16427815911631036,0.019228844672355284,0.8213907955815518,0.05768653401706585,0.0,0.0,1,AUS,1.423236348540054,0.11542577540604956,0.018014196721043648,0.11542577540604956,0.018014196721043648,1.7,20.0,0.13148990439562128,0.015390962263073084,0.6574495219781064,0.04617288678921925,0.0,0.0,1,TUR,1.139172805493926,0.11542577540604955,0.018014196721043648,0.11542577540604955,0.018014196721043648
1267,Folarin Balogun,FWD,6.0,USA,USA,4.01,75.0,0.32089572531434346,0.13461234999770227,1.6044786265717172,0.4038370499931068,0.0,0.0,2,PAR,1.2224348898485768,0.26250537184364303,0.14682428881958884,0.26250537184364303,0.14682428881958884,4.34,75.0,0.3736071868948956,0.15672424852243644,1.868035934474478,0.4701727455673093,0.0,0.0,2,AUS,1.423236348540054,0.262505371843643,0.14682428881958884,0.262505371843643,0.14682428881958884,3.87,75.0,0.2990389809003491,0.12544367775694612,1.4951949045017454,0.3763310332708384,0.0,0.0,2,TUR,1.139172805493926,0.26250537184364303,0.14682428881958884,0.26250537184364303,0.14682428881958884
1268,Patrick Agyemang,FWD,4.9,USA,USA,1.09,5.0,0.014171804752296105,0.005982349294009389,0.07085902376148052,0.017947047882028166,0.0,0.0,1,PAR,1.2224348898485768,0.011593095771384248,0.0065250638635926846,0.011593095771384248,0.0065250638635926846,1.1,5.0,0.016499715293940058,0.006965031050407733,0.0824985764697003,0.020895093151223197,0.0,0.0,1,AUS,1.423236348540054,0.011593095771384248,0.0065250638635926846,0.011593095771384248,0.0065250638635926846,1.08,5.0,0.013206539434247565,0.005574881480636936,0.06603269717123783,0.016724644441910807,0.0,0.0,1,TUR,1.139172805493926,0.011593095771384248,0.0065250638635926846,0.011593095771384248,0.0065250638635926846
1269,Max Arfsten,FWD,4.4,USA,USA,1.07,5.0,0.0077160332412347914,0.009048926813150381,0.03858016620617396,0.027146780439451144,0.0,0.0,1,PAR,1.2224348898485768,0.006312019810061686,0.00986983916367251,0.006312019810061686,0.00986983916367251,1.08,5.0,0.008983496026384681,0.010535335388987165,0.044917480131923405,0.03160600616696149,0.0,0.0,1,AUS,1.423236348540054,0.006312019810061687,0.009869839163672511,0.006312019810061687,0.009869839163672511,1.06,5.0,0.0071904813153612105,0.008432589277390979,0.035952406576806054,0.025297767832172937,0.0,0.0,1,TUR,1.139172805493926,0.006312019810061687,0.00986983916367251,0.006312019810061687,0.00986983916367251
1270,Matt Turner,GK,4.0,USA,USA,0.32,5.0,0.0,0.0,0.0,0.0,0.0,-0.6767995185240708,1,PAR,1.2224348898485768,0.0,0.0,0.0,0.0,0.47,5.0,0.0,0.0,0.0,0.0,0.0,-0.5258072290886309,1,AUS,1.423236348540054,0.0,0.0,0.0,0.0,0.22,5.0,0.0,0.0,0.0,0.0,0.0,-0.7752529595319195,1,TUR,1.139172805493926,0.0,0.0,0.0,0.0
1271,Matt Freese,GK,4.2,USA,USA,2.51,90.0,0.0,0.0,0.0,0.0,1.1848379029952456,-0.6767995185240708,2,PAR,1.2224348898485768,0.0,0.0,0.0,0.0,2.93,90.0,0.0,0.0,0.0,0.0,1.454230271557664,-0.5258072290886309,2,AUS,1.423236348540054,0.0,0.0,0.0,0.0,2.27,90.0,0.0,0.0,0.0,0.0,1.0439016537735535,-0.7752529595319195,2,TUR,1.139172805493926,0.0,0.0,0.0,0.0
1272,Patrick Schulte,GK,3.5,USA,USA,0.32,5.0,0.0,0.0,0.0,0.0,0.0,-0.6767995185240708,1,PAR,1.2224348898485768,0.0,0.0,0.0,0.0,0.47,5.0,0.0,0.0,0.0,0.0,0.0,-0.5258072290886309,1,AUS,1.423236348540054,0.0,0.0,0.0,0.0,0.22,5.0,0.0,0.0,0.0,0.0,0.0,-0.7752529595319195,1,TUR,1.139172805493926,0.0,0.0,0.0,0.0
1273,Chris Brady,GK,3.5,USA,USA,0.32,5.0,0.0,0.0,0.0,0.0,0.0,-0.6767995185240708,1,PAR,1.2224348898485768,0.0,0.0,0.0,0.0,0.47,5.0,0.0,0.0,0.0,0.0,0.0,-0.5258072290886309,1,AUS,1.423236348540054,0.0,0.0,0.0,0.0,0.22,5.0,0.0,0.0,0.0,0.0,0.0,-0.7752529595319195,1,TUR,1.139172805493926,0.0,0.0,0.0,0.0
1274,Christian Pulisic,MID,7.0,USA,USA,4.3,85.0,0.24866535289483505,0.1891706091433314,1.4919921173690103,0.5675118274299942,0.2369675805990491,0.0,2,PAR,1.2224348898485768,0.20341807564543357,0.20633203531111471,0.20341807564543357,0.20633203531111471,4.69,85.0,0.2895119992086514,0.22024443939227134,1.7370719952519083,0.660733318176814,0.2908460543115328,0.0,2,AUS,1.423236348540054,0.20341807564543357,0.20633203531111474,0.20341807564543357,0.20633203531111474,4.13,85.0,0.23172833992118425,0.17628588264647577,1.3903700395271055,0.5288576479394274,0.2087803307547107,0.0,2,TUR,1.139172805493926,0.20341807564543357,0.20633203531111471,0.20341807564543357,0.20633203531111471
1275,Abdulla Abdullaev,MID,4.2,Uzbekistan,UZB,1.04,5.0,0.004097727244532452,0.004010775195173425,0.024586363467194713,0.012032325585520275,0.0,0.0,1,COL,0.8490034209488941,0.00482651440903807,0.006298797069927399,0.00482651440903807,0.006298797069927399,1.03,5.0,0.003889779788137928,0.0038072402963781468,0.02333867872882757,0.01142172088913444,0.0,0.0,1,POR,0.8059190253019808,0.004826514409038071,0.0062987970699274,0.004826514409038071,0.0062987970699274,1.05,5.0,0.006002004123035506,0.0058746441189123375,0.036012024738213036,0.017623932356737013,0.0,0.0,1,COD,1.2435483693566165,0.00482651440903807,0.006298797069927398,0.00482651440903807,0.006298797069927398
1278,Sherzod Esanov,MID,4.7,Uzbekistan,UZB,1.04,5.0,0.004097727244532452,0.004010775195173425,0.024586363467194713,0.012032325585520275,0.0,0.0,1,COL,0.8490034209488941,0.00482651440903807,0.006298797069927399,0.00482651440903807,0.006298797069927399,1.03,5.0,0.003889779788137928,0.0038072402963781468,0.02333867872882757,0.01142172088913444,0.0,0.0,1,POR,0.8059190253019808,0.004826514409038071,0.0062987970699274,0.004826514409038071,0.0062987970699274,1.05,5.0,0.006002004123035506,0.0058746441189123375,0.036012024738213036,0.017623932356737013,0.0,0.0,1,COD,1.2435483693566165,0.00482651440903807,0.006298797069927398,0.00482651440903807,0.006298797069927398
1279,Jasurbek Jaloliddinov,MID,4.7,Uzbekistan,UZB,1.04,5.0,0.004097727244532452,0.004010775195173425,0.024586363467194713,0.012032325585520275,0.0,0.0,1,COL,0.8490034209488941,0.00482651440903807,0.006298797069927399,0.00482651440903807,0.006298797069927399,1.03,5.0,0.003889779788137928,0.0038072402963781468,0.02333867872882757,0.01142172088913444,0.0,0.0,1,POR,0.8059190253019808,0.004826514409038071,0.0062987970699274,0.004826514409038071,0.0062987970699274,1.05,5.0,0.006002004123035506,0.0058746441189123375,0.036012024738213036,0.017623932356737013,0.0,0.0,1,COD,1.2435483693566165,0.00482651440903807,0.006298797069927398,0.00482651440903807,0.006298797069927398
1280,Ruslanbek Jiyanov,MID,4.7,Uzbekistan,UZB,1.04,5.0,0.004097727244532452,0.004010775195173425,0.024586363467194713,0.012032325585520275,0.0,0.0,1,COL,0.8490034209488941,0.00482651440903807,0.006298797069927399,0.00482651440903807,0.006298797069927399,1.03,5.0,0.003889779788137928,0.0038072402963781468,0.02333867872882757,0.01142172088913444,0.0,0.0,1,POR,0.8059190253019808,0.004826514409038071,0.0062987970699274,0.004826514409038071,0.0062987970699274,1.05,5.0,0.006002004123035506,0.0058746441189123375,0.036012024738213036,0.017623932356737013,0.0,0.0,1,COD,1.2435483693566165,0.00482651440903807,0.006298797069927398,0.00482651440903807,0.006298797069927398
1282,Akmal Mozgovoy,MID,4.7,Uzbekistan,UZB,1.04,5.0,0.004097727244532452,0.004010775195173425,0.024586363467194713,0.012032325585520275,0.0,0.0,1,COL,0.8490034209488941,0.00482651440903807,0.006298797069927399,0.00482651440903807,0.006298797069927399,1.03,5.0,0.003889779788137928,0.0038072402963781468,0.02333867872882757,0.01142172088913444,0.0,0.0,1,POR,0.8059190253019808,0.004826514409038071,0.0062987970699274,0.004826514409038071,0.0062987970699274,1.05,5.0,0.006002004123035506,0.0058746441189123375,0.036012024738213036,0.017623932356737013,0.0,0.0,1,COD,1.2435483693566165,0.00482651440903807,0.006298797069927398,0.00482651440903807,0.006298797069927398
1284,Otabek Shukurov,MID,5.0,Uzbekistan,UZB,1.04,5.0,0.004097727244532452,0.004010775195173425,0.024586363467194713,0.012032325585520275,0.0,0.0,1,COL,0.8490034209488941,0.00482651440903807,0.006298797069927399,0.00482651440903807,0.006298797069927399,1.03,5.0,0.003889779788137928,0.0038072402963781468,0.02333867872882757,0.01142172088913444,0.0,0.0,1,POR,0.8059190253019808,0.004826514409038071,0.0062987970699274,0.004826514409038071,0.0062987970699274,1.05,5.0,0.006002004123035506,0.0058746441189123375,0.036012024738213036,0.017623932356737013,0.0,0.0,1,COD,1.2435483693566165,0.00482651440903807,0.006298797069927398,0.00482651440903807,0.006298797069927398
1285,Umarali Rakhmonaliev,MID,5.1,Uzbekistan,UZB,1.07,10.0,0.008195454489064904,0.00802155039034685,0.04917272693438943,0.02406465117104055,0.0,0.0,1,COL,0.8490034209488941,0.00965302881807614,0.012597594139854798,0.00965302881807614,0.012597594139854798,1.07,10.0,0.007779559576275856,0.0076144805927562936,0.04667735745765514,0.02284344177826888,0.0,0.0,1,POR,0.8059190253019808,0.009653028818076143,0.0125975941398548,0.009653028818076143,0.0125975941398548,1.11,10.0,0.012004008246071013,0.011749288237824675,0.07202404947642607,0.03524786471347403,0.0,0.0,1,COD,1.2435483693566165,0.00965302881807614,0.012597594139854796,0.00965302881807614,0.012597594139854796
1286,Dostonbek Khamdamov,MID,5.1,Uzbekistan,UZB,1.07,10.0,0.008195454489064904,0.00802155039034685,0.04917272693438943,0.02406465117104055,0.0,0.0,1,COL,0.8490034209488941,0.00965302881807614,0.012597594139854798,0.00965302881807614,0.012597594139854798,1.07,10.0,0.007779559576275856,0.0076144805927562936,0.04667735745765514,0.02284344177826888,0.0,0.0,1,POR,0.8059190253019808,0.009653028818076143,0.0125975941398548,0.009653028818076143,0.0125975941398548,1.11,10.0,0.012004008246071013,0.011749288237824675,0.07202404947642607,0.03524786471347403,0.0,0.0,1,COD,1.2435483693566165,0.00965302881807614,0.012597594139854796,0.00965302881807614,0.012597594139854796
1287,Aziz G'aniev,MID,5.3,Uzbekistan,UZB,1.26,35.0,0.02868409071172717,0.02807542636621397,0.172104544270363,0.08422627909864192,0.0,0.0,1,COL,0.8490034209488941,0.0337856008632665,0.04409157948949179,0.0337856008632665,0.04409157948949179,1.24,35.0,0.0272284585169655,0.026650682074647027,0.163370751101793,0.07995204622394109,0.0,0.0,1,POR,0.8059190253019808,0.0337856008632665,0.04409157948949179,0.0337856008632665,0.04409157948949179,1.38,35.0,0.04201402886124855,0.04112250883238636,0.25208417316749127,0.1233675264971591,0.0,0.0,1,COD,1.2435483693566165,0.0337856008632665,0.044091579489491786,0.0337856008632665,0.044091579489491786
1288,Odiljon Hamrobekov,MID,5.3,Uzbekistan,UZB,1.26,35.0,0.02868409071172717,0.02807542636621397,0.172104544270363,0.08422627909864192,0.0,0.0,1,COL,0.8490034209488941,0.0337856008632665,0.04409157948949179,0.0337856008632665,0.04409157948949179,1.24,35.0,0.0272284585169655,0.026650682074647027,0.163370751101793,0.07995204622394109,0.0,0.0,1,POR,0.8059190253019808,0.0337856008632665,0.04409157948949179,0.0337856008632665,0.04409157948949179,1.38,35.0,0.04201402886124855,0.04112250883238636,0.25208417316749127,0.1233675264971591,0.0,0.0,1,COD,1.2435483693566165,0.0337856008632665,0.044091579489491786,0.0337856008632665,0.044091579489491786
1289,Oston Urunov,MID,5.6,Uzbekistan,UZB,2.66,75.0,0.061465908667986784,0.06016162792760136,0.3687954520079207,0.18048488378280408,0.11021587978150485,0.0,2,COL,0.8490034209488941,0.07239771613557106,0.09448195604891098,0.07239771613557106,0.09448195604891098,2.62,75.0,0.058346696822068916,0.057108604445672194,0.3500801809324135,0.17132581333701657,0.09831476313834296,0.0,2,POR,0.8059190253019808,0.07239771613557106,0.09448195604891098,0.07239771613557106,0.09448195604891098,3.05,75.0,0.0900300618455326,0.08811966178368506,0.5401803710731956,0.2643589853510552,0.24360363341521588,0.0,2,COD,1.2435483693566165,0.07239771613557106,0.09448195604891098,0.07239771613557106,0.09448195604891098
1290,Jamshid Iskanderov,MID,5.7,Uzbekistan,UZB,2.66,75.0,0.061465908667986784,0.06016162792760136,0.3687954520079207,0.18048488378280408,0.11021587978150485,0.0,2,COL,0.8490034209488941,0.07239771613557106,0.09448195604891098,0.07239771613557106,0.09448195604891098,2.62,75.0,0.058346696822068916,0.057108604445672194,0.3500801809324135,0.17132581333701657,0.09831476313834296,0.0,2,POR,0.8059190253019808,0.07239771613557106,0.09448195604891098,0.07239771613557106,0.09448195604891098,3.05,75.0,0.0900300618455326,0.08811966178368506,0.5401803710731956,0.2643589853510552,0.24360363341521588,0.0,2,COD,1.2435483693566165,0.07239771613557106,0.09448195604891098,0.07239771613557106,0.09448195604891098
1291,Jaloliddin Masharipov,MID,6.1,Uzbekistan,UZB,2.66,75.0,0.061465908667986784,0.06016162792760136,0.3687954520079207,0.18048488378280408,0.11021587978150485,0.0,2,COL,0.8490034209488941,0.07239771613557106,0.09448195604891098,0.07239771613557106,0.09448195604891098,2.62,75.0,0.058346696822068916,0.057108604445672194,0.3500801809324135,0.17132581333701657,0.09831476313834296,0.0,2,POR,0.8059190253019808,0.07239771613557106,0.09448195604891098,0.07239771613557106,0.09448195604891098,3.05,75.0,0.0900300618455326,0.08811966178368506,0.5401803710731956,0.2643589853510552,0.24360363341521588,0.0,2,COD,1.2435483693566165,0.07239771613557106,0.09448195604891098,0.07239771613557106,0.09448195604891098
1292,Abbosbek Fayzullaev,MID,6.2,Uzbekistan,UZB,2.72,75.0,0.06397732807394382,0.07455159247758956,0.38386396844366294,0.22365477743276868,0.11021587978150485,0.0,2,COL,0.8490034209488941,0.07535579538942158,0.11708094555420676,0.07535579538942158,0.11708094555420676,2.68,75.0,0.060730669171098144,0.07076832114186045,0.36438401502658885,0.21230496342558136,0.09831476313834296,0.0,2,POR,0.8059190253019808,0.07535579538942158,0.11708094555420677,0.07535579538942158,0.11708094555420677,3.13,75.0,0.09370857647808607,0.10919686419499847,0.5622514588685165,0.3275905925849954,0.24360363341521588,0.0,2,COD,1.2435483693566165,0.0753557953894216,0.11708094555420677,0.0753557953894216,0.11708094555420677
1293,Abdukodir Khusanov,DEF,4.3,Uzbekistan,UZB,1.39,80.0,0.015536682359768454,0.015398687518711825,0.10875677651837917,0.046196062556135474,0.5510793989075242,-1.315530172775506,2,COL,0.8490034209488941,0.01829990548495527,0.024183157395685374,0.01829990548495527,0.024183157395685374,1.22,80.0,0.014748241991553522,0.01461724997779136,0.10323769394087465,0.04385174993337408,0.4915738156917148,-1.417895841723651,2,POR,0.8059190253019808,0.01829990548495527,0.024183157395685377,0.01829990548495527,0.024183157395685377,2.79,80.0,0.022756817625196327,0.02255469445897421,0.1592977233763743,0.06766408337692263,1.2180181670760795,-0.6558164611752437,2,COD,1.2435483693566165,0.01829990548495527,0.024183157395685374,0.01829990548495527,0.024183157395685374
1294,Rustam Ashurmatov,DEF,3.7,Uzbekistan,UZB,1.48,80.0,0.022195260513954936,0.030797375037423653,0.15536682359768456,0.09239212511227096,0.5510793989075242,-1.315530172775506,2,COL,0.8490034209488941,0.02614272212136467,0.048366314791370754,0.02614272212136467,0.048366314791370754,1.31,80.0,0.021068917130790746,0.029234499955582725,0.14748241991553523,0.08770349986674818,0.4915738156917148,-1.417895841723651,2,POR,0.8059190253019808,0.02614272212136467,0.04836631479137076,0.02614272212136467,0.04836631479137076,2.93,80.0,0.03250973946456618,0.04510938891794843,0.22756817625196327,0.1353281667538453,1.2180181670760795,-0.6558164611752437,2,COD,1.2435483693566165,0.02614272212136467,0.04836631479137076,0.02614272212136467,0.04836631479137076
1295,Sherzod Nasrullaev,DEF,3.7,Uzbekistan,UZB,1.48,80.0,0.022195260513954936,0.030797375037423653,0.15536682359768456,0.09239212511227096,0.5510793989075242,-1.315530172775506,2,COL,0.8490034209488941,0.02614272212136467,0.048366314791370754,0.02614272212136467,0.048366314791370754,1.31,80.0,0.021068917130790746,0.029234499955582725,0.14748241991553523,0.08770349986674818,0.4915738156917148,-1.417895841723651,2,POR,0.8059190253019808,0.02614272212136467,0.04836631479137076,0.02614272212136467,0.04836631479137076,2.93,80.0,0.03250973946456618,0.04510938891794843,0.22756817625196327,0.1353281667538453,1.2180181670760795,-0.6558164611752437,2,COD,1.2435483693566165,0.02614272212136467,0.04836631479137076,0.02614272212136467,0.04836631479137076
1296,Farrukh Sayfiev,DEF,3.6,Uzbekistan,UZB,1.48,80.0,0.022195260513954936,0.030797375037423653,0.15536682359768456,0.09239212511227096,0.5510793989075242,-1.315530172775506,2,COL,0.8490034209488941,0.02614272212136467,0.048366314791370754,0.02614272212136467,0.048366314791370754,1.31,80.0,0.021068917130790746,0.029234499955582725,0.14748241991553523,0.08770349986674818,0.4915738156917148,-1.417895841723651,2,POR,0.8059190253019808,0.02614272212136467,0.04836631479137076,0.02614272212136467,0.04836631479137076,2.93,80.0,0.03250973946456618,0.04510938891794843,0.22756817625196327,0.1353281667538453,1.2180181670760795,-0.6558164611752437,2,COD,1.2435483693566165,0.02614272212136467,0.04836631479137076,0.02614272212136467,0.04836631479137076
1297,Khojiakbar Alijonov,DEF,3.6,Uzbekistan,UZB,-0.24,25.0,0.006936018910610918,0.009624179699194893,0.04855213237427643,0.02887253909758468,0.0,-1.315530172775506,1,COL,0.8490034209488941,0.00816960066292646,0.015114473372303363,0.00816960066292646,0.015114473372303363,-0.34,25.0,0.006584036603372108,0.009135781236119602,0.046088256223604754,0.027407343708358806,0.0,-1.417895841723651,1,POR,0.8059190253019808,0.00816960066292646,0.015114473372303363,0.00816960066292646,0.015114473372303363,0.46,25.0,0.010159293582676933,0.014096684036858886,0.07111505507873853,0.042290052110576654,0.0,-0.6558164611752437,1,COD,1.2435483693566165,0.00816960066292646,0.015114473372303363,0.00816960066292646,0.015114473372303363
1300,Umar Eshmurodov,DEF,3.5,Uzbekistan,UZB,-0.24,25.0,0.006936018910610918,0.009624179699194893,0.04855213237427643,0.02887253909758468,0.0,-1.315530172775506,1,COL,0.8490034209488941,0.00816960066292646,0.015114473372303363,0.00816960066292646,0.015114473372303363,-0.34,25.0,0.006584036603372108,0.009135781236119602,0.046088256223604754,0.027407343708358806,0.0,-1.417895841723651,1,POR,0.8059190253019808,0.00816960066292646,0.015114473372303363,0.00816960066292646,0.015114473372303363,0.46,25.0,0.010159293582676933,0.014096684036858886,0.07111505507873853,0.042290052110576654,0.0,-0.6558164611752437,1,COD,1.2435483693566165,0.00816960066292646,0.015114473372303363,0.00816960066292646,0.015114473372303363
1302,Avazbek O'lmasaliev,DEF,3.5,Uzbekistan,UZB,-0.3,5.0,0.0013872037821221835,0.0019248359398389783,0.009710426474855285,0.005774507819516935,0.0,-1.315530172775506,1,COL,0.8490034209488941,0.0016339201325852918,0.003022894674460672,0.0016339201325852918,0.003022894674460672,-0.4,5.0,0.0013168073206744216,0.0018271562472239203,0.009217651244720952,0.005481468741671761,0.0,-1.417895841723651,1,POR,0.8059190253019808,0.0016339201325852918,0.0030228946744606726,0.0016339201325852918,0.0030228946744606726,0.37,5.0,0.0020318587165353862,0.002819336807371777,0.014223011015747704,0.00845801042211533,0.0,-0.6558164611752437,1,COD,1.2435483693566165,0.0016339201325852918,0.0030228946744606726,0.0016339201325852918,0.0030228946744606726
1303,Bekhruz Karimov,DEF,3.5,Uzbekistan,UZB,-0.3,5.0,0.0013872037821221835,0.0019248359398389783,0.009710426474855285,0.005774507819516935,0.0,-1.315530172775506,1,COL,0.8490034209488941,0.0016339201325852918,0.003022894674460672,0.0016339201325852918,0.003022894674460672,-0.4,5.0,0.0013168073206744216,0.0018271562472239203,0.009217651244720952,0.005481468741671761,0.0,-1.417895841723651,1,POR,0.8059190253019808,0.0016339201325852918,0.0030228946744606726,0.0016339201325852918,0.0030228946744606726,0.37,5.0,0.0020318587165353862,0.002819336807371777,0.014223011015747704,0.00845801042211533,0.0,-0.6558164611752437,1,COD,1.2435483693566165,0.0016339201325852918,0.0030228946744606726,0.0016339201325852918,0.0030228946744606726
1305,Jakhongir Urozov,DEF,3.5,Uzbekistan,UZB,-0.3,5.0,0.0013872037821221835,0.0019248359398389783,0.009710426474855285,0.005774507819516935,0.0,-1.315530172775506,1,COL,0.8490034209488941,0.0016339201325852918,0.003022894674460672,0.0016339201325852918,0.003022894674460672,-0.4,5.0,0.0013168073206744216,0.0018271562472239203,0.009217651244720952,0.005481468741671761,0.0,-1.417895841723651,1,POR,0.8059190253019808,0.0016339201325852918,0.0030228946744606726,0.0016339201325852918,0.0030228946744606726,0.37,5.0,0.0020318587165353862,0.002819336807371777,0.014223011015747704,0.00845801042211533,0.0,-0.6558164611752437,1,COD,1.2435483693566165,0.0016339201325852918,0.0030228946744606726,0.0016339201325852918,0.0030228946744606726
1306,Eldor Shomurodov,FWD,6.5,Uzbekistan,UZB,3.03,70.0,0.17501805880562046,0.05008869108878261,0.8750902940281023,0.15026607326634783,0.0,0.0,2,COL,0.8490034209488941,0.20614529280695995,0.07866272361666994,0.20614529280695995,0.07866272361666994,2.97,70.0,0.1661364134495766,0.04754683915855931,0.8306820672478831,0.14264051747567794,0.0,0.0,2,POR,0.8059190253019808,0.20614529280695998,0.07866272361666994,0.20614529280695998,0.07866272361666994,3.5,70.0,0.2563516427206373,0.0733656762619951,1.2817582136031866,0.2200970287859853,0.0,0.0,2,COD,1.2435483693566165,0.20614529280695998,0.07866272361666996,0.20614529280695998,0.07866272361666996
1307,Igor Sergeev,FWD,6.1,Uzbekistan,UZB,2.88,70.0,0.13824010329492026,0.06242485189618248,0.6912005164746013,0.18727455568854745,0.0,0.0,2,COL,0.8490034209488941,0.16282632070011605,0.09803627854473258,0.16282632070011605,0.09803627854473258,2.83,70.0,0.13122482967214527,0.059256976536753284,0.6561241483607263,0.17777092961025986,0.0,0.0,2,POR,0.8059190253019808,0.16282632070011605,0.09803627854473258,0.16282632070011605,0.09803627854473258,3.29,70.0,0.20248240559496683,0.09143464074156996,1.012412027974834,0.2743039222247099,0.0,0.0,2,COD,1.2435483693566165,0.16282632070011607,0.0980362785447326,0.16282632070011607,0.0980362785447326
1308,Sherzod Temirov,FWD,5.1,Uzbekistan,UZB,1.44,35.0,0.06912005164746013,0.03121242594809124,0.3456002582373007,0.09363727784427373,0.0,0.0,1,COL,0.8490034209488941,0.08141316035005802,0.04901813927236629,0.08141316035005802,0.04901813927236629,1.42,35.0,0.06561241483607264,0.029628488268376642,0.32806207418036315,0.08888546480512993,0.0,0.0,1,POR,0.8059190253019808,0.08141316035005802,0.04901813927236629,0.08141316035005802,0.04901813927236629,1.64,35.0,0.10124120279748341,0.04571732037078498,0.506206013987417,0.13715196111235495,0.0,0.0,1,COD,1.2435483693566165,0.08141316035005804,0.0490181392723663,0.08141316035005804,0.0490181392723663
1310,Azizbek Amanov,FWD,4.9,Uzbekistan,UZB,1.13,10.0,0.019748586184988606,0.008917835985168926,0.09874293092494303,0.02675350795550678,0.0,0.0,1,COL,0.8490034209488941,0.02326090295715943,0.014005182649247513,0.02326090295715943,0.014005182649247513,1.12,10.0,0.01874640423887789,0.008465282362393326,0.09373202119438945,0.025395847087179978,0.0,0.0,1,POR,0.8059190253019808,0.02326090295715943,0.014005182649247513,0.02326090295715943,0.014005182649247513,1.18,10.0,0.028926057942138112,0.013062091534509991,0.14463028971069056,0.039186274603529976,0.0,0.0,1,COD,1.2435483693566165,0.023260902957159435,0.014005182649247511,0.023260902957159435,0.014005182649247511
1311,Abduvokhid Ne'matov,GK,4.0,Uzbekistan,UZB,1.24,90.0,0.0,0.0,0.0,0.0,0.5510793989075242,-1.315530172775506,2,COL,0.8490034209488941,0.0,0.0,0.0,0.0,1.07,90.0,0.0,0.0,0.0,0.0,0.4915738156917148,-1.417895841723651,2,POR,0.8059190253019808,0.0,0.0,0.0,0.0,2.56,90.0,0.0,0.0,0.0,0.0,1.2180181670760795,-0.6558164611752437,2,COD,1.2435483693566165,0.0,0.0,0.0,0.0
1312,Utkir Yusupov,GK,3.9,Uzbekistan,UZB,-0.32,5.0,0.0,0.0,0.0,0.0,0.0,-1.315530172775506,1,COL,0.8490034209488941,0.0,0.0,0.0,0.0,-0.42,5.0,0.0,0.0,0.0,0.0,0.0,-1.417895841723651,1,POR,0.8059190253019808,0.0,0.0,0.0,0.0,0.34,5.0,0.0,0.0,0.0,0.0,0.0,-0.6558164611752437,1,COD,1.2435483693566165,0.0,0.0,0.0,0.0
1314,Botirali Ergashev,GK,3.5,Uzbekistan,UZB,-0.32,5.0,0.0,0.0,0.0,0.0,0.0,-1.315530172775506,1,COL,0.8490034209488941,0.0,0.0,0.0,0.0,-0.42,5.0,0.0,0.0,0.0,0.0,0.0,-1.417895841723651,1,POR,0.8059190253019808,0.0,0.0,0.0,0.0,0.34,5.0,0.0,0.0,0.0,0.0,0.0,-0.6558164611752437,1,COD,1.2435483693566165,0.0,0.0,0.0,0.0
1315,Facundo Cambeses,GK,4.0,Argentina,ARG,0.76,5.0,0.0,0.0,0.0,0.0,0.0,-0.2429525084968433,1,ALG,2.367243594874555,0.0,0.0,0.0,0.0,0.72,5.0,0.0,0.0,0.0,0.0,0.0,-0.27621130974043095,1,AUT,2.2082007217174686,0.0,0.0,0.0,0.0,0.86,5.0,0.0,0.0,0.0,0.0,0.0,-0.14003279716107198,1,JOR,3.0300493592791513,0.0,0.0,0.0,0.0
1316,Walter Benítez,GK,4.5,Argentina,ARG,0.76,5.0,0.0,0.0,0.0,0.0,0.0,-0.2429525084968433,1,ALG,2.367243594874555,0.0,0.0,0.0,0.0,0.72,5.0,0.0,0.0,0.0,0.0,0.0,-0.27621130974043095,1,AUT,2.2082007217174686,0.0,0.0,0.0,0.0,0.86,5.0,0.0,0.0,0.0,0.0,0.0,-0.14003279716107198,1,JOR,3.0300493592791513,0.0,0.0,0.0,0.0
1317,Santiago Beltrán,GK,4.0,Argentina,ARG,0.76,5.0,0.0,0.0,0.0,0.0,0.0,-0.2429525084968433,1,ALG,2.367243594874555,0.0,0.0,0.0,0.0,0.72,5.0,0.0,0.0,0.0,0.0,0.0,-0.27621130974043095,1,AUT,2.2082007217174686,0.0,0.0,0.0,0.0,0.86,5.0,0.0,0.0,0.0,0.0,0.0,-0.14003279716107198,1,JOR,3.0300493592791513,0.0,0.0,0.0,0.0
1318,Lisandro Martínez,DEF,4.6,Argentina,ARG,4.36,85.0,0.03443531248891507,0.02917272633482055,0.2410471874224055,0.08751817900446165,2.2729369005038564,-0.2429525084968433,2,ALG,2.367243594874555,0.014546585980197726,0.0164313332732826,0.015617050198214522,0.018231843409345846,4.17,85.0,0.03212178165999783,0.02721276149463218,0.2248524716199848,0.08163828448389654,2.1415752362010347,-0.27621130974043095,2,AUT,2.2082007217174686,0.014546585980197726,0.016431333273282608,0.01561705019821452,0.018231843409345846,5.08,85.0,0.04407687352899721,0.03734081314260912,0.3085381147029805,0.11202243942782736,2.7986370147777317,-0.14003279716107198,2,JOR,3.0300493592791513,0.014546585980197728,0.016431333273282604,0.015617050198214522,0.018231843409345846
1319,Germán Pezzella,DEF,4.2,Argentina,ARG,0.77,5.0,0.0017787426984928927,0.001506905853690084,0.01245119888945025,0.0045207175610702515,0.0,-0.2429525084968433,1,ALG,2.367243594874555,0.0007513982516814675,0.0008487541414286026,0.0008066926652985418,0.0009417587935314662,0.74,5.0,0.0016592381616602604,0.0014056646307474983,0.011614667131621823,0.004216993892242495,0.0,-0.27621130974043095,1,AUT,2.2082007217174686,0.0007513982516814674,0.0008487541414286028,0.0008066926652985416,0.0009417587935314661,0.88,5.0,0.002276773791070905,0.001928825206815948,0.015937416537496335,0.005786475620447843,0.0,-0.14003279716107198,1,JOR,3.0300493592791513,0.0007513982516814676,0.0008487541414286026,0.0008066926652985418,0.0009417587935314663
1320,Facundo Medina,DEF,4.0,Argentina,ARG,0.78,5.0,0.0018845415207080832,0.0031864643884399846,0.013191790644956583,0.009559393165319953,0.0,-0.2429525084968433,1,ALG,2.367243594874555,0.000796091084495235,0.0017947536931921823,0.0008546743851676,0.0019914189401678403,0.75,5.0,0.0017579289073352202,0.0029723823004590526,0.012305502351346542,0.008917146901377158,0.0,-0.27621130974043095,1,AUT,2.2082007217174686,0.000796091084495235,0.0017947536931921828,0.0008546743851675999,0.0019914189401678403,0.89,5.0,0.0024121952805026318,0.0040786442085906476,0.016885366963518424,0.012235932625771943,0.0,-0.14003279716107198,1,JOR,3.0300493592791513,0.0007960910844952351,0.0017947536931921825,0.0008546743851676,0.00199141894016784
1321,Zaid Romero,DEF,3.5,Argentina,ARG,0.78,5.0,0.002866663814308327,0.0016170761701308706,0.02006664670015829,0.004851228510392612,0.0,-0.2429525084968433,1,ALG,2.367243594874555,0.001210971198956919,0.0009108067986086367,0.0013000849840950216,0.0010106110473336429,0.75,5.0,0.002674067475515737,0.0015084331725245767,0.01871847232861016,0.00452529951757373,0.0,-0.27621130974043095,1,AUT,2.2082007217174686,0.001210971198956919,0.0009108067986086368,0.0013000849840950216,0.0010106110473336429,0.89,5.0,0.003669302505504918,0.002069842167413396,0.025685117538534426,0.006209526502240189,0.0,-0.14003279716107198,1,JOR,3.0300493592791513,0.001210971198956919,0.0009108067986086367,0.0013000849840950216,0.0010106110473336429
1322,Lautaro Di Lollo,DEF,3.5,Argentina,ARG,0.79,5.0,0.003691493905813847,0.001506905853690084,0.025840457340696926,0.0045207175610702515,0.0,-0.2429525084968433,1,ALG,2.367243594874555,0.0015594060171105738,0.0008487541414286026,0.0016741606643487202,0.0009417587935314662,0.75,5.0,0.003443481492434133,0.0014056646307474983,0.02410437044703893,0.004216993892242495,0.0,-0.27621130974043095,1,AUT,2.2082007217174686,0.0015594060171105742,0.0008487541414286028,0.0016741606643487202,0.0009417587935314661,0.9,5.0,0.004725077203001948,0.001928825206815948,0.033075540421013634,0.005786475620447843,0.0,-0.14003279716107198,1,JOR,3.0300493592791513,0.001559406017110574,0.0008487541414286026,0.0016741606643487202,0.0009417587935314663
1323,Gonzalo Montiel,DEF,4.3,Argentina,ARG,0.8,5.0,0.003946527400123308,0.005151388453794142,0.027625691800863154,0.015454165361382426,0.0,-0.2429525084968433,1,ALG,2.367243594874555,0.0016671403858344548,0.0029014833763891397,0.0017898230642220772,0.0032194216801117066,0.76,5.0,0.003681380603203982,0.004805293264345302,0.025769664222427876,0.014415879793035907,0.0,-0.27621130974043095,1,AUT,2.2082007217174686,0.0016671403858344548,0.0029014833763891397,0.0017898230642220774,0.0032194216801117066,0.92,5.0,0.005051517657926087,0.006593728384190267,0.03536062360548261,0.019781185152570803,0.0,-0.14003279716107198,1,JOR,3.0300493592791513,0.0016671403858344548,0.00290148337638914,0.0017898230642220774,0.0032194216801117066
1324,Kevin Mac Allister,DEF,3.8,Argentina,ARG,0.79,5.0,0.0028937237385642917,0.0034320854511553592,0.020256066169950043,0.010296256353466078,0.0,-0.2429525084968433,1,ALG,2.367243594874555,0.001222402183209893,0.0019330980321508946,0.0013123571595138252,0.0021449227540406876,0.75,5.0,0.0026993093831930953,0.0032015013523096682,0.018895165682351667,0.009604504056929005,0.0,-0.27621130974043095,1,AUT,2.2082007217174686,0.001222402183209893,0.0019330980321508949,0.0013123571595138252,0.0021449227540406876,0.9,5.0,0.0037039389520165723,0.004393036840306955,0.025927572664116005,0.013179110520920866,0.0,-0.14003279716107198,1,JOR,3.0300493592791513,0.001222402183209893,0.0019330980321508946,0.0013123571595138252,0.002144922754040688
1325,Leonardo Balerdi,DEF,4.0,Argentina,ARG,0.78,5.0,0.0018845415207080832,0.0025050664826693813,0.013191790644956583,0.007515199448008144,0.0,-0.2429525084968433,1,ALG,2.367243594874555,0.000796091084495235,0.0014109611071674154,0.0008546743851676,0.001565571188576739,0.74,5.0,0.0017579289073352202,0.0023367640013717745,0.012305502351346542,0.007010292004115324,0.0,-0.27621130974043095,1,AUT,2.2082007217174686,0.000796091084495235,0.0014109611071674156,0.0008546743851675999,0.001565571188576739,0.89,5.0,0.0024121952805026318,0.0032064613490553227,0.016885366963518424,0.009619384047165967,0.0,-0.14003279716107198,1,JOR,3.0300493592791513,0.0007960910844952351,0.0014109611071674156,0.0008546743851676,0.0015655711885767388
1326,Giovani Lo Celso,MID,6.2,Argentina,ARG,1.13,10.0,0.013559606536478912,0.016282312307843185,0.08135763921887347,0.04884693692352955,0.0,0.0,1,ALG,2.367243594874555,0.005728014880191264,0.009170898081970037,0.006149531996156446,0.010175825355902156,1.12,10.0,0.01264860659244675,0.01518838782255269,0.07589163955468049,0.04556516346765807,0.0,0.0,1,AUT,2.2082007217174686,0.0057280148801912645,0.009170898081970039,0.006149531996156446,0.010175825355902156,1.17,10.0,0.017356167817664987,0.020841205392965786,0.10413700690598993,0.06252361617889736,0.0,0.0,1,JOR,3.0300493592791513,0.0057280148801912645,0.009170898081970039,0.006149531996156445,0.010175825355902156
1327,Emiliano Buendía,MID,6.5,Argentina,ARG,1.27,15.0,0.03726733825423535,0.016689927866726063,0.2236040295254121,0.05006978360017819,0.0,0.0,1,ALG,2.367243594874555,0.015742924950742223,0.009400484683459031,0.016901426187364635,0.010430569563058939,1.26,15.0,0.03476353823817292,0.015568617796881182,0.20858122942903753,0.04670585339064355,0.0,0.0,1,AUT,2.2082007217174686,0.015742924950742223,0.009400484683459031,0.01690142618736464,0.010430569563058939,1.35,15.0,0.047701839660176236,0.021362949444021385,0.2862110379610574,0.06408884833206416,0.0,0.0,1,JOR,3.0300493592791513,0.015742924950742223,0.00940048468345903,0.01690142618736464,0.010430569563058937
1328,Aníbal Moreno,MID,5.0,Argentina,ARG,1.03,5.0,0.003091757007450972,0.0034852887396156417,0.018550542044705833,0.010455866218846924,0.0,0.0,1,ALG,2.367243594874555,0.0013060578193748625,0.0019630644108119817,0.0014021689044229312,0.0021781727839808905,1.03,5.0,0.0028840378193483148,0.0032511301865496716,0.01730422691608989,0.009753390559649015,0.0,0.0,1,AUT,2.2082007217174686,0.0013060578193748625,0.0019630644108119817,0.0014021689044229312,0.0021781727839808914,1.04,5.0,0.003957419658778328,0.004461136545153413,0.02374451795266997,0.013383409635460239,0.0,0.0,1,JOR,3.0300493592791513,0.0013060578193748627,0.0019630644108119817,0.0014021689044229314,0.002178172783980891
1329,Equi Fernández,MID,5.0,Argentina,ARG,1.03,5.0,0.0032182548874188817,0.004914707078471461,0.01930952932451329,0.014744121235414383,0.0,0.0,1,ALG,2.367243594874555,0.0013594946013950134,0.0027681742535848046,0.001459538029272967,0.0030715048305424847,1.03,5.0,0.0030020369599714713,0.004584513288454261,0.018012221759828827,0.013753539865362782,0.0,0.0,1,AUT,2.2082007217174686,0.0013594946013950136,0.0027681742535848046,0.001459538029272967,0.0030715048305424847,1.04,5.0,0.004119335745900426,0.00629077846758576,0.024716014475402552,0.018872335402757283,0.0,0.0,1,JOR,3.0300493592791513,0.0013594946013950134,0.0027681742535848046,0.0014595380292729673,0.003071504830542485
1330,Guido Rodríguez,MID,5.6,Argentina,ARG,1.07,5.0,0.010884989254707727,0.0020216982209121156,0.06530993552824636,0.006065094662736347,0.0,0.0,1,ALG,2.367243594874555,0.004598170326989328,0.0011387073276781495,0.004936543661467206,0.001263484425884034,1.07,5.0,0.010153683034637683,0.0018858707571028953,0.0609220982078261,0.005657612271308686,0.0,0.0,1,AUT,2.2082007217174686,0.004598170326989328,0.00113870732767815,0.004936543661467206,0.0012634844258840338,1.09,5.0,0.013932683053150423,0.002587754556478239,0.08359609831890254,0.007763263669434717,0.0,0.0,1,JOR,3.0300493592791513,0.004598170326989329,0.0011387073276781497,0.004936543661467206,0.0012634844258840338
1331,Alan Varela,MID,5.0,Argentina,ARG,1.04,5.0,0.005086473513493296,0.0019003029466772082,0.030518841080959775,0.005700908840031624,0.0,0.0,1,ALG,2.367243594874555,0.0021486903690462146,0.0010703322918360436,0.0023068096802572706,0.0011876170007732144,1.03,5.0,0.004744739623675226,0.0017726314044823983,0.028468437742051354,0.005317894213447195,0.0,0.0,1,AUT,2.2082007217174686,0.002148690369046215,0.0010703322918360438,0.002306809680257271,0.0011876170007732144,1.05,5.0,0.006510637876017767,0.002432369756320193,0.039063827256106604,0.007297109268960579,0.0,0.0,1,JOR,3.0300493592791513,0.002148690369046215,0.0010703322918360438,0.002306809680257271,0.0011876170007732146
1332,Tomás Aranda,MID,4.3,Argentina,ARG,1.07,5.0,0.008547908212537434,0.007151426732171803,0.051287449275224606,0.021454280196515407,0.0,0.0,1,ALG,2.367243594874555,0.00361091196150872,0.004027990893518936,0.0038766342453810886,0.004469369466464307,1.07,5.0,0.007973618399461797,0.00667095929860493,0.04784171039677078,0.02001287789581479,0.0,0.0,1,AUT,2.2082007217174686,0.0036109119615087204,0.004027990893518936,0.0038766342453810886,0.004469369466464307,1.09,5.0,0.010941241475382923,0.009153758419566982,0.06564744885229754,0.027461275258700943,0.0,0.0,1,JOR,3.0300493592791513,0.003610911961508721,0.0040279908935189354,0.0038766342453810886,0.004469369466464307
1333,Nicolás Domínguez,MID,5.0,Argentina,ARG,1.05,5.0,0.005742591104300172,0.004879733035057259,0.03445554662580103,0.014639199105171776,0.0,0.0,1,ALG,2.367243594874555,0.0024258555886406286,0.0027484753692002114,0.002604371125499302,0.0030496473848035752,1.05,5.0,0.005356776061618591,0.004551888970417944,0.03214065636971154,0.013655666911253833,0.0,0.0,1,AUT,2.2082007217174686,0.0024258555886406286,0.0027484753692002114,0.0026043711254993026,0.0030496473848035757,1.06,5.0,0.007350462172064286,0.006246012023579722,0.04410277303238572,0.018738036070739164,0.0,0.0,1,JOR,3.0300493592791513,0.002425855588640629,0.002748475369200211,0.0026043711254993026,0.003049647384803575
1334,Claudio Echeverri,MID,5.5,Argentina,ARG,1.07,5.0,0.008547908212537434,0.007151426732171803,0.051287449275224606,0.021454280196515407,0.0,0.0,1,ALG,2.367243594874555,0.00361091196150872,0.004027990893518936,0.0038766342453810886,0.004469369466464307,1.07,5.0,0.007973618399461797,0.00667095929860493,0.04784171039677078,0.02001287789581479,0.0,0.0,1,AUT,2.2082007217174686,0.0036109119615087204,0.004027990893518936,0.0038766342453810886,0.004469369466464307,1.09,5.0,0.010941241475382923,0.009153758419566982,0.06564744885229754,0.027461275258700943,0.0,0.0,1,JOR,3.0300493592791513,0.003610911961508721,0.0040279908935189354,0.0038766342453810886,0.004469369466464307
1335,Matías Soulé,MID,6.2,Argentina,ARG,1.26,15.0,0.029982674720702433,0.026173324273706416,0.1798960483242146,0.07851997282111925,0.0,0.0,1,ALG,2.367243594874555,0.012665648260964573,0.014741941122508147,0.013597696734730573,0.016357331302651504,1.24,15.0,0.027968293630881567,0.024414873769679196,0.1678097617852894,0.07324462130903758,0.0,0.0,1,AUT,2.2082007217174686,0.012665648260964571,0.014741941122508151,0.013597696734730573,0.016357331302651504,1.33,15.0,0.0383775393979908,0.033501606939590096,0.23026523638794483,0.1005048208187703,0.0,0.0,1,JOR,3.0300493592791513,0.012665648260964573,0.01474194112250815,0.013597696734730571,0.016357331302651504
1336,Nicolás Capaldo,MID,5.0,Argentina,ARG,1.04,5.0,0.004311707043937759,0.006201526359388733,0.025870242263626556,0.0186045790781662,0.0,0.0,1,ALG,2.367243594874555,0.0018214040385506863,0.003492966178225729,0.001955438777181041,0.0038757178943659913,1.04,5.0,0.004022025712466738,0.005784877826769572,0.02413215427480043,0.017354633480308718,0.0,0.0,1,AUT,2.2082007217174686,0.0018214040385506865,0.003492966178225729,0.001955438777181041,0.0038757178943659917,1.06,5.0,0.005518944139998965,0.007937894947737462,0.03311366483999379,0.023813684843212387,0.0,0.0,1,JOR,3.0300493592791513,0.001821404038550686,0.003492966178225729,0.0019554387771810408,0.003875717894365991
1337,Milton Delgado,MID,4.2,Argentina,ARG,1.03,5.0,0.003002464386297153,0.003984898303440867,0.018014786317782916,0.0119546949103226,0.0,0.0,1,ALG,2.367243594874555,0.0012683377379488735,0.002244465989653554,0.0013616730515876119,0.002490409742190752,1.03,5.0,0.002800744308320204,0.003717173563667468,0.016804465849921225,0.011151520691002404,0.0,0.0,1,AUT,2.2082007217174686,0.0012683377379488735,0.002244465989653554,0.0013616730515876117,0.0024904097421907523,1.04,5.0,0.0038431259502215522,0.005100632050405199,0.023058755701329314,0.015301896151215598,0.0,0.0,1,JOR,3.0300493592791513,0.0012683377379488735,0.002244465989653554,0.0013616730515876117,0.002490409742190752
1338,Lautaro Martínez,FWD,8.8,Argentina,ARG,2.08,30.0,0.17750329613867338,0.06375869451099613,0.8875164806933669,0.19127608353298836,0.0,0.0,1,ALG,2.367243594874555,0.07498311391484813,0.035911637004907855,0.08050102310059037,0.03984675689777112,2.01,30.0,0.16557776626339085,0.059475077064219964,0.8278888313169542,0.1784252311926599,0.0,0.0,1,AUT,2.2082007217174686,0.07498311391484815,0.035911637004907855,0.08050102310059035,0.03984675689777111,2.38,30.0,0.22720253627444126,0.08161052452303988,1.1360126813722062,0.24483157356911964,0.0,0.0,1,JOR,3.0300493592791513,0.07498311391484815,0.03591163700490785,0.08050102310059036,0.03984675689777112
1339,Mateo Pellegrino,FWD,5.0,Argentina,ARG,1.08,5.0,0.013639285540386103,0.0025846255360480064,0.06819642770193052,0.007753876608144019,0.0,0.0,1,ALG,2.367243594874555,0.005761673859807772,0.0014557721853631041,0.0061856678960168845,0.0016152925682773242,1.07,5.0,0.012722932375528196,0.0024109778927812677,0.06361466187764098,0.007232933678343803,0.0,0.0,1,AUT,2.2082007217174686,0.005761673859807773,0.0014557721853631043,0.0061856678960168845,0.0016152925682773242,1.1,5.0,0.017458156187285977,0.0033082961831369133,0.08729078093642989,0.009924888549410739,0.0,0.0,1,JOR,3.0300493592791513,0.005761673859807773,0.0014557721853631043,0.0061856678960168845,0.0016152925682773242
1340,Santiago Castro,FWD,6.0,Argentina,ARG,1.16,10.0,0.027278571080772206,0.008824625412604202,0.13639285540386104,0.026473876237812603,0.0,0.0,1,ALG,2.367243594874555,0.011523347719615544,0.004970408301993574,0.012371335792033769,0.005515054946259738,1.15,10.0,0.025445864751056393,0.008231744399769533,0.12722932375528195,0.024695233199308598,0.0,0.0,1,AUT,2.2082007217174686,0.011523347719615546,0.004970408301993575,0.012371335792033769,0.005515054946259738,1.21,10.0,0.034916312374571955,0.011295436868108555,0.17458156187285978,0.03388631060432566,0.0,0.0,1,JOR,3.0300493592791513,0.011523347719615546,0.004970408301993574,0.012371335792033769,0.005515054946259738
1341,Dennis Hadzikadunic,DEF,3.7,Bosnia and Herzegovina,BIH,0.23,25.0,0.00929772110886644,0.012368543520479676,0.06508404776206508,0.03710563056143903,0.0,-0.8677420772919846,1,CAN,1.0759717885173734,0.008641231311164914,0.015326973752131313,0.008641231311164914,0.015326973752131313,-0.02,25.0,0.008157170520260243,0.010851295430619044,0.0571001936418217,0.03255388629185713,0.0,-1.1081102629897266,1,SUI,0.9439824287217911,0.008641231311164914,0.015326973752131313,0.008641231311164914,0.015326973752131313,0.8,25.0,0.01585244388571929,0.021088139750664734,0.11096710720003503,0.0632644192519942,0.0,-0.3694293087736891,1,QAT,1.8345121562985034,0.008641231311164914,0.015326973752131313,0.008641231311164914,0.015326973752131313
1342,Ermin Mahmic,MID,4.2,Bosnia and Herzegovina,BIH,1.13,10.0,0.01654743788409523,0.009634019819692632,0.09928462730457138,0.028902059459077895,0.0,0.0,1,CAN,1.0759717885173734,0.015379062964928325,0.011938379701655871,0.015379062964928325,0.011938379701655871,1.11,10.0,0.014517565209098391,0.008452215499329032,0.08710539125459035,0.025356646497987096,0.0,0.0,1,SUI,0.9439824287217911,0.015379062964928327,0.011938379701655873,0.015379062964928327,0.011938379701655873,1.22,10.0,0.028213077961641117,0.016425827016896252,0.1692784677698467,0.04927748105068876,0.0,0.0,1,QAT,1.8345121562985034,0.015379062964928325,0.011938379701655875,0.015379062964928325,0.011938379701655875
1343,Weverton,GK,4.5,Brazil,BRA,0.62,5.0,0.0,0.0,0.0,0.0,0.0,-0.3820233601956359,1,MAR,1.7915681496511793,0.0,0.0,0.0,0.0,0.84,5.0,0.0,0.0,0.0,0.0,0.0,-0.16305616047882532,1,HAI,2.8206343005232317,0.0,0.0,0.0,0.0,0.68,5.0,0.0,0.0,0.0,0.0,0.0,-0.321776234528862,1,SCO,2.013000031990266,0.0,0.0,0.0,0.0
1345,Alex Sandro,DEF,4.5,Brazil,BRA,3.69,75.0,0.02477488428321784,0.0322340999767774,0.17342418998252487,0.09670229993033219,1.7989539082775936,-0.3820233601956359,2,MAR,1.7915681496511793,0.013828602773520807,0.02398948651627043,0.013828602773520807,0.02398948651627043,4.92,75.0,0.039005431311303476,0.05074917638979896,0.27303801917912435,0.15224752916939688,2.6603162230020767,-0.16305616047882532,2,HAI,2.8206343005232317,0.013828602773520804,0.02398948651627043,0.013828602773520804,0.02398948651627043,3.96,75.0,0.027836977825478063,0.03621812784351182,0.19485884477834645,0.10865438353053546,1.9818530402377856,-0.321776234528862,2,SCO,2.013000031990266,0.013828602773520807,0.02398948651627043,0.013828602773520807,0.02398948651627043
1346,Wesley,DEF,4.5,Brazil,BRA,3.93,75.0,0.05872481571401676,0.033358996365858685,0.4110737099981173,0.10007698909757606,1.7989539082775936,-0.3820233601956359,2,MAR,1.7915681496511793,0.032778443692164635,0.024826664746080113,0.032778443692164635,0.024826664746080113,5.3,75.0,0.09245600259588892,0.05252020661278834,0.6471920181712224,0.15756061983836503,2.6603162230020767,-0.16305616047882532,2,HAI,2.8206343005232317,0.03277844369216463,0.024826664746080113,0.03277844369216463,0.024826664746080113,4.23,75.0,0.06598300820091854,0.03748205769605315,0.4618810574064298,0.11244617308815946,1.9818530402377856,-0.321776234528862,2,SCO,2.013000031990266,0.032778443692164635,0.024826664746080113,0.032778443692164635,0.024826664746080113
1361,Bruno Guimarães,MID,6.8,Brazil,BRA,3.93,75.0,0.17588333791645586,0.17236742087853224,1.0553000274987352,0.5171022626355968,0.3597907816555187,0.0,2,MAR,1.7915681496511793,0.09817284257408829,0.12828048315258891,0.09817284257408829,0.12828048315258891,5.01,75.0,0.27690968714434083,0.27137424815091366,1.661458122866045,0.814122744452741,0.5320632446004153,0.0,2,HAI,2.8206343005232317,0.09817284257408827,0.12828048315258891,0.09817284257408827,0.12828048315258891,4.16,75.0,0.19762193524221505,0.19367146251741618,1.1857316114532903,0.5810143875522485,0.39637060804755714,0.0,2,SCO,2.013000031990266,0.09817284257408829,0.12828048315258891,0.09817284257408829,0.12828048315258891
1366,Raphinha,MID,8.2,Brazil,BRA,5.22,80.0,0.38211556741333613,0.18752835971937118,2.292693404480017,0.5625850791581135,0.3597907816555187,0.0,2,MAR,1.7915681496511793,0.2132855328376621,0.13956366270959006,0.2132855328376621,0.13956366270959006,7.03,80.0,0.6016004897272839,0.29524354060899366,3.609602938363703,0.8857306218269809,0.5320632446004153,0.0,2,HAI,2.8206343005232317,0.2132855328376621,0.1395636627095901,0.2132855328376621,0.1395636627095901,5.6,80.0,0.4293437844252747,0.21070624312431263,2.576062706551648,0.6321187293729379,0.39637060804755714,0.0,2,SCO,2.013000031990266,0.2132855328376621,0.1395636627095901,0.2132855328376621,0.1395636627095901
1369,Neymar,MID,7.2,Brazil,BRA,1.4,20.0,0.05567253732847452,0.02101879868724724,0.3340352239708471,0.06305639606174172,0.0,0.0,1,MAR,1.7915681496511793,0.0310747527741627,0.015642756833886655,0.0310747527741627,0.015642756833886655,1.63,20.0,0.08765051355508276,0.03309187236030366,0.5259030813304966,0.09927561708091098,0.0,0.0,1,HAI,2.8206343005232317,0.0310747527741627,0.01564275683388665,0.0310747527741627,0.01564275683388665,1.45,20.0,0.06255347832847911,0.023616652505272336,0.37532086997087466,0.070849957515817,0.0,0.0,1,SCO,2.013000031990266,0.031074752774162696,0.015642756833886655,0.031074752774162696,0.015642756833886655
1374,Yerry Mina,DEF,4.2,Colombia,COL,0.78,6.0,0.006696027933522294,0.0027371015466304653,0.04687219553465606,0.008211304639891396,0.0,-0.27684451798325777,1,UZB,2.205314292994001,0.0030363145764731635,0.0016548519820664617,0.0030363145764731635,0.0016548519820664617,0.74,6.0,0.006191139315042295,0.0025307207739936953,0.043337975205296066,0.007592162321981085,0.0,-0.31535175566830637,1,COD,2.039030923546013,0.0030363145764731635,0.0016548519820664617,0.0030363145764731635,0.0016548519820664617,0.4,6.0,0.0038508729584998663,0.0015741019056715565,0.026956110709499062,0.004722305717014669,0.0,-0.6330919889557289,1,POR,1.268272065199797,0.003036314576473164,0.0016548519820664617,0.003036314576473164,0.0016548519820664617
1379,Willer Ditta,DEF,3.7,Colombia,COL,0.76,5.0,0.0032080898544500766,0.0038247738717716324,0.022456628981150535,0.011474321615314897,0.0,-0.27684451798325777,1,UZB,2.205314292994001,0.0014547086846721867,0.002312458823622825,0.0014547086846721867,0.002312458823622825,0.72,5.0,0.0029661959927975343,0.0035363812880953313,0.02076337194958274,0.010609143864285995,0.0,-0.31535175566830637,1,COD,2.039030923546013,0.0014547086846721867,0.002312458823622825,0.0014547086846721867,0.002312458823622825,0.39,5.0,0.0018449663877732742,0.00219962019594421,0.01291476471441292,0.00659886058783263,0.0,-0.6330919889557289,1,POR,1.268272065199797,0.0014547086846721864,0.002312458823622825,0.0014547086846721864,0.002312458823622825
1385,Juan Portilla,MID,4.7,Colombia,COL,1.13,5.0,0.015991425576853412,0.01015760501782456,0.09594855346112047,0.030472815053473677,0.0,0.0,1,UZB,2.205314292994001,0.007251313623484919,0.006141289429867335,0.007251313623484919,0.006141289429867335,1.12,5.0,0.01478565271461624,0.009391709293459317,0.08871391628769744,0.028175127880377952,0.0,0.0,1,COD,2.039030923546013,0.007251313623484919,0.006141289429867334,0.007251313623484919,0.006141289429867334,1.07,5.0,0.00919663850466864,0.005841619371155646,0.05517983102801184,0.017524858113466938,0.0,0.0,1,POR,1.268272065199797,0.007251313623484918,0.006141289429867336,0.007251313623484918,0.006141289429867336
1396,Cucho Hernández,FWD,6.3,Colombia,COL,1.19,5.0,0.03320370999182322,0.007356433605813495,0.16601854995911608,0.022069300817440483,0.0,0.0,1,UZB,2.205314292994001,0.015056225816568241,0.004447700798133512,0.015056225816568241,0.004447700798133512,1.17,5.0,0.030700110031874464,0.006801749599555884,0.1535005501593723,0.020405248798667654,0.0,0.0,1,COD,2.039030923546013,0.015056225816568241,0.004447700798133511,0.015056225816568241,0.004447700798133511,1.11,5.0,0.019095390610493507,0.00423067100747968,0.09547695305246753,0.01269201302243904,0.0,0.0,1,POR,1.268272065199797,0.015056225816568245,0.004447700798133511,0.015056225816568245,0.004447700798133511
1400,Jindrich Stanek,GK,4.0,Czechia,CZE,-0.57,0.0,0.0,0.0,0.0,0.0,0.0,-0.570351875523958,0,KOR,1.3496531630411706,0.0,0.0,0.0,0.0,-0.46,0.0,0.0,0.0,0.0,0.0,0.0,-0.4570951261374371,0,RSA,1.5718848522345508,0.0,0.0,0.0,0.0,-0.76,0.0,0.0,0.0,0.0,0.0,0.0,-0.7607764175794066,0,MEX,1.1501434736895781,0.0,0.0,0.0,0.0
1405,David Zima,DEF,3.9,Czechia,CZE,2.94,60.0,0.01110605325881027,0.022686663858224106,0.07774237281167189,0.06805999157467232,1.366750711197727,-0.570351875523958,2,KOR,1.3496531630411706,0.008228820235404053,0.022412339682988672,0.008228820235404053,0.022412339682988672,3.32,60.0,0.012934757879792782,0.02642221293811891,0.09054330515854947,0.07926663881435672,1.6055178589375734,-0.4570951261374371,2,RSA,1.5718848522345508,0.008228820235404053,0.022412339682988672,0.008228820235404053,0.022412339682988672,2.43,60.0,0.00946432388991471,0.019333054662377527,0.06625026722940297,0.057999163987132576,1.063224666179113,-0.7607764175794066,2,MEX,1.1501434736895781,0.008228820235404053,0.022412339682988672,0.008228820235404053,0.022412339682988672
1411,Alexandr Sojka,MID,4.5,Czechia,CZE,2.45,60.0,0.023177685412173174,0.011707500478662822,0.13906611247303904,0.03512250143598847,0.2733501422395454,0.0,2,KOR,1.3496531630411706,0.017173067901346553,0.011565934912524575,0.017173067901346553,0.011565934912524575,2.52,60.0,0.02699408530052204,0.013635238418196093,0.16196451180313223,0.040905715254588276,0.3211035717875147,0.0,2,RSA,1.5718848522345508,0.017173067901346557,0.011565934912524575,0.017173067901346557,0.011565934912524575,2.36,60.0,0.01975149196996172,0.009976863417568935,0.11850895181977034,0.029930590252706807,0.2126449332358226,0.0,2,MEX,1.1501434736895781,0.017173067901346557,0.011565934912524573,0.017173067901346557,0.011565934912524573
1413,David Doudera,MID,5.1,Czechia,CZE,2.57,60.0,0.020833287295748053,0.056470424683230554,0.12499972377448831,0.16941127404969167,0.2733501422395454,0.0,2,KOR,1.3496531630411706,0.01543603043081413,0.0557875916861345,0.01543603043081413,0.0557875916861345,2.66,60.0,0.024263662412828298,0.06576875273556074,0.1455819744769698,0.1973062582066822,0.3211035717875147,0.0,2,RSA,1.5718848522345508,0.01543603043081413,0.055787591686134494,0.01543603043081413,0.055787591686134494,2.46,60.0,0.017753649659674596,0.04812280086799992,0.10652189795804758,0.14436840260399977,0.2126449332358226,0.0,2,MEX,1.1501434736895781,0.015436030430814127,0.0557875916861345,0.015436030430814127,0.0557875916861345
1417,Hugo Sochurek,MID,4.3,Czechia,CZE,2.66,60.0,0.04106957713020858,0.04645592806516032,0.24641746278125148,0.13936778419548096,0.2733501422395454,0.0,2,KOR,1.3496531630411706,0.030429726877138265,0.04589418905272056,0.030429726877138265,0.04589418905272056,2.77,60.0,0.04783202673580823,0.054105285433170155,0.2869921604148494,0.16231585629951045,0.3211035717875147,0.0,2,RSA,1.5718848522345508,0.03042972687713827,0.045894189052720566,0.03042972687713827,0.045894189052720566,2.54,60.0,0.03499855177389693,0.039588676514446676,0.20999131064338156,0.11876602954334003,0.2126449332358226,0.0,2,MEX,1.1501434736895781,0.03042972687713827,0.04589418905272056,0.03042972687713827,0.04589418905272056
1423,Christophe Kabongo,FWD,4.5,Czechia,CZE,2.65,60.0,0.09896535751850699,0.05164666764699988,0.49482678759253496,0.15494000294099963,0.0,0.0,2,KOR,1.3496531630411706,0.07332651100932373,0.05102216288973537,0.07332651100932373,0.05102216288973537,2.76,60.0,0.115260831922766,0.06015072373096415,0.57630415961383,0.18045217119289245,0.0,0.0,2,RSA,1.5718848522345508,0.07332651100932373,0.051022162889735365,0.07332651100932373,0.051022162889735365,2.55,60.0,0.08433600808580069,0.04401210574586679,0.4216800404290034,0.13203631723760037,0.0,0.0,2,MEX,1.1501434736895781,0.07332651100932373,0.051022162889735365,0.07332651100932373,0.051022162889735365
1425,Jan Kuchta,FWD,5.5,Czechia,CZE,2.81,60.0,0.11665469453532538,0.07688725997132288,0.5832734726766269,0.23066177991396863,0.0,0.0,2,KOR,1.3496531630411706,0.08643309090793935,0.07595754926949577,0.08643309090793935,0.07595754926949577,2.95,60.0,0.13586286633000175,0.08954739083218498,0.6793143316500088,0.2686421724965549,0.0,0.0,2,RSA,1.5718848522345508,0.08643309090793935,0.07595754926949576,0.08643309090793935,0.07595754926949576,2.69,60.0,0.09941045541858444,0.06552155967732386,0.4970522770929222,0.19656467903197156,0.0,0.0,2,MEX,1.1501434736895781,0.08643309090793934,0.07595754926949577,0.08643309090793934,0.07595754926949577
1427,Adam Hlozek,FWD,6.5,Czechia,CZE,2.65,60.0,0.09896535751850699,0.05164666764699988,0.49482678759253496,0.15494000294099963,0.0,0.0,2,KOR,1.3496531630411706,0.07332651100932373,0.05102216288973537,0.07332651100932373,0.05102216288973537,2.76,60.0,0.115260831922766,0.06015072373096415,0.57630415961383,0.18045217119289245,0.0,0.0,2,RSA,1.5718848522345508,0.07332651100932373,0.051022162889735365,0.07332651100932373,0.051022162889735365,2.55,60.0,0.08433600808580069,0.04401210574586679,0.4216800404290034,0.13203631723760037,0.0,0.0,2,MEX,1.1501434736895781,0.07332651100932373,0.051022162889735365,0.07332651100932373,0.051022162889735365
1428,Robin Risser,GK,3.5,France,FRA,0.59,5.0,0.0,0.0,0.0,0.0,0.0,-0.40834829074023954,1,SEN,1.7074668637763741,0.0,0.0,0.0,0.0,0.84,5.0,0.0,0.0,0.0,0.0,0.0,-0.15700204152509356,1,IRQ,2.8601733197952566,0.0,0.0,0.0,0.0,0.55,5.0,0.0,0.0,0.0,0.0,0.0,-0.4494441786087491,1,NOR,1.5914476646840918,0.0,0.0,0.0,0.0
1429,William Saliba,DEF,5.3,France,FRA,3.63,85.0,0.03353992256135286,0.024123176562148546,0.23477945792947003,0.07236952968644564,1.727273943221491,-0.40834829074023954,2,SEN,1.7074668637763741,0.019643088409442518,0.018837399482565062,0.019643088409442518,0.018837399482565062,5.05,85.0,0.05618263738706693,0.04040867056076817,0.3932784617094685,0.12122601168230451,2.6952202176656486,-0.15700204152509356,2,IRQ,2.8601733197952566,0.019643088409442518,0.018837399482565062,0.019643088409442518,0.018837399482565062,3.46,85.0,0.03126094717639044,0.02248405156143712,0.2188266302347331,0.06745215468431136,1.6237630930523694,-0.4494441786087491,2,NOR,1.5914476646840918,0.019643088409442514,0.018837399482565065,0.019643088409442514,0.018837399482565065
1430,Jules Koundé,DEF,5.4,France,FRA,3.71,80.0,0.03150152259934676,0.05791976860595706,0.2205106581954273,0.1737593058178712,1.727273943221491,-0.40834829074023954,2,SEN,1.7074668637763741,0.01844927317047629,0.04522861308738719,0.01844927317047629,0.04522861308738719,5.2,80.0,0.05276811889181073,0.09702125433291556,0.36937683224267515,0.2910637629987467,2.6952202176656486,-0.15700204152509356,2,IRQ,2.8601733197952566,0.01844927317047629,0.04522861308738719,0.01844927317047629,0.04522861308738719,3.54,80.0,0.029361052702273367,0.053984228006117026,0.20552736891591356,0.16195268401835108,1.6237630930523694,-0.4494441786087491,2,NOR,1.5914476646840918,0.01844927317047629,0.04522861308738719,0.01844927317047629,0.04522861308738719
1431,Bradley Barcola,MID,8.0,France,FRA,1.39,20.0,0.059583247761951376,0.011861000466529993,0.35749948657170827,0.03558300139958998,0.0,0.0,1,SEN,1.7074668637763741,0.03489569784690999,0.009262063952286395,0.03489569784690999,0.009262063952286395,1.66,20.0,0.09980774395736873,0.019868331151925215,0.5988464637442124,0.05960499345577565,0.0,0.0,1,IRQ,2.8601733197952566,0.03489569784690999,0.009262063952286395,0.03489569784690999,0.009262063952286395,1.37,20.0,0.05553467684598659,0.01105506753526567,0.33320806107591955,0.033165202605797015,0.0,0.0,1,NOR,1.5914476646840918,0.03489569784690999,0.009262063952286395,0.03489569784690999,0.009262063952286395
1432,Jean-Philippe Mateta,FWD,6.5,France,FRA,1.1,5.0,0.01851233430546306,0.00131486550326318,0.0925616715273153,0.00394459650978954,0.0,0.0,1,SEN,1.7074668637763741,0.010841987448306703,0.0010267572633728816,0.010841987448306703,0.0010267572633728816,1.16,5.0,0.031009963233201886,0.0022025277979538307,0.15504981616600944,0.006607583393861492,0.0,0.0,1,IRQ,2.8601733197952566,0.010841987448306703,0.0010267572633728818,0.010841987448306703,0.0010267572633728818,1.09,5.0,0.01725445560514194,0.0012255228367441511,0.08627227802570969,0.0036765685102324534,0.0,0.0,1,NOR,1.5914476646840918,0.010841987448306703,0.0010267572633728816,0.010841987448306703,0.0010267572633728816
1433,Paul Reverson,GK,3.5,Ghana,GHA,0.29,5.0,0.0,0.0,0.0,0.0,0.0,-0.712068468206274,1,PAN,1.1900052460221209,0.0,0.0,0.0,0.0,-0.81,5.0,0.0,0.0,0.0,0.0,0.0,-1.8065935768425265,1,ENG,0.6571553045301322,0.0,0.0,0.0,0.0,-0.15,5.0,0.0,0.0,0.0,0.0,0.0,-1.1542244383491058,1,CRO,0.9217778919031954,0.0,0.0,0.0,0.0
1434,Solomon Agbasi,GK,3.5,Ghana,GHA,0.29,5.0,0.0,0.0,0.0,0.0,0.0,-0.712068468206274,1,PAN,1.1900052460221209,0.0,0.0,0.0,0.0,-0.81,5.0,0.0,0.0,0.0,0.0,0.0,-1.8065935768425265,1,ENG,0.6571553045301322,0.0,0.0,0.0,0.0,-0.15,5.0,0.0,0.0,0.0,0.0,0.0,-1.1542244383491058,1,CRO,0.9217778919031954,0.0,0.0,0.0,0.0
1445,Augustine Boakye,MID,4.9,Ghana,GHA,3.19,75.0,0.10877752905605059,0.10289910781272416,0.6526651743363036,0.30869732343817247,0.22633664066462536,0.0,2,PAN,1.1900052460221209,0.09140928531169562,0.11529260973897856,0.09140928531169562,0.11529260973897856,2.6,75.0,0.060070096725889074,0.056823862547319096,0.3604205803553344,0.1704715876419573,0.06443084975647863,0.0,2,ENG,0.6571553045301322,0.09140928531169562,0.11529260973897855,0.09140928531169562,0.11529260973897855,2.88,75.0,0.0842590583149925,0.07970563406791009,0.5055543498899551,0.23911690220373027,0.13241574946597792,0.0,2,CRO,0.9217778919031954,0.0914092853116956,0.11529260973897855,0.0914092853116956,0.11529260973897855
1454,Ko Itakura,DEF,4.5,Japan,JPN,2.55,80.0,0.026749181288487172,0.018903988946605506,0.18724426901941021,0.05671196683981652,1.0635752798133886,-0.7605168302758355,2,NED,1.1503434777034498,0.023253212459542382,0.021911124011233588,0.023253212459542382,0.021911124011233588,3.92,80.0,0.04387712090713734,0.031008523202704287,0.3071398463499614,0.09302556960811287,1.8783594667062122,-0.3547110339839668,2,TUN,1.886927278692264,0.023253212459542375,0.021911124011233588,0.023253212459542375,0.021911124011233588,3.46,80.0,0.036261560874022596,0.025626509408129793,0.25383092611815816,0.07687952822438937,1.5937391864171155,-0.46210280480912486,2,SWE,1.55942156109024,0.02325321245954238,0.021911124011233588,0.02325321245954238,0.021911124011233588
1455,Takehiro Tomiyasu,DEF,4.9,Japan,JPN,2.64,80.0,0.029825836038283458,0.04431828020900628,0.2087808522679842,0.13295484062701884,1.0635752798133886,-0.7605168302758355,2,NED,1.1503434777034498,0.025927765590350347,0.051368170832458336,0.025927765590350347,0.051368170832458336,4.08,80.0,0.048923808167970706,0.07269600210021746,0.34246665717579494,0.21808800630065237,1.8783594667062122,-0.3547110339839668,2,TUN,1.886927278692264,0.02592776559035035,0.051368170832458336,0.02592776559035035,0.051368170832458336,3.59,80.0,0.04043231669248595,0.060078474862426734,0.2830262168474017,0.1802354245872802,1.5937391864171155,-0.46210280480912486,2,SWE,1.55942156109024,0.02592776559035035,0.05136817083245833,0.02592776559035035,0.05136817083245833
1456,Yuto Nagatomo,DEF,3.7,Japan,JPN,0.26,5.0,0.0011075154024008955,0.0028477660996385863,0.007752607816806268,0.008543298298915758,0.0,-0.7605168302758355,1,NED,1.1503434777034498,0.0009627693153108875,0.0033007719344531512,0.0009627693153108875,0.0033007719344531512,0.67,5.0,0.001816675684147987,0.004671237452896114,0.012716729789035909,0.01401371235868834,0.0,-0.3547110339839668,1,TUN,1.886927278692264,0.0009627693153108874,0.0033007719344531517,0.0009627693153108874,0.0033007719344531517,0.56,5.0,0.0015013632286518855,0.0038604711921208386,0.010509542600563198,0.011581413576362515,0.0,-0.46210280480912486,1,SWE,1.55942156109024,0.0009627693153108874,0.0033007719344531512,0.0009627693153108874,0.0033007719344531512
1457,Wataru Endo,MID,6.0,Japan,JPN,2.97,75.0,0.08259745871073862,0.0865742577438983,0.4955847522644317,0.2597227732316949,0.21271505596267773,0.0,2,NED,1.1503434777034498,0.07180243145780815,0.10034598004500417,0.07180243145780815,0.10034598004500417,3.61,75.0,0.13548596659416975,0.14200917529052093,0.8129157995650185,0.4260275258715628,0.37567189334124246,0.0,2,TUN,1.886927278692264,0.07180243145780815,0.10034598004500415,0.07180243145780815,0.10034598004500415,3.34,75.0,0.11197025975401015,0.11736126363818286,0.6718215585240609,0.35208379091454856,0.3187478372834231,0.0,2,SWE,1.55942156109024,0.07180243145780815,0.10034598004500417,0.07180243145780815,0.10034598004500417
1458,Takefusa Kubo,MID,7.0,Japan,JPN,2.94,75.0,0.0628679335129799,0.11805089437918834,0.3772076010778794,0.354152683137565,0.21271505596267773,0.0,2,NED,1.1503434777034498,0.0546514451826942,0.13682973438491675,0.0546514451826942,0.13682973438491675,3.58,75.0,0.10312330273518061,0.1936408187603372,0.6187398164110837,0.5809224562810116,0.37567189334124246,0.0,2,TUN,1.886927278692264,0.0546514451826942,0.13682973438491675,0.0546514451826942,0.13682973438491675,3.31,75.0,0.08522464196263467,0.16003142849856733,0.511347851775808,0.480094285495702,0.3187478372834231,0.0,2,SWE,1.55942156109024,0.0546514451826942,0.13682973438491675,0.0546514451826942,0.13682973438491675
1459,Antonio Rodríguez,GK,3.7,Mexico,MEX,0.65,5.0,0.0,0.0,0.0,0.0,0.0,-0.35495229245127374,1,RSA,1.886048690554659,0.0,0.0,0.0,0.0,0.55,5.0,0.0,0.0,0.0,0.0,0.0,-0.4518522153436076,1,KOR,1.5852223414916105,0.0,0.0,0.0,0.0,0.53,5.0,0.0,0.0,0.0,0.0,0.0,-0.46673481728185284,1,CZE,1.5481314843435845,0.0,0.0,0.0,0.0
1460,Carlos Moreno,GK,3.6,Mexico,MEX,0.65,5.0,0.0,0.0,0.0,0.0,0.0,-0.35495229245127374,1,RSA,1.886048690554659,0.0,0.0,0.0,0.0,0.55,5.0,0.0,0.0,0.0,0.0,0.0,-0.4518522153436076,1,KOR,1.5852223414916105,0.0,0.0,0.0,0.0,0.53,5.0,0.0,0.0,0.0,0.0,0.0,-0.46673481728185284,1,CZE,1.5481314843435845,0.0,0.0,0.0,0.0
1461,Álex Padilla,GK,3.5,Mexico,MEX,0.65,5.0,0.0,0.0,0.0,0.0,0.0,-0.35495229245127374,1,RSA,1.886048690554659,0.0,0.0,0.0,0.0,0.55,5.0,0.0,0.0,0.0,0.0,0.0,-0.4518522153436076,1,KOR,1.5852223414916105,0.0,0.0,0.0,0.0,0.53,5.0,0.0,0.0,0.0,0.0,0.0,-0.46673481728185284,1,CZE,1.5481314843435845,0.0,0.0,0.0,0.0
1462,Julián Araujo,DEF,4.0,Mexico,MEX,0.82,25.0,0.01511464827389001,0.021771230417726654,0.10580253791723007,0.06531369125317996,0.0,-0.35495229245127374,1,RSA,1.886048690554659,0.008013922625425442,0.015391069896026252,0.008013922625425442,0.015391069896026252,0.69,25.0,0.012703849188809515,0.018298700893979832,0.0889269443216666,0.05489610268193949,0.0,-0.4518522153436076,1,KOR,1.5852223414916105,0.008013922625425442,0.015391069896026253,0.008013922625425442,0.015391069896026253,0.67,25.0,0.012406605929514525,0.017870549912828233,0.08684624150660168,0.0536116497384847,0.0,-0.46673481728185284,1,CZE,1.5481314843435845,0.008013922625425442,0.01539106989602625,0.008013922625425442,0.01539106989602625
1463,Alejandro Gómez,DEF,3.5,Mexico,MEX,0.67,5.0,0.0028187775196529736,0.0018430921942319183,0.019731442637570814,0.005529276582695755,0.0,-0.35495229245127374,1,RSA,1.886048690554659,0.0014945412246085827,0.001302965438423114,0.0014945412246085827,0.001302965438423114,0.57,5.0,0.002369180139529756,0.0015491174423847987,0.016584260976708294,0.004647352327154396,0.0,-0.4518522153436076,1,KOR,1.5852223414916105,0.0014945412246085824,0.001302965438423114,0.0014945412246085824,0.001302965438423114,0.55,5.0,0.0023137463244659634,0.0015128713636757736,0.016196224271261744,0.004538614091027321,0.0,-0.46673481728185284,1,CZE,1.5481314843435845,0.0014945412246085827,0.001302965438423114,0.0014945412246085827,0.001302965438423114
1464,Ramón Juárez,DEF,3.6,Mexico,MEX,0.67,5.0,0.0033324712359581884,0.0018430921942319183,0.02332729865170732,0.005529276582695755,0.0,-0.35495229245127374,1,RSA,1.886048690554659,0.001766906258914322,0.001302965438423114,0.001766906258914322,0.001302965438423114,0.57,5.0,0.002800939276952343,0.0015491174423847987,0.019606574938666403,0.004647352327154396,0.0,-0.4518522153436076,1,KOR,1.5852223414916105,0.001766906258914322,0.001302965438423114,0.001766906258914322,0.001302965438423114,0.56,5.0,0.002735403209308999,0.0015128713636757736,0.019147822465162993,0.004538614091027321,0.0,-0.46673481728185284,1,CZE,1.5481314843435845,0.0017669062589143218,0.001302965438423114,0.0017669062589143218,0.001302965438423114
1465,Mateo Chávez,DEF,3.5,Mexico,MEX,0.68,5.0,0.003022929654778002,0.00435424608354533,0.021160507583446012,0.013062738250635992,0.0,-0.35495229245127374,1,RSA,1.886048690554659,0.0016027845250850884,0.0030782139792052497,0.0016027845250850884,0.0030782139792052497,0.58,5.0,0.0025407698377619024,0.0036597401787959657,0.017785388864333316,0.010979220536387897,0.0,-0.4518522153436076,1,KOR,1.5852223414916105,0.0016027845250850881,0.00307821397920525,0.0016027845250850881,0.00307821397920525,0.56,5.0,0.002481321185902905,0.0035741099825656463,0.017369248301320334,0.01072232994769694,0.0,-0.46673481728185284,1,CZE,1.5481314843435845,0.0016027845250850884,0.0030782139792052497,0.0016027845250850884,0.0030782139792052497
1467,Bryan González,DEF,3.5,Mexico,MEX,0.69,5.0,0.0037177415231870983,0.005776229959988083,0.02602419066230969,0.01732868987996425,0.0,-0.35495229245127374,1,RSA,1.886048690554659,0.001971180034643626,0.004083478854613154,0.001971180034643626,0.004083478854613154,0.58,5.0,0.003124758630019283,0.004854916433506008,0.02187331041013498,0.014564749300518024,0.0,-0.4518522153436076,1,KOR,1.5852223414916105,0.001971180034643626,0.0040834788546131534,0.001971180034643626,0.0040834788546131534,0.57,5.0,0.0030516458729412752,0.004741321635358426,0.02136152111058893,0.01422396490607528,0.0,-0.46673481728185284,1,CZE,1.5481314843435845,0.001971180034643626,0.0040834788546131534,0.001971180034643626,0.0040834788546131534
1468,Víctor Guzmán,DEF,3.6,Mexico,MEX,0.72,5.0,0.005644092959331649,0.012855877938349174,0.039508650715321544,0.03856763381504752,0.0,-0.35495229245127374,1,RSA,1.886048690554659,0.0029925489132901465,0.009088403003755222,0.0029925489132901465,0.009088403003755222,0.61,5.0,0.004743855395353981,0.010805354617524182,0.033206987767477866,0.03241606385257255,0.0,-0.4518522153436076,1,KOR,1.5852223414916105,0.002992548913290147,0.009088403003755224,0.002992548913290147,0.009088403003755224,0.6,5.0,0.004632859191102657,0.010552532124387198,0.032430014337718596,0.031657596373161595,0.0,-0.46673481728185284,1,CZE,1.5481314843435845,0.0029925489132901473,0.009088403003755222,0.0029925489132901473,0.009088403003755222
1470,Marcel Ruiz,MID,5.9,Mexico,MEX,1.14,10.0,0.013239337626813143,0.018558063790033684,0.07943602576087885,0.05567419137010105,0.0,0.0,1,RSA,1.886048690554659,0.007019616032775723,0.013119536721027801,0.007019616032775723,0.013119536721027801,1.11,10.0,0.011127652163848784,0.015598037040144645,0.0667659129830927,0.04679411112043393,0.0,0.0,1,KOR,1.5852223414916105,0.007019616032775724,0.013119536721027803,0.007019616032775724,0.013119536721027803,1.11,10.0,0.010867288588343106,0.0152330758933687,0.06520373153005864,0.045699227680106105,0.0,0.0,1,CZE,1.5481314843435845,0.007019616032775724,0.013119536721027801,0.007019616032775724,0.013119536721027801
1471,Jordán Carrillo,MID,5.1,Mexico,MEX,1.09,5.0,0.01021552482754307,0.009279031895016842,0.06129314896525842,0.027837095685050526,0.0,0.0,1,RSA,1.886048690554659,0.005416363256528036,0.0065597683605139005,0.005416363256528036,0.0065597683605139005,1.07,5.0,0.008586140043882497,0.0077990185200723225,0.051516840263294984,0.023397055560216967,0.0,0.0,1,KOR,1.5852223414916105,0.005416363256528036,0.006559768360513901,0.005416363256528036,0.006559768360513901,1.07,5.0,0.008385242488072799,0.00761653794668435,0.05031145492843679,0.022849613840053053,0.0,0.0,1,CZE,1.5481314843435845,0.005416363256528035,0.0065597683605139005,0.005416363256528035,0.0065597683605139005
1472,Diego Lainez,MID,5.9,Mexico,MEX,1.18,10.0,0.02043104965508614,0.019292249506308173,0.12258629793051684,0.05787674851892452,0.0,0.0,1,RSA,1.886048690554659,0.010832726513056072,0.013638565892049944,0.010832726513056072,0.013638565892049944,1.15,10.0,0.017172280087764995,0.016215119518487274,0.10303368052658997,0.04864535855546182,0.0,0.0,1,KOR,1.5852223414916105,0.010832726513056072,0.013638565892049946,0.010832726513056072,0.013638565892049946,1.15,10.0,0.016770484976145597,0.0158357199440828,0.10062290985687358,0.0475071598322484,0.0,0.0,1,CZE,1.5481314843435845,0.01083272651305607,0.013638565892049946,0.01083272651305607,0.013638565892049946
1473,César Huerta,MID,6.3,Mexico,MEX,3.59,75.0,0.1339436357260218,0.1360939534438367,0.8036618143561308,0.40828186033151015,0.37552676774891663,0.0,2,RSA,1.886048690554659,0.07101812185274547,0.09621098622772989,0.07101812185274547,0.09621098622772989,3.34,75.0,0.11257951341174569,0.11438685364885431,0.6754770804704742,0.34316056094656294,0.323597549788665,0.0,2,KOR,1.5852223414916105,0.07101812185274547,0.0962109862277299,0.07101812185274547,0.0962109862277299,3.31,75.0,0.1099453903991844,0.11171044268917174,0.6596723423951064,0.3351313280675152,0.3165913435922749,0.0,2,CZE,1.5481314843435845,0.07101812185274547,0.0962109862277299,0.07101812185274547,0.0962109862277299
1474,Edson Álvarez,MID,6.0,Mexico,MEX,1.57,35.0,0.06250703000547686,0.0635105116071238,0.37504218003286116,0.19053153482137142,0.0,0.0,1,RSA,1.886048690554659,0.0331417901979479,0.04489846023960729,0.0331417901979479,0.04489846023960729,1.48,35.0,0.05253710625881466,0.05338053170279868,0.31522263755288793,0.16014159510839604,0.0,0.0,1,KOR,1.5852223414916105,0.03314179019794789,0.04489846023960729,0.03314179019794789,0.04489846023960729,1.46,35.0,0.051307848852952725,0.052131539921613484,0.30784709311771635,0.15639461976484045,0.0,0.0,1,CZE,1.5481314843435845,0.03314179019794789,0.044898460239607293,0.03314179019794789,0.044898460239607293
1475,Jesús Angulo,MID,5.3,Mexico,MEX,1.1,5.0,0.01098606540200089,0.010380310469428573,0.06591639241200534,0.031140931408285718,0.0,0.0,1,RSA,1.886048690554659,0.005824910807986644,0.007338312117047115,0.005824910807986644,0.007338312117047115,1.08,5.0,0.009233778750016377,0.008724642237586263,0.05540267250009826,0.02617392671275879,0.0,0.0,1,KOR,1.5852223414916105,0.005824910807986645,0.007338312117047114,0.005824910807986645,0.007338312117047114,1.08,5.0,0.009017727815337351,0.008520504022755495,0.05410636689202411,0.025561512068266484,0.0,0.0,1,CZE,1.5481314843435845,0.005824910807986644,0.007338312117047114,0.005824910807986644,0.007338312117047114
1476,Gilberto Mora,MID,4.5,Mexico,MEX,1.08,5.0,0.0112429122601535,0.005241010455507183,0.067457473560921,0.015723031366521548,0.0,0.0,1,RSA,1.886048690554659,0.005961093325139515,0.003705107919892128,0.005961093325139515,0.003705107919892128,1.07,5.0,0.00944965831872767,0.004405064889187882,0.05669794991236603,0.013215194667563646,0.0,0.0,1,KOR,1.5852223414916105,0.005961093325139514,0.0037051079198921278,0.005961093325139514,0.0037051079198921278,1.07,5.0,0.00922855625775887,0.004301995667756829,0.055371337546553226,0.012905987003270489,0.0,0.0,1,CZE,1.5481314843435845,0.005961093325139515,0.003705107919892129,0.005961093325139515,0.003705107919892129
1477,Luis Chávez,MID,6.3,Mexico,MEX,3.59,75.0,0.1339436357260218,0.1360939534438367,0.8036618143561308,0.40828186033151015,0.37552676774891663,0.0,2,RSA,1.886048690554659,0.07101812185274547,0.09621098622772989,0.07101812185274547,0.09621098622772989,3.34,75.0,0.11257951341174569,0.11438685364885431,0.6754770804704742,0.34316056094656294,0.323597549788665,0.0,2,KOR,1.5852223414916105,0.07101812185274547,0.0962109862277299,0.07101812185274547,0.0962109862277299,3.31,75.0,0.1099453903991844,0.11171044268917174,0.6596723423951064,0.3351313280675152,0.3165913435922749,0.0,2,CZE,1.5481314843435845,0.07101812185274547,0.0962109862277299,0.07101812185274547,0.0962109862277299
1478,Luis Romo,MID,5.5,Mexico,MEX,1.04,5.0,0.004051200231880502,0.005241010455507183,0.024307201391283013,0.015723031366521548,0.0,0.0,1,RSA,1.886048690554659,0.0021479828448591667,0.003705107919892128,0.0021479828448591667,0.003705107919892128,1.03,5.0,0.003405030394811459,0.004405064889187882,0.020430182368868753,0.013215194667563646,0.0,0.0,1,KOR,1.5852223414916105,0.0021479828448591667,0.0037051079198921278,0.0021479828448591667,0.0037051079198921278,1.03,5.0,0.0033253598699563773,0.004301995667756829,0.019952159219738263,0.012905987003270489,0.0,0.0,1,CZE,1.5481314843435845,0.0021479828448591667,0.003705107919892129,0.0021479828448591667,0.003705107919892129
1479,Elías Montiel,MID,4.5,Mexico,MEX,1.07,5.0,0.006876515671559178,0.010380310469428573,0.04125909402935507,0.031140931408285718,0.0,0.0,1,RSA,1.886048690554659,0.0036459905335407307,0.007338312117047115,0.0036459905335407307,0.007338312117047115,1.06,5.0,0.005779705650635683,0.008724642237586263,0.034678233903814096,0.02617392671275879,0.0,0.0,1,KOR,1.5852223414916105,0.0036459905335407307,0.007338312117047114,0.0036459905335407307,0.007338312117047114,1.06,5.0,0.00564447273659307,0.008520504022755495,0.03386683641955842,0.025561512068266484,0.0,0.0,1,CZE,1.5481314843435845,0.003645990533540731,0.007338312117047114,0.003645990533540731,0.007338312117047114
1480,Kevin Castañeda,MID,4.9,Mexico,MEX,1.11,5.0,0.013297687125374352,0.009646124753154087,0.07978612275224611,0.02893837425946226,0.0,0.0,1,RSA,1.886048690554659,0.00705055346236247,0.006819282946024972,0.00705055346236247,0.006819282946024972,1.09,5.0,0.011176694868418014,0.008107559759243637,0.06706016921050809,0.02432267927773091,0.0,0.0,1,KOR,1.5852223414916105,0.007050553462362469,0.006819282946024973,0.007050553462362469,0.006819282946024973,1.09,5.0,0.010915183797131009,0.0079178599720414,0.06549110278278605,0.0237535799161242,0.0,0.0,1,CZE,1.5481314843435845,0.00705055346236247,0.006819282946024973,0.00705055346236247,0.006819282946024973
1481,Alexis Gutiérrez,MID,4.9,Mexico,MEX,1.06,5.0,0.005335434522643538,0.00854484617874236,0.032012607135861224,0.02563453853622708,0.0,0.0,1,RSA,1.886048690554659,0.002828895430623515,0.006040739189491761,0.002828895430623515,0.006040739189491761,1.05,5.0,0.004484428238367926,0.007181936041729698,0.026906569430207555,0.021545808125189095,0.0,0.0,1,KOR,1.5852223414916105,0.002828895430623515,0.0060407391894917615,0.002828895430623515,0.0060407391894917615,1.05,5.0,0.004379502082063965,0.007013893895970256,0.026277012492383792,0.021041681687910766,0.0,0.0,1,CZE,1.5481314843435845,0.002828895430623515,0.006040739189491761,0.002828895430623515,0.006040739189491761
1482,Jeremy Márquez,MID,4.7,Mexico,MEX,1.06,5.0,0.008674443678627429,0.002304267590409248,0.052046662071764574,0.006912802771227744,0.0,0.0,1,RSA,1.886048690554659,0.004599268153610819,0.0016289912358035657,0.004599268153610819,0.0016289912358035657,1.05,5.0,0.0072908626316147375,0.001936734975817381,0.04374517578968842,0.005810204927452143,0.0,0.0,1,KOR,1.5852223414916105,0.004599268153610819,0.001628991235803566,0.004599268153610819,0.001628991235803566,1.05,5.0,0.0071202718335436925,0.0018914194649004485,0.04272163100126215,0.005674258394701346,0.0,0.0,1,CZE,1.5481314843435845,0.004599268153610818,0.001628991235803566,0.004599268153610818,0.001628991235803566
1483,Alexéi Domínguez,FWD,4.5,Mexico,MEX,1.07,5.0,0.008095252967434576,0.00967898204393127,0.04047626483717288,0.029036946131793806,0.0,0.0,1,RSA,1.886048690554659,0.004292176022801342,0.006842511254634206,0.004292176022801342,0.006842511254634206,1.06,5.0,0.006804053324959291,0.008135176284565452,0.03402026662479646,0.024405528853696356,0.0,0.0,1,KOR,1.5852223414916105,0.0042921760228013415,0.006842511254634207,0.0042921760228013415,0.006842511254634207,1.06,5.0,0.006644852837243385,0.007944830328955902,0.03322426418621692,0.023834490986867705,0.0,0.0,1,CZE,1.5481314843435845,0.004292176022801342,0.006842511254634206,0.004292176022801342,0.006842511254634206
1484,Efraín Álvarez,MID,5.5,Mexico,MEX,1.08,5.0,0.0063628219552539665,0.013317053334526508,0.0381769317315238,0.039951160003579525,0.0,0.0,1,RSA,1.886048690554659,0.003373625499234993,0.009414428801135678,0.003373625499234993,0.009414428801135678,1.07,5.0,0.005347946513213099,0.011192972150956765,0.03208767907927859,0.0335789164528703,0.0,0.0,1,KOR,1.5852223414916105,0.003373625499234993,0.009414428801135676,0.003373625499234993,0.009414428801135676,1.06,5.0,0.0052228158517500355,0.010931080225611876,0.03133689511050021,0.03279324067683563,0.0,0.0,1,CZE,1.5481314843435845,0.0033736254992349926,0.009414428801135676,0.0033736254992349926,0.009414428801135676
1485,Santiago Giménez,FWD,6.8,Mexico,MEX,3.93,70.0,0.3012463728223755,0.1412136802202417,1.5062318641118775,0.42364104066072505,0.0,0.0,2,RSA,1.886048690554659,0.15972353965781413,0.09983035321582842,0.15972353965781413,0.09983035321582842,3.62,70.0,0.2531973235276882,0.11868997970754754,1.2659866176384411,0.3560699391226426,0.0,0.0,2,KOR,1.5852223414916105,0.15972353965781413,0.09983035321582841,0.15972353965781413,0.09983035321582841,3.58,70.0,0.24727304053506316,0.11591288467992358,1.2363652026753158,0.3477386540397708,0.0,0.0,2,CZE,1.5481314843435845,0.15972353965781413,0.09983035321582842,0.15972353965781413,0.09983035321582842
1486,Jorge Ruvalcaba,FWD,4.9,Mexico,MEX,1.11,5.0,0.014259577563097143,0.012196190214015216,0.07129788781548571,0.03658857064204565,0.0,0.0,1,RSA,1.886048690554659,0.007560556434470211,0.008622039840995832,0.007560556434470211,0.008622039840995832,1.09,5.0,0.01198516297403033,0.010250887638883025,0.059925814870151646,0.030752662916649076,0.0,0.0,1,KOR,1.5852223414916105,0.007560556434470211,0.008622039840995832,0.007560556434470211,0.008622039840995832,1.09,5.0,0.011704735455359806,0.0100110385028328,0.05852367727679903,0.0300331155084984,0.0,0.0,1,CZE,1.5481314843435845,0.007560556434470211,0.008622039840995832,0.007560556434470211,0.008622039840995832
1488,Michael Boxall,DEF,3.7,New Zealand,NZL,2.51,80.0,0.025127745847356043,0.031850221119703336,0.1758942209314923,0.09555066335911,1.0287468058383673,-0.7868459054933277,2,IRN,1.1306327228477353,0.02222449902570178,0.03756035062029325,0.02222449902570178,0.03756035062029325,2.21,80.0,0.023262918174370796,0.029486492431283335,0.16284042722059558,0.08845947729385001,0.8774136507525915,-0.9156973747694471,2,EGY,1.0467240745210105,0.022224499025701783,0.03756035062029325,0.022224499025701783,0.03756035062029325,1.27,80.0,0.01791114659261839,0.022702950871430524,0.12537802614832874,0.06810885261429157,0.4915738156917144,-1.4178958417236518,2,BEL,0.8059190253019803,0.022224499025701783,0.03756035062029325,0.022224499025701783,0.03756035062029325
1489,Liberato Cacace,DEF,4.1,New Zealand,NZL,2.64,80.0,0.03463015497046342,0.05233346475652576,0.24241108479324394,0.1570003942695773,1.0287468058383673,-0.7868459054933277,2,IRN,1.1306327228477353,0.030629004689728175,0.06171584423361693,0.030629004689728175,0.06171584423361693,2.33,80.0,0.032060116587355414,0.04844959495403664,0.2244208161114879,0.14534878486210992,0.8774136507525915,-0.9156973747694471,2,EGY,1.0467240745210105,0.030629004689728175,0.06171584423361693,0.030629004689728175,0.06171584423361693,1.36,80.0,0.024684497605515512,0.037303479772834054,0.1727914832386086,0.11191043931850217,0.4915738156917144,-1.4178958417236518,2,BEL,0.8059190253019803,0.030629004689728172,0.06171584423361694,0.030629004689728172,0.06171584423361694
1490,Nando Pijnaker,DEF,3.7,New Zealand,NZL,2.64,80.0,0.03463015497046342,0.05233346475652576,0.24241108479324394,0.1570003942695773,1.0287468058383673,-0.7868459054933277,2,IRN,1.1306327228477353,0.030629004689728175,0.06171584423361693,0.030629004689728175,0.06171584423361693,2.33,80.0,0.032060116587355414,0.04844959495403664,0.2244208161114879,0.14534878486210992,0.8774136507525915,-0.9156973747694471,2,EGY,1.0467240745210105,0.030629004689728175,0.06171584423361693,0.030629004689728175,0.06171584423361693,1.36,80.0,0.024684497605515512,0.037303479772834054,0.1727914832386086,0.11191043931850217,0.4915738156917144,-1.4178958417236518,2,BEL,0.8059190253019803,0.030629004689728172,0.06171584423361694,0.030629004689728172,0.06171584423361694
1491,Tommy Smith,DEF,3.6,New Zealand,NZL,0.24,5.0,0.002164384685653964,0.00327084154728286,0.015150692799577746,0.00981252464184858,0.0,-0.7868459054933277,1,IRN,1.1306327228477353,0.001914312793108011,0.003857240264601058,0.001914312793108011,0.003857240264601058,0.11,5.0,0.0020037572867097134,0.00302809968462729,0.014026301006967994,0.00908429905388187,0.0,-0.9156973747694471,1,EGY,1.0467240745210105,0.001914312793108011,0.003857240264601058,0.001914312793108011,0.003857240264601058,-0.4,5.0,0.0015427811003447195,0.0023314674858021284,0.010799467702413038,0.006994402457406386,0.0,-1.4178958417236518,1,BEL,0.8059190253019803,0.0019143127931080107,0.0038572402646010586,0.0019143127931080107,0.0038572402646010586
1492,Matthew Garbett,FWD,5.0,New Zealand,NZL,3.4,70.0,0.21568911963101453,0.10607750766649425,1.0784455981550727,0.31823252299948274,0.0,0.0,2,IRN,1.1306327228477353,0.19076850976659893,0.1250951560400809,0.19076850976659893,0.1250951560400809,3.29,70.0,0.1996819918331956,0.09820508357483632,0.998409959165978,0.29461525072450895,0.0,0.0,2,EGY,1.0467240745210105,0.19076850976659893,0.12509515604008092,0.19076850976659893,0.12509515604008092,3.0,70.0,0.1537439714494087,0.07561242466936585,0.7687198572470435,0.22683727400809756,0.0,0.0,2,BEL,0.8059190253019803,0.1907685097665989,0.1250951560400809,0.1907685097665989,0.1250951560400809
1493,Chris Wood,FWD,6.5,New Zealand,NZL,2.89,70.0,0.1647857223169731,0.021215501533298847,0.8239286115848655,0.06364650459989654,0.0,0.0,2,IRN,1.1306327228477353,0.14574646477763864,0.025019031208016178,0.14574646477763864,0.025019031208016178,2.82,70.0,0.15255633345908284,0.01964101671496726,0.7627816672954142,0.058923050144901776,0.0,0.0,2,EGY,1.0467240745210105,0.14574646477763864,0.025019031208016178,0.14574646477763864,0.025019031208016178,2.63,70.0,0.11745984883480393,0.01512248493387317,0.5872992441740197,0.04536745480161951,0.0,0.0,2,BEL,0.8059190253019803,0.1457464647776386,0.025019031208016178,0.1457464647776386,0.025019031208016178
1494,Sarpreet Singh,MID,5.3,New Zealand,NZL,3.09,75.0,0.0959021833167682,0.10223164899665832,0.5754130999006092,0.30669494698997496,0.20574936116767348,0.0,2,IRN,1.1306327228477353,0.08482169441834167,0.12055980918857127,0.08482169441834167,0.12055980918857127,2.99,75.0,0.08878490958934264,0.09464464102300267,0.5327094575360558,0.283933923069008,0.1754827301505183,0.0,2,EGY,1.0467240745210105,0.08482169441834167,0.12055980918857129,0.08482169441834167,0.12055980918857129,2.73,75.0,0.06835941729009234,0.07287108293388457,0.41015650374055407,0.21861324880165373,0.09831476313834288,0.0,2,BEL,0.8059190253019803,0.08482169441834167,0.12055980918857127,0.08482169441834167,0.12055980918857127
1495,Juan Espínola,GK,3.5,Paraguay,PAR,0.48,5.0,0.0,0.0,0.0,0.0,0.0,-0.5169470782901359,1,USA,1.4398319379250217,0.0,0.0,0.0,0.0,0.33,5.0,0.0,0.0,0.0,0.0,0.0,-0.6679830058644398,1,TUR,1.2311225106993957,0.0,0.0,0.0,0.0,0.54,5.0,0.0,0.0,0.0,0.0,0.0,-0.4616955158630877,1,AUS,1.5604252140298993,0.0,0.0,0.0,0.0
1496,Carlos Coronel,GK,4.1,Paraguay,PAR,2.96,90.0,0.0,0.0,0.0,0.0,1.472560942207795,-0.5169470782901359,2,USA,1.4398319379250217,0.0,0.0,0.0,0.0,2.53,90.0,0.0,0.0,0.0,0.0,1.198632630742462,-0.6679830058644398,2,TUR,1.2311225106993957,0.0,0.0,0.0,0.0,3.13,90.0,0.0,0.0,0.0,0.0,1.5946924271547323,-0.4616955158630877,2,AUS,1.5604252140298993,0.0,0.0,0.0,0.0
1497,Santiago Rojas,GK,3.5,Paraguay,PAR,0.48,5.0,0.0,0.0,0.0,0.0,0.0,-0.5169470782901359,1,USA,1.4398319379250217,0.0,0.0,0.0,0.0,0.33,5.0,0.0,0.0,0.0,0.0,0.0,-0.6679830058644398,1,TUR,1.2311225106993957,0.0,0.0,0.0,0.0,0.54,5.0,0.0,0.0,0.0,0.0,0.0,-0.4616955158630877,1,AUS,1.5604252140298993,0.0,0.0,0.0,0.0
1498,Blás Riveros,DEF,3.9,Paraguay,PAR,0.62,25.0,0.012396125988511324,0.017243797107589557,0.08677288191957927,0.051731391322768674,0.0,-0.5169470782901359,1,USA,1.4398319379250217,0.008609425629477073,0.015968342464968543,0.008609425629477073,0.015968342464968543,0.45,25.0,0.010599257696641539,0.014744239400384888,0.07419480387649077,0.04423271820115467,0.0,-0.6679830058644398,1,TUR,1.2311225106993957,0.008609425629477072,0.015968342464968543,0.008609425629477072,0.015968342464968543,0.69,25.0,0.013434364830551262,0.018688053156450952,0.09404055381385884,0.05606415946935286,0.0,-0.4616955158630877,1,AUS,1.5604252140298993,0.008609425629477073,0.015968342464968543,0.008609425629477073,0.015968342464968543
1499,Alcides Benítez,DEF,3.5,Paraguay,PAR,0.51,5.0,0.002479225197702265,0.003448759421517911,0.017354576383915854,0.010346278264553734,0.0,-0.5169470782901359,1,USA,1.4398319379250217,0.0017218851258954148,0.003193668492993708,0.0017218851258954148,0.003193668492993708,0.36,5.0,0.002119851539328308,0.002948847880076977,0.014838960775298156,0.008846543640230931,0.0,-0.6679830058644398,1,TUR,1.2311225106993957,0.0017218851258954148,0.003193668492993708,0.0017218851258954148,0.003193668492993708,0.57,5.0,0.002686872966110252,0.00373761063129019,0.018808110762771765,0.01121283189387057,0.0,-0.4616955158630877,1,AUS,1.5604252140298993,0.0017218851258954144,0.003193668492993708,0.0017218851258954144,0.003193668492993708
1500,Agustín Sández,DEF,3.7,Paraguay,PAR,0.51,5.0,0.002288712899160055,0.002160495347410544,0.016020990294120387,0.006481486042231632,0.0,-0.5169470782901359,1,USA,1.4398319379250217,0.0015895694760448065,0.0020006921553396375,0.0015895694760448065,0.0020006921553396375,0.35,5.0,0.001956954764279405,0.0018473228620637403,0.013698683349955835,0.005541968586191221,0.0,-0.6679830058644398,1,TUR,1.2311225106993957,0.0015895694760448063,0.002000692155339638,0.0015895694760448063,0.002000692155339638,0.56,5.0,0.002480404289872612,0.0023414478635278464,0.017362830029108284,0.007024343590583539,0.0,-0.4616955158630877,1,AUS,1.5604252140298993,0.0015895694760448063,0.002000692155339638,0.0015895694760448063,0.002000692155339638
1501,Alan Núñez,DEF,3.5,Paraguay,PAR,0.51,5.0,0.002088167755981663,0.003917567301801606,0.01461717429187164,0.011752701905404818,0.0,-0.5169470782901359,1,USA,1.4398319379250217,0.0014502857597331633,0.003627800531078936,0.0014502857597331633,0.003627800531078936,0.35,5.0,0.0017854794457542727,0.0033497001736038762,0.012498356120279908,0.010049100520811628,0.0,-0.6679830058644398,1,TUR,1.2311225106993957,0.0014502857597331635,0.0036278005310789365,0.0014502857597331635,0.0036278005310789365,0.57,5.0,0.0022630624670361365,0.004245683565124974,0.015841437269252957,0.01273705069537492,0.0,-0.4616955158630877,1,AUS,1.5604252140298993,0.0014502857597331633,0.003627800531078936,0.0014502857597331633,0.003627800531078936
1502,Saúl Salcedo,DEF,3.7,Paraguay,PAR,0.5,5.0,0.001523954640023949,0.0015142267971517702,0.010667682480167643,0.00454268039145531,0.0,-0.5169470782901359,1,USA,1.4398319379250217,0.0010584253619350594,0.0014022255026365192,0.0010584253619350594,0.0014022255026365192,0.35,5.0,0.001303051288973407,0.0012947335360294452,0.009121359022813849,0.0038842006080883357,0.0,-0.6679830058644398,1,TUR,1.2311225106993957,0.0010584253619350594,0.0014022255026365192,0.0010584253619350594,0.0014022255026365192,0.55,5.0,0.0016515936219321887,0.0016410510225523302,0.01156115535352532,0.004923153067656991,0.0,-0.4616955158630877,1,AUS,1.5604252140298993,0.0010584253619350594,0.001402225502636519,0.0010584253619350594,0.001402225502636519
1503,Diego León,DEF,3.5,Paraguay,PAR,0.51,5.0,0.002479225197702265,0.003448759421517911,0.017354576383915854,0.010346278264553734,0.0,-0.5169470782901359,1,USA,1.4398319379250217,0.0017218851258954148,0.003193668492993708,0.0017218851258954148,0.003193668492993708,0.36,5.0,0.002119851539328308,0.002948847880076977,0.014838960775298156,0.008846543640230931,0.0,-0.6679830058644398,1,TUR,1.2311225106993957,0.0017218851258954148,0.003193668492993708,0.0017218851258954148,0.003193668492993708,0.57,5.0,0.002686872966110252,0.00373761063129019,0.018808110762771765,0.01121283189387057,0.0,-0.4616955158630877,1,AUS,1.5604252140298993,0.0017218851258954144,0.003193668492993708,0.0017218851258954144,0.003193668492993708
1504,Tarek Salman,DEF,3.7,Qatar,QAT,-0.71,25.0,0.005330904076340447,0.0072815304483589555,0.03731632853438313,0.021844591345076866,0.0,-1.7671519307851367,1,SUI,0.6713992622929645,0.007939990964741798,0.01446040800122628,0.007939990964741798,0.01446040800122628,-0.41,25.0,0.006209505754304641,0.008481620485332072,0.043466540280132485,0.025444861455996216,0.0,-1.4766618431395013,1,CAN,0.7820545113814962,0.007939990964741798,0.01446040800122628,0.007939990964741798,0.01446040800122628,0.09,25.0,0.007959444808526103,0.01087187818339092,0.05571611365968272,0.03261563455017276,0.0,-0.9942035435045483,1,BIH,1.0024501090581452,0.007939990964741798,0.01446040800122628,0.007939990964741798,0.01446040800122628
1505,Rayyan Al Ali,DEF,3.5,Qatar,QAT,-0.76,5.0,0.0010661808152680893,0.0014563060896717907,0.007463265706876625,0.004368918269015372,0.0,-1.7671519307851367,1,SUI,0.6713992622929645,0.0015879981929483595,0.0028920816002452553,0.0015879981929483595,0.0028920816002452553,-0.46,5.0,0.0012419011508609282,0.001696324097066414,0.008693308056026498,0.0050889722911992424,0.0,-1.4766618431395013,1,CAN,0.7820545113814962,0.0015879981929483595,0.0028920816002452557,0.0015879981929483595,0.0028920816002452557,0.02,5.0,0.0015918889617052207,0.0021743756366781834,0.011143222731936546,0.00652312691003455,0.0,-0.9942035435045483,1,BIH,1.0024501090581452,0.0015879981929483597,0.002892081600245255,0.0015879981929483597,0.002892081600245255
1506,Homam El Amin,DEF,3.6,Qatar,QAT,-0.76,5.0,0.0010661808152680893,0.0014563060896717907,0.007463265706876625,0.004368918269015372,0.0,-1.7671519307851367,1,SUI,0.6713992622929645,0.0015879981929483595,0.0028920816002452553,0.0015879981929483595,0.0028920816002452553,-0.46,5.0,0.0012419011508609282,0.001696324097066414,0.008693308056026498,0.0050889722911992424,0.0,-1.4766618431395013,1,CAN,0.7820545113814962,0.0015879981929483595,0.0028920816002452557,0.0015879981929483595,0.0028920816002452557,0.02,5.0,0.0015918889617052207,0.0021743756366781834,0.011143222731936546,0.00652312691003455,0.0,-0.9942035435045483,1,BIH,1.0024501090581452,0.0015879981929483597,0.002892081600245255,0.0015879981929483597,0.002892081600245255
1507,Sultan Al Brake,DEF,3.7,Qatar,QAT,-0.71,25.0,0.005330904076340447,0.0072815304483589555,0.03731632853438313,0.021844591345076866,0.0,-1.7671519307851367,1,SUI,0.6713992622929645,0.007939990964741798,0.01446040800122628,0.007939990964741798,0.01446040800122628,-0.41,25.0,0.006209505754304641,0.008481620485332072,0.043466540280132485,0.025444861455996216,0.0,-1.4766618431395013,1,CAN,0.7820545113814962,0.007939990964741798,0.01446040800122628,0.007939990964741798,0.01446040800122628,0.09,25.0,0.007959444808526103,0.01087187818339092,0.05571611365968272,0.03261563455017276,0.0,-0.9942035435045483,1,BIH,1.0024501090581452,0.007939990964741798,0.01446040800122628,0.007939990964741798,0.01446040800122628
1508,Abdulaziz Hatem,MID,5.3,Qatar,QAT,2.49,75.0,0.047241633463954845,0.045517513104448605,0.28344980078372906,0.13655253931334582,0.06720937330460278,0.0,2,SUI,0.6713992622929645,0.07036295110396025,0.09039333356627385,0.07036295110396025,0.09039333356627385,2.58,75.0,0.05502766334496774,0.05301938573573767,0.33016598006980646,0.159058157207213,0.09213231505077256,0.0,2,CAN,0.7820545113814962,0.07036295110396025,0.09039333356627385,0.07036295110396025,0.09039333356627385,2.79,75.0,0.07053534800781788,0.0679611053187304,0.4232120880469073,0.2038833159561912,0.15969138720604492,0.0,2,BIH,1.0024501090581452,0.07036295110396024,0.09039333356627385,0.07036295110396024,0.09039333356627385
1509,Jassem Gaber,MID,5.0,Qatar,QAT,2.49,75.0,0.047241633463954845,0.045517513104448605,0.28344980078372906,0.13655253931334582,0.06720937330460278,0.0,2,SUI,0.6713992622929645,0.07036295110396025,0.09039333356627385,0.07036295110396025,0.09039333356627385,2.58,75.0,0.05502766334496774,0.05301938573573767,0.33016598006980646,0.159058157207213,0.09213231505077256,0.0,2,CAN,0.7820545113814962,0.07036295110396025,0.09039333356627385,0.07036295110396025,0.09039333356627385,2.79,75.0,0.07053534800781788,0.0679611053187304,0.4232120880469073,0.2038833159561912,0.15969138720604492,0.0,2,BIH,1.0024501090581452,0.07036295110396024,0.09039333356627385,0.07036295110396024,0.09039333356627385
1510,Ahmed Alaa,FWD,5.5,Qatar,QAT,2.67,70.0,0.1062489505386463,0.047229839219894876,0.5312447526932316,0.14168951765968463,0.0,0.0,2,SUI,0.6713992622929645,0.1582500257384624,0.09379384592231137,0.1582500257384624,0.09379384592231137,2.78,70.0,0.12376014655500239,0.055013925257523404,0.618800732775012,0.1650417757725702,0.0,0.0,2,CAN,0.7820545113814962,0.1582500257384624,0.09379384592231135,0.1582500257384624,0.09379384592231135,3.0,70.0,0.15863775555997592,0.07051773830535292,0.7931887777998796,0.21155321491605877,0.0,0.0,2,BIH,1.0024501090581452,0.1582500257384624,0.09379384592231135,0.1582500257384624,0.09379384592231135
1511,Mohammed Muntari,FWD,5.3,Qatar,QAT,1.1,10.0,0.0151784215055209,0.00674711988855641,0.0758921075276045,0.02024135966566923,0.0,0.0,1,SUI,0.6713992622929645,0.022607146534066057,0.013399120846044478,0.022607146534066057,0.013399120846044478,1.11,10.0,0.01768002093642891,0.0078591321796462,0.08840010468214456,0.023577396538938603,0.0,0.0,1,CAN,0.7820545113814962,0.022607146534066053,0.013399120846044478,0.022607146534066053,0.013399120846044478,1.14,10.0,0.022662536508567987,0.010073962615050416,0.11331268254283994,0.030221887845151247,0.0,0.0,1,BIH,1.0024501090581452,0.022607146534066053,0.013399120846044478,0.022607146534066053,0.013399120846044478
1512,Sebastián Soria,FWD,5.1,Qatar,QAT,1.1,10.0,0.0151784215055209,0.00674711988855641,0.0758921075276045,0.02024135966566923,0.0,0.0,1,SUI,0.6713992622929645,0.022607146534066057,0.013399120846044478,0.022607146534066057,0.013399120846044478,1.11,10.0,0.01768002093642891,0.0078591321796462,0.08840010468214456,0.023577396538938603,0.0,0.0,1,CAN,0.7820545113814962,0.022607146534066053,0.013399120846044478,0.022607146534066053,0.013399120846044478,1.14,10.0,0.022662536508567987,0.010073962615050416,0.11331268254283994,0.030221887845151247,0.0,0.0,1,BIH,1.0024501090581452,0.022607146534066053,0.013399120846044478,0.022607146534066053,0.013399120846044478
1513,Tahsin Jamshid,FWD,4.5,Qatar,QAT,1.05,5.0,0.00758921075276045,0.003373559944278205,0.03794605376380225,0.010120679832834614,0.0,0.0,1,SUI,0.6713992622929645,0.011303573267033028,0.006699560423022239,0.011303573267033028,0.006699560423022239,1.06,5.0,0.008840010468214456,0.0039295660898231,0.04420005234107228,0.011788698269469301,0.0,0.0,1,CAN,0.7820545113814962,0.011303573267033027,0.006699560423022239,0.011303573267033027,0.006699560423022239,1.07,5.0,0.011331268254283993,0.005036981307525208,0.05665634127141997,0.015110943922575623,0.0,0.0,1,BIH,1.0024501090581452,0.011303573267033027,0.006699560423022239,0.011303573267033027,0.006699560423022239
1514,Viktor Johansson,GK,3.9,Sweden,SWE,0.54,5.0,0.0,0.0,0.0,0.0,0.0,-0.461424115345404,1,TUN,1.5610949900931514,0.0,0.0,0.0,0.0,-0.02,5.0,0.0,0.0,0.0,0.0,0.0,-1.0236429744184066,1,NED,0.9867707179143925,0.0,0.0,0.0,0.0,0.23,5.0,0.0,0.0,0.0,0.0,0.0,-0.7696792183325899,1,JPN,1.1433549675257018,0.0,0.0,0.0,0.0
1515,Jacob Widell Zetterström,GK,3.7,Sweden,SWE,0.54,5.0,0.0,0.0,0.0,0.0,0.0,-0.461424115345404,1,TUN,1.5610949900931514,0.0,0.0,0.0,0.0,-0.02,5.0,0.0,0.0,0.0,0.0,0.0,-1.0236429744184066,1,NED,0.9867707179143925,0.0,0.0,0.0,0.0,0.23,5.0,0.0,0.0,0.0,0.0,0.0,-0.7696792183325899,1,JPN,1.1433549675257018,0.0,0.0,0.0,0.0
1516,Hjalmar Ekdal,DEF,3.7,Sweden,SWE,0.56,5.0,0.002054398055176398,0.002170334641454375,0.014380786386234787,0.0065110039243631256,0.0,-0.461424115345404,1,TUN,1.5610949900931514,0.0013159981091565803,0.0018536857400115628,0.0013159981091565803,0.0018536857400115628,-0.01,5.0,0.0012985883989464222,0.0013718721063441612,0.009090118792624955,0.0041156163190324835,0.0,-1.0236429744184066,1,NED,0.9867707179143925,0.0013159981091565806,0.0018536857400115628,0.0013159981091565806,0.0018536857400115628,0.25,5.0,0.001504652975358607,0.0015895655993053326,0.01053257082751025,0.004768696797915998,0.0,-0.7696792183325899,1,JPN,1.1433549675257018,0.0013159981091565806,0.0018536857400115628,0.0013159981091565806,0.0018536857400115628
1517,Emil Holm,DEF,4.1,Sweden,SWE,3.67,80.0,0.04695766983260338,0.06945070852654002,0.32870368882822365,0.20835212557962007,1.595328092215115,-0.461424115345404,2,TUN,1.5610949900931514,0.03007995678072184,0.05931794368037002,0.03007995678072184,0.05931794368037002,2.09,80.0,0.029682020547346793,0.043899907403013166,0.20777414383142756,0.1316997222090395,0.7710563766245802,-1.0236429744184066,2,NED,0.9867707179143925,0.030079956780721843,0.059317943680370015,0.030079956780721843,0.059317943680370015,2.67,80.0,0.03439206800819673,0.05086609917777065,0.24074447605737714,0.15259829753331194,1.0512882862117494,-0.7696792183325899,2,JPN,1.1433549675257018,0.03007995678072184,0.059317943680370015,0.03007995678072184,0.059317943680370015
1518,Isak Hien,DEF,4.1,Sweden,SWE,0.66,25.0,0.01305810072089344,0.010154993425738643,0.09140670504625407,0.03046498027721593,0.0,-0.461424115345404,1,TUN,1.5610949900931514,0.008364706058094681,0.008673393560445832,0.008364706058094681,0.008673393560445832,0.05,25.0,0.008254047002088958,0.006418988092796401,0.05777832901462271,0.019256964278389202,0.0,-1.0236429744184066,1,NED,0.9867707179143925,0.008364706058094681,0.008673393560445832,0.008364706058094681,0.008673393560445832,0.32,25.0,0.009563828223414885,0.007437575709480881,0.0669467975639042,0.022312727128442643,0.0,-0.7696792183325899,1,JPN,1.1433549675257018,0.008364706058094681,0.008673393560445832,0.008364706058094681,0.008673393560445832
1519,Ken Sema,MID,6.0,Sweden,SWE,3.51,75.0,0.13004108887920296,0.13566960432844485,0.7802465332752178,0.40700881298533453,0.319065618443023,0.0,2,TUN,1.5610949900931514,0.08330120185155634,0.11587559176041287,0.08330120185155634,0.11587559176041287,2.9,75.0,0.08219918675419198,0.08575698065263325,0.4931951205251519,0.25727094195789973,0.15421127532491602,0.0,2,NED,0.9867707179143925,0.08330120185155634,0.11587559176041287,0.08330120185155634,0.11587559176041287,3.08,75.0,0.09524284293783813,0.09936520009068625,0.5714570576270288,0.2980956002720587,0.21025765724234988,0.0,2,JPN,1.1433549675257018,0.08330120185155634,0.11587559176041287,0.08330120185155634,0.11587559176041287
1520,Alexander Isak,FWD,8.0,Sweden,SWE,3.88,70.0,0.29246933704907235,0.14077336748946767,1.4623466852453617,0.422320102468403,0.0,0.0,2,TUN,1.5610949900931514,0.18734884097707633,0.12023472274937617,0.18734884097707633,0.12023472274937617,3.19,70.0,0.18487035031137897,0.0889830777642299,0.9243517515568949,0.2669492332926897,0.0,0.0,2,NED,0.9867707179143925,0.18734884097707633,0.12023472274937617,0.18734884097707633,0.12023472274937617,3.38,70.0,0.21420622799132297,0.10310322564343107,1.0710311399566148,0.3093096769302932,0.0,0.0,2,JPN,1.1433549675257018,0.18734884097707633,0.12023472274937617,0.18734884097707633,0.12023472274937617
1521,Alexander Bernhardsson,FWD,4.9,Sweden,SWE,1.13,5.0,0.020890666932076595,0.010055240534961978,0.10445333466038298,0.030165721604885933,0.0,0.0,1,TUN,1.5610949900931514,0.013382060069791164,0.0085881944820983,0.013382060069791164,0.0085881944820983,1.09,5.0,0.013205025022241352,0.006355934126016421,0.06602512511120676,0.019067802378049264,0.0,0.0,1,NED,0.9867707179143925,0.013382060069791164,0.008588194482098297,0.013382060069791164,0.008588194482098297,1.1,5.0,0.015300444856523066,0.007364516117387933,0.07650222428261533,0.0220935483521638,0.0,0.0,1,JPN,1.1433549675257018,0.013382060069791164,0.0085881944820983,0.013382060069791164,0.0085881944820983
1522,Thibaut Courtois,GK,4.9,Belgium,BEL,3.33,90.0,0.0,0.0,0.0,0.0,1.7360510455775668,-0.4050351016092053,2,EGY,1.7176304794187238,0.0,0.0,0.0,0.0,3.53,90.0,0.0,0.0,0.0,0.0,1.8863572193397662,-0.3520617842252896,2,IRN,1.8966176934220982,0.0,0.0,0.0,0.0,3.98,90.0,0.0,0.0,0.0,0.0,2.2333861509586073,-0.252596255493702,2,NZL,2.3195810785853084,0.0,0.0,0.0,0.0
1523,Mike Penders,GK,3.5,Belgium,BEL,0.59,5.0,0.0,0.0,0.0,0.0,0.0,-0.4050351016092053,1,EGY,1.7176304794187238,0.0,0.0,0.0,0.0,0.65,5.0,0.0,0.0,0.0,0.0,0.0,-0.3520617842252896,1,IRN,1.8966176934220982,0.0,0.0,0.0,0.0,0.75,5.0,0.0,0.0,0.0,0.0,0.0,-0.252596255493702,1,NZL,2.3195810785853084,0.0,0.0,0.0,0.0
1524,Hans Vanaken,MID,5.5,Belgium,BEL,1.18,10.0,0.02120093588633101,0.01674071072124719,0.12720561531798605,0.050222132163741565,0.0,0.0,1,EGY,1.7176304794187238,0.012343129759496219,0.012995197684127838,0.012343129759496219,0.012995197684127838,1.2,10.0,0.02341019829406538,0.01848519139292605,0.14046118976439229,0.05545557417877815,0.0,0.0,1,IRN,1.8966176934220982,0.01234312975949622,0.01299519768412784,0.01234312975949622,0.01299519768412784,1.24,10.0,0.028630890240650665,0.02260756099543391,0.171785341443904,0.06782268298630173,0.0,0.0,1,NZL,2.3195810785853084,0.012343129759496222,0.012995197684127836,0.012343129759496222,0.012995197684127836
1525,Matias Fernandez-Pardo,FWD,5.6,Belgium,BEL,1.12,5.0,0.018156408664689903,0.009813242407102485,0.09078204332344951,0.029439727221307457,0.0,0.0,1,EGY,1.7176304794187238,0.01057061392554838,0.00761765895881048,0.01057061392554838,0.00761765895881048,1.13,5.0,0.020048413401529082,0.010835840072801485,0.1002420670076454,0.03250752021840445,0.0,0.0,1,IRN,1.8966176934220982,0.010570613925548382,0.007617658958810479,0.010570613925548382,0.007617658958810479,1.16,5.0,0.024519396050732396,0.013252333187979486,0.12259698025366197,0.03975699956393846,0.0,0.0,1,NZL,2.3195810785853084,0.010570613925548382,0.007617658958810479,0.010570613925548382,0.007617658958810479
1526,Leandro Trossard,MID,6.6,Belgium,BEL,2.36,55.0,0.15361177286629202,0.14643535385003278,0.9216706371977521,0.4393060615500983,0.0,0.0,1,EGY,1.7176304794187238,0.08943237483668602,0.11367237645479221,0.08943237483668602,0.11367237645479221,2.5,55.0,0.16961902448001592,0.1616947803281223,1.0177141468800954,0.48508434098436687,0.0,0.0,1,IRN,1.8966176934220982,0.08943237483668602,0.1136723764547922,0.08943237483668602,0.1136723764547922,2.84,55.0,0.20744564448412575,0.19775422018677158,1.2446738669047546,0.5932626605603147,0.0,0.0,1,NZL,2.3195810785853084,0.08943237483668602,0.1136723764547922,0.08943237483668602,0.1136723764547922
1527,Diego Moreira,MID,4.7,Belgium,BEL,1.1,5.0,0.009976426682611138,0.012385223814598676,0.05985856009566683,0.03715567144379603,0.0,0.0,1,EGY,1.7176304794187238,0.0058082496800984425,0.009614193477974807,0.0058082496800984425,0.009614193477974807,1.11,5.0,0.011016029111087948,0.01367583709373277,0.06609617466652769,0.04102751128119831,0.0,0.0,1,IRN,1.8966176934220982,0.0058082496800984425,0.009614193477974807,0.0058082496800984425,0.009614193477974807,1.13,5.0,0.013472706057655518,0.01672567595802648,0.08083623634593311,0.05017702787407944,0.0,0.0,1,NZL,2.3195810785853084,0.0058082496800984425,0.009614193477974807,0.0058082496800984425,0.009614193477974807
1528,Stopira,DEF,3.5,Cabo Verde,CPV,-1.78,5.0,0.0010380341943105153,0.0013108755245463334,0.007266239360173607,0.003932626573639001,0.0,-2.7956300203838675,1,ESP,0.5211264005467183,0.0019919048300402827,0.0033539541095879547,0.0019919048300402827,0.0033539541095879547,-0.59,5.0,0.0014573500226296593,0.0018404061116996222,0.010201450158407614,0.005521218335098867,0.0,-1.6054396065112708,1,URU,0.7316363717036556,0.0019919048300402827,0.0033539541095879547,0.0019919048300402827,0.0033539541095879547,0.42,5.0,0.0025931821039863836,0.0032747851365968047,0.018152274727904684,0.009824355409790413,0.0,-0.6051324214667159,1,KSA,1.3018604427672085,0.0019919048300402827,0.0033539541095879543,0.0019919048300402827,0.0033539541095879543
1529,Logan Costa,DEF,3.5,Cabo Verde,CPV,-1.78,5.0,0.0010380341943105153,0.0013108755245463334,0.007266239360173607,0.003932626573639001,0.0,-2.7956300203838675,1,ESP,0.5211264005467183,0.0019919048300402827,0.0033539541095879547,0.0019919048300402827,0.0033539541095879547,-0.59,5.0,0.0014573500226296593,0.0018404061116996222,0.010201450158407614,0.005521218335098867,0.0,-1.6054396065112708,1,URU,0.7316363717036556,0.0019919048300402827,0.0033539541095879547,0.0019919048300402827,0.0033539541095879547,0.42,5.0,0.0025931821039863836,0.0032747851365968047,0.018152274727904684,0.009824355409790413,0.0,-0.6051324214667159,1,KSA,1.3018604427672085,0.0019919048300402827,0.0033539541095879543,0.0019919048300402827,0.0033539541095879543
1530,Jamiro Monteiro,MID,4.6,Cabo Verde,CPV,1.02,5.0,0.002290637396356525,0.003037795994555618,0.01374382437813915,0.009113387983666853,0.0,0.0,1,ESP,0.5211264005467183,0.004395550472886036,0.007772384310520797,0.004395550472886036,0.007772384310520797,1.03,5.0,0.003215944599622627,0.004264919292326891,0.01929566759773576,0.012794757876980672,0.0,0.0,1,URU,0.7316363717036556,0.004395550472886036,0.007772384310520796,0.004395550472886036,0.007772384310520796,1.06,5.0,0.005722393284837027,0.0075889197598886324,0.03433435970902216,0.0227667592796659,0.0,0.0,1,KSA,1.3018604427672085,0.004395550472886036,0.007772384310520797,0.004395550472886036,0.007772384310520797
1531,Hélio Varela,MID,4.9,Cabo Verde,CPV,1.19,35.0,0.02146409011798303,0.019120273319372598,0.1287845407078982,0.057360819958117794,0.0,0.0,1,ESP,0.5211264005467183,0.041187877059125896,0.0489203727395461,0.041187877059125896,0.0489203727395461,1.26,35.0,0.030134548929715104,0.02684394301016395,0.18080729357829062,0.08053182903049186,0.0,0.0,1,URU,0.7316363717036556,0.041187877059125896,0.0489203727395461,0.041187877059125896,0.0489203727395461,1.47,35.0,0.053620867864834984,0.04776562358628177,0.3217252071890099,0.1432968707588453,0.0,0.0,1,KSA,1.3018604427672085,0.041187877059125896,0.0489203727395461,0.041187877059125896,0.0489203727395461
1532,Gilson Benchimol,MID,5.0,Cabo Verde,CPV,2.42,75.0,0.04599447882424935,0.040972014255798425,0.2759668729454961,0.12291604276739528,0.022991315886625917,0.0,2,ESP,0.5211264005467183,0.08825973655526977,0.10482937015617022,0.08825973655526977,0.10482937015617022,2.64,75.0,0.06457403342081808,0.057522735021779896,0.38744420052490847,0.17256820506533968,0.08002513801351073,0.0,2,URU,0.7316363717036556,0.08825973655526978,0.10482937015617022,0.08825973655526978,0.10482937015617022,3.26,75.0,0.11490185971036067,0.10235490768488952,0.689411158262164,0.30706472305466853,0.26068326365831795,0.0,2,KSA,1.3018604427672085,0.08825973655526977,0.10482937015617022,0.08825973655526977,0.10482937015617022
1533,Oumar Diakité,FWD,5.3,Côte d'Ivoire,CIV,1.09,5.0,0.01372891899454714,0.0054710400072387625,0.0686445949727357,0.01641312002171629,0.0,0.0,1,ECU,1.0315555098763736,0.013308948343645101,0.007071572920516819,0.013308948343645101,0.007071572920516819,1.08,5.0,0.012550641095351957,0.005001490618193457,0.06275320547675978,0.015004471854580372,0.0,0.0,1,GER,0.9430227521579322,0.013308948343645101,0.007071572920516819,0.013308948343645101,0.007071572920516819,1.17,5.0,0.027455144493701622,0.010941006643656529,0.1372757224685081,0.03282301993096959,0.0,0.0,1,CUW,2.0629086374665504,0.013308948343645103,0.007071572920516819,0.013308948343645103,0.007071572920516819
1534,Ange-Yoan Bonny,FWD,4.9,Côte d'Ivoire,CIV,1.09,5.0,0.011989245867233942,0.00907325508088043,0.05994622933616971,0.02721976524264129,0.0,0.0,1,ECU,1.0315555098763736,0.011622492199834005,0.011727602950444952,0.011622492199834005,0.011727602950444952,1.08,5.0,0.010960274581221565,0.008294547307908063,0.05480137290610782,0.02488364192372419,0.0,0.0,1,GER,0.9430227521579322,0.011622492199834007,0.011727602950444952,0.011622492199834007,0.011727602950444952,1.17,5.0,0.023976139547925178,0.018144730067438317,0.1198806977396259,0.05443419020231495,0.0,0.0,1,CUW,2.0629086374665504,0.011622492199834005,0.01172760295044495,0.011622492199834005,0.01172760295044495
1535,Dominik Kotarski,GK,4.4,Croatia,CRO,0.01,5.0,0.0,0.0,0.0,0.0,0.0,-0.9874119997456416,1,ENG,1.006132025540712,0.0,0.0,0.0,0.0,0.61,5.0,0.0,0.0,0.0,0.0,0.0,-0.392519764167895,1,PAN,1.7571169651773733,0.0,0.0,0.0,0.0,0.68,5.0,0.0,0.0,0.0,0.0,0.0,-0.3195890386775426,1,GHA,2.021808688883128,0.0,0.0,0.0,0.0
1536,Josko Gvardiol,DEF,5.0,Croatia,CRO,2.24,80.0,0.036164877648681176,0.05668749248163971,0.25315414354076826,0.17006247744491915,0.8049413922603665,-0.9874119997456416,2,ENG,1.006132025540712,0.035944465269600746,0.07512266918273794,0.035944465269600746,0.07512266918273794,4.12,80.0,0.06315862972944437,0.09899948736779719,0.44211040810611063,0.2969984621033916,1.7698317847805822,-0.392519764167895,2,PAN,1.7571169651773733,0.03594446526960075,0.07512266918273794,0.03594446526960075,0.07512266918273794,4.52,80.0,0.07267283219933662,0.11391274896431426,0.5087098253953564,0.3417382468929428,1.9890557338717363,-0.3195890386775426,2,GHA,2.021808688883128,0.03594446526960075,0.07512266918273794,0.03594446526960075,0.07512266918273794
1537,Mateo Kovacic,MID,6.0,Croatia,CRO,1.32,35.0,0.0345598290649652,0.03627169271605897,0.2073589743897912,0.10881507814817691,0.0,0.0,1,ENG,1.006132025540712,0.03434919890000736,0.04806750578161411,0.03434919890000736,0.04806750578161411,1.55,35.0,0.060355560127454896,0.06334517241197671,0.36213336076472935,0.19003551723593012,0.0,0.0,1,PAN,1.7571169651773733,0.03434919890000736,0.0480675057816141,0.03434919890000736,0.0480675057816141,1.64,35.0,0.06944750879220965,0.07288747563165554,0.4166850527532579,0.21866242689496662,0.0,0.0,1,GHA,2.021808688883128,0.03434919890000736,0.04806750578161411,0.03434919890000736,0.04806750578161411
1538,Keeto Thermoncy,DEF,3.5,Haiti,HAI,-0.04,5.0,0.0017494751984194375,0.0026176143824065473,0.012246326388936062,0.007852843147219641,0.0,-1.062932204893115,1,SCO,0.9664938524538915,0.0018101255315567562,0.003611148173383649,0.0018101255315567562,0.003611148173383649,-0.87,5.0,0.001142176387262954,0.0017089566866942563,0.007995234710840678,0.005126870060082769,0.0,-1.8802024471398322,1,BRA,0.6309929158784098,0.0018101255315567562,0.003611148173383649,0.0018101255315567562,0.003611148173383649,-0.25,5.0,0.0015764867759268126,0.0023587842011524134,0.011035407431487688,0.00707635260345724,0.0,-1.2653559780000307,1,MAR,0.8709267663723808,0.0018101255315567562,0.0036111481733836492,0.0018101255315567562,0.0036111481733836492
1539,Dominique Simon,MID,4.3,Haiti,HAI,2.86,75.0,0.07751787022844622,0.08181473510176389,0.46510722137067734,0.24544420530529165,0.14723985592640945,0.0,2,SCO,0.9664938524538915,0.08020523879342974,0.1128680882884588,0.08020523879342974,0.1128680882884588,2.52,75.0,0.05060893749499038,0.05341422310406731,0.3036536249699423,0.16024266931220194,0.05956814661659908,0.0,2,BRA,0.6309929158784098,0.08020523879342974,0.1128680882884588,0.08020523879342974,0.1128680882884588,2.76,75.0,0.0698528892684864,0.07372487936977486,0.4191173356109184,0.22117463810932458,0.11663300636924945,0.0,2,MAR,0.8709267663723808,0.08020523879342975,0.1128680882884588,0.08020523879342975,0.1128680882884588
1540,Lenny Joseph,FWD,4.2,Haiti,HAI,1.08,5.0,0.012452987145706617,0.006063752045453191,0.06226493572853309,0.018191256136359572,0.0,0.0,1,SCO,0.9664938524538915,0.012884703936904463,0.00836529141571196,0.012884703936904463,0.00836529141571196,1.05,5.0,0.008130156907377372,0.0039588297169295406,0.040650784536886864,0.011876489150788622,0.0,0.0,1,BRA,0.6309929158784098,0.012884703936904461,0.00836529141571196,0.012884703936904461,0.00836529141571196,1.07,5.0,0.011221633535433687,0.00546416715183649,0.05610816767716843,0.01639250145550947,0.0,0.0,1,MAR,0.8709267663723808,0.012884703936904463,0.00836529141571196,0.012884703936904463,0.00836529141571196
1541,Nour Bani Ateyah,GK,3.6,Jordan,JOR,-0.06,5.0,0.0,0.0,0.0,0.0,0.0,-1.0572443532225544,1,AUT,0.9693867241331782,0.0,0.0,0.0,0.0,0.06,5.0,0.0,0.0,0.0,0.0,0.0,-0.9387549790209436,1,ALG,1.033304519696384,0.0,0.0,0.0,0.0,-1.08,5.0,0.0,0.0,0.0,0.0,0.0,-2.0783626126390025,1,ARG,0.580305394205526,0.0,0.0,0.0,0.0
1542,Ahmad Al Juaidi,GK,3.6,Jordan,JOR,-0.06,5.0,0.0,0.0,0.0,0.0,0.0,-1.0572443532225544,1,AUT,0.9693867241331782,0.0,0.0,0.0,0.0,0.06,5.0,0.0,0.0,0.0,0.0,0.0,-0.9387549790209436,1,ALG,1.033304519696384,0.0,0.0,0.0,0.0,-1.08,5.0,0.0,0.0,0.0,0.0,0.0,-2.0783626126390025,1,ARG,0.580305394205526,0.0,0.0,0.0,0.0
1543,Ehsan Haddad,DEF,3.5,Jordan,JOR,-0.04,5.0,0.001771145431169896,0.0021851600032155977,0.012398018018189272,0.006555480009646793,0.0,-1.0572443532225544,1,AUT,0.9693867241331782,0.0018270782826674745,0.003005556604418544,0.0018270782826674745,0.003005556604418544,0.08,5.0,0.0018879282473194087,0.0023292414176617486,0.013215497731235861,0.006987724252985246,0.0,-0.9387549790209436,1,ALG,1.033304519696384,0.0018270782826674745,0.003005556604418544,0.0018270782826674745,0.003005556604418544,-1.07,5.0,0.0010602633830677042,0.0013081055326005938,0.007421843681473929,0.003924316597801781,0.0,-2.0783626126390025,1,ARG,0.580305394205526,0.0018270782826674745,0.003005556604418544,0.0018270782826674745,0.003005556604418544
1544,Saed Al Rosan,DEF,3.5,Jordan,JOR,-0.04,5.0,0.001771145431169896,0.0021851600032155977,0.012398018018189272,0.006555480009646793,0.0,-1.0572443532225544,1,AUT,0.9693867241331782,0.0018270782826674745,0.003005556604418544,0.0018270782826674745,0.003005556604418544,0.08,5.0,0.0018879282473194087,0.0023292414176617486,0.013215497731235861,0.006987724252985246,0.0,-0.9387549790209436,1,ALG,1.033304519696384,0.0018270782826674745,0.003005556604418544,0.0018270782826674745,0.003005556604418544,-1.07,5.0,0.0010602633830677042,0.0013081055326005938,0.007421843681473929,0.003924316597801781,0.0,-2.0783626126390025,1,ARG,0.580305394205526,0.0018270782826674745,0.003005556604418544,0.0018270782826674745,0.003005556604418544
1545,Anas Badawi,DEF,3.5,Jordan,JOR,-0.04,5.0,0.001771145431169896,0.0021851600032155977,0.012398018018189272,0.006555480009646793,0.0,-1.0572443532225544,1,AUT,0.9693867241331782,0.0018270782826674745,0.003005556604418544,0.0018270782826674745,0.003005556604418544,0.08,5.0,0.0018879282473194087,0.0023292414176617486,0.013215497731235861,0.006987724252985246,0.0,-0.9387549790209436,1,ALG,1.033304519696384,0.0018270782826674745,0.003005556604418544,0.0018270782826674745,0.003005556604418544,-1.07,5.0,0.0010602633830677042,0.0013081055326005938,0.007421843681473929,0.003924316597801781,0.0,-2.0783626126390025,1,ARG,0.580305394205526,0.0018270782826674745,0.003005556604418544,0.0018270782826674745,0.003005556604418544
1546,Raja'ei Ayed,MID,4.5,Jordan,JOR,2.82,75.0,0.07847806119982319,0.06829817562879176,0.4708683671989391,0.20489452688637527,0.14822578938138561,0.0,2,AUT,0.9693867241331782,0.0809564018632481,0.09394004673743767,0.0809564018632481,0.09394004673743767,2.89,75.0,0.083652615943651,0.07280150615571292,0.501915695661906,0.21840451846713876,0.17065733043573297,0.0,2,ALG,1.033304519696384,0.08095640186324808,0.09394004673743767,0.08095640186324808,0.09394004673743767,2.45,75.0,0.04697943669671316,0.04088543689024072,0.2818766201802789,0.12265631067072216,0.048313253359853925,0.0,2,ARG,0.580305394205526,0.0809564018632481,0.09394004673743767,0.0809564018632481,0.09394004673743767
1547,Ali Olwan,FWD,4.2,Jordan,JOR,1.16,10.0,0.025214477241474756,0.010123926983438431,0.12607238620737377,0.030371780950315293,0.0,0.0,1,AUT,0.9693867241331782,0.026010751554310218,0.013924854730522136,0.026010751554310218,0.013924854730522136,1.17,10.0,0.026877027141768487,0.010791461496873071,0.13438513570884245,0.03237438449061921,0.0,0.0,1,ALG,1.033304519696384,0.026010751554310214,0.013924854730522135,0.026010751554310214,0.013924854730522135,1.09,10.0,0.015094179434305988,0.006060501235237748,0.07547089717152994,0.018181503705713243,0.0,0.0,1,ARG,0.580305394205526,0.026010751554310218,0.013924854730522136,0.026010751554310218,0.013924854730522136
1548,Lee Gi-Hyuk,DEF,4.5,Korea Republic,KOR,2.97,80.0,0.025836639714274818,0.03360275447895231,0.18085647799992371,0.10080826343685692,1.2966509517203504,-0.6089833533852407,2,CZE,1.2970017332844126,0.01992028156265327,0.034544034513466854,0.01992028156265327,0.034544034513466854,2.48,80.0,0.022475150612231654,0.02923085108018245,0.15732605428562157,0.08769255324054735,1.024511148921354,-0.7901245712758813,2,MEX,1.1282546655549426,0.01992028156265327,0.034544034513466854,0.01992028156265327,0.034544034513466854,3.43,80.0,0.03058504152991361,0.039778456201114136,0.21409529070939526,0.1193353686033424,1.5706331888434595,-0.47208570715234155,2,RSA,1.5353719491221816,0.019920281562653273,0.034544034513466854,0.019920281562653273,0.034544034513466854
1549,Hwang In-Beom,MID,5.8,Korea Republic,KOR,3.14,75.0,0.07501215636132373,0.1425223200409424,0.45007293816794236,0.4275669601228272,0.25933019034407007,0.0,2,CZE,1.2970017332844126,0.05783504712161762,0.14651465389593218,0.05783504712161762,0.14651465389593218,2.97,75.0,0.06525266174755504,0.12397938137268985,0.3915159704853302,0.3719381441180696,0.2049022297842708,0.0,2,MEX,1.1282546655549426,0.05783504712161762,0.14651465389593218,0.05783504712161762,0.14651465389593218,3.35,75.0,0.08879830902669125,0.16871586729536944,0.5327898541601475,0.5061476018861083,0.3141266377686919,0.0,2,RSA,1.5353719491221816,0.05783504712161761,0.14651465389593218,0.05783504712161761,0.14651465389593218
1550,Lee Dong-Gyeong,MID,4.9,Korea Republic,KOR,1.11,5.0,0.012681343566932738,0.011270627515956077,0.07608806140159644,0.03381188254786823,0.0,0.0,1,CZE,1.2970017332844126,0.009777429930505663,0.01158634022527771,0.009777429930505663,0.01158634022527771,1.1,5.0,0.01103143093622955,0.009804256811907362,0.06618858561737731,0.029412770435722085,0.0,0.0,1,MEX,1.1282546655549426,0.009777429930505661,0.011586340225277712,0.009777429930505661,0.011586340225277712,1.13,5.0,0.015011991649806034,0.013342006331158032,0.09007194989883621,0.04002601899347409,0.0,0.0,1,RSA,1.5353719491221816,0.009777429930505661,0.01158634022527771,0.009777429930505661,0.01158634022527771
1551,Montassar Talbi,DEF,3.9,Tunisia,TUN,2.52,80.0,0.02166815740938001,0.031102923757799446,0.15167710186566008,0.09330877127339834,1.049530501077697,-0.7710010903086908,2,SWE,1.142358496902381,0.018967913722474493,0.036302583753568464,0.018967913722474493,0.036302583753568464,1.93,80.0,0.018570329950636764,0.026656237800903138,0.12999230965445735,0.07996871340270942,0.7576836215721617,-1.0384640030066965,2,JPN,0.9790391406427241,0.018967913722474496,0.036302583753568464,0.018967913722474496,0.036302583753568464,1.33,80.0,0.015700546287119685,0.022536890650087703,0.1099038240098378,0.0676106719502631,0.5211218820291408,-1.3654336147924875,2,NED,0.827742392592001,0.018967913722474493,0.03630258375356847,0.018967913722474493,0.03630258375356847
1552,Dylan Bronn,DEF,3.6,Tunisia,TUN,0.24,5.0,0.0012275454672711625,0.002464817577192571,0.008592818270898138,0.007394452731577713,0.0,-0.7710010903086908,1,SWE,1.142358496902381,0.0010745711355934014,0.0028768757313647393,0.0010745711355934014,0.0028768757313647393,-0.02,5.0,0.0010520472011508399,0.0021124304578284316,0.0073643304080558795,0.006337291373485295,0.0,-1.0384640030066965,1,JPN,0.9790391406427241,0.0010745711355934014,0.002876875731364739,0.0010745711355934014,0.002876875731364739,-0.35,5.0,0.0008894680827863856,0.0017859840008022838,0.0062262765795047,0.005357952002406852,0.0,-1.3654336147924875,1,NED,0.827742392592001,0.0010745711355934014,0.002876875731364739,0.0010745711355934014,0.002876875731364739
1553,Yan Valery,DEF,3.9,Tunisia,TUN,2.52,80.0,0.02060375669453327,0.03252398822215049,0.14422629686173288,0.09757196466645146,1.049530501077697,-0.7710010903086908,2,SWE,1.142358496902381,0.018036156557159955,0.037961215981781,0.018036156557159955,0.037961215981781,1.93,80.0,0.017658103216219516,0.027874137204416786,0.1236067225135366,0.08362241161325036,0.7576836215721617,-1.0384640030066965,2,JPN,0.9790391406427241,0.018036156557159955,0.037961215981781,0.018036156557159955,0.037961215981781,1.33,80.0,0.014929291381787488,0.023566580806845837,0.10450503967251241,0.0706997424205375,0.5211218820291408,-1.3654336147924875,2,NED,0.827742392592001,0.018036156557159955,0.037961215981781,0.018036156557159955,0.037961215981781
1554,Elias Achouri,MID,4.8,Tunisia,TUN,3.04,75.0,0.09213982815993539,0.09154277597721058,0.5528389689596124,0.2746283279316317,0.2099061002155394,0.0,2,SWE,1.142358496902381,0.08065754175224478,0.10684652407037774,0.08065754175224478,0.10684652407037774,2.86,75.0,0.07896689036347239,0.07845519682989358,0.47380134218083436,0.23536559048968073,0.15153672431443235,0.0,2,JPN,0.9790391406427241,0.0806575417522448,0.10684652407037776,0.0806575417522448,0.10684652407037776,2.7,75.0,0.06676366659059232,0.06633104810561498,0.40058199954355395,0.19899314431684495,0.10422437640582816,0.0,2,NED,0.827742392592001,0.0806575417522448,0.10684652407037774,0.0806575417522448,0.10684652407037774
1555,Hannibal Mejbri,MID,4.8,Tunisia,TUN,1.38,35.0,0.027426041594859233,0.07202572609332249,0.1645562495691554,0.21607717827996747,0.0,0.0,1,SWE,1.142358496902381,0.024008261565198384,0.08406669335254205,0.024008261565198384,0.08406669335254205,1.33,35.0,0.02350502777111757,0.061728437412411116,0.14103016662670542,0.18518531223723333,0.0,0.0,1,JPN,0.9790391406427241,0.024008261565198384,0.08406669335254204,0.024008261565198384,0.08406669335254204,1.28,35.0,0.019872655869951888,0.05218917441969841,0.11923593521971132,0.15656752325909523,0.0,0.0,1,NED,0.827742392592001,0.024008261565198384,0.08406669335254204,0.024008261565198384,0.08406669335254204
1556,Gédéon Kalulu,DEF,3.9,Congo DR,COD,-0.17,25.0,0.008115289710339927,0.012446467298730439,0.05680702797237949,0.03733940189619132,0.0,-1.2674673585149427,1,POR,0.8699923622788688,0.00932800109771382,0.01907521312965401,0.00932800109771382,0.01907521312965401,-0.07,25.0,0.008532555373937488,0.013086430087764691,0.05972788761756241,0.03925929026329407,0.0,-1.1691857032617976,1,COL,0.9147249538841407,0.00932800109771382,0.019075213129654014,0.00932800109771382,0.019075213129654014,0.62,25.0,0.013173122807551079,0.020203695505465427,0.09221185965285755,0.06061108651639628,0.0,-0.5319075648590441,1,UZB,1.4122128277600279,0.00932800109771382,0.01907521312965401,0.00932800109771382,0.01907521312965401
1557,Gaël Kakuta,MID,4.6,Congo DR,COD,1.09,10.0,0.009588856135458488,0.010373867460820843,0.05753313681275093,0.031121602382462532,0.0,0.0,1,POR,0.8699923622788688,0.01102177047892848,0.01589878702482308,0.01102177047892848,0.01589878702482308,1.09,10.0,0.010081888493059438,0.010907262921071298,0.060491330958356626,0.032721788763213897,0.0,0.0,1,COL,0.9147249538841407,0.01102177047892848,0.01589878702482308,0.01102177047892848,0.01589878702482308,1.14,10.0,0.015565085654969585,0.016839353236709882,0.09339051392981751,0.05051805971012965,0.0,0.0,1,UZB,1.4122128277600279,0.01102177047892848,0.015898787024823082,0.01102177047892848,0.015898787024823082
1558,Armando Obispo,DEF,3.7,Curaçao,CUW,-0.86,25.0,0.006252581462127844,0.008080791822527453,0.04376807023489491,0.02424237546758236,0.0,-1.9303302413286267,1,GER,0.6008954450976176,0.010405439936580132,0.017930555447883172,0.010405439936580132,0.017930555447883172,-0.71,25.0,0.00690317147842589,0.008921609733555538,0.04832220034898123,0.026764829200666612,0.0,-1.7891924808911637,1,ECU,0.663419472939142,0.01040543993658013,0.017930555447883172,0.01040543993658013,0.017930555447883172,-0.09,25.0,0.009417239785530888,0.0121707737373166,0.06592067849871622,0.0365123212119498,0.0,-1.1899924285881802,1,CIV,0.9050304305178638,0.010405439936580128,0.01793055544788317,0.010405439936580128,0.01793055544788317
1559,Deveron Fonville,DEF,3.7,Curaçao,CUW,-0.88,25.0,0.0037338593105721006,0.009331325843424004,0.026137015174004703,0.02799397753027201,0.0,-1.9303302413286267,1,GER,0.6008954450976176,0.00621382528530487,0.020705378768865183,0.00621382528530487,0.020705378768865183,-0.73,25.0,0.004122372695712871,0.010302263602384381,0.028856608869990096,0.030906790807153143,0.0,-1.7891924808911637,1,ECU,0.663419472939142,0.00621382528530487,0.020705378768865183,0.00621382528530487,0.020705378768865183,-0.11,25.0,0.005623700973122254,0.014054248395916118,0.03936590681185578,0.04216274518774835,0.0,-1.1899924285881802,1,CIV,0.9050304305178638,0.00621382528530487,0.02070537876886518,0.00621382528530487,0.02070537876886518
1560,Jürgen Locadia,FWD,4.1,Curaçao,CUW,1.11,10.0,0.017802668284913576,0.007487721380516464,0.08901334142456788,0.02246316414154939,0.0,0.0,1,GER,0.6008954450976176,0.029626898373345915,0.01661458509763443,0.029626898373345915,0.01661458509763443,1.12,10.0,0.01965506130366667,0.008266829466431367,0.09827530651833336,0.0248004883992941,0.0,0.0,1,ECU,0.663419472939142,0.029626898373345912,0.01661458509763443,0.029626898373345912,0.01661458509763443,1.17,10.0,0.02681324458973825,0.011277528827840829,0.13406622294869125,0.033832586483522484,0.0,0.0,1,CIV,0.9050304305178638,0.029626898373345915,0.01661458509763443,0.029626898373345915,0.01661458509763443
1561,Roozbeh Cheshmi,MID,4.8,IR Iran,IRN,1.13,10.0,0.014633682723231354,0.014943703921179356,0.08780209633938812,0.044831111763538066,0.0,0.0,1,NZL,1.5810965443256546,0.009255401117502721,0.012601974644167322,0.009255401117502721,0.012601974644167322,1.08,10.0,0.00902207560547415,0.00921321236442179,0.0541324536328449,0.02763963709326537,0.0,0.0,1,BEL,0.9747903403573364,0.009255401117502721,0.012601974644167322,0.009255401117502721,0.012601974644167322,1.1,10.0,0.011355221517678536,0.011595787029754792,0.06813132910607121,0.034787361089264376,0.0,0.0,1,EGY,1.226875137394627,0.009255401117502723,0.012601974644167324,0.009255401117502723,0.012601974644167324
1562,Kasra Taheri,FWD,4.7,IR Iran,IRN,1.23,10.0,0.03526278437017923,0.01661343432316716,0.17631392185089617,0.04984030296950148,0.0,0.0,1,NZL,1.5810965443256546,0.022302739511216238,0.014010052607932613,0.022302739511216238,0.014010052607932613,1.14,10.0,0.02174049503903949,0.010242647962583113,0.10870247519519745,0.03072794388774934,0.0,0.0,1,BEL,0.9747903403573364,0.022302739511216238,0.01401005260793261,0.022302739511216238,0.01401005260793261,1.18,10.0,0.0273626766021,0.012891438913697456,0.1368133830105,0.03867431674109237,0.0,0.0,1,EGY,1.226875137394627,0.02230273951121624,0.014010052607932613,0.02230273951121624,0.014010052607932613
1563,Jalal Hassan,GK,3.9,Iraq,IRQ,0.9,90.0,0.0,0.0,0.0,0.0,0.4327146507814506,-1.5336576159330313,2,NOR,0.759441207152654,0.0,0.0,0.0,0.0,0.37,90.0,0.0,0.0,0.0,0.0,0.2862941765789172,-1.9174321551110414,2,FRA,0.6179579979919636,0.0,0.0,0.0,0.0,1.11,90.0,0.0,0.0,0.0,0.0,0.503329541270645,-1.396613992457267,2,SEN,0.814710022704722,0.0,0.0,0.0,0.0
1564,Mustafa Saadoon,DEF,3.6,Iraq,IRQ,-0.52,5.0,0.0013587346380789578,0.0018981323706563395,0.009511142466552705,0.005694397111969019,0.0,-1.5336576159330313,1,NOR,0.759441207152654,0.0017891241945814523,0.0033325070289034224,0.0017891241945814523,0.0033325070289034224,-0.91,5.0,0.0011056036054425387,0.0015445120289064793,0.007739225238097771,0.004633536086719438,0.0,-1.9174321551110414,1,FRA,0.6179579979919636,0.0017891241945814525,0.0033325070289034224,0.0017891241945814525,0.0033325070289034224,-0.38,5.0,0.0014576174131890225,0.002036270157886165,0.010203321892323158,0.0061088104736584945,0.0,-1.396613992457267,1,SEN,0.814710022704722,0.0017891241945814523,0.0033325070289034224,0.0017891241945814523,0.0033325070289034224
1565,Ahmed Yahya,DEF,3.6,Iraq,IRQ,-0.52,5.0,0.0013587346380789578,0.0018981323706563395,0.009511142466552705,0.005694397111969019,0.0,-1.5336576159330313,1,NOR,0.759441207152654,0.0017891241945814523,0.0033325070289034224,0.0017891241945814523,0.0033325070289034224,-0.91,5.0,0.0011056036054425387,0.0015445120289064793,0.007739225238097771,0.004633536086719438,0.0,-1.9174321551110414,1,FRA,0.6179579979919636,0.0017891241945814525,0.0033325070289034224,0.0017891241945814525,0.0033325070289034224,-0.38,5.0,0.0014576174131890225,0.002036270157886165,0.010203321892323158,0.0061088104736584945,0.0,-1.396613992457267,1,SEN,0.814710022704722,0.0017891241945814523,0.0033325070289034224,0.0017891241945814523,0.0033325070289034224
1566,Dario Naamo,DEF,3.5,Iraq,IRQ,-0.52,5.0,0.0013587346380789578,0.0018981323706563395,0.009511142466552705,0.005694397111969019,0.0,-1.5336576159330313,1,NOR,0.759441207152654,0.0017891241945814523,0.0033325070289034224,0.0017891241945814523,0.0033325070289034224,-0.91,5.0,0.0011056036054425387,0.0015445120289064793,0.007739225238097771,0.004633536086719438,0.0,-1.9174321551110414,1,FRA,0.6179579979919636,0.0017891241945814525,0.0033325070289034224,0.0017891241945814525,0.0033325070289034224,-0.38,5.0,0.0014576174131890225,0.002036270157886165,0.010203321892323158,0.0061088104736584945,0.0,-1.396613992457267,1,SEN,0.814710022704722,0.0017891241945814523,0.0033325070289034224,0.0017891241945814523,0.0033325070289034224
1567,Jussef Nasrawe,MID,4.4,Iraq,IRQ,1.04,5.0,0.004013630885599538,0.003955133043713344,0.024081785313597226,0.011865399131140032,0.0,0.0,1,NOR,0.759441207152654,0.005284979071188015,0.006943935455810875,0.005284979071188015,0.006943935455810875,1.03,5.0,0.0032658950862607724,0.0032182953393437262,0.019595370517564634,0.009654886018031179,0.0,0.0,1,FRA,0.6179579979919636,0.005284979071188014,0.006943935455810875,0.005284979071188014,0.006943935455810875,1.04,5.0,0.004305725419081568,0.004242970359647853,0.025834352514489407,0.012728911078943559,0.0,0.0,1,SEN,0.814710022704722,0.005284979071188014,0.006943935455810876,0.005284979071188014,0.006943935455810876
1568,Ahmed Qasem,MID,4.4,Iraq,IRQ,1.03,5.0,0.0031146661909689003,0.002141056726149112,0.0186879971458134,0.006423170178447336,0.0,0.0,1,NOR,0.759441207152654,0.004101260455232089,0.0037590036919847073,0.004101260455232089,0.0037590036919847073,1.02,5.0,0.002534406700158831,0.0017421797969574522,0.015206440200952985,0.005226539390872357,0.0,0.0,1,FRA,0.6179579979919636,0.004101260455232089,0.0037590036919847073,0.004101260455232089,0.0037590036919847073,1.03,5.0,0.0033413379986001134,0.0022968734874329964,0.02004802799160068,0.006890620462298989,0.0,0.0,1,SEN,0.814710022704722,0.004101260455232089,0.0037590036919847073,0.004101260455232089,0.0037590036919847073
1569,Diogo Costa,GK,4.9,Portugal,POR,3.81,90.0,0.0,0.0,0.0,0.0,2.094773745474797,-0.28894711137382817,2,COD,2.151112745924469,0.0,0.0,0.0,0.0,3.98,90.0,0.0,0.0,0.0,0.0,2.233386150958607,-0.2525962554937021,2,UZB,2.319581078585308,0.0,0.0,0.0,0.0,2.86,90.0,0.0,0.0,0.0,0.0,1.4065864999997766,-0.5495893651997523,2,COL,1.382021484316348,0.0,0.0,0.0,0.0
1570,Rúben Dias,DEF,5.0,Portugal,POR,4.34,85.0,0.06195410674106138,0.034826447206442936,0.43367874718742966,0.10447934161932881,2.094773745474797,-0.28894711137382817,2,COD,2.151112745924469,0.028800957485115818,0.02158662442491723,0.028800957485115818,0.02158662442491723,4.56,85.0,0.06680615602761454,0.037553944174924095,0.4676430921933018,0.11266183252477228,2.233386150958607,-0.2525962554937021,2,UZB,2.319581078585308,0.028800957485115814,0.021586624424917232,0.028800957485115814,0.021586624424917232,3.2,85.0,0.03980354201331179,0.022374884046827734,0.2786247940931825,0.0671246521404832,1.4065864999997766,-0.5495893651997523,2,COL,1.382021484316348,0.028800957485115814,0.02158662442491723,0.028800957485115814,0.02158662442491723
1571,Nélson Semedo,DEF,4.3,Portugal,POR,0.75,5.0,0.002694339023882023,0.005248567783777558,0.018860373167174163,0.01574570335133267,0.0,-0.28894711137382817,1,COD,2.151112745924469,0.001252532685228498,0.0032532420216600756,0.001252532685228498,0.0032532420216600756,0.78,5.0,0.002905351116965671,0.005659618978125994,0.0203374578187597,0.016978856934377982,0.0,-0.2525962554937021,1,UZB,2.319581078585308,0.0012525326852284979,0.0032532420216600756,0.0012525326852284979,0.0032532420216600756,0.47,5.0,0.0017310270807942298,0.003372037775711231,0.012117189565559608,0.010116113327133693,0.0,-0.5495893651997523,1,COL,1.382021484316348,0.0012525326852284979,0.0032532420216600756,0.0012525326852284979,0.0032532420216600756
1572,Bernardo Silva,MID,7.8,Portugal,POR,3.3,75.0,0.08852834198170027,0.11798353696063926,0.5311700518902016,0.3539506108819178,0.4189547490949594,0.0,2,COD,2.151112745924469,0.04115467315668479,0.07313023592660599,0.04115467315668479,0.07313023592660599,3.4,75.0,0.09546160114960874,0.12722363364587605,0.5727696068976524,0.3816709009376281,0.44667723019172134,0.0,2,UZB,2.319581078585308,0.04115467315668479,0.07313023592660599,0.04115467315668479,0.07313023592660599,2.85,75.0,0.056876642482555695,0.07580066790276956,0.34125985489533417,0.22740200370830865,0.2813172999999553,0.0,2,COL,1.382021484316348,0.0411546731566848,0.07313023592660599,0.0411546731566848,0.07313023592660599
1573,Cristiano Ronaldo,FWD,10.0,Portugal,POR,5.53,85.0,0.6638483053047887,0.07190956944400502,3.3192415265239434,0.21572870833201507,0.0,0.0,2,COD,2.151112745924469,0.30860693218545876,0.04457201330195018,0.30860693218545876,0.04457201330195018,5.81,85.0,0.7158388006176494,0.07754129901724223,3.5791940030882468,0.2326238970517267,0.0,0.0,2,UZB,2.319581078585308,0.30860693218545876,0.04457201330195019,0.30860693218545876,0.04457201330195019,4.27,85.0,0.42650141048926227,0.046199609986896914,2.1325070524463112,0.13859882996069073,0.0,0.0,2,COL,1.382021484316348,0.30860693218545876,0.044572013301950195,0.30860693218545876,0.044572013301950195
1574,Rafael Leão,MID,7.8,Portugal,POR,1.77,30.0,0.1039899717699865,0.048745568585457866,0.6239398306199191,0.1462367057563736,0.0,0.0,1,COD,2.151112745924469,0.048342408814697174,0.030214172441875,0.048342408814697174,0.030214172441875,1.83,30.0,0.11213413677980717,0.052563167025965175,0.6728048206788431,0.15768950107789553,0.0,0.0,1,UZB,2.319581078585308,0.048342408814697174,0.030214172441875003,0.048342408814697174,0.030214172441875003,1.49,30.0,0.0668102475855155,0.03131747658413264,0.400861485513093,0.09395242975239793,0.0,0.0,1,COL,1.382021484316348,0.048342408814697174,0.030214172441875,0.048342408814697174,0.030214172441875
1575,Fahad Younis,GK,3.7,Qatar,QAT,-0.77,5.0,0.0,0.0,0.0,0.0,0.0,-1.7671519307851367,1,SUI,0.6713992622929645,0.0,0.0,0.0,0.0,-0.48,5.0,0.0,0.0,0.0,0.0,0.0,-1.4766618431395013,1,CAN,0.7820545113814962,0.0,0.0,0.0,0.0,0.01,5.0,0.0,0.0,0.0,0.0,0.0,-0.9942035435045483,1,BIH,1.0024501090581452,0.0,0.0,0.0,0.0
1576,Craig Gordon,GK,3.5,Scotland,SCO,0.65,5.0,0.0,0.0,0.0,0.0,0.0,-0.3469083443939379,1,HAI,1.9156923489667055,0.0,0.0,0.0,0.0,0.31,5.0,0.0,0.0,0.0,0.0,0.0,-0.6884702834668681,1,MAR,1.2113125023668112,0.0,0.0,0.0,0.0,-0.15,5.0,0.0,0.0,0.0,0.0,0.0,-1.1465873387081107,1,BRA,0.9254056264813046,0.0,0.0,0.0,0.0
1577,Aaron Hickey,DEF,4.3,Scotland,SCO,4.18,80.0,0.051992726762852166,0.08591140609952062,0.36394908733996517,0.25773421829856186,1.902072459700232,-0.3469083443939379,2,HAI,1.9156923489667055,0.02714043661076176,0.05979485251262458,0.02714043661076176,0.05979485251262458,2.87,80.0,0.03287555018630964,0.05432268931929127,0.23012885130416746,0.1629680679578738,1.1668953866262868,-0.6884702834668681,2,MAR,1.2113125023668112,0.027140436610761754,0.059794852512624584,0.027140436610761754,0.059794852512624584,1.82,80.0,0.025115912744758117,0.04150086971235192,0.17581138921330683,0.12450260913705577,0.6679365335892191,-1.1465873387081107,2,BRA,0.9254056264813046,0.027140436610761754,0.059794852512624584,0.027140436610761754,0.059794852512624584
1578,Ben Gannon-Doak,MID,4.9,Scotland,SCO,1.64,35.0,0.06719290768756797,0.0783183421650072,0.4031574461254078,0.2349550264950216,0.0,0.0,1,HAI,1.9156923489667055,0.03507499924182021,0.05451003459732692,0.03507499924182021,0.05451003459732692,1.4,35.0,0.04248678510212324,0.049521514809142145,0.25492071061273947,0.14856454442742645,0.0,0.0,1,MAR,1.2113125023668112,0.035074999241820205,0.05451003459732692,0.035074999241820205,0.05451003459732692,1.31,35.0,0.03245860164720791,0.03783291953704268,0.19475160988324747,0.11349875861112804,0.0,0.0,1,BRA,0.9254056264813046,0.0350749992418202,0.054510034597326916,0.0350749992418202,0.054510034597326916
1579,Ross Stewart,FWD,5.4,Scotland,SCO,2.38,35.0,0.22522784792829176,0.08352412405636077,1.126139239641459,0.2505723721690823,0.0,0.0,1,HAI,1.9156923489667055,0.11756994699580867,0.05813328993138338,0.11756994699580867,0.05813328993138338,1.87,35.0,0.14241394669862636,0.05281318567319951,0.7120697334931319,0.15843955701959853,0.0,0.0,1,MAR,1.2113125023668112,0.11756994699580868,0.05813328993138337,0.11756994699580868,0.05813328993138337,1.67,35.0,0.10879989045503011,0.040347655191278364,0.5439994522751506,0.12104296557383509,0.0,0.0,1,BRA,0.9254056264813046,0.11756994699580868,0.05813328993138338,0.11756994699580868,0.05813328993138338
1580,Lawrence Shankland,FWD,5.5,Scotland,SCO,4.04,70.0,0.3442062975506198,0.10620991875429643,1.7210314877530992,0.3186297562628893,0.0,0.0,2,HAI,1.9156923489667055,0.17967723143869072,0.0739227387331335,0.17967723143869072,0.0739227387331335,3.29,70.0,0.21764527683234117,0.06715765322747995,1.088226384161706,0.20147295968243983,0.0,0.0,2,MAR,1.2113125023668112,0.17967723143869074,0.0739227387331335,0.17967723143869074,0.0739227387331335,2.99,70.0,0.16627432092394795,0.051306388761411914,0.8313716046197397,0.15391916628423574,0.0,0.0,2,BRA,0.9254056264813046,0.17967723143869072,0.07392273873313351,0.17967723143869072,0.07392273873313351
1581,Christian Fassnacht,MID,6.1,Switzerland,SUI,1.33,5.0,0.0451883041858317,0.02078402764564525,0.27112982511499023,0.06235208293693575,0.0,0.0,1,QAT,2.699942557480534,0.016736765032512178,0.010263935721180664,0.016736765032512178,0.010263935721180664,1.24,5.0,0.03294523380295723,0.0151529176075521,0.1976714028177434,0.0454587528226563,0.0,0.0,1,BIH,1.9684349836398567,0.016736765032512178,0.010263935721180664,0.016736765032512178,0.010263935721180664,1.19,5.0,0.025259170425834115,0.011617769374076334,0.1515550225550047,0.034853308122229004,0.0,0.0,1,CAN,1.5092026671084076,0.01673676503251218,0.010263935721180662,0.01673676503251218,0.010263935721180662
1582,Zeki Amdouni,FWD,4.9,Switzerland,SUI,1.29,5.0,0.04704984589624451,0.017228018334439495,0.23524922948122254,0.051684055003318484,0.0,0.0,1,QAT,2.699942557480534,0.017426239593833926,0.008507844379482361,0.017426239593833926,0.008507844379482361,1.21,5.0,0.034302419649792706,0.012560353883952604,0.17151209824896352,0.03768106165185781,0.0,0.0,1,BIH,1.9684349836398567,0.017426239593833926,0.00850784437948236,0.017426239593833926,0.00850784437948236,1.16,5.0,0.026299727272684294,0.009630046071643538,0.13149863636342146,0.028890138214930614,0.0,0.0,1,CAN,1.5092026671084076,0.017426239593833926,0.00850784437948236,0.017426239593833926,0.00850784437948236
1583,Cedric Itten,FWD,5.4,Switzerland,SUI,1.29,5.0,0.04704984589624451,0.017228018334439495,0.23524922948122254,0.051684055003318484,0.0,0.0,1,QAT,2.699942557480534,0.017426239593833926,0.008507844379482361,0.017426239593833926,0.008507844379482361,1.21,5.0,0.034302419649792706,0.012560353883952604,0.17151209824896352,0.03768106165185781,0.0,0.0,1,BIH,1.9684349836398567,0.017426239593833926,0.00850784437948236,0.017426239593833926,0.00850784437948236,1.16,5.0,0.026299727272684294,0.009630046071643538,0.13149863636342146,0.028890138214930614,0.0,0.0,1,CAN,1.5092026671084076,0.017426239593833926,0.00850784437948236,0.017426239593833926,0.00850784437948236
1584,Ersin Destanoglu,GK,4.0,Türkiye,TUR,0.59,5.0,0.0,0.0,0.0,0.0,0.0,-0.4080930350267486,1,AUS,1.7082455821080893,0.0,0.0,0.0,0.0,0.48,5.0,0.0,0.0,0.0,0.0,0.0,-0.5230871709143183,1,PAR,1.4282564797159474,0.0,0.0,0.0,0.0,0.54,5.0,0.0,0.0,0.0,0.0,0.0,-0.45925648929639357,1,USA,1.5664726287772088,0.0,0.0,0.0,0.0
1585,Yusuf Akçiçek,DEF,4.0,Türkiye,TUR,0.62,5.0,0.0027845311870667157,0.0028162715755336008,0.01949171830946701,0.008448814726600803,0.0,-0.4080930350267486,1,AUS,1.7082455821080893,0.001630053205599641,0.0021981785328220654,0.001630053205599641,0.0021981785328220654,0.5,5.0,0.002328134053179439,0.002354672049806707,0.016296938372256074,0.007064016149420121,0.0,-0.5230871709143183,1,PAR,1.4282564797159474,0.0016300532055996413,0.0021981785328220654,0.0016300532055996413,0.0021981785328220654,0.57,5.0,0.0025534337300223858,0.0025825398786235563,0.0178740361101567,0.007747619635870669,0.0,-0.45925648929639357,1,USA,1.5664726287772088,0.001630053205599641,0.0021981785328220654,0.001630053205599641,0.0021981785328220654
1586,Çaglar Söyüncü,DEF,4.4,Türkiye,TUR,3.77,80.0,0.04455249899306745,0.04506034520853761,0.31186749295147215,0.13518103562561284,1.727947736140628,-0.4080930350267486,2,AUS,1.7082455821080893,0.026080851289594257,0.035170856525153046,0.026080851289594257,0.035170856525153046,3.31,80.0,0.037250144850871025,0.03767475279690731,0.2607510139560972,0.11302425839072193,1.4598233010746144,-0.5230871709143183,2,PAR,1.4282564797159474,0.02608085128959426,0.035170856525153046,0.02608085128959426,0.035170856525153046,3.55,80.0,0.04085493968035817,0.0413206380579769,0.2859845777625072,0.12396191417393071,1.6004184190123374,-0.45925648929639357,2,USA,1.5664726287772088,0.026080851289594257,0.035170856525153046,0.026080851289594257,0.035170856525153046
1587,Aral Simsir,MID,4.7,Türkiye,TUR,1.07,5.0,0.008225359140124209,0.005868257104014309,0.04935215484074525,0.017604771312042928,0.0,0.0,1,AUS,1.7082455821080893,0.004815091709456415,0.004580338381848265,0.004815091709456415,0.004580338381848265,1.06,5.0,0.006877185934457662,0.004906423479874831,0.041263115606745976,0.014719270439624493,0.0,0.0,1,PAR,1.4282564797159474,0.004815091709456415,0.004580338381848265,0.004815091709456415,0.004580338381848265,1.06,5.0,0.007542709367915536,0.005381231029277248,0.04525625620749321,0.016143693087831746,0.0,0.0,1,USA,1.5664726287772088,0.004815091709456416,0.004580338381848265,0.004815091709456416,0.004580338381848265
1588,Demir Ege Tiknaz,MID,4.4,Türkiye,TUR,1.07,5.0,0.008225359140124209,0.005868257104014309,0.04935215484074525,0.017604771312042928,0.0,0.0,1,AUS,1.7082455821080893,0.004815091709456415,0.004580338381848265,0.004815091709456415,0.004580338381848265,1.06,5.0,0.006877185934457662,0.004906423479874831,0.041263115606745976,0.014719270439624493,0.0,0.0,1,PAR,1.4282564797159474,0.004815091709456415,0.004580338381848265,0.004815091709456415,0.004580338381848265,1.06,5.0,0.007542709367915536,0.005381231029277248,0.04525625620749321,0.016143693087831746,0.0,0.0,1,USA,1.5664726287772088,0.004815091709456416,0.004580338381848265,0.004815091709456416,0.004580338381848265
1589,Can Uzun,MID,5.3,Türkiye,TUR,2.02,35.0,0.13584049661724518,0.06888327985916491,0.8150429797034711,0.20664983957749472,0.0,0.0,1,AUS,1.7082455821080893,0.07952047295776343,0.05376532163028405,0.07952047295776343,0.05376532163028405,1.85,35.0,0.11357563077200238,0.05759300175184889,0.6814537846320142,0.17277900525554665,0.0,0.0,1,PAR,1.4282564797159474,0.07952047295776342,0.05376532163028405,0.07952047295776342,0.05376532163028405,1.94,35.0,0.12456664431575462,0.06316642853343239,0.7473998658945278,0.18949928560029716,0.0,0.0,1,USA,1.5664726287772088,0.07952047295776343,0.05376532163028406,0.07952047295776343,0.05376532163028406
1590,Yusuf Sari,MID,5.0,Türkiye,TUR,1.11,10.0,0.008507067305781355,0.020788371959441228,0.05104240383468813,0.06236511587832368,0.0,0.0,1,AUS,1.7082455821080893,0.004980002521231792,0.016225904266674186,0.004980002521231792,0.016225904266674186,1.09,10.0,0.007112720869951062,0.01738106468109603,0.04267632521970637,0.052143194043288085,0.0,0.0,1,PAR,1.4282564797159474,0.004980002521231792,0.016225904266674182,0.004980002521231792,0.016225904266674182,1.1,10.0,0.007801037640751093,0.019063076183178325,0.046806225844506555,0.057189228549534975,0.0,0.0,1,USA,1.5664726287772088,0.004980002521231792,0.016225904266674182,0.004980002521231792,0.016225904266674182
1591,Aaron Tshibola,MID,4.9,Congo DR,COD,1.09,10.0,0.009588856135458488,0.010373867460820843,0.05753313681275093,0.031121602382462532,0.0,0.0,1,POR,0.8699923622788688,0.01102177047892848,0.01589878702482308,0.01102177047892848,0.01589878702482308,1.09,10.0,0.010081888493059438,0.010907262921071298,0.060491330958356626,0.032721788763213897,0.0,0.0,1,COL,0.9147249538841407,0.01102177047892848,0.01589878702482308,0.01102177047892848,0.01589878702482308,1.14,10.0,0.015565085654969585,0.016839353236709882,0.09339051392981751,0.05051805971012965,0.0,0.0,1,UZB,1.4122128277600279,0.01102177047892848,0.015898787024823082,0.01102177047892848,0.015898787024823082
1592,Karim Hafez,DEF,3.9,Egypt,EGY,2.32,80.0,0.029978708025420957,0.03624130793961267,0.2098509561779467,0.10872392381883803,0.89745475963274,-0.8971214313452718,2,BEL,1.057824892493692,0.02833995327407152,0.04568028627646586,0.02833995327407152,0.04568028627646586,3.88,80.0,0.04931760171535542,0.05962012736151824,0.34522321200748796,0.17886038208455474,1.7554299943147498,-0.3978100733839604,2,NZL,1.7402146446189293,0.028339953274071517,0.04568028627646586,0.028339953274071517,0.04568028627646586,3.38,80.0,0.04063604784542952,0.049124983043506786,0.28445233491800664,0.14737494913052035,1.4660369019934087,-0.5200825177933087,2,IRN,1.4338784348881692,0.02833995327407152,0.04568028627646586,0.02833995327407152,0.04568028627646586
1593,Nabil Emad Dunga,MID,4.3,Egypt,EGY,1.01,5.0,0.0018139911708496496,0.001160163508212759,0.010883947025097897,0.0034804905246382774,0.0,0.0,1,BEL,1.057824892493692,0.0017148312388200553,0.001462325842957261,0.0017148312388200553,0.001462325842957261,1.02,5.0,0.002984174434844681,0.0019085706353392097,0.01790504660906809,0.005725711906017629,0.0,0.0,1,NZL,1.7402146446189293,0.0017148312388200555,0.0014623258429572608,0.0017148312388200555,0.0014623258429572608,1.02,5.0,0.0024588595328166414,0.00157259811824706,0.014753157196899848,0.00471779435474118,0.0,0.0,1,IRN,1.4338784348881692,0.0017148312388200553,0.0014623258429572608,0.0017148312388200553,0.0014623258429572608
1594,Mostafa Zico,MID,4.2,Egypt,EGY,1.05,5.0,0.005534720737087742,0.004719744418094403,0.033208324422526456,0.01415923325428321,0.0,0.0,1,BEL,1.057824892493692,0.0052321710108752684,0.0059489926944564986,0.0052321710108752684,0.0059489926944564986,1.08,5.0,0.00910510061627577,0.007764393155718166,0.054630603697654614,0.0232931794671545,0.0,0.0,1,NZL,1.7402146446189293,0.0052321710108752684,0.005948992694456498,0.0052321710108752684,0.005948992694456498,1.06,5.0,0.007502297180141081,0.006397599250416328,0.045013783080846484,0.019192797751248984,0.0,0.0,1,IRN,1.4338784348881692,0.0052321710108752684,0.0059489926944564986,0.0052321710108752684,0.0059489926944564986
1595,Aqtay Abdallah,FWD,4.3,Egypt,EGY,1.16,10.0,0.026674032448612214,0.010494207369970155,0.13337016224306106,0.031482622109910464,0.0,0.0,1,BEL,1.057824892493692,0.025215924334822056,0.01322740331843437,0.025215924334822056,0.01322740331843437,1.27,10.0,0.04388112080506018,0.017263890723765385,0.2194056040253009,0.051791672171296155,0.0,0.0,1,NZL,1.7402146446189293,0.02521592433482206,0.01322740331843437,0.02521592433482206,0.01322740331843437,1.22,10.0,0.03615657011947315,0.014224866275903438,0.18078285059736576,0.04267459882771031,0.0,0.0,1,IRN,1.4338784348881692,0.02521592433482206,0.01322740331843437,0.02521592433482206,0.01322740331843437
1596,Hamza Abdelkarim,FWD,4.3,Egypt,EGY,1.16,10.0,0.026674032448612214,0.010494207369970155,0.13337016224306106,0.031482622109910464,0.0,0.0,1,BEL,1.057824892493692,0.025215924334822056,0.01322740331843437,0.025215924334822056,0.01322740331843437,1.27,10.0,0.04388112080506018,0.017263890723765385,0.2194056040253009,0.051791672171296155,0.0,0.0,1,NZL,1.7402146446189293,0.02521592433482206,0.01322740331843437,0.02521592433482206,0.01322740331843437,1.22,10.0,0.03615657011947315,0.014224866275903438,0.18078285059736576,0.04267459882771031,0.0,0.0,1,IRN,1.4338784348881692,0.02521592433482206,0.01322740331843437,0.02521592433482206,0.01322740331843437
1597,Mohamed Salah,MID,10.0,Egypt,EGY,3.23,75.0,0.11501039895585177,0.1193621208201637,0.6900623937351107,0.3580863624604911,0.17949095192654801,0.0,2,BEL,1.057824892493692,0.10872347566403823,0.15044975359930282,0.10872347566403823,0.15044975359930282,4.08,75.0,0.1892021845644291,0.1963611483696122,1.1352131073865745,0.5890834451088366,0.35108599886294994,0.0,2,NZL,1.7402146446189293,0.10872347566403824,0.15044975359930282,0.10872347566403824,0.15044975359930282,3.71,75.0,0.1558962471207531,0.16179499291520927,0.9353774827245185,0.4853849787456278,0.29320738039868177,0.0,2,IRN,1.4338784348881692,0.10872347566403823,0.1504497535993028,0.10872347566403823,0.1504497535993028
1598,Manuel Neuer,GK,5.0,Germany,GER,0.85,5.0,0.0,0.0,0.0,0.0,0.0,-0.14921587046153018,1,CUW,2.87384913721385,0.0,0.0,0.0,0.0,0.67,5.0,0.0,0.0,0.0,0.0,0.0,-0.3324715991766532,1,CIV,1.970714605568731,0.0,0.0,0.0,0.0,0.48,5.0,0.0,0.0,0.0,0.0,0.0,-0.5156092777402078,1,ECU,1.4423994069155852,0.0,0.0,0.0,0.0
1599,Nadiem Amiri,MID,6.3,Germany,GER,1.44,10.0,0.0640042389646376,0.01854550506291486,0.3840254337878256,0.05563651518874459,0.0,0.0,1,CUW,2.87384913721385,0.02227125917496444,0.008604258227646296,0.02227125917496444,0.008604258227646296,1.3,10.0,0.04389029574050903,0.012717403019480612,0.2633417744430542,0.038152209058441834,0.0,0.0,1,CIV,1.970714605568731,0.02227125917496444,0.008604258227646298,0.02227125917496444,0.008604258227646298,1.22,10.0,0.032124051025232,0.009308082723379171,0.192744306151392,0.027924248170137514,0.0,0.0,1,ECU,1.4423994069155852,0.022271259174964444,0.008604258227646298,0.022271259174964444,0.008604258227646298
1600,Jamal Musiala,MID,8.0,Germany,GER,4.57,75.0,0.2353717898809748,0.20239276504827666,1.4122307392858486,0.60717829514483,0.5483204253639126,0.0,2,CUW,2.87384913721385,0.08190123372626439,0.09390089986629947,0.08190123372626439,0.09390089986629947,3.77,75.0,0.16140395751844758,0.13878890613192243,0.9684237451106854,0.41636671839576733,0.38944884701872123,0.0,2,CIV,1.970714605568731,0.08190123372626439,0.09390089986629946,0.08190123372626439,0.09390089986629946,3.31,75.0,0.11813429095241847,0.10158195170699257,0.7088057457145108,0.3047458551209777,0.2950714168644252,0.0,2,ECU,1.4423994069155852,0.08190123372626439,0.09390089986629946,0.08190123372626439,0.09390089986629946
1601,Felix Nmecha,MID,5.6,Germany,GER,1.09,5.0,0.00992228713715867,0.011093668288103854,0.05953372282295202,0.03328100486431156,0.0,0.0,1,CUW,2.87384913721385,0.00345261238966015,0.005146949965443203,0.00345261238966015,0.005146949965443203,1.06,5.0,0.006804113663670817,0.007607377103272797,0.0408246819820249,0.02282213130981839,0.0,0.0,1,CIV,1.970714605568731,0.0034526123896601504,0.005146949965443203,0.0034526123896601504,0.005146949965443203,1.05,5.0,0.004980046063155202,0.005567968183184601,0.02988027637893121,0.016703904549553804,0.0,0.0,1,ECU,1.4423994069155852,0.00345261238966015,0.005146949965443203,0.00345261238966015,0.005146949965443203
1602,Aleksandar Pavlovic,MID,5.5,Germany,GER,4.34,80.0,0.2390468936314846,0.11922938839697611,1.4342813617889076,0.35768816519092833,0.5483204253639126,0.0,2,CUW,2.87384913721385,0.083180042590279,0.055316932195249496,0.083180042590279,0.055316932195249496,3.62,80.0,0.16392412482449195,0.081760414659325,0.9835447489469518,0.24528124397797502,0.38944884701872123,0.0,2,CIV,1.970714605568731,0.08318004259027902,0.05531693219524949,0.08318004259027902,0.05531693219524949,3.19,80.0,0.11997884409943156,0.05984183264311313,0.7198730645965894,0.1795254979293394,0.2950714168644252,0.0,2,ECU,1.4423994069155852,0.08318004259027902,0.055316932195249496,0.08318004259027902,0.055316932195249496
1603,Jamie Leweling,MID,6.4,Germany,GER,1.57,15.0,0.05837028058588798,0.07334115151053291,0.3502216835153279,0.22002345453159874,0.0,0.0,1,CUW,2.87384913721385,0.02031083672070449,0.03402690863197083,0.02031083672070449,0.03402690863197083,1.39,15.0,0.04002686257681405,0.050292994367533234,0.2401611754608843,0.1508789831025997,0.0,0.0,1,CIV,1.970714605568731,0.02031083672070449,0.03402690863197083,0.02031083672070449,0.03402690863197083,1.29,15.0,0.02929633883990345,0.036810294622444145,0.1757780330394207,0.11043088386733244,0.0,0.0,1,ECU,1.4423994069155852,0.02031083672070449,0.03402690863197083,0.02031083672070449,0.03402690863197083
1604,Maximilian Beier,FWD,6.5,Germany,GER,1.23,5.0,0.03388141225977832,0.021553229270494165,0.16940706129889158,0.0646596878114825,0.0,0.0,1,CUW,2.87384913721385,0.011789558408283671,0.009999703413515375,0.011789558408283671,0.009999703413515375,1.16,5.0,0.02323385494841027,0.014779921176277685,0.11616927474205134,0.04433976352883305,0.0,0.0,1,CIV,1.970714605568731,0.01178955840828367,0.009999703413515375,0.01178955840828367,0.009999703413515375,1.12,5.0,0.01700525205590502,0.010817674704739747,0.08502626027952509,0.03245302411421924,0.0,0.0,1,ECU,1.4423994069155852,0.011789558408283671,0.009999703413515375,0.011789558408283671,0.009999703413515375
1609,Maya Yoshida,DEF,3.7,Japan,JPN,0.26,5.0,0.0017516279536680759,0.0011814993091628441,0.012261395675676532,0.0035444979274885323,0.0,-0.7605168302758355,1,NED,1.1503434777034498,0.0015226999479886066,0.0013694452507020992,0.0015226999479886066,0.0013694452507020992,0.67,5.0,0.002873224069122993,0.001938032700169018,0.020112568483860952,0.005814098100507054,0.0,-0.3547110339839668,1,TUN,1.886927278692264,0.0015226999479886064,0.0013694452507020992,0.0015226999479886064,0.0013694452507020992,0.56,5.0,0.00237453112996442,0.001601656838008112,0.01662171790975094,0.004804970514024336,0.0,-0.46210280480912486,1,SWE,1.55942156109024,0.0015226999479886064,0.0013694452507020992,0.0015226999479886064,0.0013694452507020992
1610,Ronaldo Dejesús,DEF,3.8,Paraguay,PAR,0.5,5.0,0.001523954640023949,0.0015142267971517702,0.010667682480167643,0.00454268039145531,0.0,-0.5169470782901359,1,USA,1.4398319379250217,0.0010584253619350594,0.0014022255026365192,0.0010584253619350594,0.0014022255026365192,0.35,5.0,0.001303051288973407,0.0012947335360294452,0.009121359022813849,0.0038842006080883357,0.0,-0.6679830058644398,1,TUR,1.2311225106993957,0.0010584253619350594,0.0014022255026365192,0.0010584253619350594,0.0014022255026365192,0.55,5.0,0.0016515936219321887,0.0016410510225523302,0.01156115535352532,0.004923153067656991,0.0,-0.4616955158630877,1,AUS,1.5604252140298993,0.0010584253619350594,0.001402225502636519,0.0010584253619350594,0.001402225502636519
1611,Mateo Gamarra,DEF,3.9,Paraguay,PAR,0.62,25.0,0.012396125988511324,0.017243797107589557,0.08677288191957927,0.051731391322768674,0.0,-0.5169470782901359,1,USA,1.4398319379250217,0.008609425629477073,0.015968342464968543,0.008609425629477073,0.015968342464968543,0.45,25.0,0.010599257696641539,0.014744239400384888,0.07419480387649077,0.04423271820115467,0.0,-0.6679830058644398,1,TUR,1.2311225106993957,0.008609425629477072,0.015968342464968543,0.008609425629477072,0.015968342464968543,0.69,25.0,0.013434364830551262,0.018688053156450952,0.09404055381385884,0.05606415946935286,0.0,-0.4616955158630877,1,AUS,1.5604252140298993,0.008609425629477073,0.015968342464968543,0.008609425629477073,0.015968342464968543
1612,Robert Piris Da Motta,MID,4.7,Paraguay,PAR,1.07,5.0,0.007323501254022039,0.007186170236982282,0.043941007524132235,0.021558510710946846,0.0,0.0,1,USA,1.4398319379250217,0.00508635838747689,0.0066546379918371625,0.00508635838747689,0.0066546379918371625,1.06,5.0,0.006261930308307478,0.006144505974229613,0.03757158184984487,0.01843351792268884,0.0,0.0,1,TUR,1.2311225106993957,0.00508635838747689,0.006654637991837162,0.00508635838747689,0.006654637991837162,1.07,5.0,0.0079368818754114,0.007788048684528003,0.047621291252468397,0.02336414605358401,0.0,0.0,1,AUS,1.5604252140298993,0.00508635838747689,0.0066546379918371625,0.00508635838747689,0.0066546379918371625
1613,Óscar Romero,MID,4.6,Paraguay,PAR,1.07,5.0,0.007323501254022039,0.007186170236982282,0.043941007524132235,0.021558510710946846,0.0,0.0,1,USA,1.4398319379250217,0.00508635838747689,0.0066546379918371625,0.00508635838747689,0.0066546379918371625,1.06,5.0,0.006261930308307478,0.006144505974229613,0.03757158184984487,0.01843351792268884,0.0,0.0,1,TUR,1.2311225106993957,0.00508635838747689,0.006654637991837162,0.00508635838747689,0.006654637991837162,1.07,5.0,0.0079368818754114,0.007788048684528003,0.047621291252468397,0.02336414605358401,0.0,0.0,1,AUS,1.5604252140298993,0.00508635838747689,0.0066546379918371625,0.00508635838747689,0.0066546379918371625
1614,Mathías Villasanti,MID,4.6,Paraguay,PAR,1.02,5.0,0.0026488920749041626,0.00194941484230651,0.015893352449424976,0.0058482445269195295,0.0,0.0,1,USA,1.4398319379250217,0.0018397230990177562,0.0018052244302121918,0.0018397230990177562,0.0018052244302121918,1.02,5.0,0.002264924520654413,0.0016668393246740396,0.013589547123926477,0.005000517974022119,0.0,0.0,1,TUR,1.2311225106993957,0.0018397230990177562,0.0018052244302121916,0.0018397230990177562,0.0018052244302121916,1.02,5.0,0.002870750310540532,0.0021126882884143967,0.017224501863243192,0.0063380648652431905,0.0,0.0,1,AUS,1.5604252140298993,0.0018397230990177564,0.0018052244302121916,0.0018397230990177564,0.0018052244302121916
1615,Hugo Cuenca,MID,4.8,Paraguay,PAR,1.07,5.0,0.007323501254022039,0.007186170236982282,0.043941007524132235,0.021558510710946846,0.0,0.0,1,USA,1.4398319379250217,0.00508635838747689,0.0066546379918371625,0.00508635838747689,0.0066546379918371625,1.06,5.0,0.006261930308307478,0.006144505974229613,0.03757158184984487,0.01843351792268884,0.0,0.0,1,TUR,1.2311225106993957,0.00508635838747689,0.006654637991837162,0.00508635838747689,0.006654637991837162,1.07,5.0,0.0079368818754114,0.007788048684528003,0.047621291252468397,0.02336414605358401,0.0,0.0,1,AUS,1.5604252140298993,0.00508635838747689,0.0066546379918371625,0.00508635838747689,0.0066546379918371625
1616,Andrés Cubas,MID,4.7,Paraguay,PAR,1.02,5.0,0.0024990750742778143,0.0018391591292037358,0.014994450445666885,0.005517477387611207,0.0,0.0,1,USA,1.4398319379250217,0.0017356713713958135,0.0017031238908379771,0.0017356713713958135,0.0017031238908379771,1.02,5.0,0.0021368240965018775,0.0015725656203904306,0.012820944579011265,0.004717696861171292,0.0,0.0,1,TUR,1.2311225106993957,0.0017356713713958137,0.0017031238908379774,0.0017356713713958137,0.0017031238908379774,1.02,5.0,0.002708385371195881,0.0019931980964102143,0.01625031222717529,0.0059795942892306424,0.0,0.0,1,AUS,1.5604252140298993,0.0017356713713958135,0.0017031238908379774,0.0017356713713958135,0.0017031238908379774
1617,Álvaro Campuzano,MID,4.6,Paraguay,PAR,1.07,5.0,0.007323501254022039,0.007186170236982282,0.043941007524132235,0.021558510710946846,0.0,0.0,1,USA,1.4398319379250217,0.00508635838747689,0.0066546379918371625,0.00508635838747689,0.0066546379918371625,1.06,5.0,0.006261930308307478,0.006144505974229613,0.03757158184984487,0.01843351792268884,0.0,0.0,1,TUR,1.2311225106993957,0.00508635838747689,0.006654637991837162,0.00508635838747689,0.006654637991837162,1.07,5.0,0.0079368818754114,0.007788048684528003,0.047621291252468397,0.02336414605358401,0.0,0.0,1,AUS,1.5604252140298993,0.00508635838747689,0.0066546379918371625,0.00508635838747689,0.0066546379918371625
1618,Ángel Romero,MID,4.9,Paraguay,PAR,1.03,5.0,0.0026488920749041626,0.00443390499140542,0.015893352449424976,0.01330171497421626,0.0,0.0,1,USA,1.4398319379250217,0.0018397230990177562,0.004105946788757613,0.0018397230990177562,0.004105946788757613,1.02,5.0,0.002264924520654413,0.0037911926395300453,0.013589547123926477,0.011373577918590136,0.0,0.0,1,TUR,1.2311225106993957,0.0018397230990177562,0.004105946788757613,0.0018397230990177562,0.004105946788757613,1.03,5.0,0.002870750310540532,0.004805267172481856,0.017224501863243192,0.014415801517445568,0.0,0.0,1,AUS,1.5604252140298993,0.0018397230990177564,0.004105946788757612,0.0018397230990177564,0.004105946788757612
1619,Rodney Redes,MID,4.8,Paraguay,PAR,1.07,5.0,0.007323501254022039,0.007186170236982282,0.043941007524132235,0.021558510710946846,0.0,0.0,1,USA,1.4398319379250217,0.00508635838747689,0.0066546379918371625,0.00508635838747689,0.0066546379918371625,1.06,5.0,0.006261930308307478,0.006144505974229613,0.03757158184984487,0.01843351792268884,0.0,0.0,1,TUR,1.2311225106993957,0.00508635838747689,0.006654637991837162,0.00508635838747689,0.006654637991837162,1.07,5.0,0.0079368818754114,0.007788048684528003,0.047621291252468397,0.02336414605358401,0.0,0.0,1,AUS,1.5604252140298993,0.00508635838747689,0.0066546379918371625,0.00508635838747689,0.0066546379918371625
1620,Enso González,MID,5.0,Paraguay,PAR,1.07,5.0,0.007323501254022039,0.007186170236982282,0.043941007524132235,0.021558510710946846,0.0,0.0,1,USA,1.4398319379250217,0.00508635838747689,0.0066546379918371625,0.00508635838747689,0.0066546379918371625,1.06,5.0,0.006261930308307478,0.006144505974229613,0.03757158184984487,0.01843351792268884,0.0,0.0,1,TUR,1.2311225106993957,0.00508635838747689,0.006654637991837162,0.00508635838747689,0.006654637991837162,1.07,5.0,0.0079368818754114,0.007788048684528003,0.047621291252468397,0.02336414605358401,0.0,0.0,1,AUS,1.5604252140298993,0.00508635838747689,0.0066546379918371625,0.00508635838747689,0.0066546379918371625
1621,Diego González,MID,5.0,Paraguay,PAR,1.05,5.0,0.005631422813256409,0.004004257983482337,0.03378853687953845,0.01201277395044701,0.0,0.0,1,USA,1.4398319379250217,0.003911166758373199,0.003708079050071149,0.003911166758373199,0.003708079050071149,1.04,5.0,0.00481512543933243,0.003423824692496568,0.02889075263599458,0.010271474077489705,0.0,0.0,1,TUR,1.2311225106993957,0.003911166758373199,0.00370807905007115,0.003911166758373199,0.00370807905007115,1.05,5.0,0.006103083226041126,0.004339635034010294,0.03661849935624676,0.013018905102030883,0.0,0.0,1,AUS,1.5604252140298993,0.003911166758373199,0.003708079050071149,0.003911166758373199,0.003708079050071149
1665,Munir El Kajoui,GK,4.0,Morocco,MAR,1.88,90.0,0.0,0.0,0.0,0.0,0.8334927815663609,-0.9582667059644514,2,BRA,1.0222325785401172,0.0,0.0,0.0,0.0,2.98,90.0,0.0,0.0,0.0,0.0,1.4890307576457755,-0.5091186538959663,2,SCO,1.4550912061416108,0.0,0.0,0.0,0.0,3.8,90.0,0.0,0.0,0.0,0.0,2.0928172945122876,-0.2894902252748383,2,HAI,2.1487229716307814,0.0,0.0,0.0,0.0
1666,Ibrahim Gomis,GK,3.5,Morocco,MAR,0.04,5.0,0.0,0.0,0.0,0.0,0.0,-0.9582667059644514,1,BRA,1.0222325785401172,0.0,0.0,0.0,0.0,0.49,5.0,0.0,0.0,0.0,0.0,0.0,-0.5091186538959663,1,SCO,1.4550912061416108,0.0,0.0,0.0,0.0,0.71,5.0,0.0,0.0,0.0,0.0,0.0,-0.2894902252748383,1,HAI,2.1487229716307814,0.0,0.0,0.0,0.0
1667,Yanis Benchaouch,GK,3.5,Morocco,MAR,0.04,5.0,0.0,0.0,0.0,0.0,0.0,-0.9582667059644514,1,BRA,1.0222325785401172,0.0,0.0,0.0,0.0,0.49,5.0,0.0,0.0,0.0,0.0,0.0,-0.5091186538959663,1,SCO,1.4550912061416108,0.0,0.0,0.0,0.0,0.71,5.0,0.0,0.0,0.0,0.0,0.0,-0.2894902252748383,1,HAI,2.1487229716307814,0.0,0.0,0.0,0.0
1668,Youssef Belammari,DEF,3.6,Morocco,MAR,0.13,25.0,0.007757988304936657,0.010530270717834838,0.0543059181345566,0.03159081215350451,0.0,-0.9582667059644514,1,BRA,1.0222325785401172,0.00758925949710592,0.013734996567184937,0.00758925949710592,0.013734996567184937,0.61,25.0,0.011043064755365527,0.01498925454097201,0.07730145328755869,0.04496776362291603,0.0,-0.5091186538959663,1,SCO,1.4550912061416108,0.00758925949710592,0.013734996567184937,0.00758925949710592,0.013734996567184937,0.89,25.0,0.01630721621909856,0.02213452697938515,0.11415051353368993,0.06640358093815546,0.0,-0.2894902252748383,1,HAI,2.1487229716307814,0.00758925949710592,0.013734996567184937,0.00758925949710592,0.013734996567184937
1669,Soufiane Bouftini,DEF,4.0,Morocco,MAR,2.15,80.0,0.0248255625757973,0.03369686629707148,0.17377893803058111,0.10109059889121444,0.8334927815663609,-0.9582667059644514,2,BRA,1.0222325785401172,0.02428563039073894,0.043951989014991796,0.02428563039073894,0.043951989014991796,3.37,80.0,0.03533780721716969,0.04796561453111043,0.24736465052018783,0.1438968435933313,1.4890307576457755,-0.5091186538959663,2,SCO,1.4550912061416108,0.024285630390738944,0.043951989014991796,0.024285630390738944,0.043951989014991796,4.38,80.0,0.05218309190111539,0.07083048633403247,0.36528164330780777,0.2124914590020974,2.0928172945122876,-0.2894902252748383,2,HAI,2.1487229716307814,0.02428563039073894,0.04395198901499179,0.02428563039073894,0.04395198901499179
1670,Mohamed Chibi,DEF,3.8,Morocco,MAR,2.15,80.0,0.0248255625757973,0.03369686629707148,0.17377893803058111,0.10109059889121444,0.8334927815663609,-0.9582667059644514,2,BRA,1.0222325785401172,0.02428563039073894,0.043951989014991796,0.02428563039073894,0.043951989014991796,3.37,80.0,0.03533780721716969,0.04796561453111043,0.24736465052018783,0.1438968435933313,1.4890307576457755,-0.5091186538959663,2,SCO,1.4550912061416108,0.024285630390738944,0.043951989014991796,0.024285630390738944,0.043951989014991796,4.38,80.0,0.05218309190111539,0.07083048633403247,0.36528164330780777,0.2124914590020974,2.0928172945122876,-0.2894902252748383,2,HAI,2.1487229716307814,0.02428563039073894,0.04395198901499179,0.02428563039073894,0.04395198901499179
1671,Sofiane Boufal,MID,6.3,Morocco,MAR,2.8,75.0,0.04514385543784439,0.12081452112869548,0.27086313262706635,0.3624435633860864,0.16669855631327218,0.0,2,BRA,1.0222325785401172,0.04416201986275546,0.15758256149656866,0.04416201986275546,0.15758256149656866,3.2,75.0,0.06425976674774662,0.17197274960619496,0.3855586004864797,0.515918248818585,0.2978061515291551,0.0,2,SCO,1.4550912061416108,0.04416201986275547,0.15758256149656863,0.04416201986275547,0.15758256149656863,3.75,75.0,0.09489194655271752,0.25395095236207305,0.5693516793163051,0.7618528570862191,0.41856345890245755,0.0,2,HAI,2.1487229716307814,0.04416201986275547,0.15758256149656868,0.04416201986275547,0.15758256149656868
1672,Imrân Louza,MID,5.7,Morocco,MAR,2.78,75.0,0.06152442555053209,0.08148211948435925,0.36914655330319257,0.24444635845307777,0.16669855631327218,0.0,2,BRA,1.0222325785401172,0.06018632828000559,0.10627994867303284,0.06018632828000559,0.10627994867303284,3.17,75.0,0.08757659701018827,0.11598526402748388,0.5254595820611296,0.34795579208245164,0.2978061515291551,0.0,2,SCO,1.4550912061416108,0.06018632828000559,0.10627994867303284,0.06018632828000559,0.10627994867303284,3.71,75.0,0.12932374615335934,0.17127462535311455,0.775942476920156,0.5138238760593437,0.41856345890245755,0.0,2,HAI,2.1487229716307814,0.060186328280005585,0.10627994867303285,0.060186328280005585,0.10627994867303285
1673,Soufiane El-Faouzi,MID,4.9,Morocco,MAR,1.08,10.0,0.009166676287825472,0.008776758105854182,0.055000057726952836,0.026330274317562546,0.0,0.0,1,BRA,1.0222325785401172,0.0089673098669157,0.011447829375435675,0.0089673098669157,0.011447829375435675,1.12,10.0,0.013048253730095934,0.012493226890204543,0.0782895223805756,0.03747968067061363,0.0,0.0,1,SCO,1.4550912061416108,0.0089673098669157,0.011447829375435674,0.0089673098669157,0.011447829375435674,1.17,10.0,0.019268264704773132,0.01844866046573122,0.11560958822863879,0.055345981397193655,0.0,0.0,1,HAI,2.1487229716307814,0.0089673098669157,0.011447829375435674,0.0089673098669157,0.011447829375435674
1674,Ayyoub Bouaddi,MID,5.5,Morocco,MAR,2.41,75.0,0.02558490171738012,0.03008012187966208,0.15350941030428072,0.09024036563898624,0.16669855631327218,0.0,2,BRA,1.0222325785401172,0.02502845463399213,0.03923454408991798,0.02502845463399213,0.03923454408991798,2.64,75.0,0.0364186842412362,0.04281738006166122,0.21851210544741717,0.12845214018498366,0.2978061515291551,0.0,2,SCO,1.4550912061416108,0.02502845463399213,0.03923454408991798,0.02502845463399213,0.03923454408991798,2.93,75.0,0.053779215416477774,0.0632281246256006,0.3226752924988666,0.1896843738768018,0.41856345890245755,0.0,2,HAI,2.1487229716307814,0.02502845463399213,0.03923454408991797,0.02502845463399213,0.03923454408991797
1675,Marwane Saadane,MID,4.7,Morocco,MAR,1.01,5.0,0.0015021778552192775,0.0017661077407708028,0.009013067131315665,0.005298323222312409,0.0,0.0,1,BRA,1.0222325785401172,0.0014695069270484272,0.0023035954541682836,0.0014695069270484272,0.0023035954541682836,1.02,5.0,0.002138266606912348,0.0025139561159010448,0.012829599641474086,0.007541868347703134,0.0,0.0,1,SCO,1.4550912061416108,0.0014695069270484272,0.0023035954541682836,0.0014695069270484272,0.0023035954541682836,1.03,5.0,0.0031575632911195143,0.0037123413522867255,0.018945379746717086,0.011137024056860177,0.0,0.0,1,HAI,2.1487229716307814,0.0014695069270484272,0.0023035954541682836,0.0014695069270484272,0.0023035954541682836
1676,Ayoube Amaimouni-Echghouyab,FWD,4.3,Morocco,MAR,1.14,10.0,0.02208893929452691,0.009757426614647886,0.11044469647263455,0.029272279843943656,0.0,0.0,1,BRA,1.0222325785401172,0.021608526042158457,0.012726949253998246,0.021608526042158457,0.012726949253998246,1.2,10.0,0.03144237622162675,0.013889153955377535,0.15721188110813378,0.041667461866132606,0.0,0.0,1,SCO,1.4550912061416108,0.021608526042158453,0.012726949253998246,0.021608526042158453,0.012726949253998246,1.29,10.0,0.046430736289867845,0.02051001616563395,0.23215368144933923,0.06153004849690185,0.0,0.0,1,HAI,2.1487229716307814,0.021608526042158457,0.012726949253998246,0.021608526042158457,0.012726949253998246
1677,Soufiane Benjdida,FWD,4.7,Morocco,MAR,1.49,35.0,0.0773112875308442,0.03415099315126761,0.386556437654221,0.10245297945380283,0.0,0.0,1,BRA,1.0222325785401172,0.0756298411475546,0.04454432238899387,0.0756298411475546,0.04454432238899387,1.7,35.0,0.11004831677569366,0.04861203884382138,0.5502415838784682,0.14583611653146414,0.0,0.0,1,SCO,1.4550912061416108,0.07562984114755461,0.04454432238899386,0.07562984114755461,0.04454432238899386,2.03,35.0,0.1625075770145375,0.07178505657971883,0.8125378850726874,0.21535516973915647,0.0,0.0,1,HAI,2.1487229716307814,0.07562984114755461,0.04454432238899386,0.07562984114755461,0.04454432238899386
1678,Othmane Maamma,MID,4.7,Morocco,MAR,1.03,5.0,0.004652685051854401,0.00227791849314482,0.027916110311126407,0.0068337554794344595,0.0,0.0,1,BRA,1.0222325785401172,0.004551493612636616,0.0029711679330979486,0.004551493612636616,0.0029711679330979486,1.05,5.0,0.006622838330557251,0.003242490248565578,0.039737029983343504,0.009727470745696734,0.0,0.0,1,SCO,1.4550912061416108,0.004551493612636616,0.0029711679330979486,0.004551493612636616,0.0029711679330979486,1.07,5.0,0.00977989888070307,0.004788162592815233,0.05867939328421842,0.014364487778445699,0.0,0.0,1,HAI,2.1487229716307814,0.004551493612636616,0.0029711679330979486,0.004551493612636616,0.0029711679330979486
1679,Tawfik Bentayeb,FWD,4.7,Morocco,MAR,1.14,10.0,0.02208893929452691,0.009757426614647886,0.11044469647263455,0.029272279843943656,0.0,0.0,1,BRA,1.0222325785401172,0.021608526042158457,0.012726949253998246,0.021608526042158457,0.012726949253998246,1.2,10.0,0.03144237622162675,0.013889153955377535,0.15721188110813378,0.041667461866132606,0.0,0.0,1,SCO,1.4550912061416108,0.021608526042158453,0.012726949253998246,0.021608526042158453,0.012726949253998246,1.29,10.0,0.046430736289867845,0.02051001616563395,0.23215368144933923,0.06153004849690185,0.0,0.0,1,HAI,2.1487229716307814,0.021608526042158457,0.012726949253998246,0.021608526042158457,0.012726949253998246
1680,Yanis Begraoui,MID,5.0,Morocco,MAR,1.49,35.0,0.07509241098218102,0.012063857037436353,0.4505544658930861,0.03619157111230906,0.0,0.0,1,BRA,1.0222325785401172,0.07345922303652548,0.015735306283774977,0.07345922303652548,0.015735306283774977,1.69,35.0,0.10688986945044344,0.01717222934959935,0.6413392167026607,0.051516688048798054,0.0,0.0,1,SCO,1.4550912061416108,0.07345922303652547,0.015735306283774977,0.07345922303652547,0.015735306283774977,2.02,35.0,0.15784352001673138,0.02535811055819511,0.9470611201003882,0.07607433167458533,0.0,0.0,1,HAI,2.1487229716307814,0.07345922303652548,0.01573530628377498,0.07345922303652548,0.01573530628377498
1681,Sander Tangvik,GK,3.5,Norway,NOR,0.77,5.0,0.0,0.0,0.0,0.0,0.0,-0.2273690358448135,1,IRQ,2.447114685776741,0.0,0.0,0.0,0.0,0.46,5.0,0.0,0.0,0.0,0.0,0.0,-0.5373111204064824,1,SEN,1.4027140579381903,0.0,0.0,0.0,0.0,0.2,5.0,0.0,0.0,0.0,0.0,0.0,-0.7950782740957585,1,FRA,1.1246915599982752,0.0,0.0,0.0,0.0
1682,Thelo Aasgaard,MID,5.5,Norway,NOR,1.25,10.0,0.030733682909775403,0.020274220550665932,0.1844020974586524,0.060822661651997796,0.0,0.0,1,IRQ,2.447114685776741,0.012559151023206006,0.01104659876575185,0.012559151023206006,0.01104659876575185,1.14,10.0,0.01761689769601987,0.011621414535842084,0.10570138617611921,0.034864243607526255,0.0,0.0,1,SEN,1.4027140579381903,0.012559151023206006,0.011046598765751849,0.012559151023206006,0.011046598765751849,1.11,10.0,0.014125171156543496,0.009318012298896353,0.08475102693926098,0.027954036896689058,0.0,0.0,1,FRA,1.1246915599982752,0.012559151023206004,0.01104659876575185,0.012559151023206004,0.01104659876575185
1683,Fredrik Aursnes,MID,6.5,Norway,NOR,3.56,75.0,0.1259770911190703,0.11372700260732327,0.7558625467144218,0.3411810078219698,0.46792782869215954,0.0,2,IRQ,2.447114685776741,0.05147984761453212,0.06196522147399891,0.05147984761453212,0.06196522147399891,2.92,75.0,0.07221150594942001,0.06518961544862377,0.4332690356965201,0.1955688463458713,0.28618127294291185,0.0,2,SEN,1.4027140579381903,0.051479847614532115,0.06196522147399891,0.051479847614532115,0.06196522147399891,2.71,75.0,0.05789895012206161,0.052268821203922844,0.34739370073236964,0.15680646361176853,0.2036306094116665,0.0,2,FRA,1.1246915599982752,0.051479847614532115,0.06196522147399891,0.051479847614532115,0.06196522147399891
1684,Martin Ødegaard,MID,7.7,Norway,NOR,4.1,75.0,0.11231338455886405,0.3180727312942613,0.6738803073531843,0.9542181938827838,0.46792782869215954,0.0,2,IRQ,2.447114685776741,0.0458962488401783,0.17330490373989235,0.0458962488401783,0.17330490373989235,3.22,75.0,0.06437931345474747,0.18232291858917885,0.38627588072848484,0.5469687557675366,0.28618127294291185,0.0,2,SEN,1.4027140579381903,0.0458962488401783,0.17330490373989232,0.0458962488401783,0.17330490373989232,2.95,75.0,0.051619123706129165,0.14618592190692783,0.309714742236775,0.43855776572078353,0.2036306094116665,0.0,2,FRA,1.1246915599982752,0.0458962488401783,0.17330490373989235,0.0458962488401783,0.17330490373989235
1685,Lorenzo Melgarejo,MID,5.5,Paraguay,PAR,1.46,35.0,0.05126450877815428,0.05030319165887598,0.30758705266892566,0.15090957497662794,0.0,0.0,1,USA,1.4398319379250217,0.03560450871233823,0.04658246594286014,0.03560450871233823,0.04658246594286014,1.39,35.0,0.04383351215815235,0.0430115418196073,0.2630010729489141,0.12903462545882188,0.0,0.0,1,TUR,1.2311225106993957,0.03560450871233823,0.046582465942860134,0.03560450871233823,0.046582465942860134,1.5,35.0,0.05555817312787979,0.054516340791696025,0.3333490387672787,0.16354902237508806,0.0,0.0,1,AUS,1.5604252140298993,0.03560450871233823,0.04658246594286014,0.03560450871233823,0.04658246594286014
1686,Rubén Lezcano,MID,5.0,Paraguay,PAR,1.07,5.0,0.007323501254022039,0.007186170236982282,0.043941007524132235,0.021558510710946846,0.0,0.0,1,USA,1.4398319379250217,0.00508635838747689,0.0066546379918371625,0.00508635838747689,0.0066546379918371625,1.06,5.0,0.006261930308307478,0.006144505974229613,0.03757158184984487,0.01843351792268884,0.0,0.0,1,TUR,1.2311225106993957,0.00508635838747689,0.006654637991837162,0.00508635838747689,0.006654637991837162,1.07,5.0,0.0079368818754114,0.007788048684528003,0.047621291252468397,0.02336414605358401,0.0,0.0,1,AUS,1.5604252140298993,0.00508635838747689,0.0066546379918371625,0.00508635838747689,0.0066546379918371625
1687,Carlos González,FWD,5.7,Paraguay,PAR,1.79,35.0,0.12353208369191969,0.05592380411699644,0.6176604184595984,0.16777141235098933,0.0,0.0,1,USA,1.4398319379250217,0.08579618248359243,0.05178734419758244,0.08579618248359243,0.05178734419758244,1.67,35.0,0.1056256115876238,0.04781742390823611,0.528128057938119,0.1434522717247083,0.0,0.0,1,TUR,1.2311225106993957,0.08579618248359241,0.05178734419758244,0.08579618248359241,0.05178734419758244,1.85,35.0,0.133878526414908,0.06060770824016449,0.66939263207454,0.18182312472049347,0.0,0.0,1,AUS,1.5604252140298993,0.08579618248359241,0.05178734419758244,0.08579618248359241,0.05178734419758244
1688,Isidro Pitta,FWD,5.9,Paraguay,PAR,3.74,70.0,0.2882818639195946,0.09973118475864025,1.441409319597973,0.29919355427592076,0.0,0.0,2,USA,1.4398319379250217,0.2002191063597637,0.09235446826047897,0.2002191063597637,0.09235446826047897,3.49,70.0,0.24649424891162158,0.0852747486293614,1.2324712445581079,0.25582424588808417,0.0,0.0,2,TUR,1.2311225106993957,0.20021910635976367,0.09235446826047897,0.20021910635976367,0.09235446826047897,3.89,70.0,0.31242694189430936,0.10808418067648158,1.5621347094715468,0.32425254202944476,0.0,0.0,2,AUS,1.5604252140298993,0.20021910635976364,0.09235446826047897,0.20021910635976364,0.09235446826047897
1689,Adrián Alcaraz,FWD,4.5,Paraguay,PAR,1.11,5.0,0.017647440527417096,0.007989114873856635,0.08823720263708548,0.023967344621569905,0.0,0.0,1,USA,1.4398319379250217,0.01225659749765606,0.0073981920282260635,0.01225659749765606,0.0073981920282260635,1.1,5.0,0.01508937308394626,0.006831060558319445,0.0754468654197313,0.020493181674958335,0.0,0.0,1,TUR,1.2311225106993957,0.01225659749765606,0.007398192028226064,0.01225659749765606,0.007398192028226064,1.12,5.0,0.019125503773558285,0.008658244034309212,0.09562751886779143,0.02597473210292764,0.0,0.0,1,AUS,1.5604252140298993,0.01225659749765606,0.0073981920282260635,0.01225659749765606,0.0073981920282260635
1690,Adam Bareiro,FWD,5.7,Paraguay,PAR,1.22,10.0,0.03529488105483419,0.01597822974771327,0.17647440527417096,0.04793468924313981,0.0,0.0,1,USA,1.4398319379250217,0.02451319499531212,0.014796384056452127,0.02451319499531212,0.014796384056452127,1.19,10.0,0.03017874616789252,0.01366212111663889,0.1508937308394626,0.04098636334991667,0.0,0.0,1,TUR,1.2311225106993957,0.02451319499531212,0.014796384056452129,0.02451319499531212,0.014796384056452129,1.24,10.0,0.03825100754711657,0.017316488068618425,0.19125503773558286,0.05194946420585528,0.0,0.0,1,AUS,1.5604252140298993,0.02451319499531212,0.014796384056452127,0.02451319499531212,0.014796384056452127
1691,Ronaldo Martínez,MID,5.0,Paraguay,PAR,1.2,10.0,0.02786902496775397,0.00981806790768924,0.16721414980652383,0.02945420372306772,0.0,0.0,1,USA,1.4398319379250217,0.019355748565986618,0.009091864727711028,0.019355748565986618,0.009091864727711028,1.17,10.0,0.02382929777102367,0.00839489949788916,0.14297578662614202,0.02518469849366748,0.0,0.0,1,TUR,1.2311225106993957,0.019355748565986618,0.009091864727711028,0.019355748565986618,0.009091864727711028,1.21,10.0,0.030203198098788585,0.010640381222752033,0.1812191885927315,0.0319211436682561,0.0,0.0,1,AUS,1.5604252140298993,0.019355748565986618,0.00909186472771103,0.019355748565986618,0.00909186472771103
1692,Robert Morales,FWD,5.3,Paraguay,PAR,1.1,5.0,0.017312191169198618,0.005672448145627334,0.08656095584599309,0.017017344436882003,0.0,0.0,1,USA,1.4398319379250217,0.012023758268723816,0.005252879863930086,0.012023758268723816,0.005252879863930086,1.09,5.0,0.014802719467833885,0.00485020398486293,0.07401359733916943,0.01455061195458879,0.0,0.0,1,TUR,1.2311225106993957,0.012023758268723816,0.005252879863930085,0.012023758268723816,0.005252879863930085,1.11,5.0,0.018762175569917137,0.00614754463945984,0.09381087784958568,0.018442633918379518,0.0,0.0,1,AUS,1.5604252140298993,0.012023758268723818,0.005252879863930086,0.012023758268723818,0.005252879863930086
1693,Ilay Camara,DEF,3.8,Senegal,SEN,0.13,5.0,0.0017033764435021664,0.0026287946864118703,0.011923635104515164,0.007886384059235611,0.0,-0.8887913948626047,1,FRA,1.0628935020959411,0.0016025843042066247,0.00329765830252118,0.0016025843042066247,0.00329765830252118,0.37,5.0,0.002005041056069546,0.0030943490467652255,0.014035287392486823,0.009283047140295677,0.0,-0.6486426508414131,1,NOR,1.2511298474635704,0.0016025843042066245,0.00329765830252118,0.0016025843042066245,0.00329765830252118,0.79,5.0,0.0036794503630172186,0.005678439196522556,0.02575615254112053,0.017035317589567667,0.0,-0.2574777240328733,1,IRQ,2.295948084203138,0.0016025843042066247,0.0032976583025211797,0.0016025843042066247,0.0032976583025211797
1694,Moustapha Mbow,DEF,3.7,Senegal,SEN,0.12,5.0,0.0011093262257193108,0.001744776020090036,0.007765283580035176,0.005234328060270108,0.0,-0.8887913948626047,1,FRA,1.0628935020959411,0.0010436852079082316,0.0021887122484042874,0.0010436852079082316,0.0021887122484042874,0.37,5.0,0.0013057857149702105,0.0020537724161157787,0.009140500004791474,0.006161317248347336,0.0,-0.6486426508414131,1,NOR,1.2511298474635704,0.0010436852079082316,0.002188712248404288,0.0010436852079082316,0.002188712248404288,0.77,5.0,0.002396247053608058,0.003768877270196825,0.016773729375256403,0.011306631810590474,0.0,-0.2574777240328733,1,IRQ,2.295948084203138,0.0010436852079082316,0.0021887122484042874,0.0010436852079082316,0.0021887122484042874
1695,Bara Sapoko Ndiaye,MID,4.5,Senegal,SEN,1.05,5.0,0.005031684710054252,0.005477612041235287,0.03019010826032551,0.01643283612370586,0.0,0.0,1,FRA,1.0628935020959411,0.00473395001487183,0.006871321263367557,0.00473395001487183,0.006871321263367557,1.05,5.0,0.005922786160006759,0.00644768634308268,0.03553671696004056,0.019343059029248037,0.0,0.0,1,NOR,1.2511298474635704,0.004733950014871829,0.006871321263367557,0.004733950014871829,0.006871321263367557,1.1,5.0,0.010868903467358394,0.011832147667929772,0.06521342080415037,0.03549644300378932,0.0,0.0,1,IRQ,2.295948084203138,0.00473395001487183,0.0068713212633675575,0.00473395001487183,0.0068713212633675575
1696,Sadio Mané,MID,7.6,Senegal,SEN,3.29,85.0,0.12805130163385067,0.11405386243022665,0.768307809803104,0.34216158729067997,0.1813245310862299,0.0,2,FRA,1.0628935020959411,0.1204742538940578,0.1430734276517469,0.1204742538940578,0.1430734276517469,3.55,85.0,0.15072893489776,0.13425257678551522,0.90437360938656,0.40275773035654566,0.24592859290322286,0.0,2,NOR,1.2511298474635704,0.1204742538940578,0.1430734276517469,0.1204742538940578,0.1430734276517469,4.84,85.0,0.27660263242386446,0.24636687158805343,1.6596157945431869,0.7391006147641603,0.44276770132815135,0.0,2,IRQ,2.295948084203138,0.12047425389405782,0.1430734276517469,0.12047425389405782,0.1430734276517469
1697,Brandon Petersen,GK,3.6,South Africa,RSA,-0.04,5.0,0.0,0.0,0.0,0.0,0.0,-1.0377186117415134,1,MEX,0.9794255247023571,0.0,0.0,0.0,0.0,0.22,5.0,0.0,0.0,0.0,0.0,0.0,-0.7795382694903654,1,CZE,1.1359915543499224,0.0,0.0,0.0,0.0,0.25,5.0,0.0,0.0,0.0,0.0,0.0,-0.7507475166386091,1,KOR,1.15795906938365,0.0,0.0,0.0,0.0
1698,Sipho Chaine,GK,3.7,South Africa,RSA,-0.04,5.0,0.0,0.0,0.0,0.0,0.0,-1.0377186117415134,1,MEX,0.9794255247023571,0.0,0.0,0.0,0.0,0.22,5.0,0.0,0.0,0.0,0.0,0.0,-0.7795382694903654,1,CZE,1.1359915543499224,0.0,0.0,0.0,0.0,0.25,5.0,0.0,0.0,0.0,0.0,0.0,-0.7507475166386091,1,KOR,1.15795906938365,0.0,0.0,0.0,0.0
1699,Thabiso Monyane,DEF,3.6,South Africa,RSA,0.06,25.0,0.008833335155750782,0.011019005991723552,0.06183334609025547,0.03305701797517066,0.0,-1.0377186117415134,1,MEX,0.9794255247023571,0.009018894171085843,0.015000638250090093,0.009018894171085843,0.015000638250090093,0.33,25.0,0.010245387607929262,0.012780448771470559,0.07171771325550484,0.038341346314411676,0.0,-0.7795382694903654,1,CZE,1.1359915543499224,0.009018894171085843,0.015000638250090093,0.009018894171085843,0.015000638250090093,0.36,25.0,0.010443510301220189,0.01302759383117633,0.07310457210854132,0.03908278149352899,0.0,-0.7507475166386091,1,KOR,1.15795906938365,0.009018894171085845,0.015000638250090093,0.009018894171085845,0.015000638250090093
1700,Olwethu Makhanya,DEF,3.5,South Africa,RSA,-0.03,5.0,0.0013575312893961272,0.0009400327200773953,0.00950271902577289,0.002820098160232186,0.0,-1.0377186117415134,1,MEX,0.9794255247023571,0.001386048510231214,0.001279706244621396,0.001386048510231214,0.001279706244621396,0.23,5.0,0.0015745394015419512,0.0010903016144540713,0.011021775810793659,0.003270904843362214,0.0,-0.7795382694903654,1,CZE,1.1359915543499224,0.001386048510231214,0.001279706244621396,0.001386048510231214,0.001279706244621396,0.26,5.0,0.001604987443027931,0.001111385589079678,0.011234912101195517,0.003334156767239034,0.0,-0.7507475166386091,1,KOR,1.15795906938365,0.001386048510231214,0.001279706244621396,0.001386048510231214,0.001279706244621396
1701,Bradley Cross,DEF,3.6,South Africa,RSA,-0.02,5.0,0.0017666670311501566,0.00220380119834471,0.012366669218051097,0.00661140359503413,0.0,-1.0377186117415134,1,MEX,0.9794255247023571,0.0018037788342171689,0.0030001276500180177,0.0018037788342171689,0.0030001276500180177,0.24,5.0,0.002049077521585852,0.002556089754294111,0.014343542651100964,0.007668269262882334,0.0,-0.7795382694903654,1,CZE,1.1359915543499224,0.0018037788342171685,0.0030001276500180177,0.0018037788342171685,0.0030001276500180177,0.27,5.0,0.0020887020602440376,0.0026055187662352656,0.014620914421708264,0.007816556298705797,0.0,-0.7507475166386091,1,KOR,1.15795906938365,0.0018037788342171687,0.003000127650018018,0.0018037788342171687,0.003000127650018018
1702,Thapelo Morena,DEF,3.8,South Africa,RSA,2.02,80.0,0.028266672498402506,0.03526081917351536,0.19786670748881754,0.10578245752054607,0.7583496059342726,-1.0377186117415134,2,MEX,0.9794255247023571,0.028860461347474702,0.04800204240028828,0.028860461347474702,0.04800204240028828,2.61,80.0,0.03278524034537363,0.04089743606870578,0.22949668241761542,0.12269230820611735,1.0382670862790742,-0.7795382694903654,2,CZE,1.1359915543499224,0.028860461347474695,0.04800204240028828,0.028860461347474695,0.04800204240028828,2.69,80.0,0.0334192329639046,0.04168830025976425,0.23393463074733223,0.12506490077929275,1.0768778375821373,-0.7507475166386091,2,KOR,1.15795906938365,0.0288604613474747,0.04800204240028829,0.0288604613474747,0.04800204240028829
1703,Lebohang Maboe,MID,5.1,South Africa,RSA,2.83,75.0,0.07827962681682943,0.06888081471104897,0.46967776090097657,0.20664244413314692,0.15166992118685452,0.0,2,MEX,0.9794255247023571,0.07992402162545054,0.0937703622838589,0.07992402162545054,0.0937703622838589,2.99,75.0,0.09079301355619236,0.07989175470209717,0.5447580813371542,0.2396752641062915,0.20765341725581485,0.0,2,CZE,1.1359915543499224,0.07992402162545054,0.0937703622838589,0.07992402162545054,0.0937703622838589,3.01,75.0,0.09254874570280541,0.08143668108448872,0.5552924742168325,0.24431004325346617,0.21537556751642745,0.0,2,KOR,1.15795906938365,0.07992402162545054,0.0937703622838589,0.07992402162545054,0.0937703622838589
1704,Kamogelo Sebelebele,MID,4.5,South Africa,RSA,1.09,10.0,0.010437283575577256,0.009184108628139863,0.06262370145346353,0.02755232588441959,0.0,0.0,1,MEX,0.9794255247023571,0.010656536216726737,0.012502714971181187,0.010656536216726737,0.012502714971181187,1.1,10.0,0.01210573514082565,0.010652233960279622,0.0726344108449539,0.031956701880838864,0.0,0.0,1,CZE,1.1359915543499224,0.010656536216726738,0.012502714971181187,0.010656536216726738,0.012502714971181187,1.11,10.0,0.012339832760374056,0.010858224144598496,0.07403899656224433,0.032574672433795485,0.0,0.0,1,KOR,1.15795906938365,0.010656536216726738,0.012502714971181187,0.010656536216726738,0.012502714971181187
1705,Patrick Maswanganyi,MID,5.9,South Africa,RSA,2.83,75.0,0.07827962681682943,0.06888081471104897,0.46967776090097657,0.20664244413314692,0.15166992118685452,0.0,2,MEX,0.9794255247023571,0.07992402162545054,0.0937703622838589,0.07992402162545054,0.0937703622838589,2.99,75.0,0.09079301355619236,0.07989175470209717,0.5447580813371542,0.2396752641062915,0.20765341725581485,0.0,2,CZE,1.1359915543499224,0.07992402162545054,0.0937703622838589,0.07992402162545054,0.0937703622838589,3.01,75.0,0.09254874570280541,0.08143668108448872,0.5552924742168325,0.24431004325346617,0.21537556751642745,0.0,2,KOR,1.15795906938365,0.07992402162545054,0.0937703622838589,0.07992402162545054,0.0937703622838589
1706,Brooklyn Poggenpoel,MID,4.3,South Africa,RSA,1.05,5.0,0.005218641787788628,0.0045920543140699314,0.03131185072673177,0.013776162942209794,0.0,0.0,1,MEX,0.9794255247023571,0.005328268108363368,0.006251357485590594,0.005328268108363368,0.006251357485590594,1.05,5.0,0.006052867570412825,0.005326116980139811,0.03631720542247695,0.015978350940419432,0.0,0.0,1,CZE,1.1359915543499224,0.005328268108363369,0.006251357485590594,0.005328268108363369,0.006251357485590594,1.05,5.0,0.006169916380187028,0.005429112072299248,0.037019498281122165,0.016287336216897742,0.0,0.0,1,KOR,1.15795906938365,0.005328268108363369,0.006251357485590594,0.005328268108363369,0.006251357485590594
1707,Iqraam Rayners,MID,5.3,South Africa,RSA,2.83,75.0,0.07827962681682943,0.06888081471104897,0.46967776090097657,0.20664244413314692,0.15166992118685452,0.0,2,MEX,0.9794255247023571,0.07992402162545054,0.0937703622838589,0.07992402162545054,0.0937703622838589,2.99,75.0,0.09079301355619236,0.07989175470209717,0.5447580813371542,0.2396752641062915,0.20765341725581485,0.0,2,CZE,1.1359915543499224,0.07992402162545054,0.0937703622838589,0.07992402162545054,0.0937703622838589,3.01,75.0,0.09254874570280541,0.08143668108448872,0.5552924742168325,0.24431004325346617,0.21537556751642745,0.0,2,KOR,1.15795906938365,0.07992402162545054,0.0937703622838589,0.07992402162545054,0.0937703622838589
1708,Jarell Quansah,DEF,4.4,England,ENG,0.69,10.0,0.006665795068812054,0.00352719798837354,0.046660565481684374,0.010581593965120619,0.0,-0.37176252292038525,1,CRO,1.8264237212935683,0.003649643284358457,0.0025749395369404527,0.003649643284358457,0.0025749395369404527,0.91,10.0,0.010007915781527672,0.005295677417023741,0.0700554104706937,0.015887032251071225,0.0,-0.175479016912103,1,GHA,2.742162727086049,0.003649643284358457,0.002574939536940453,0.003649643284358457,0.002574939536940453,0.85,10.0,0.009003843117463429,0.004764373492389373,0.063026901822244,0.014293120477168119,0.0,-0.22358837111497393,1,PAN,2.4670474388693977,0.003649643284358457,0.002574939536940453,0.003649643284358457,0.002574939536940453
1709,Reece James,DEF,5.2,England,ENG,4.04,75.0,0.040700005438114396,0.10007749380206467,0.28490003806680075,0.300232481406194,1.8281524868983663,-0.37176252292038525,2,CRO,1.8264237212935683,0.022283988629587297,0.07305898234186649,0.022283988629587297,0.07305898234186649,5.29,75.0,0.061106323030863614,0.1502547136925281,0.4277442612160453,0.45076414107758433,2.591618561909855,-0.175479016912103,2,GHA,2.742162727086049,0.022283988629587297,0.07305898234186649,0.022283988629587297,0.07305898234186649,4.92,75.0,0.054975657076418126,0.13517998145467972,0.3848295995349269,0.4055399443640392,2.3563755353144424,-0.22358837111497393,2,PAN,2.4670474388693977,0.0222839886295873,0.07305898234186649,0.0222839886295873,0.07305898234186649
1710,Eberechi Eze,MID,8.0,England,ENG,1.25,15.0,0.033180472197528794,0.018223240612809156,0.19908283318517278,0.05466972183842747,0.0,0.0,1,CRO,1.8264237212935683,0.01816690826487331,0.013303404827223413,0.01816690826487331,0.013303404827223413,1.38,15.0,0.04981661871032708,0.0273600756454115,0.2988997122619625,0.0820802269362345,0.0,0.0,1,GHA,2.742162727086049,0.01816690826487331,0.013303404827223413,0.01816690826487331,0.013303404827223413,1.34,15.0,0.044818624507030995,0.02461509810543323,0.26891174704218596,0.07384529431629969,0.0,0.0,1,PAN,2.4670474388693977,0.01816690826487331,0.013303404827223414,0.01816690826487331,0.013303404827223414
1711,Ollie Watkins,FWD,7.9,England,ENG,1.23,10.0,0.038867585132288884,0.012002382331556642,0.19433792566144442,0.03600714699466993,0.0,0.0,1,CRO,1.8264237212935683,0.02128070539116785,0.008762028359301663,0.02128070539116785,0.008762028359301663,1.35,10.0,0.05835515712975962,0.018020180685410964,0.2917757856487981,0.054060542056232896,0.0,0.0,1,GHA,2.742162727086049,0.02128070539116785,0.008762028359301665,0.02128070539116785,0.008762028359301665,1.31,10.0,0.05250050973261483,0.01621225471733715,0.26250254866307415,0.04863676415201145,0.0,0.0,1,PAN,2.4670474388693977,0.021280705391167852,0.008762028359301665,0.021280705391167852,0.008762028359301665
1712,Ivan Toney,FWD,7.5,England,ENG,1.18,5.0,0.02987362057421104,0.009460190839713964,0.1493681028710552,0.02838057251914189,0.0,0.0,1,CRO,1.8264237212935683,0.01635634722979451,0.006906167303473087,0.01635634722979451,0.006906167303473087,1.27,5.0,0.044851765724819664,0.0142033759249532,0.22425882862409832,0.0426101277748596,0.0,0.0,1,GHA,2.742162727086049,0.016356347229794514,0.0069061673034730865,0.016356347229794514,0.0069061673034730865,1.24,5.0,0.04035188454252312,0.012778381768827639,0.2017594227126156,0.038335145306482916,0.0,0.0,1,PAN,2.4670474388693977,0.016356347229794514,0.0069061673034730865,0.016356347229794514,0.0069061673034730865
1713,Amine Sbaï,FWD,4.8,Morocco,MAR,2.98,70.0,0.1546225750616884,0.06830198630253521,0.773112875308442,0.20490595890760566,0.0,0.0,2,BRA,1.0222325785401172,0.1512596822951092,0.08908864477798774,0.1512596822951092,0.08908864477798774,3.39,70.0,0.2200966335513873,0.09722407768764275,1.1004831677569364,0.2916722330629283,0.0,0.0,2,SCO,1.4550912061416108,0.15125968229510922,0.08908864477798772,0.15125968229510922,0.08908864477798772,4.06,70.0,0.325015154029075,0.14357011315943766,1.6250757701453749,0.43071033947831294,0.0,0.0,2,HAI,2.1487229716307814,0.15125968229510922,0.08908864477798772,0.15125968229510922,0.08908864477798772
1714,Sondre Langås,DEF,4.0,Norway,NOR,0.82,5.0,0.004930868007580599,0.003559890744369101,0.03451607605306419,0.010679672233107304,0.0,-0.2273690358448135,1,IRQ,2.447114685776741,0.002014972177740614,0.0019396397807099656,0.002014972177740614,0.0019396397807099656,0.49,5.0,0.0028264298000710898,0.002040569990803513,0.019785008600497627,0.006121709972410539,0.0,-0.5373111204064824,1,SEN,1.4027140579381903,0.0020149721777406146,0.0019396397807099658,0.0020149721777406146,0.0019396397807099658,0.23,5.0,0.0022662222019362134,0.0016361223681010527,0.015863555413553495,0.004908367104303158,0.0,-0.7950782740957585,1,FRA,1.1246915599982752,0.002014972177740614,0.0019396397807099656,0.002014972177740614,0.0019396397807099656
1939,Cristhian Loor,GK,4.0,Ecuador,ECU,0.61,5.0,0.0,0.0,0.0,0.0,0.0,-0.3880075742775424,1,CIV,1.7717776045938185,0.0,0.0,0.0,0.0,0.82,5.0,0.0,0.0,0.0,0.0,0.0,-0.17850646655609848,1,CUW,2.7235512492422895,0.0,0.0,0.0,0.0,0.32,5.0,0.0,0.0,0.0,0.0,0.0,-0.6787593609646242,1,GER,1.2205378608757826,0.0,0.0,0.0,0.0
1940,Deinner Ordóñez,DEF,4.1,Ecuador,ECU,4.01,80.0,0.05349004225044859,0.08191663324690343,0.37443029575314013,0.2457498997407103,1.7822603220058442,-0.3880075742775424,2,CIV,1.7717776045938185,0.030190043102340275,0.06164553461977932,0.030190043102340275,0.06164553461977932,5.35,80.0,0.08222412960605742,0.12592107961793159,0.575568907242402,0.37776323885379476,2.5754349680847817,-0.17850646655609848,2,CUW,2.7235512492422895,0.030190043102340275,0.06164553461977932,0.030190043102340275,0.06164553461977932,2.93,80.0,0.036848090627878076,0.0564305317180271,0.2579366343951465,0.16929159515408132,1.1817997702451948,-0.6787593609646242,2,GER,1.2205378608757826,0.030190043102340275,0.06164553461977933,0.030190043102340275,0.06164553461977933
1941,Fricio Caicedo,DEF,4.0,Ecuador,ECU,4.01,80.0,0.05349004225044859,0.08191663324690343,0.37443029575314013,0.2457498997407103,1.7822603220058442,-0.3880075742775424,2,CIV,1.7717776045938185,0.030190043102340275,0.06164553461977932,0.030190043102340275,0.06164553461977932,5.35,80.0,0.08222412960605742,0.12592107961793159,0.575568907242402,0.37776323885379476,2.5754349680847817,-0.17850646655609848,2,CUW,2.7235512492422895,0.030190043102340275,0.06164553461977932,0.030190043102340275,0.06164553461977932,2.93,80.0,0.036848090627878076,0.0564305317180271,0.2579366343951465,0.16929159515408132,1.1817997702451948,-0.6787593609646242,2,GER,1.2205378608757826,0.030190043102340275,0.06164553461977933,0.030190043102340275,0.06164553461977933
1942,Ederson Castillo,MID,4.2,Ecuador,ECU,1.09,5.0,0.009875423778109937,0.010668091040212355,0.05925254266865962,0.03200427312063707,0.0,0.0,1,CIV,1.7717776045938185,0.005573737783176171,0.008028164116122633,0.005573737783176171,0.008028164116122633,1.14,5.0,0.01518036050231841,0.016398837305690937,0.09108216301391045,0.04919651191707281,0.0,0.0,1,CUW,2.7235512492422895,0.005573737783176171,0.008028164116122633,0.005573737783176171,0.008028164116122633,1.06,5.0,0.00680295799096037,0.007349008692789027,0.04081774794576222,0.02204702607836708,0.0,0.0,1,GER,1.2205378608757826,0.005573737783176171,0.008028164116122631,0.005573737783176171,0.008028164116122631
1943,Darwin Guagua,MID,4.8,Ecuador,ECU,1.09,5.0,0.009875423778109937,0.010668091040212355,0.05925254266865962,0.03200427312063707,0.0,0.0,1,CIV,1.7717776045938185,0.005573737783176171,0.008028164116122633,0.005573737783176171,0.008028164116122633,1.14,5.0,0.01518036050231841,0.016398837305690937,0.09108216301391045,0.04919651191707281,0.0,0.0,1,CUW,2.7235512492422895,0.005573737783176171,0.008028164116122633,0.005573737783176171,0.008028164116122633,1.06,5.0,0.00680295799096037,0.007349008692789027,0.04081774794576222,0.02204702607836708,0.0,0.0,1,GER,1.2205378608757826,0.005573737783176171,0.008028164116122631,0.005573737783176171,0.008028164116122631
1944,Malcom DaCosta,MID,3.8,Ecuador,ECU,1.09,5.0,0.009875423778109937,0.010668091040212355,0.05925254266865962,0.03200427312063707,0.0,0.0,1,CIV,1.7717776045938185,0.005573737783176171,0.008028164116122633,0.005573737783176171,0.008028164116122633,1.14,5.0,0.01518036050231841,0.016398837305690937,0.09108216301391045,0.04919651191707281,0.0,0.0,1,CUW,2.7235512492422895,0.005573737783176171,0.008028164116122633,0.005573737783176171,0.008028164116122633,1.06,5.0,0.00680295799096037,0.007349008692789027,0.04081774794576222,0.02204702607836708,0.0,0.0,1,GER,1.2205378608757826,0.005573737783176171,0.008028164116122631,0.005573737783176171,0.008028164116122631
1945,Bruno Caicedo,MID,5.2,Ecuador,ECU,1.64,35.0,0.06912796644676955,0.07467663728148649,0.4147677986806173,0.22402991184445947,0.0,0.0,1,CIV,1.7717776045938185,0.0390161644822332,0.05619714881285843,0.0390161644822332,0.05619714881285843,1.98,35.0,0.10626252351622888,0.11479186113983657,0.6375751410973732,0.3443755834195097,0.0,0.0,1,CUW,2.7235512492422895,0.0390161644822332,0.05619714881285843,0.0390161644822332,0.05619714881285843,1.44,35.0,0.047620705936722595,0.051443060849523194,0.28572423562033555,0.1543291825485696,0.0,0.0,1,GER,1.2205378608757826,0.0390161644822332,0.05619714881285843,0.0390161644822332,0.05619714881285843
1946,Luis Fragozo,MID,5.0,Ecuador,ECU,1.18,10.0,0.019750847556219874,0.02133618208042471,0.11850508533731924,0.06400854624127414,0.0,0.0,1,CIV,1.7717776045938185,0.011147475566352342,0.016056328232245266,0.011147475566352342,0.016056328232245266,1.28,10.0,0.03036072100463682,0.032797674611381875,0.1821643260278209,0.09839302383414562,0.0,0.0,1,CUW,2.7235512492422895,0.011147475566352342,0.016056328232245266,0.011147475566352342,0.016056328232245266,1.13,10.0,0.01360591598192074,0.014698017385578055,0.08163549589152444,0.04409405215673416,0.0,0.0,1,GER,1.2205378608757826,0.011147475566352342,0.016056328232245263,0.011147475566352342,0.016056328232245263
1947,Nilson Angulo,MID,6.0,Ecuador,ECU,3.73,75.0,0.14813135667164903,0.16002136560318533,0.8887881400298943,0.480064096809556,0.35645206440116883,0.0,2,CIV,1.7717776045938185,0.08360606674764255,0.12042246174183949,0.08360606674764255,0.12042246174183949,4.62,75.0,0.22770540753477614,0.24598255958536405,1.3662324452086567,0.7379476787560921,0.5150869936169563,0.0,2,CUW,2.7235512492422895,0.08360606674764257,0.12042246174183949,0.08360606674764257,0.12042246174183949,3.18,75.0,0.10204436986440554,0.11023513039183541,0.6122662191864332,0.33070539117550624,0.23635995404903895,0.0,2,GER,1.2205378608757826,0.08360606674764255,0.12042246174183949,0.08360606674764255,0.12042246174183949
1950,Abdulquddus Atiah,GK,4.0,Saudi Arabia,KSA,-0.57,5.0,0.0,0.0,0.0,0.0,0.0,-1.5670413592156784,1,URU,0.7464206263762654,0.0,0.0,0.0,0.0,-1.69,5.0,0.0,0.0,0.0,0.0,0.0,-2.6900519209399243,1,ESP,0.5297585488957114,0.0,0.0,0.0,0.0,0.43,5.0,0.0,0.0,0.0,0.0,0.0,-0.5738856773556451,1,CPV,1.344449157808398,0.0,0.0,0.0,0.0
1951,Hassan Al Tambakti,DEF,4.5,Saudi Arabia,KSA,1.01,80.0,0.017346248893883365,0.011932634503858256,0.12142374225718355,0.03579790351157477,0.4172118845192008,-1.5670413592156784,2,URU,0.7464206263762654,0.023239241093987725,0.02131529967991193,0.023239241093987725,0.02131529967991193,-0.45,80.0,0.012311186639388525,0.008468971670780527,0.08617830647571967,0.02540691501234158,0.1280934348568519,-2.6900519209399243,2,ESP,0.5297585488957114,0.02323924109398773,0.021315299679911935,0.02323924109398773,0.021315299679911935,3.07,80.0,0.031243978116918116,0.02149300252731841,0.2187078468184268,0.06447900758195522,1.360126172942183,-0.5738856773556451,2,CPV,1.344449157808398,0.02323924109398773,0.021315299679911935,0.02323924109398773,0.021315299679911935
1952,Zakaria Hawsawi,DEF,4.0,Saudi Arabia,KSA,1.05,80.0,0.019279076465122395,0.022118276992925054,0.13495353525585677,0.06635483097877516,0.4172118845192008,-1.5670413592156784,2,URU,0.7464206263762654,0.025828702723180035,0.03950994244858999,0.025828702723180035,0.03950994244858999,-0.42,80.0,0.013682976074490564,0.01569804733388858,0.09578083252143395,0.04709414200166574,0.1280934348568519,-2.6900519209399243,2,ESP,0.5297585488957114,0.025828702723180035,0.03950994244858999,0.025828702723180035,0.03950994244858999,3.15,80.0,0.03472537762346287,0.039839331637548804,0.24307764336424012,0.11951799491264642,1.360126172942183,-0.5738856773556451,2,CPV,1.344449157808398,0.025828702723180035,0.039509942448589984,0.025828702723180035,0.039509942448589984
1953,Jehad Thikri,DEF,4.0,Saudi Arabia,KSA,-0.53,25.0,0.004212685547314157,0.0037289482824557057,0.029488798831199103,0.011186844847367117,0.0,-1.5670413592156784,1,URU,0.7464206263762654,0.005643849323625969,0.00666103114997248,0.005643849323625969,0.00666103114997248,-1.66,25.0,0.0029898774278701357,0.0026465536471189147,0.02092914199509095,0.007939660941356744,0.0,-2.6900519209399243,1,ESP,0.5297585488957114,0.005643849323625969,0.00666103114997248,0.005643849323625969,0.00666103114997248,0.5,25.0,0.007587868469946431,0.006716563289787003,0.053115079289625014,0.02014968986936101,0.0,-0.5738856773556451,1,CPV,1.344449157808398,0.005643849323625969,0.006661031149972479,0.005643849323625969,0.006661031149972479
1954,Moteb Al Harbi,DEF,4.1,Saudi Arabia,KSA,1.1,80.0,0.023144731607600454,0.02890870531896959,0.1620131212532032,0.08672611595690877,0.4172118845192008,-1.5670413592156784,2,URU,0.7464206263762654,0.03100762598156466,0.051639704294375366,0.03100762598156466,0.051639704294375366,-0.39,80.0,0.016426554944694652,0.020517431109293948,0.11498588461286256,0.06155229332788184,0.1280934348568519,-2.6900519209399243,2,ESP,0.5297585488957114,0.03100762598156466,0.051639704294375366,0.03100762598156466,0.051639704294375366,3.23,80.0,0.04168817663655241,0.05207021771103575,0.2918172364558669,0.15621065313310725,1.360126172942183,-0.5738856773556451,2,CPV,1.344449157808398,0.031007625981564663,0.05163970429437537,0.031007625981564663,0.05163970429437537
1955,Salem Al Dawsari,MID,7.2,Saudi Arabia,KSA,2.92,75.0,0.09018964321766834,0.09865415134140824,0.5411378593060101,0.2959624540242247,0.08344237690384017,0.0,2,URU,0.7464206263762654,0.12082951626822325,0.17622619714276647,0.12082951626822325,0.17622619714276647,2.62,75.0,0.0640104692020247,0.07001800085682115,0.38406281521214825,0.21005400257046347,0.025618686971370378,0.0,2,ESP,0.5297585488957114,0.12082951626822325,0.17622619714276647,0.12082951626822325,0.17622619714276647,3.78,75.0,0.16244914138520886,0.17769537174927683,0.9746948483112532,0.5330861152478304,0.2720252345884366,0.0,2,CPV,1.344449157808398,0.12082951626822325,0.1762261971427665,0.12082951626822325,0.1762261971427665
1956,Alaa Al Hejji,MID,5.0,Saudi Arabia,KSA,1.06,10.0,0.007676423727067962,0.003944368428323201,0.04605854236240777,0.011833105284969603,0.0,0.0,1,URU,0.7464206263762654,0.010284313503413732,0.007045836782355783,0.010284313503413732,0.007045836782355783,1.04,10.0,0.005448202997957029,0.0027994442021826212,0.03268921798774217,0.008398332606547864,0.0,0.0,1,ESP,0.5297585488957114,0.010284313503413732,0.007045836782355783,0.010284313503413732,0.007045836782355783,1.1,10.0,0.013826736628302125,0.0071045769960702485,0.08296041976981275,0.021313730988210745,0.0,0.0,1,CPV,1.344449157808398,0.01028431350341373,0.007045836782355784,0.01028431350341373,0.007045836782355784
1957,Nasser Al Dawsari,MID,5.2,Saudi Arabia,KSA,2.29,75.0,0.021332660992277905,0.027354653917940647,0.12799596595366744,0.08206396175382194,0.08344237690384017,0.0,2,URU,0.7464206263762654,0.028579945728247146,0.048863697762020056,0.028579945728247146,0.048863697762020056,2.17,75.0,0.015140470576514393,0.019414471215064778,0.09084282345908636,0.058243413645194336,0.025618686971370378,0.0,2,ESP,0.5297585488957114,0.028579945728247146,0.04886369776202006,0.028579945728247146,0.04886369776202006,2.65,75.0,0.038424283964551595,0.049271067977663965,0.23054570378730957,0.1478132039329919,0.2720252345884366,0.0,2,CPV,1.344449157808398,0.028579945728247146,0.048863697762020056,0.028579945728247146,0.048863697762020056
1958,Mohammed Abu Al Shamat,MID,5.5,Saudi Arabia,KSA,2.64,75.0,0.06508869671946678,0.056897442677318256,0.3905321803168007,0.17069232803195478,0.08344237690384017,0.0,2,URU,0.7464206263762654,0.08720109603007678,0.10163606714808128,0.08720109603007678,0.10163606714808128,2.42,75.0,0.04619552609500906,0.04038193158587597,0.27717315657005437,0.1211457947576279,0.025618686971370378,0.0,2,ESP,0.5297585488957114,0.08720109603007678,0.10163606714808128,0.08720109603007678,0.10163606714808128,3.28,75.0,0.11723744011760595,0.10248339366014673,0.7034246407056357,0.3074501809804402,0.2720252345884366,0.0,2,CPV,1.344449157808398,0.08720109603007678,0.10163606714808128,0.08720109603007678,0.10163606714808128
1959,Saleh Abu Al Shamat,FWD,5.3,Saudi Arabia,KSA,2.91,70.0,0.14638794663288163,0.0590378710608926,0.7319397331644082,0.17711361318267782,0.0,0.0,2,URU,0.7464206263762654,0.1961199107580509,0.10545952058784974,0.1961199107580509,0.10545952058784974,2.65,70.0,0.10389619933274145,0.04190106194539252,0.5194809966637073,0.12570318583617757,0.0,0.0,2,ESP,0.5297585488957114,0.19611991075805088,0.10545952058784976,0.19611991075805088,0.10545952058784976,3.64,70.0,0.26367324884811966,0.10633872272790898,1.3183662442405983,0.3190161681837269,0.0,0.0,2,CPV,1.344449157808398,0.19611991075805088,0.10545952058784974,0.19611991075805088,0.10545952058784974
1960,Abdullah Al Salem,FWD,5.0,Saudi Arabia,KSA,1.45,35.0,0.07319397331644081,0.0295189355304463,0.3659698665822041,0.08855680659133891,0.0,0.0,1,URU,0.7464206263762654,0.09805995537902545,0.05272976029392487,0.09805995537902545,0.05272976029392487,1.32,35.0,0.05194809966637073,0.02095053097269626,0.25974049833185364,0.06285159291808878,0.0,0.0,1,ESP,0.5297585488957114,0.09805995537902544,0.05272976029392488,0.09805995537902544,0.05272976029392488,1.82,35.0,0.13183662442405983,0.05316936136395449,0.6591831221202992,0.15950808409186346,0.0,0.0,1,CPV,1.344449157808398,0.09805995537902544,0.05272976029392487,0.09805995537902544,0.05272976029392487
1961,Alphonso Davies,DEF,4.9,Canada,CAN,3.85,80.0,0.04708028364983821,0.07666444316028197,0.3295619855488675,0.2299933294808459,1.704831235826878,-0.416938035682749,2,BIH,1.681681163070717,0.027995963018263542,0.060783970107860553,0.027995963018263542,0.060783970107860553,4.84,80.0,0.06675720048432945,0.10870587866749207,0.4673004033903062,0.32611763600247623,2.2873258887260937,-0.239519689126715,2,QAT,2.3845295280887284,0.027995963018263542,0.060783970107860553,0.027995963018263542,0.060783970107860553,2.77,80.0,0.032881437184907075,0.0535433705293607,0.23017006029434953,0.1606301115880821,1.1054309349508946,-0.7302888540985865,2,SUI,1.1745063802040467,0.027995963018263546,0.06078397010786055,0.027995963018263546,0.06078397010786055
1962,Zorhan Bassong,DEF,3.7,Canada,CAN,0.61,5.0,0.0023870425142502637,0.002043829006993371,0.016709297599751847,0.006131487020980113,0.0,-0.416938035682749,1,BIH,1.681681163070717,0.0014194382185333935,0.0016204649267057493,0.0014194382185333935,0.0016204649267057493,0.79,5.0,0.0033846923453905386,0.002898034850221497,0.02369284641773377,0.00869410455066449,0.0,-0.239519689126715,1,QAT,2.3845295280887284,0.0014194382185333937,0.001620464926705749,0.0014194382185333937,0.001620464926705749,0.29,5.0,0.0016671392439729367,0.0014274347964845888,0.011669974707810556,0.004282304389453767,0.0,-0.7302888540985865,1,SUI,1.1745063802040467,0.0014194382185333935,0.001620464926705749,0.0014194382185333935,0.001620464926705749
1963,Alistair Johnston,DEF,4.0,Canada,CAN,3.85,80.0,0.04708028364983821,0.07666444316028197,0.3295619855488675,0.2299933294808459,1.704831235826878,-0.416938035682749,2,BIH,1.681681163070717,0.027995963018263542,0.060783970107860553,0.027995963018263542,0.060783970107860553,4.84,80.0,0.06675720048432945,0.10870587866749207,0.4673004033903062,0.32611763600247623,2.2873258887260937,-0.239519689126715,2,QAT,2.3845295280887284,0.027995963018263542,0.060783970107860553,0.027995963018263542,0.060783970107860553,2.77,80.0,0.032881437184907075,0.0535433705293607,0.23017006029434953,0.1606301115880821,1.1054309349508946,-0.7302888540985865,2,SUI,1.1745063802040467,0.027995963018263546,0.06078397010786055,0.027995963018263546,0.06078397010786055
1964,Moïse Bombito,DEF,4.1,Canada,CAN,3.85,80.0,0.04708028364983821,0.07666444316028197,0.3295619855488675,0.2299933294808459,1.704831235826878,-0.416938035682749,2,BIH,1.681681163070717,0.027995963018263542,0.060783970107860553,0.027995963018263542,0.060783970107860553,4.84,80.0,0.06675720048432945,0.10870587866749207,0.4673004033903062,0.32611763600247623,2.2873258887260937,-0.239519689126715,2,QAT,2.3845295280887284,0.027995963018263542,0.060783970107860553,0.027995963018263542,0.060783970107860553,2.77,80.0,0.032881437184907075,0.0535433705293607,0.23017006029434953,0.1606301115880821,1.1054309349508946,-0.7302888540985865,2,SUI,1.1745063802040467,0.027995963018263546,0.06078397010786055,0.027995963018263546,0.06078397010786055
1965,Jamie Knight-Lebel,DEF,3.7,Canada,CAN,0.62,5.0,0.0029425177281148882,0.004791527697517623,0.02059762409680422,0.014374583092552868,0.0,-0.416938035682749,1,BIH,1.681681163070717,0.0017497476886414714,0.0037989981317412846,0.0017497476886414714,0.0037989981317412846,0.81,5.0,0.004172325030270591,0.006794117416718254,0.029206275211894138,0.020382352250154764,0.0,-0.239519689126715,1,QAT,2.3845295280887284,0.0017497476886414714,0.0037989981317412846,0.0017497476886414714,0.0037989981317412846,0.29,5.0,0.002055089824056692,0.003346460658085044,0.014385628768396845,0.010039381974255131,0.0,-0.7302888540985865,1,SUI,1.1745063802040467,0.0017497476886414716,0.003798998131741284,0.0017497476886414716,0.003798998131741284
1966,Alfie Jones,DEF,3.8,Canada,CAN,0.72,25.0,0.012376693648504236,0.018135214331653767,0.08663685553952966,0.0544056429949613,0.0,-0.416938035682749,1,BIH,1.681681163070717,0.0073597147427783725,0.01437863865430093,0.0073597147427783725,0.01437863865430093,0.96,25.0,0.017549457122464973,0.025714716333673907,0.12284619985725481,0.07714414900102172,0.0,-0.239519689126715,1,QAT,2.3845295280887284,0.007359714742778374,0.014378638654300929,0.007359714742778374,0.014378638654300929,0.37,25.0,0.008644031921874984,0.012665852128593726,0.06050822345312489,0.03799755638578118,0.0,-0.7302888540985865,1,SUI,1.1745063802040467,0.007359714742778373,0.014378638654300929,0.007359714742778373,0.014378638654300929
1967,Stephen Eustaquio,MID,5.0,Canada,CAN,1.16,10.0,0.017384086199029824,0.019968185379786462,0.10430451719417894,0.05990455613935938,0.0,0.0,1,BIH,1.681681163070717,0.01033732587411922,0.015831923290639267,0.01033732587411922,0.015831923290639267,1.23,10.0,0.024649658788312902,0.02831376642972375,0.1478979527298774,0.08494129928917125,0.0,0.0,1,QAT,2.3845295280887284,0.01033732587411922,0.015831923290639267,0.01033732587411922,0.015831923290639267,1.11,10.0,0.0121412551934014,0.01394602118681765,0.0728475311604084,0.04183806356045295,0.0,0.0,1,SUI,1.1745063802040467,0.010337325874119221,0.015831923290639267,0.010337325874119221,0.015831923290639267
1968,Jacob Shaffelburg,MID,5.2,Canada,CAN,1.65,35.0,0.07719770228735723,0.06347892227365258,0.46318621372414337,0.19043676682095773,0.0,0.0,1,BIH,1.681681163070717,0.045905076409606525,0.050329732466639764,0.045905076409606525,0.050329732466639764,1.93,35.0,0.10946201018787607,0.09000954990563134,0.6567720611272565,0.270028649716894,0.0,0.0,1,QAT,2.3845295280887284,0.045905076409606525,0.050329732466639764,0.045905076409606525,0.050329732466639764,1.46,35.0,0.05391580512683714,0.044334443922023355,0.32349483076102287,0.13300333176607007,0.0,0.0,1,SUI,1.1745063802040467,0.045905076409606525,0.05032973246663975,0.045905076409606525,0.05032973246663975
1969,Jayden Nelson,MID,5.0,Canada,CAN,1.18,10.0,0.01298654935339393,0.03279150127621297,0.07791929612036358,0.09837450382863891,0.0,0.0,1,BIH,1.681681163070717,0.007722361193414776,0.02599898402963721,0.007722361193414776,0.02599898402963721,1.25,10.0,0.018414198292264046,0.04649650883923289,0.11048518975358428,0.13948952651769866,0.0,0.0,1,QAT,2.3845295280887284,0.007722361193414776,0.025998984029637205,0.007722361193414776,0.025998984029637205,1.12,10.0,0.009069962491905793,0.02290197946622401,0.054419774951434755,0.06870593839867203,0.0,0.0,1,SUI,1.1745063802040467,0.007722361193414778,0.025998984029637205,0.007722361193414778,0.025998984029637205
1970,Promise David,FWD,5.4,Canada,CAN,1.28,10.0,0.04189043145891266,0.022199324753064843,0.2094521572945633,0.06659797425919453,0.0,0.0,1,BIH,1.681681163070717,0.024909853531582378,0.017600898624984148,0.024909853531582378,0.017600898624984148,1.39,10.0,0.05939828128642347,0.03147739686912825,0.29699140643211736,0.09443219060738475,0.0,0.0,1,QAT,2.3845295280887284,0.024909853531582378,0.01760089862498415,0.024909853531582378,0.01760089862498415,1.19,10.0,0.029256781902791813,0.015504275799276386,0.14628390951395906,0.04651282739782916,0.0,0.0,1,SUI,1.1745063802040467,0.02490985353158238,0.017600898624984148,0.02490985353158238,0.017600898624984148
1971,Lawrence Ati Zigi,GK,4.0,Ghana,GHA,2.42,90.0,0.0,0.0,0.0,0.0,1.1316832033231268,-0.712068468206274,2,PAN,1.1900052460221209,0.0,0.0,0.0,0.0,0.52,90.0,0.0,0.0,0.0,0.0,0.3221542487823931,-1.8065935768425265,2,ENG,0.6571553045301322,0.0,0.0,0.0,0.0,1.51,90.0,0.0,0.0,0.0,0.0,0.6620787473298896,-1.1542244383491058,2,CRO,0.9217778919031954,0.0,0.0,0.0,0.0
1972,Joseph Anang,GK,3.6,Ghana,GHA,0.29,5.0,0.0,0.0,0.0,0.0,0.0,-0.712068468206274,1,PAN,1.1900052460221209,0.0,0.0,0.0,0.0,-0.81,5.0,0.0,0.0,0.0,0.0,0.0,-1.8065935768425265,1,ENG,0.6571553045301322,0.0,0.0,0.0,0.0,-0.15,5.0,0.0,0.0,0.0,0.0,0.0,-1.1542244383491058,1,CRO,0.9217778919031954,0.0,0.0,0.0,0.0
1973,Abdul Baba,DEF,3.9,Ghana,GHA,2.85,80.0,0.03927942574646759,0.052675143999400494,0.2749559802252731,0.1580254319982015,1.1316832033231268,-0.712068468206274,2,PAN,1.1900052460221209,0.033007775283149826,0.05901950900410437,0.033007775283149826,0.05901950900410437,0.75,80.0,0.02169123461806049,0.02908873755960831,0.1518386423264234,0.08726621267882494,0.3221542487823931,-1.8065935768425265,2,ENG,0.6571553045301322,0.03300777528314982,0.05901950900410437,0.03300777528314982,0.05901950900410437,1.84,80.0,0.030425837516916243,0.04080215894322373,0.2129808626184137,0.1224064768296712,0.6620787473298896,-1.1542244383491058,2,CRO,0.9217778919031954,0.033007775283149826,0.05901950900410436,0.033007775283149826,0.05901950900410436
1974,Alidu Seidu,DEF,3.9,Ghana,GHA,2.76,80.0,0.02558077944424467,0.05239138632711659,0.1790654561097127,0.15717415898134976,1.1316832033231268,-0.712068468206274,2,PAN,1.1900052460221209,0.021496358549472436,0.058701574638428324,0.021496358549472436,0.058701574638428324,0.7,80.0,0.014126446048867468,0.028932038368435987,0.09888512234207228,0.08679611510530796,0.3221542487823931,-1.8065935768425265,2,ENG,0.6571553045301322,0.021496358549472436,0.058701574638428324,0.021496358549472436,0.058701574638428324,1.77,80.0,0.01981486806732793,0.040582360291206404,0.1387040764712955,0.12174708087361921,0.6620787473298896,-1.1542244383491058,2,CRO,0.9217778919031954,0.021496358549472433,0.058701574638428324,0.021496358549472433,0.058701574638428324
1975,Kojo Peprah Oppong,DEF,3.5,Ghana,GHA,0.31,5.0,0.0020572655001432428,0.0015314624632578693,0.0144008585010027,0.004594387389773608,0.0,-0.712068468206274,1,PAN,1.1900052460221209,0.001728786916713307,0.001715916764095118,0.001728786916713307,0.001715916764095118,-0.8,5.0,0.0011360814927204416,0.0008457178527429645,0.007952570449043092,0.0025371535582288936,0.0,-1.8065935768425265,1,ENG,0.6571553045301322,0.0017287869167133072,0.0017159167640951177,0.0017287869167133072,0.0017159167640951177,-0.14,5.0,0.0015935575596378172,0.0011862706031167127,0.01115490291746472,0.0035588118093501384,0.0,-1.1542244383491058,1,CRO,0.9217778919031954,0.0017287869167133072,0.0017159167640951177,0.0017287869167133072,0.0017159167640951177
1976,Jonas Adjetey,DEF,3.5,Ghana,GHA,0.3,5.0,0.0014492035138369602,0.0013881677298536242,0.010144424596858721,0.004164503189560872,0.0,-0.712068468206274,1,PAN,1.1900052460221209,0.0012178127102223052,0.0015553631487411888,0.0012178127102223052,0.0015553631487411888,-0.8,5.0,0.0008002920824468047,0.0007665863577494708,0.005602044577127633,0.0022997590732484123,0.0,-1.8065935768425265,1,ENG,0.6571553045301322,0.0012178127102223054,0.0015553631487411886,0.0012178127102223054,0.0015553631487411886,-0.14,5.0,0.0011225528327616335,0.0010752745232929268,0.007857869829331435,0.0032258235698787805,0.0,-1.1542244383491058,1,CRO,0.9217778919031954,0.0012178127102223052,0.0015553631487411888,0.0012178127102223052,0.0015553631487411888
1977,Abdul Mumin,DEF,3.7,Ghana,GHA,0.42,25.0,0.012274820545771122,0.016460982499812656,0.08592374382039786,0.04938294749943797,0.0,-0.712068468206274,1,PAN,1.1900052460221209,0.01031492977598432,0.018443596563782617,0.01031492977598432,0.018443596563782617,-0.73,25.0,0.006778510818143904,0.009090230487377598,0.04744957572700733,0.027270691462132794,0.0,-1.8065935768425265,1,ENG,0.6571553045301322,0.01031492977598432,0.018443596563782614,0.01031492977598432,0.018443596563782614,-0.05,25.0,0.009508074224036326,0.012750674669757418,0.06655651956825429,0.03825202400927225,0.0,-1.1542244383491058,1,CRO,0.9217778919031954,0.01031492977598432,0.018443596563782614,0.01031492977598432,0.018443596563782614
1978,Alexander Djiku,DEF,4.0,Ghana,GHA,2.85,80.0,0.03927942574646759,0.052675143999400494,0.2749559802252731,0.1580254319982015,1.1316832033231268,-0.712068468206274,2,PAN,1.1900052460221209,0.033007775283149826,0.05901950900410437,0.033007775283149826,0.05901950900410437,0.75,80.0,0.02169123461806049,0.02908873755960831,0.1518386423264234,0.08726621267882494,0.3221542487823931,-1.8065935768425265,2,ENG,0.6571553045301322,0.03300777528314982,0.05901950900410437,0.03300777528314982,0.05901950900410437,1.84,80.0,0.030425837516916243,0.04080215894322373,0.2129808626184137,0.1224064768296712,0.6620787473298896,-1.1542244383491058,2,CRO,0.9217778919031954,0.033007775283149826,0.05901950900410436,0.033007775283149826,0.05901950900410436
1979,Marvin Senaya,DEF,3.5,Ghana,GHA,0.31,5.0,0.002171882196362731,0.0015314624632578693,0.015203175374539118,0.004594387389773608,0.0,-0.712068468206274,1,PAN,1.1900052460221209,0.0018251030435561275,0.001715916764095118,0.0018251030435561275,0.001715916764095118,-0.8,5.0,0.001199376146386998,0.0008457178527429645,0.008395633024708986,0.0025371535582288936,0.0,-1.8065935768425265,1,ENG,0.6571553045301322,0.0018251030435561275,0.0017159167640951177,0.0018251030435561275,0.0017159167640951177,-0.14,5.0,0.0016823396359952729,0.0011862706031167127,0.01177637745196691,0.0035588118093501384,0.0,-1.1542244383491058,1,CRO,0.9217778919031954,0.0018251030435561275,0.0017159167640951177,0.0018251030435561275,0.0017159167640951177
1980,Jerome Opoku,DEF,3.8,Ghana,GHA,0.37,25.0,0.00735821397025605,0.010056512235244777,0.051507497791792346,0.03016953670573433,0.0,-0.712068468206274,1,PAN,1.1900052460221209,0.006183345825451318,0.011267751150802169,0.006183345825451318,0.011267751150802169,-0.76,25.0,0.004063418508939582,0.00555349682915636,0.028443929562577075,0.01666049048746908,0.0,-1.8065935768425265,1,ENG,0.6571553045301322,0.006183345825451318,0.011267751150802169,0.006183345825451318,0.011267751150802169,-0.09,25.0,0.005699671479892939,0.0077897729267071706,0.03989770035925057,0.023369318780121513,0.0,-1.1542244383491058,1,CRO,0.9217778919031954,0.006183345825451317,0.011267751150802169,0.006183345825451317,0.011267751150802169
1981,Gideon Mensah,DEF,3.9,Ghana,GHA,2.76,80.0,0.02558077944424467,0.05239138632711659,0.1790654561097127,0.15717415898134976,1.1316832033231268,-0.712068468206274,2,PAN,1.1900052460221209,0.021496358549472436,0.058701574638428324,0.021496358549472436,0.058701574638428324,0.7,80.0,0.014126446048867468,0.028932038368435987,0.09888512234207228,0.08679611510530796,0.3221542487823931,-1.8065935768425265,2,ENG,0.6571553045301322,0.021496358549472436,0.058701574638428324,0.021496358549472436,0.058701574638428324,1.77,80.0,0.01981486806732793,0.040582360291206404,0.1387040764712955,0.12174708087361921,0.6620787473298896,-1.1542244383491058,2,CRO,0.9217778919031954,0.021496358549472433,0.058701574638428324,0.021496358549472433,0.058701574638428324
1982,Caleb Yirenkyi,MID,4.7,Ghana,GHA,1.45,35.0,0.05076284689282361,0.04801958364593793,0.3045770813569416,0.14405875093781378,0.0,0.0,1,PAN,1.1900052460221209,0.04265766647879129,0.053803217878189986,0.04265766647879129,0.053803217878189986,1.25,35.0,0.028032711805414903,0.026517802522082242,0.16819627083248942,0.07955340756624672,0.0,0.0,1,ENG,0.6571553045301322,0.042657666478791295,0.053803217878189986,0.042657666478791295,0.053803217878189986,1.35,35.0,0.03932089388032984,0.037195962565024714,0.23592536328197905,0.11158788769507413,0.0,0.0,1,CRO,0.9217778919031954,0.04265766647879129,0.05380321787818999,0.04265766647879129,0.05380321787818999
1983,Thomas Partey,MID,6.2,Ghana,GHA,2.56,75.0,0.04100167145268326,0.029089432219527454,0.24601002871609956,0.08726829665858236,0.22633664066462536,0.0,2,PAN,1.1900052460221209,0.03445503420236274,0.032593057682466405,0.03445503420236274,0.032593057682466405,2.25,75.0,0.022642308493849805,0.01606402556016703,0.13585385096309882,0.048192076680501086,0.06443084975647863,0.0,2,ENG,0.6571553045301322,0.03445503420236274,0.032593057682466405,0.03445503420236274,0.032593057682466405,2.39,75.0,0.03175988879250642,0.022532670000917347,0.19055933275503853,0.06759801000275203,0.13241574946597792,0.0,2,CRO,0.9217778919031954,0.03445503420236274,0.032593057682466405,0.03445503420236274,0.032593057682466405
1984,Elisha Owusu,MID,5.3,Ghana,GHA,2.56,75.0,0.0404808650023605,0.028719935967316375,0.24288519001416298,0.08615980790194913,0.22633664066462536,0.0,2,PAN,1.1900052460221209,0.034017383652448205,0.0321790581045136,0.034017383652448205,0.0321790581045136,2.25,75.0,0.022354704113442935,0.01585997904612334,0.1341282246806576,0.047579937138370026,0.06443084975647863,0.0,2,ENG,0.6571553045301322,0.0340173836524482,0.0321790581045136,0.0340173836524482,0.0321790581045136,2.39,75.0,0.03135647219121592,0.022246458257256737,0.18813883314729551,0.06673937477177021,0.13241574946597792,0.0,2,CRO,0.9217778919031954,0.0340173836524482,0.0321790581045136,0.0340173836524482,0.0321790581045136
1985,Kwasi Sibo,MID,4.7,Ghana,GHA,1.16,35.0,0.01913411334458552,0.013575068369112812,0.11480468006751313,0.04072520510733844,0.0,0.0,1,PAN,1.1900052460221209,0.016079015961102613,0.015210093585150988,0.016079015961102613,0.015210093585150988,1.09,35.0,0.01056641063046324,0.007496545261411282,0.06339846378277944,0.022489635784233845,0.0,0.0,1,ENG,0.6571553045301322,0.01607901596110261,0.015210093585150991,0.01607901596110261,0.015210093585150991,1.12,35.0,0.014821281436502997,0.010515246000428094,0.08892768861901798,0.03154573800128428,0.0,0.0,1,CRO,0.9217778919031954,0.016079015961102613,0.015210093585150988,0.016079015961102613,0.015210093585150988
1986,Jordan Ayew,FWD,5.3,Ghana,GHA,1.13,10.0,0.02013392406049066,0.010654127215595065,0.1006696203024533,0.03196238164678519,0.0,0.0,1,PAN,1.1900052460221209,0.016919189329453084,0.011937344815589737,0.016919189329453084,0.011937344815589737,1.07,10.0,0.011118535016199704,0.005883517100677552,0.05559267508099852,0.017650551302032656,0.0,0.0,1,ENG,0.6571553045301322,0.016919189329453084,0.011937344815589739,0.016919189329453084,0.011937344815589739,1.1,10.0,0.015595734672814299,0.008252685404276885,0.0779786733640715,0.024758056212830656,0.0,0.0,1,CRO,0.9217778919031954,0.01691918932945308,0.011937344815589739,0.01691918932945308,0.011937344815589739
1987,Iñaki Williams,FWD,5.9,Ghana,GHA,1.47,35.0,0.051225223952149436,0.0718510804418146,0.2561261197607472,0.2155532413254438,0.0,0.0,1,PAN,1.1900052460221209,0.04304621691659098,0.08050505735947427,0.04304621691659098,0.08050505735947427,1.26,35.0,0.028288049786692474,0.0396782441139608,0.14144024893346238,0.1190347323418824,0.0,0.0,1,ENG,0.6571553045301322,0.04304621691659098,0.08050505735947426,0.04304621691659098,0.08050505735947426,1.37,35.0,0.039679051083782904,0.05565583654527151,0.1983952554189145,0.16696750963581453,0.0,0.0,1,CRO,0.9217778919031954,0.04304621691659098,0.08050505735947426,0.04304621691659098,0.08050505735947426
1988,Ernest Nuamah,MID,5.0,Ghana,GHA,3.19,75.0,0.10877752905605059,0.10289910781272416,0.6526651743363036,0.30869732343817247,0.22633664066462536,0.0,2,PAN,1.1900052460221209,0.09140928531169562,0.11529260973897856,0.09140928531169562,0.11529260973897856,2.6,75.0,0.060070096725889074,0.056823862547319096,0.3604205803553344,0.1704715876419573,0.06443084975647863,0.0,2,ENG,0.6571553045301322,0.09140928531169562,0.11529260973897855,0.09140928531169562,0.11529260973897855,2.88,75.0,0.0842590583149925,0.07970563406791009,0.5055543498899551,0.23911690220373027,0.13241574946597792,0.0,2,CRO,0.9217778919031954,0.0914092853116956,0.11529260973897855,0.0914092853116956,0.11529260973897855
1989,Prince Adu,FWD,4.0,Ghana,GHA,1.08,5.0,0.013974860352051222,0.003169862200225225,0.06987430176025611,0.009509586600675676,0.0,0.0,1,PAN,1.1900052460221209,0.011743528357345951,0.003551650673609777,0.011743528357345951,0.003551650673609777,1.04,5.0,0.007717321953929921,0.0017504895600005115,0.03858660976964961,0.005251468680001535,0.0,0.0,1,ENG,0.6571553045301322,0.011743528357345951,0.003551650673609777,0.011743528357345951,0.003551650673609777,1.06,5.0,0.010824924812739745,0.002455374803022438,0.05412462406369872,0.007366124409067313,0.0,0.0,1,CRO,0.9217778919031954,0.011743528357345951,0.003551650673609777,0.011743528357345951,0.003551650673609777
1990,Abdul Fatawu,FWD,6.4,Ghana,GHA,3.54,70.0,0.24464645815455976,0.10677007565667317,1.2232322907727988,0.3203102269700195,0.0,0.0,2,PAN,1.1900052460221209,0.2055843526508387,0.11962980949154396,0.2055843526508387,0.11962980949154396,2.85,70.0,0.135100847872892,0.05896152291547295,0.67550423936446,0.17688456874641884,0.0,0.0,2,ENG,0.6571553045301322,0.20558435265083871,0.11962980949154396,0.20558435265083871,0.11962980949154396,3.2,70.0,0.18950311119477323,0.0827040852014222,0.9475155559738662,0.24811225560426658,0.0,0.0,2,CRO,0.9217778919031954,0.20558435265083874,0.11962980949154396,0.20558435265083874,0.11962980949154396
1991,Christopher Bonsu Baah,FWD,4.5,Ghana,GHA,1.07,5.0,0.0055554694530703785,0.013837284520472679,0.027777347265351894,0.04151185356141804,0.0,0.0,1,PAN,1.1900052460221209,0.004668441144810809,0.015503891899330848,0.004668441144810809,0.015503891899330848,1.04,5.0,0.003067890862199146,0.007641348601880259,0.01533945431099573,0.022924045805640777,0.0,0.0,1,ENG,0.6571553045301322,0.004668441144810809,0.015503891899330848,0.004668441144810809,0.015503891899330848,1.05,5.0,0.004303265836937848,0.010718358593445164,0.021516329184689237,0.03215507578033549,0.0,0.0,1,CRO,0.9217778919031954,0.004668441144810809,0.01550389189933085,0.004668441144810809,0.01550389189933085
1992,Antoine Semenyo,FWD,7.2,Ghana,GHA,3.69,70.0,0.2788955159677432,0.10003972558051669,1.394477579838716,0.3001191767415501,0.0,0.0,2,PAN,1.1900052460221209,0.23436494662525112,0.11208883424665403,0.23436494662525112,0.11208883424665403,2.94,70.0,0.1540141678707051,0.05524482900284058,0.7700708393535255,0.16573448700852172,0.0,0.0,2,ENG,0.6571553045301322,0.23436494662525117,0.11208883424665403,0.23436494662525117,0.11208883424665403,3.31,70.0,0.2160324264362289,0.07749075700332557,1.0801621321811445,0.2324722710099767,0.0,0.0,2,CRO,0.9217778919031954,0.23436494662525115,0.11208883424665401,0.23436494662525115,0.11208883424665401
1993,Brandon Thomas-Asante,FWD,5.1,Ghana,GHA,1.26,10.0,0.04280309575347342,0.015294786090835183,0.2140154787673671,0.045884358272505546,0.0,0.0,1,PAN,1.1900052460221209,0.035968829462351595,0.017136939680965486,0.035968829462351595,0.017136939680965486,1.14,10.0,0.023637107078924052,0.008446223111069535,0.11818553539462026,0.025338669333208604,0.0,0.0,1,ENG,0.6571553045301322,0.035968829462351595,0.017136939680965486,0.035968829462351595,0.017136939680965486,1.2,10.0,0.033155271796032,0.011847339099594437,0.16577635898016,0.03554201729878331,0.0,0.0,1,CRO,0.9217778919031954,0.035968829462351595,0.017136939680965486,0.035968829462351595,0.017136939680965486
1994,Kamaldeen Sulemana,FWD,5.1,Ghana,GHA,1.06,5.0,0.008804347416234044,0.00458310893865426,0.04402173708117022,0.01374932681596278,0.0,0.0,1,PAN,1.1900052460221209,0.0073985786580896985,0.005135113427972306,0.0073985786580896985,0.005135113427972306,1.03,5.0,0.004862015211147072,0.002530925271416934,0.02431007605573536,0.007592775814250802,0.0,0.0,1,ENG,0.6571553045301322,0.007398578658089698,0.005135113427972306,0.007398578658089698,0.005135113427972306,1.04,5.0,0.006819846238533893,0.0035500755227400775,0.034099231192669464,0.010650226568220234,0.0,0.0,1,CRO,0.9217778919031954,0.007398578658089698,0.005135113427972306,0.007398578658089698,0.005135113427972306
1995,Eric García,DEF,4.5,Spain,ESP,0.93,5.0,0.005183774545549927,0.004441155784648935,0.03628642181884949,0.013323467353946804,0.0,-0.11497765726242648,1,CPV,3.7726387044972416,0.0013740447871063073,0.001569601944426775,0.0013740447871063073,0.001569601944426775,0.93,5.0,0.005035095382833604,0.004313776146944357,0.03524566767983523,0.01294132844083307,0.0,-0.11850565505279953,1,KSA,3.664433233968558,0.001374044787106307,0.0015696019444267747,0.001374044787106307,0.0015696019444267747,0.66,5.0,0.0025573425808170036,0.0021909820144231586,0.017901398065719026,0.006572946043269476,0.0,-0.36185698131134025,1,URU,1.861178474540617,0.0013740447871063073,0.0015696019444267752,0.0013740447871063073,0.0015696019444267752
1996,Marc Pubill,DEF,4.2,Spain,ESP,0.95,5.0,0.0064071497869369505,0.0062124651983957915,0.04485004850855866,0.018637395595187373,0.0,-0.11497765726242648,1,CPV,3.7726387044972416,0.001698320536047937,0.0021956215741836473,0.001698320536047937,0.0021956215741836473,0.94,5.0,0.0062233822142253575,0.006034281499242688,0.0435636754995775,0.018102844497728064,0.0,-0.11850565505279953,1,KSA,3.664433233968558,0.001698320536047937,0.002195621574183647,0.001698320536047937,0.002195621574183647,0.67,5.0,0.003160877624562702,0.0030648327090806913,0.022126143371938915,0.009194498127242073,0.0,-0.36185698131134025,1,URU,1.861178474540617,0.0016983205360479368,0.0021956215741836473,0.0016983205360479368,0.0021956215741836473
1997,Mikel Merino,MID,6.2,Spain,ESP,1.25,5.0,0.030361337586688304,0.021235094567462007,0.18216802552012984,0.06370528370238603,0.0,0.0,1,CPV,3.7726387044972416,0.008047772385544242,0.007504948562800649,0.008047772385544242,0.007504948562800649,1.24,5.0,0.029490524589002743,0.020626037199563445,0.17694314753401647,0.06187811159869033,0.0,0.0,1,KSA,3.664433233968558,0.008047772385544242,0.007504948562800648,0.008047772385544242,0.007504948562800648,1.12,5.0,0.014978340731977336,0.01047603653821433,0.08987004439186402,0.03142810961464299,0.0,0.0,1,URU,1.861178474540617,0.008047772385544242,0.007504948562800649,0.008047772385544242,0.007504948562800649
1998,Fabián Ruiz,MID,6.8,Spain,ESP,4.3,60.0,0.14329395048170723,0.28114517264812977,0.8597637028902434,0.8434355179443893,0.593851256715708,0.0,2,CPV,3.7726387044972416,0.037982420715477236,0.09936287557847708,0.037982420715477236,0.09936287557847708,4.24,60.0,0.1391840447763706,0.27308146761934066,0.8351042686582237,0.8192444028580219,0.5887471061570883,0.0,2,KSA,3.664433233968558,0.037982420715477236,0.09936287557847708,0.037982420715477236,0.09936287557847708,3.21,60.0,0.07069206384659185,0.13869903389633934,0.4241523830795511,0.41609710168901803,0.3714110186287146,0.0,2,URU,1.861178474540617,0.037982420715477236,0.09936287557847709,0.037982420715477236,0.09936287557847709
1999,Gavi,MID,6.5,Spain,ESP,1.31,10.0,0.03821008100730519,0.02753124248805632,0.22926048604383115,0.08259372746416896,0.0,0.0,1,CPV,3.7726387044972416,0.010128211048080532,0.009730145447972426,0.010128211048080532,0.009730145447972426,1.3,10.0,0.037114153165233824,0.02674160126317353,0.22268491899140294,0.08022480378952059,0.0,0.0,1,KSA,3.664433233968558,0.010128211048080532,0.009730145447972426,0.010128211048080532,0.009730145447972426,1.15,10.0,0.01885040838829195,0.013582152946436736,0.11310245032975169,0.04074645883931021,0.0,0.0,1,URU,1.861178474540617,0.010128211048080532,0.009730145447972426,0.010128211048080532,0.009730145447972426
2000,Nico Williams,MID,7.8,Spain,ESP,5.63,75.0,0.40162941642796623,0.2071628155512296,2.4097764985677976,0.6214884466536887,0.593851256715708,0.0,2,CPV,3.7726387044972416,0.10645848910715905,0.07321588655504434,0.10645848910715905,0.07321588655504434,5.53,75.0,0.3901100255223533,0.20122104596008214,2.34066015313412,0.6036631378802464,0.5887471061570883,0.0,2,KSA,3.664433233968558,0.10645848910715904,0.07321588655504434,0.10645848910715904,0.07321588655504434,3.87,75.0,0.19813824835836116,0.10220087403799222,1.188829490150167,0.30660262211397665,0.3714110186287146,0.0,2,URU,1.861178474540617,0.10645848910715905,0.07321588655504434,0.10645848910715905,0.07321588655504434
